GEOID,coverage_gap_score
04019940800,-0.11553171769928151
04019004425,-0.010299231402205572
04013940700,5.2399886245281254e-05
04019941100,-0.23803660647068942
04019005200,-0.09181649521442761
04013980100,-0.48654621574251733
04013723306,-0.2445096266133718
04013723304,-0.07794889944807429
04021941402,-0.01526909642969021
04021001600,-0.005628550134572989
04021002105,0.00046614390306094923
04021002104,0.002013320627607644
04021002106,-0.07334587011155594
04021002107,-2.144878111830451
04021002004,-0.25838752578401636
04021002005,-0.024527222663065028
04021001408,0.0034317743659816034
04021002001,-0.044488835015424694
04021001900,-0.06531921747439019
04021001500,-0.0017201048620285552
04021001406,-0.012047490540215165
04021001407,0.0029017863975065034
04021001404,0.003897160600236033
04021001405,-0.006037189247617824
04021001309,0.0012053958773505598
04021001306,0.004267119628689589
04021001403,-0.021264450320147968
04021001307,-0.0011482417848861278
04021001308,-0.043244134185837946
04021001305,-0.004926713784165728
04021001303,-0.0025616360012890448
04021001310,-0.009845610578003516
04021001200,0.002138771775159772
04021001100,0.0005117051909689514
04021001000,-0.002501005620039875
04021000902,0.0026240799286653496
04021000804,-0.2905752450887762
04021000806,-0.25978280644464347
04021000228,0.005371210520288794
04021000229,-0.008342797620485476
04021000227,-0.001163699355349425
04021000211,-0.0027977416438621935
04021000212,-0.02466120518652144
04021000805,-0.0005580251270874503
04021000208,-0.010981261853469145
04021000217,-0.009520909844607958
04021000226,-0.0061321877653300804
04021000224,-0.0016806560851321567
04021000206,0.0014454112119560078
04021000218,0.0033304165408594897
04013816901,-0.005565547692725144
04021000223,-0.006942608343218938
04013817200,-0.02781905355256439
04013817101,-0.004289816664437182
04021000215,-0.006330025147892924
04021000222,-0.003900880397201218
04021000225,-0.010121911985173407
04021000221,-0.0035169374538941015
04021941200,-0.005264338157461347
04013816502,-0.00893674046937556
04013816501,-0.00802959945169606
04013816402,-0.01342259011735868
04013816005,-0.009475236856258987
04013816004,-0.008276661086646438
04013814100,-0.0067955822618160884
04013814000,0.0006815166398247144
04013813600,-0.005916852865696621
04013813500,0.00497460987376119
04013813400,-0.010822842862025006
04013813800,0.003281214128740632
04013813900,0.0013989962076081822
04013817500,0.014138035438689505
04013813700,0.015020909029870739
04013813000,-0.030025768638862905
04013817300,0.005714811759900534
04013817400,0.0004346326025335734
04021941300,-0.01769301751903243
04021001712,0.003812847990088692
04021001709,-0.0013246370366524565
04021001713,-0.013271006241723659
04021001716,0.005967010214880646
04021001717,-0.0012157781488499754
04021001706,0.005206348358220825
04021001715,0.004320107008050403
04021001704,-0.0005840715168880951
04021001707,0.00013358486520046622
04021001714,0.001958997387567359
04021941401,-0.011325598926033036
04021001701,-0.048463721614986126
04021001705,0.004053758464422934
04013941000,-0.03135610968897866
04013116730,0.010803734731446791
04013116731,0.01717890494759037
04013116713,-0.032388390805105305
04013116712,-0.2695066322913835
04013116719,-0.36830451127435127
04013116721,-0.005526489515385868
04013116714,0.008853185465862308
04013116729,0.010851184009072543
04013116725,-0.027531176601218958
04013116727,0.0009411155438950429
04013116728,0.0049031802208396105
04013116733,-0.19456189392535797
04013116720,-0.060501908011609755
04013116718,-1.3155911232135835
04013116711,-0.6452830932016909
04013116710,-0.1475757980622336
04013116708,-1.3910188791139202
04013116707,-2.1020828851451365
04013116715,-3.0
04013116738,-0.013589307036240141
04013116205,-0.017431183553922945
04013116202,-0.014098658134617833
04013116203,-0.0339782533759238
04013116300,-0.021083287739759555
04013116400,-0.014846140744989368
04013116737,0.011256111720042022
04013116703,0.012958290952954256
04013116734,-0.02287734544684362
04013116735,-0.030452842019790077
04013116736,-0.04586023407804952
04013116500,-0.05775162780463027
04013116615,-0.03266522852396019
04013116614,-0.039605389450408715
04013116616,-0.00047216615126370896
04013116612,-0.005414598370666887
04013116617,-0.26958420147383805
04013116732,-0.2214765361694093
04013116611,-0.015480857813769596
04013116619,-0.11204550391248531
04013116610,-0.0014001635125402878
04013116606,-0.00244073121271151
04013116605,0.012397839929385437
04013116621,-0.007516359761615674
04013112514,-0.01177782834421527
04013115500,-0.03684017012487278
04013116607,-0.003856232510012815
04013115600,-0.17705787546320842
04013115700,-0.04051405134212141
04013114800,-0.007213494642818491
04013117300,-0.001168912449244801
04013114705,-0.052505123356431094
04013114704,0.0067085794394349234
04013114500,-0.032596997216088115
04013114401,0.007559513098781922
04013114402,-0.014537174312156865
04013114302,-0.04967037241215307
04013114301,-0.10659424485282655
04013112900,-0.06746223297327388
04013111900,-0.0904401602207592
04013116800,-0.05784575658630133
04013112700,-0.057661022849831316
04013112100,-0.038705687444428594
04013112201,-0.03144792022824902
04013112202,-0.02405305232865479
04013112602,-0.02231621057254711
04013112601,-0.05183629223509228
04013114600,-0.013366560961425075
04013112512,-0.04247795464414189
04013112507,-0.032252356066194345
04013112301,-0.03734443764254594
04013112402,-0.011296864099038103
04013112401,0.003063564263028392
04013109900,-0.026869903367534236
04013110002,-0.010606686251175917
04013110001,-0.0076557082941192105
04013112302,-0.0027949367007881515
04013110100,0.001296472309302497
04013109200,-0.02791998754845631
04013107102,-0.0022865835719003648
04013109300,-0.02099369397763465
04013109401,-0.006033571386405295
04013109402,-0.017612205537514948
04013093104,-0.04246948290283134
04013093101,-0.06060240144385138
04013093002,-0.04518417818142472
04013093001,-0.09499480204517577
04013092900,-0.15909624986820045
04013092500,-0.10643599192387056
04013092401,-0.04060105937484585
04013092402,-0.01653254062117156
04013105800,-0.006407290308985804
04013107002,-0.017654335396984296
04013107001,0.005332004120745781
04013107101,-0.010152881857805685
04013107202,-0.015365097332484675
04013107300,-0.034803783436746796
04013106801,-0.007196920334501042
04013106900,-0.028003910034860427
04013105900,-0.015868276122090436
04013106001,-0.06792845989941472
04013106701,-0.04417132472846297
04013106003,-0.014292565841590908
04013106002,-0.036644292949214875
04013106100,-0.015112673960139308
04013106702,-0.003498942067191133
04013106703,-0.011942887332358636
04013106802,-0.031462257211207614
04013107404,-0.17206962905832163
04013107403,0.01879004247340497
04013107401,-0.006955021016895128
04013108902,-0.02502599887309374
04013108901,-0.04966777904656238
04013107402,-0.10378093954689348
04013109002,-0.02885745106898222
04013107201,0.07840098091695621
04013109101,-0.029214836454221023
04013109102,-0.028428187734101797
04013109001,-0.009830045025489663
04013109003,-0.08577776189579898
04013117000,-0.08969383409744172
04013116900,-0.044022570650532715
04013110400,-0.047207473290821186
04013110501,-0.05892947012116252
04013110502,-0.08326294617111629
04013110701,-0.0198329869995318
04013110702,-0.03137700623167284
04013110600,-0.0261421722752031
04013108602,-0.02305219862050183
04013108502,-0.0009838346920787414
04013108501,-0.06985288954881237
04013108601,-0.0017801444023878923
04013117100,-0.12550180182266227
04013108802,-0.06548664152916704
04013107500,-0.059464211719425474
04013107601,-0.007512951720611329
04013106501,-0.013185981549420127
04013106600,-0.007473049750464425
04013106200,-0.015777213526532025
04013106300,-0.05372007657042448
04013106400,-0.046038799103187485
04013106502,-0.012610849891841334
04013107602,-0.02423912226261095
04013107700,-0.038924799107878376
04013107800,-0.03667817545765604
04013105102,-0.016303432808416368
04013105103,-0.00677415641401047
04013108100,-0.015553576162104888
04013108200,-0.026695753626887808
04013108302,-0.0051091371049801345
04013108301,-0.00937579516163336
04013108400,-0.0234659832962707
04013110901,-0.015250329939997172
04013110801,-0.09507871929456375
04013110802,-0.10738979805624739
04013110902,0.017276176305985796
04013111000,-0.025026931206876782
04013111300,-0.02968568632750932
04013111402,-0.018808047761428796
04013113601,-0.044854668721944255
04013113602,-0.0287343456904779
04013113701,-0.0123322828308068
04013113702,-0.04897173991977964
04013113800,-0.12236350730265748
04013981000,-0.5343129024708353
04013113503,-0.06506192502907023
04013113502,0.00822065470577715
04013111401,-0.031141710594429325
04013111502,-0.14329333764667393
04013111501,-0.2420078760792479
04013111601,-0.07214364795893399
04013111602,-0.049316012097374316
04013113301,-0.055557113932627404
04013113201,-0.008434284004714037
04013113204,-0.12453015784317668
04013111700,-0.06809811280640732
04013111800,-0.03807464923692272
04013113000,-0.06135445460662983
04013113100,-0.10729322824089128
04013113202,-0.007364317720264967
04013114100,-0.5495634904015503
04013114200,-0.08849548802254156
04013114000,-0.15833397765931279
04013113900,-0.08893074648185477
04013117200,-0.10229916581414904
04013114900,-0.06058070760297634
04013115400,-0.07024338250440228
04013115802,-0.022582417962490265
04013115801,-0.057203593010027184
04013115900,-0.03801062578794237
04013115300,-0.05255901420653608
04013116000,-0.010797962378433792
04013116100,-0.04650747605650277
04013115200,-0.010050716372841233
04013116204,-0.04228913540699917
04013319709,0.053035954150008696
04013319710,-0.03040217530937825
04013318800,-0.0279081952811677
04013318700,-0.2431571716559031
04013319001,-0.1360007113991373
04013319002,-0.04010036022815618
04013318900,0.0008477955355225904
04013319705,0.012610010932212595
04013319600,-0.03180922475663703
04013319104,0.007918638610582725
04013319500,-0.002288074845035175
04013319403,-0.007398696880228985
04013319404,0.01342465546842954
04013319300,-0.001864925237336841
04013319202,-0.07032662057833117
04013319201,0.005561131445157439
04013319103,0.021774159050553257
04013319101,0.1117533129930596
04013318400,-0.16503541459667703
04013218300,-0.11624889193781729
04013217800,-0.03971526187866938
04013217900,-0.05607948026757145
04013218200,-0.00844714469742952
04013218000,-0.019066581102819558
04013111204,-0.13661512421635827
04013218100,-0.03144988355345352
04013318501,0.01444663628450785
04013320100,-0.22186477548773287
04013111203,-0.07209637550975657
04013111202,-0.01374984803152925
04013111201,-0.023803615607789777
04013111100,-0.00804650982344233
04013217400,-0.015835492932178355
04013217501,-0.03578467973403776
04013217300,-0.058635228729542334
04013107900,-0.010425115632405313
04013108000,-0.013632990154994331
04013105004,0.005053204221605852
04013105002,-0.006598463987478116
04013217001,-0.007433340705813233
04013216901,-0.1336394886079186
04013216835,-0.16517498050579985
04013216806,-0.04705999359482176
04013216902,0.0028920698724051136
04013217002,-0.024884235472709067
04013217102,0.006487607323547223
04013217101,0.02021110821963212
04013217203,0.013894022248126827
04013217201,-0.14110405874666523
04013217204,-0.046712947655739
04013217600,-0.05686948437739549
04013217502,0.020562000622335583
04013217700,-0.018717843984312643
04013420402,-0.003568128417836679
04013420301,0.01006015095584447
04013420604,-0.007516082284318431
04013420504,-0.06043863869195557
04013420503,-0.05267232200914254
04013420505,-0.0019000186351964844
04013420401,-0.006330190829614628
04013421201,-0.16340087157565653
04013421101,-0.002355430120312732
04013420506,0.0037800234322060886
04013421001,-0.007316462254944008
04013421102,-0.14627241693715093
04013421202,-0.3151728792113514
04013421303,-0.0037938342989929904
04013421304,-0.16300441170608437
04013422104,0.014988060647156024
04013422103,-0.06932838646080067
04013422102,-0.39464933313533856
04013422107,-1.525916352060089
04013422105,-0.46327317905882637
04013422106,-0.25505317932708177
04013421302,-0.069976025882711
04013422002,-0.012889641853185968
04013422001,-0.004495505668200396
04013421901,-0.024011645009225778
04013421902,-0.0007117308288478444
04013421501,-0.02256678713788463
04013421400,-0.023163002042333344
04013421002,-0.03351339182281891
04013420901,0.0023454367487497022
04013420902,-0.1155087586889266
04013421502,0.006238316353266884
04013421601,-0.006037917980313547
04013420800,0.014484395452376543
04013421602,-0.15858635803876456
04013421802,0.004201711215244458
04013421801,0.012840441013377842
04013422302,-0.012399157612219592
04013422301,-0.01891499010920851
04013422307,-0.01506734632884889
04013422309,0.0068925805026884375
04013422401,-0.2014617971408482
04013422308,-0.054054035521270985
04013422403,-0.00929591175563136
04013814300,0.00011394503231995546
04013814200,-0.0005417452756865435
04013811300,0.007953121221133315
04013522901,-0.002107089033060143
04013422305,0.0049849420751980665
04013422304,-0.07675139360404384
04013422220,-0.7814432734970873
04013422209,-0.015445680292117287
04013523008,-0.0011227623669091082
04013523007,0.0009160145585584693
04013523005,0.0061734139191791555
04013422210,-0.709838960916232
04013422219,-0.40575841249774525
04013422221,0.043450159384123284
04013422222,-0.42878053147869155
04013422215,0.02763559000523329
04013422217,-0.07026820347381457
04013422216,-0.5303750585590322
04013422203,-0.4709020313969272
04013422225,-1.485265730201522
04013422224,0.050387861284605776
04013422223,-0.23394071640587213
04013422226,-0.13570178863910523
04013319402,0.0033797864481491195
04013422227,-0.0012051832634557076
04013422212,0.06342704324483084
04013422213,-0.12098126734436211
04013319906,-0.3395070625887263
04013319904,0.0038283164624233978
04013319903,-0.02657974970913384
04013319905,-0.27519118969066536
04013319401,-0.003722302115035787
04013319802,-0.014085179674716291
04013319801,0.004481179717710139
04013319706,0.0014480916470151818
04013319708,0.0033040959826992847
04013319707,-0.19235368656367463
04013320002,-0.03774072989649827
04013116709,-0.7190807030256807
04013320001,-0.49199406247547905
04013320007,-0.01476944116207066
04013319902,-0.02716141934764441
04013319908,0.01342557026729511
04013319910,-0.34908351543164945
04013810000,0.011290071619924047
04013116717,-0.08554145428953332
04013810400,-0.010275456614770414
04013810600,-0.010384269729038574
04013810100,0.01277417152152167
04013319907,0.021308430246088608
04013319909,0.003274443727870116
04013422218,-3.0
04013422211,-0.039389890307118806
04013810300,0.0062065271280210286
04013810200,0.01743285276323298
04013810800,0.006756380519553559
04013810700,0.019768464640354495
04013811100,-0.07072521823324114
04013811200,-0.026701457713865756
04013811800,-0.010058053306705455
04013811000,-0.11523660700143044
04013810500,0.007248399345832941
04013810900,0.01282984544583948
04013980400,-0.035092124992606104
04013941100,-0.24255906965940716
04013980500,-0.07326856419080112
04013812600,0.0018291267577684183
04013812900,-0.0039322279493100454
04013812700,0.003761693720416793
04013812300,-0.016286565483739926
04013812200,0.00690944406525154
04013811900,-0.010239882122609859
04013523006,-0.0010282141238908795
04013523103,-0.005461914427990339
04013523104,-0.01874739094619344
04013523002,0.00011394503231995548
04013522903,-0.004491138342772691
04013812000,-0.003120288049638683
04013812100,-0.0028645141804725946
04013523102,-0.013186910724477833
04013522904,0.014570043314279302
04013811400,-0.0015752925709339508
04013811600,0.006328771425143642
04013811700,-0.05196276152595566
04013811500,0.008468917359873313
04013814900,0.007414529956129488
04013812400,-0.025945526157133757
04013813100,0.00011394503231995548
04013813200,0.013424815387743788
04013812802,-0.0013496717638351954
04013813300,-0.0014508301630960442
04013812801,-0.01625493354305952
04013812500,0.00011394503231995546
04013815901,-0.11931379874933214
04013815902,-0.012136068502988444
04013816003,-0.02209059533132294
04013816002,-0.01997284792404752
04013816302,-0.014804160317447872
04013816401,-0.01585685791056135
04013816301,-0.015962387295376593
04013816200,-0.02047352748442658
04013816100,-0.010859473921022142
04013816001,-0.04143129503351053
04013815700,-0.0007962875554944284
04013815800,-0.011022663481458621
04013815601,-0.011065820326577365
04013815201,-0.01725069167674176
04013815202,-0.011017331790762787
04013815602,0.0022395153404641925
04013815501,-0.01322099831279499
04013815100,0.008261648992891097
04013815502,-0.06974103843922602
04013815401,-0.06419344947045086
04013815402,-0.021079224635973746
04013815300,0.002583855310778943
04013815000,-0.002385565071265867
04013814400,0.009906552902941209
04013814500,0.0015613171027866008
04013814600,-0.005819197828053276
04013422512,0.007026120045152197
04013422511,0.0027854253110553384
04013422404,0.002893126614412362
04013422402,-0.018902204341111464
04013422509,0.006468706616351931
04013422506,-0.06167853581874491
04013422508,-0.15328366737795343
04013422503,-0.00770168810193408
04013422504,-0.003920509652876079
04013422514,-0.010219158114539714
04013422507,-0.03284628019833253
04013422510,0.018355681423287282
04013422657,0.0210059636814956
04013422621,0.0006283192694725148
04013422620,-0.101104941725101
04013422636,-0.015952958299056918
04013422638,-0.006050680753101167
04013422639,-0.0005978653266131164
04013422622,-0.003149124564785311
04013422623,-0.02881623779544201
04013422656,0.0009804409955375148
04013422658,0.0009012558194149996
04013814700,-0.002176907803404345
04013815203,0.0029860463711936878
04013814802,-0.012955540211652097
04013814801,-0.018407988320476965
04013422654,0.015350088652770785
04013422618,0.0017664235363508915
04013422617,-0.0013857694002162434
04013422633,-0.0261387460127083
04013422634,-0.023513552856881455
04013422659,-0.000500246030774807
04013422640,-0.004887579068695383
04013422655,-0.0008176430714162102
04013422643,-0.010719109471001343
04013422651,0.008005797676175288
04013422642,0.00011394503231995549
04013422660,0.0005223495257288695
04013422615,-0.014724191353061323
04013422652,-0.016738673096400553
04013422650,0.00529114282963732
04013422647,-0.032420132694686014
04013422648,0.004043894229472856
04013422649,0.020815894568023168
04013817600,-0.06451225319466503
04013522801,-0.392740142826187
04013522802,-0.2503832621903071
04013816600,-0.02968056549581511
04013816800,-0.03889130401761806
04013816700,-0.03050043474137972
04013817000,-0.028427923497841494
04013817103,-0.0035638220082271042
04013816903,-0.051312751601783155
04013817102,-0.04106964513160487
04013816904,-1.0591435642760507
04013816902,-0.05199949566499684
04021000220,0.007283942519468371
04021000219,0.0026560783895268466
04021000204,-0.00449239415228161
04021000216,0.011881046380948996
04021000316,-0.006272722177774839
04021000324,-0.023931003143056895
04021000319,-0.04278954401088625
04021000325,-0.015669137136487227
04021000317,-0.010722021871940506
04021000312,-0.13073832656137896
04021000313,-0.006564305716311234
04021000322,-0.0088264264393765
04021000323,0.0009196514359493574
04021000309,-0.06977764298773675
04021000321,-0.12341014536089558
04021000320,-0.045114802110396035
04021000307,-0.06206841325891698
04021000311,-0.01627550108280689
04021000310,-0.026005594652684736
04021000315,-0.009454282247717084
04013420107,0.0034291927925982524
04013420108,-0.0033600824110252485
04013420110,0.00011394503231995544
04013420112,0.003184724031231754
04013420116,-0.07079513378269221
04013422629,-0.006182112494194841
04013422653,-0.006478838265956156
04013422628,-0.004003332537729417
04013422630,0.000953316816076256
04013420115,-0.027942436784760608
04013420111,-0.0010826663603438686
04013420104,-0.012893640886641482
04013420114,-0.06608297371793496
04013422627,0.01584374279235824
04013422632,-0.0014962652977478336
04013422610,0.0018229317939592615
04013422609,0.0011129919144216155
04013422626,-0.026356473470622862
04013420113,-0.08274931317002276
04013420105,-0.0065174215122069164
04013420109,-0.0023995892237948973
04013420211,-0.0012100238022533386
04013420212,-0.010474371353977184
04013420215,-0.0027646476093354643
04013420216,0.005044737583082488
04013420210,-0.008232705637742734
04013420202,-0.013831569132318625
04013420214,-0.012877631483632638
04013422625,-0.012998927661685346
04013422637,-0.007780404636360882
04013422607,-0.00019830504354863778
04013422624,-0.02085328492977647
04013420213,-0.021151820955222313
04013420209,-0.003847424820370359
04013420208,-0.015819241431714877
04013420706,-0.008946902426754166
04013420708,-0.03620758535767448
04013420710,-0.0066405161827766505
04013422513,-0.0013847757869891798
04013420709,-0.02161108745097528
04013422501,-0.000816167658469925
04013422502,-0.00936863349082466
04013421702,-0.05999627179820743
04013421701,0.0037569195688699373
04013420707,-0.02780039145173653
04013420704,0.027070846635893542
04013420602,-0.04837144153169095
04013420603,0.020775018255393733
04013420705,0.00692810339207554
04013420304,0.001986629241796616
04013420303,0.00011394503231995545
04013420302,0.00594100240023504
04013941300,-0.029628399204575568
04013420206,-0.058827711958790135
04013420207,0.001056663455924698
04013216821,-0.012068636134815581
04013216856,-0.01953975159955344
04013216857,0.0004910344326047628
04013216820,0.00478177634172257
04013216819,-0.002411310798705097
04013980700,-0.02812728839366049
04013941200,-0.0032080429455983283
04013010102,-0.09572235748759081
04013010104,0.001036540065707852
04013010103,-0.006930262767781949
04013030402,-0.004953184294930978
04013030401,-0.003698068704113566
04013216822,-0.029215127940357733
04013613100,-0.012004661540039435
04013612500,-0.3481412374221984
04013613000,-0.2265517243291104
04013612700,-0.8816970770944426
04013613200,-0.030123508934148238
04013612900,-0.7624591807858598
04013613300,-0.19199841107213292
04013216840,-0.09431650106920507
04013216843,-0.04633610219691001
04013216829,-0.037472069048602424
04013216851,-0.05981140005291002
04013216855,-0.029710982458116646
04013216854,-0.06464421364396306
04013216849,-0.35397423702813613
04013216859,-0.009062370346761031
04013216858,-0.017471058618146285
04013216809,0.0007421496828019247
04013216837,-0.01689876720775349
04013216833,-0.43562818160107697
04013216832,-0.8570876441541028
04013216836,-0.5019857024858316
04013216839,-0.6856301132698238
04013216861,-0.6809296745560259
04013216853,-0.5001379453657222
04013216850,-0.059024555689038395
04013216860,-0.7395517962301293
04013216852,-0.02524877022806611
04013216816,-0.03086345214978498
04013216838,0.02348024492223211
04013216826,-0.0016529683723199753
04013216810,-0.0641712931219945
04013216807,-0.015196853527500255
04013216813,-0.020304720341240794
04013216834,-0.09715100437541689
04013216831,-0.0687452510743331
04013216830,-0.10163000807101445
04013105003,-0.0022208441429708925
04013103209,-0.018305412074401516
04013103205,-0.033669309475529194
04013103207,9.752192882050256e-05
04013103206,-0.01042771799208603
04013103214,-0.030422343135755224
04013103220,-0.029881216435260233
04013103219,-1.7273177887052524
04013103217,-0.9901468733994633
04013103212,-0.06983602765994101
04013103216,-1.0768920196333727
04013619900,-0.6646073880466119
04013615201,-0.8758745628709227
04013216845,-0.16133408522952342
04013216844,-0.022827293645559823
04013216841,-0.1393733496307941
04013216842,-0.009029467862340474
04013615202,-0.6724287491151559
04013615100,-1.6466095057008925
04013615001,-0.1566647837362489
04013617001,-0.2739299250022003
04013612401,-0.01948809073631601
04013614700,-0.04415357220494165
04013614900,-0.057749110747294774
04013616900,-0.015502294735988246
04013616700,0.0005169752924300818
04013616800,0.004366965109419174
04013619000,0.002933157833291722
04013619100,-0.25987977101424836
04013618900,-0.03454085380426419
04013619200,-0.2903017983420559
04013619400,-0.1644582706292848
04013619300,-0.007534831693480876
04013103606,-1.3040122011863338
04013103304,-1.984670416038401
04013619602,-0.08845403283051542
04013619500,-0.08446484797340777
04013617002,-0.028436784796689693
04013617100,0.010009808908052057
04013617200,-0.08338413405545246
04013615002,-0.12034652256435971
04013617300,0.0023891855473737685
04013619700,-0.2280670604710013
04013619800,-0.49567498920496444
04013619601,-0.382196492956894
04013103303,-1.533043736839016
04013103215,-0.32960187817925085
04013103211,-0.012541177349746128
04013103302,-0.0302129090608723
04013103306,-0.13986189270367466
04013103501,-0.0688007072619827
04013103502,-0.06394774902690106
04013103400,-0.03035313990640632
04013103210,-0.11364223761023257
04013103208,-0.11689027148149603
04013104900,-0.031161882039963232
04013105101,-0.05435902931518921
04013104801,-0.05452289827005259
04013104802,-0.11765576584419679
04013105200,-0.055918985283175064
04013105300,-0.02448420896583891
04013104600,-0.051120094027550085
04013104702,-0.022611572317695623
04013104701,-0.015210902355213524
04013103702,-0.05147100342330326
04013103701,-0.04420310821830039
04013103607,-0.014995199885809031
04013103611,-0.37660698884441096
04013103612,-0.1767770152998099
04013103604,-0.16198140971283684
04013103605,-0.022951105677040975
04013103608,-0.08938826865694172
04013104207,-1.3485308375475347
04013104100,-0.0036227226689147826
04013103609,-0.049637827702130724
04013103900,-0.07862165092201379
04013104000,-0.04937309246555284
04013103614,-0.016955137094923155
04013103615,-0.07585826457830254
04013104502,-0.030303162267245647
04013104501,-0.06501651386126193
04013105400,-0.008741505470826501
04013105503,-0.013696526587808315
04013105502,-0.0076256192050870005
04013105501,-0.025504741308168558
04013105601,-0.03251300259629724
04013105602,-0.020504628038577145
04013104402,-0.03989565891476004
04013104401,-0.004568293145389901
04013104302,-0.01409086329263324
04013104301,-0.02443091996135502
04013104203,-0.02717216029641212
04013104206,-0.013572219864274003
04013104205,-0.034123492130952504
04013105702,-0.012527215203172416
04013105701,0.018801257139270004
04013092309,-0.1329444607597281
04013092307,-0.05243597357918093
04013092306,-0.06597950621601739
04013092308,-0.10118236344360793
04013104227,-0.017624391967607313
04013104204,-0.02034076765452797
04013104221,-0.007809391263242521
04013104224,-0.04846836277775256
04013104219,-0.26433247246186964
04013104212,-0.00841149223017032
04013104202,0.0005697680583889015
04013104226,-0.9184294571204699
04013104225,-0.967468939558178
04013104218,-0.04876249319874788
04013104217,-0.02956457904823608
04013104214,-0.36762470426638055
04013618100,-0.17603912578008382
04013618000,-0.14612146887145702
04013616000,-0.031266618588934474
04013616100,0.0027857391499209474
04013616200,0.010180835774351586
04013616300,-0.04467476096975207
04013618300,-0.3504480571968956
04013618200,-0.012430723735301298
04013618500,-0.21785454610549498
04013618400,-0.0011761167192084168
04013618600,-0.10998678097257757
04013618800,-0.12908689820700747
04013618700,-0.031158154039873674
04013616600,0.007663345585642481
04013614800,-0.01205642703657599
04013616500,-0.016183875364130466
04013616400,-0.015084308668180496
04013614601,-0.04455906564699163
04013614602,0.007417177593874416
04013614500,-0.010122777300115243
04013612301,-0.06442629126030264
04013611800,0.0069232406270042565
04013614400,-0.044145258368789665
04013614300,-0.047823466087483925
04013611700,0.0033187872631026483
04013611500,0.016293761527933628
04013611600,-0.0011894214888972373
04013611900,-0.008871135199992542
04013611300,-0.010040830082979998
04013612302,-0.0037234726201960636
04013612200,0.0038319329710295
04013612402,-0.015569158072440619
04013612800,-0.8579746860132502
04013612600,-0.09557700928252946
04013612000,-0.034770964241762375
04013610700,-0.044465040389446465
04013610201,-0.0025460301655087867
04013610302,-0.0014424059502648493
04013610202,0.0033876223270442826
04013610400,0.0016431628686405277
04013610500,-0.011788478451895755
04013610600,-0.01382479568700717
04013610301,-0.0168795503565044
04013611400,0.025990433881072573
04013611000,0.010639391398906331
04013611100,0.015929563613783743
04013610903,0.021252592597468617
04013610800,-0.1147444720113176
04013040537,-0.043023054272983724
04013040536,0.0014216617076051122
04013040534,0.005036333391120726
04013040535,-0.06872468116450654
04013040539,-0.08912056557033445
04013040541,-0.025437761570396736
04013040538,-0.13608518920157686
04013040524,0.012610169879630458
04013040512,0.0065278304307117285
04013040529,-0.002170914381540333
04013040528,-0.10947316028290895
04013040530,-0.2386300475508531
04013040527,-0.04983896248597763
04013040525,0.020840129340990433
04013040526,-0.18325558099357694
04013040540,-0.10402766383541054
04013061059,-0.005473317546399665
04013061062,-0.7542440334894905
04013061061,-0.6071828631173242
04013061060,-0.0006770095496210364
04013061031,-0.038891088154365816
04013061026,-0.4251419298511063
04013061032,0.0037274327536489797
04013061027,-0.640537723907898
04013061033,0.002857438672460595
04013061037,-0.0076906724394729346
04013061038,0.0154158505679677
04013061036,-0.033667061603578935
04013061044,-0.09302963719637973
04013061043,0.014716404223682424
04013071701,0.03664612001189689
04013092723,0.003984854702635746
04013092724,-0.002814264527558026
04013071702,0.021106712628836254
04013071600,-0.01724111416625767
04013061042,0.0020613935006996128
04013060903,0.020352320971885923
04013060904,0.003476045682221298
04013071505,-0.20797921159813754
04013071504,-0.16100505480416558
04013060802,-0.015863732148705297
04013060902,-0.014380922370904376
04013060801,-0.29720386014706185
04013061029,-0.2597120396984584
04013061035,0.015479465526950514
04013060901,-0.007420591805707405
04013061041,0.011001451534120736
04013061040,-0.004879850722602166
04013061039,0.005711202031692869
04013061034,0.012649641588670216
04013061028,-1.7457811817697517
04013040531,-0.12613615915255016
04013040506,-0.05842392618983403
04013040507,-0.08106384687242355
04013040513,0.006451783037952834
04013040522,0.014779699771771702
04013040533,-0.008640139432768297
04013040523,0.016986414410722815
04013040514,0.013749126294114272
04013040532,-0.02147267232803247
04013610902,-0.0009115137972039468
04013613400,0.018517291262839228
04013613500,0.006768726288377582
04013615400,0.023621493897633763
04013615300,0.0006742719920562905
04013617400,-0.06514672133159292
04013617500,-0.23090092867582793
04013617700,-0.06754493125003229
04013617600,-0.05953362962821651
04013615600,-0.014726133744648753
04013615500,0.017945393468120845
04013613601,-0.009618667213496534
04013613602,-0.0031489412069203382
04013610901,0.00792706797179481
04013613800,0.002486764988191712
04013613700,0.00094672218784127
04013613900,0.0038031125137027865
04013614100,-0.0042082446519895325
04013614000,0.00011394503231995548
04013611200,0.030349267906267987
04013614200,-0.0026451428936985657
04013615900,-0.03646609698529525
04013615700,0.009044112858485269
04013615800,-0.003799492804777342
04013617800,-0.2365231525886497
04013617900,-0.23965658653847835
04013104215,-0.7667601816084495
04013104216,-0.005675815657128181
04013104223,-0.03203393827141617
04013071510,0.004415245447758345
04013071512,-0.0087082578134091
04013071513,-0.0783124484544208
04013071511,-0.615434591525623
04013071509,-0.022546723240086948
04013071515,0.0007167792722521847
04013071514,-0.11179430206405708
04013071506,-0.21544634931195497
04013071503,0.0214032687863416
04013071516,-0.10564450532386811
04013071517,-0.1036869970477496
04013071906,-0.0005799678393939281
04013071912,-0.013085008716602358
04013071913,-0.006388248155568197
04013071801,-0.03290569807986953
04013071909,0.0127038474360701
04013071802,0.014964306573235175
04013092708,-0.018462601488593276
04013092709,0.007358269299424385
04013093200,-0.06661465419376626
04013071911,-0.013265136560273633
04013071910,-0.0071055619564811675
04013071903,0.00041686209340604315
04013071914,0.004541132841240672
04013071915,-0.05964768211627822
04013092305,-0.02621395942049614
04013104222,0.0032881636034235513
04013092312,-0.054450337396834
04013092311,-0.5147406312862203
04013092801,-0.11763699481613855
04013092600,-0.21533442905152056
04013092705,-0.058664538063286524
04013092711,-0.06298581890068589
04013092717,-0.09063400437667109
04013092718,-0.023189224900640012
04013092712,-0.006370183251817384
04013092713,-0.0014883743033470797
04013092715,-0.007513512062030545
04013093105,-0.013612442002646009
04013092802,-0.06721095617157943
04013093106,-0.0008968445620546331
04013109500,-0.007535039195510676
04013109802,-0.0006840016604488214
04013112504,-0.001079010166911223
04013109801,-0.003975101231111836
04013109707,0.007663717979552764
04013109703,-0.03456560221149332
04013109706,0.0017922408766136
04013112520,-0.007730520875346668
04013109705,-0.026186271477049397
04013109704,-0.010896098461664203
04013109603,-0.007065506522879079
04013109604,-0.0015571090933540978
04013109602,0.0018356119958870347
04013092716,-0.006315262824294013
04013082007,0.008562501962438821
04013082008,0.006384756254765775
04013109601,-0.004071948811509319
04013082010,0.005963731332633626
04013109702,-0.009326408907973278
04013082018,0.012933433235133502
04013082009,0.0041247543482419565
04013082016,-0.09710315665843902
04013092720,-0.039337919262519894
04013092710,0.009567899828435434
04013092721,-0.05896913042934196
04013092719,0.0029096949100596305
04013061100,-0.009517372678703626
04013061047,0.027158413490866173
04013061046,-0.009662408833147411
04013061011,0.0057705216372774286
04013061010,-0.0025549924894381266
04013061020,0.0029195339089037762
04013061021,-0.14806478139035587
04013061014,0.013235374059323879
04013061013,0.00445880253415503
04013082012,0.005916128640713768
04013082002,-0.034552017299467316
04013082021,-0.021975239206194007
04013082019,0.034594424952227094
04013082020,0.02020846169748959
04013082024,-0.010809667983336895
04013082023,0.0014753051355742718
04013082027,0.0070889376178159035
04013082026,0.005617823103612144
04013082025,0.011357966156013179
04013082022,0.006609115880956128
04013061015,0.01260928207770447
04013061048,-0.02034560194392937
04013061064,-0.006363155292716095
04013061063,-0.02665463496410047
04013061300,-0.02356095257562397
04013061200,-0.018253306573864113
04013061402,-0.0012942890146889624
04013061401,0.0035086399466617403
04013082208,-0.011600831960818764
04013082211,0.03243914335392187
04013082209,-0.00963297029216244
04013082210,-0.007122616984014802
04013082213,0.019453019855808218
04013082212,0.00531968573095128
04013082207,-0.012494605805984065
04013082204,0.003556082810106173
04013082206,-0.0026346805003564524
04013082205,0.007245536346942852
04013083000,-0.017732732267894406
04013082017,-0.0072742908482269705
04013082028,-0.002958534644632581
04013112510,0.0030215308069302432
04013112524,-0.08365211972244736
04013112523,-0.07177514273206391
04013112519,-0.006006875574852412
04013112508,-0.11025064273855067
04013112522,-0.012190107811493628
04013112521,-0.016091820554995393
04013112502,-0.008407139577009552
04013112516,0.0043131737618954105
04013112515,0.009494642396889089
04013112517,0.008072430204210751
04013112518,0.010443196298094414
04013116618,-0.030958167630618635
04013116620,-0.008820546095053944
04013723307,-0.03698721208133877
04013723311,-0.06871250005583383
04013723310,-0.06560504741187861
04013723309,-0.10458882853291172
04013980900,-0.10620591221116983
04013050611,-0.2366923960478728
04013050614,-0.14148455956390113
04013050615,-0.3919504240728631
04013050609,-0.06610056392258165
04013050612,-0.13983717166834392
04013050613,-0.2024226029685418
04013061058,-0.0003697787549088761
04013061024,0.007634910959185243
04013061049,0.013695165453790518
04013061050,0.015927255804393622
04013061051,-0.005050015119341941
04013061052,0.0037937503964767384
04013061053,-0.004379211221214755
04013061054,0.003795601453885448
04013061017,-0.1530743110898586
04013061057,-0.003473947978652606
04013061056,-0.09591729236352323
04013061018,0.0019310256402830716
04013061055,-0.0015438552074536918
04013061045,-0.06879630177004441
04013050619,-0.2192433259695351
04013050618,0.017495329275445105
04013050620,-0.16196671651575986
04013050621,-0.5151000705827559
04013050616,-0.1041563678312241
04013050701,-0.05244460332326199
04013050702,-0.10726362688153201
04013050617,-0.16458539733358987
04013050604,-0.19633342946124796
04013040516,-0.04876462929723027
04013040515,-0.04283505273048865
04012020102,-0.05145833027830213
04013050603,-0.291283705792676
04013723305,-0.9176396789746122
04027012100,-0.08872987642865182
04012020101,-0.04754310311644868
04025001300,-2.081776874680601
04015954801,-0.492456365922019
04015954802,5.239988624528122e-05
04005001700,0.014782129836169033
04005002201,-0.14409535753518157
04005002302,-0.244111889344105
04005980100,0.0876972069654066
04005980200,-0.06903482466813025
04005001104,-0.2093560877229664
04005000901,-0.20956430830425551
04005001101,-0.11122020303290564
04005000902,-0.22613141815299823
04005000800,-0.20764807490989098
04005000700,-0.06248167208759117
04005000601,-0.0023420317850171087
04005000200,-0.22891584656022673
04005001201,-0.2039066200106049
04005001000,-0.2170104657830853
04005001103,-0.3175274179248163
04005001302,-0.24929755220290986
04005000602,-0.11091697339904989
04005002202,-0.028334559362772627
04005001602,-0.11110104573266985
04005001601,-0.14094918038419874
04025001602,-0.48361452323138
04025001703,-0.17361759380230712
04025001705,-0.09437260598753533
04025001704,-0.3431578437316508
04025001701,-0.4847437136686937
04025002002,-0.3848529609860198
04025001604,-0.6116005346347019
04025001605,-0.5364424002074162
04025001601,-0.6337072190731168
04025002005,-0.37219096296768006
04025002006,-0.2931741336369092
04025002003,-0.38326079222319503
04025002001,-0.6130893271746184
04025002007,-0.4010773255700033
04025001901,-0.8072398539909426
04025001902,-0.436748867448941
04025001803,-0.4417413207202929
04025001801,-0.3015227061944063
04025001804,-0.2472843876205918
04025000207,-0.6875258550731094
04025000211,-0.6548863257132359
04025000210,-0.8096681076336447
04025002100,-0.687421510388124
04025001201,-0.5347763437521645
04025001202,-0.3619904032372363
04025001103,-0.13514111631950274
04025001002,-0.29585215283654626
04025001004,-0.3549135033250709
04025001003,-0.5730103416376785
04025001106,-0.3169072955770386
04025001104,-0.24619956252392758
04025000804,-0.2805117589925405
04025000803,-0.34410991252899764
04025000802,-0.3587508621881002
04025000502,-0.32138721877108684
04025000901,-0.5155692708173111
04025000902,-0.49497700283883383
04025000403,-0.44621714071319407
04025000406,-0.2950158325151593
04025000407,-0.29613426732451714
04025000405,-0.26041173093039394
04025000301,-0.22950452825130932
04025000404,-0.26143753177177026
04025000501,-0.24073378773048854
04025000302,-0.3958068964736519
04025000205,-0.609944203272277
04025000208,-0.5546873872567883
04025000206,-0.536947602019897
04025000209,-0.4852538599927448
04025001904,-0.2996965051824771
04025000608,-0.42428555252419586
04025001903,-0.22470132420884179
04025000613,-0.2604948355709085
04025000604,-0.3640015139153406
04025000611,-0.5162944873261512
04025000612,-0.40996688240815904
04025000615,-0.37026473975216756
04025000614,-0.5700669818769304
04025000609,-0.44629877609973323
04025000616,-0.3814618096189788
04025000617,-0.23471410337476548
04025000619,-0.20222399134800773
04025000618,-0.15164136270750614
04025000702,-0.7052139032294066
04025001502,-0.7370413794740684
04025000701,-0.41136947689868236
04025001105,-0.2693317564107685
04025001403,-0.6363181843492676
04013040502,-0.031941332863790355
04025001402,-0.41953077428547775
04013610002,-0.13044620132608123
04013610100,-0.08649507230413639
04013610001,-0.14254457241468407
04025001401,-0.5824999968456918
04025001501,-0.5081725558853145
04007000100,-0.08958071894557285
04007000302,-0.01930409431885133
04007000600,-0.038594295442191284
04007000301,-0.02217486259602831
04007000500,-0.03729332001151302
04007000400,-0.03850792447046533
04007000200,-0.054006279808328304
04017940100,-0.0699823458059289
04007940200,-0.04861395667569068
04017964902,-0.18796877546311877
04017964901,-0.10411568075956745
04017962502,-0.057862330500859344
04017962501,-0.07457633664681305
04017961300,-0.11414275381965586
04017964802,-0.034333549113016705
04017964801,-0.01467557424217585
04017965302,-0.024803273369255245
04017965202,-0.07176299993876235
04017965201,-0.03892473292973953
04017961702,-0.0723178206251764
04017961701,-0.06893962150904576
04017965301,-0.10420856218202176
04017963800,-0.007011968650572367
04017964201,-0.16735148899103325
04017963700,-0.1146841151553153
04017964202,-0.19319523808243338
04017963300,-0.11382556707353877
04017963400,-0.03346183552297632
04017960200,-0.1501733005793236
04017960100,-0.0424418074371518
04017960500,-0.1828011012175434
04017960400,-0.009554868311602323
04017960600,-0.011544482142486679
04005001500,-0.1053635730831741
04005945100,0.00010902357770980295
04017940015,-0.1588163836516162
04017940014,-0.31337386284952745
04001944902,0.00010968804456586327
04001945100,-0.0012164965933773545
04001970202,-0.03388038124339945
04001970201,-0.03349155843876548
04001970300,-0.02908664592580911
04001970502,-0.06281444611371799
04001970501,-0.043297907003534926
04011960200,-0.07685413638832517
04011960300,-0.06564231706256758
04009961700,-0.04958063584777064
04009961500,-0.02466936274417671
04009961202,-0.003239403284731461
04009961300,-0.08498893965512568
04009961400,-0.004946078270759206
04009961201,-0.012734610787050448
04011960100,-0.07419119009644741
04017940302,-0.022160099783185734
04017940301,-0.018327549676403213
04009940500,-0.07046000151321236
04007940400,-0.04038725215516612
04007001000,-0.09535109118352113
04007000700,-0.08417865687336662
04021000201,-0.04564692825190723
04021000400,-0.020091630104634408
04007000800,-0.03878388183040259
04007000900,-0.04310771174880387
04007001100,-0.14595787371864244
04007001200,-0.11478610610785907
04007001300,0.003866263002975737
04021002300,-0.013000797368803808
04021000808,-0.015704651934899075
04021000904,-0.01263851205782048
04021000903,0.1066670048247501
04021000807,-0.023762453256004436
04021000802,-0.35499473479224286
04021002200,-0.032184000850252976
04021002400,-0.05175095156683585
04021000700,-0.04346988652748936
04009961100,-0.044328398345785204
04009961600,-0.05451708335146485
04003000202,-0.15295824063547447
04003000201,-0.1558256045888803
04003000203,-0.11766571993076079
04003000305,-0.03543194947574704
04003000303,-0.04375722158959702
04019004052,-0.11902765531740393
04019004728,-0.08592592083101246
04019004079,-0.16344480712625645
04019004723,-0.15907577981984913
04019004729,-0.12757614224011984
04019004730,-0.1364652570774322
04019004722,-0.21351940509758113
04019004720,-0.3848186043213233
04019004724,-0.12186571400566926
04019004718,-0.15772757268189938
04019004717,-0.08283498735411328
04019004712,-0.09657861240116117
04019004711,-0.16714547107124658
04019004726,-0.09855074239513614
04019004510,-0.1742120447236335
04019004618,-0.2062363868136197
04019004725,-0.2160806892577933
04019004617,-0.4859850041065036
04019004714,-0.04025395365025521
04019004713,-0.10047629045315294
04019004622,-0.15015534078376228
04019004620,-0.5245114009148786
04019004619,-0.44241190554318754
04019004633,-0.4490146717517403
04019004635,-0.07002549004468836
04019004642,-0.04095881942894701
04019004636,-0.02202119454925476
04019004641,-0.00471709135969763
04019004643,-0.021477941523736728
04019004715,-0.0018147244371456016
04019004727,-0.010884747375487974
04021000604,-0.025949050507653695
04021000603,0.0023842294857656468
04019004640,-0.024708017162116437
04019004649,-0.02123045615231403
04019004648,-0.012842806002686894
04019004430,-0.014322659067450162
04019004419,-0.0031437566973196553
04019004439,-0.033429993957490106
04019004426,-0.02634446040337919
04019004440,0.0001335848652004662
04019004423,-0.0015961044859991278
04019004436,0.0006183839303468261
04019004431,-0.017417253211756297
04019004639,-0.012939384366914797
04019004437,-0.007735053418355422
04019004438,-0.001214143432219073
04019004645,-0.013271331976976632
04019004644,-0.017730612402953098
04019004630,-0.0038822425648677556
04019004650,-0.024432258914451895
04019004634,-0.24954482377176262
04019004631,0.0058696217094594445
04019004632,-0.07659372753077076
04019004621,-0.16972380363276668
04019004614,-0.10799888765942825
04019004615,-0.07140606570163355
04019004626,-0.15799409696243605
04019004628,-0.1466496170185015
04019004627,-0.043037217128585194
04019004624,-0.07290699780451185
04019004625,-0.09045699718839906
04019004623,-0.10329200847152549
04019004647,-0.009131016115369203
04019004646,-0.03132850160098154
04019004613,-0.0859337830316766
04019004418,-0.06987013912187895
04019004506,-0.07065612295591531
04019004610,-0.07443636615763183
04019004616,-0.13685815806553456
04019004512,-0.08989707676307572
04019004513,-0.12661144500194782
04019004514,-0.07889851175912446
04019004515,-0.22174622258513202
04019004505,-0.07405135512892562
04019004412,-0.7615999778031932
04019004433,-0.180486753957825
04019004432,-0.08704047502165785
04019004413,-0.1036634991250368
04019004414,-0.09494187943596859
04019001200,-0.1368458838230618
04019001100,-0.16896705820435895
04019004415,-0.15475060815794495
04019980400,-0.08951694914150424
04019002503,-0.06597351666853016
04019004407,-0.18657376271019496
04019004310,-0.11226380570439597
04019002504,-0.051092721258234185
04019002505,-0.05165492653214199
04019002507,-0.05352589362524007
04019002508,-0.013219647971453153
04019004321,-0.01830788304931908
04019004312,-0.0919158071339426
04019004311,-0.11929889908413317
04019004333,-0.17973810311302404
04019004422,-0.12747910303346227
04019004404,-0.06646555185498747
04019004435,-0.0975461414634362
04019004340,-0.051122140862282096
04019004434,-0.1218986300437227
04019004428,-0.05070792723441686
04019004424,-0.06737171158210316
04019004313,-0.008539056096270549
04019004339,0.001695615239800597
04019940900,-0.09899521338853394
04019941000,-0.18101428560060198
04019004320,-0.14911702446346198
04019004322,-0.046641160362855184
04019004336,-0.01401371304542286
04019004323,-0.010119255039381648
04019004335,-0.001744647554597216
04019004114,-0.20015046190380992
04019980100,-0.2716947644325027
04019980200,-0.018985202885626246
04019004132,-0.11592491221783265
04019004133,-0.10835696052965427
04019004073,-0.20330470383966115
04019980002,-0.5195355065625206
04019980001,-0.6621571102361804
04019004131,-0.18363402340650264
04019003903,-0.12325784425848864
04019003705,-0.07284954597264903
04019003704,-0.14755594345586712
04019003902,-0.08285812251532192
04019003901,-0.07886101232568773
04019003802,-0.14212648804868294
04019003707,-0.06876988141850411
04019003706,-0.30294217833905357
04019003702,-0.1567909352988911
04019004122,-0.3454558360802679
04019004116,-0.29668185699434174
04019004118,-0.13336091522458246
04019004112,-0.28587790338769503
04019004115,-0.08957746184310414
04019004110,-0.036532189032955645
04019004117,-0.08026429097479243
04019003505,-0.25054204700952437
04019003506,-0.24696686626172312
04019002100,-0.2688165379211224
04019002000,-0.2238760709329953
04019002202,-0.16167165708920475
04019002201,-0.20516556433267427
04019002400,-0.1967647787056004
04019003801,-0.15409334447918105
04019002509,-0.16988896982379115
04019002300,-0.19655439370177616
04019000200,-0.19934453359392748
04019000100,-0.32649769091599495
04019005400,-0.16457402790054126
04019000800,-0.12724849195697185
04019000700,-0.12030348805326525
04019000501,-0.147825303365347
04019000502,-0.14596320939501364
04019001302,-0.10584761171248913
04019000401,-0.176423659799721
04019000402,-0.24591850485049993
04019000300,-0.23236588610749848
04019001304,-0.20529992303068137
04019001303,-0.6326067267183113
04019004508,-0.0883724332103423
04019004511,-0.1935964438433661
04019002604,-0.1596779709912876
04019002603,-0.16666528234959035
04019002602,-0.15840549708779852
04019002704,-0.15945611187207315
04019002703,-0.13818665319242462
04019001400,-0.20060347720832714
04019001500,-0.21701635475280645
04019001600,-0.14848463073640325
04019001801,-0.14265958297359038
04019002803,-0.09307643749301278
04019002802,-0.07485243998069994
04019001700,-0.22817571441070528
04019002702,-0.19926415738757575
04019004710,-0.18382381926029207
04019002801,-0.1291442667129276
04019002905,-0.17338986892760466
04019002901,-0.19659744203982663
04019003103,-0.13227196058632285
04019003201,-0.23235685013190713
04019003202,-0.16249455150155445
04019003104,-0.1215731702973013
04019001802,-0.20265118173300245
04019000600,-0.13284894347818385
04019001900,-0.10551118154153864
04019003400,-0.22776123656772645
04019003304,-0.15822313284418396
04019003303,-0.11674615753313113
04019003502,-0.1903761034404526
04019003302,-0.1000081521279055
04019004068,-0.0802730419012272
04019004067,-0.5283963381470987
04019003002,-0.20585720745771993
04019003102,-0.22008550232380947
04019002904,-0.22747654706543627
04019003003,-0.1113430706154301
04019002906,-0.19972517796706935
04019004721,-0.18274630559375324
04019004030,-0.19246079118807666
04019003004,-0.17233730126802163
04019004031,-0.04430145588136562
04019004080,-0.08934750819767596
04019004053,-0.08812437606335688
04019004055,-0.11209227246391253
04019004047,-0.11833743736997104
04019004048,-0.12345687101027818
04019004072,-0.08698065352304972
04019004046,-0.17269662651013967
04019004032,-0.3772053857588065
04019004039,-0.22865765226935728
04019004071,-0.10350855485160262
04019004010,-0.22002381626803033
04019004069,-0.19722910912556077
04019004070,-0.2185213217777611
04019004049,-0.12821126158123916
04019004077,-0.17233438316689248
04019004078,-0.301265786595878
04019004056,-0.22005857282013896
04019004058,-0.24441539272665053
04019004035,-0.1676496708298816
04019004036,-0.08147346398496283
04019004029,-1.1868081922325817
04019004038,-0.5820440254156565
04019004037,-0.10765793499300344
04019004075,-0.2849582687705043
04019004076,-0.2127674619560048
04019004008,-0.35775246141497435
04019004033,-0.24830642025868768
04019003504,-0.3472250254902022
04019003503,-0.37768327920056655
04019003601,-0.5685557445502696
04019004034,-0.7680331931608573
04019980300,-0.35077688756890635
04019004063,-0.16573709758528476
04019004026,-0.07038227908866661
04019004057,-0.10316782438532907
04019004043,-0.027192601537605943
04019004044,-0.04805696663468113
04019004042,-0.12293826995964703
04019004054,-0.10057597541236739
04019004050,-0.13543998537310603
04019004051,-0.09054083984579227
04019005300,-0.0827854901816711
04019004061,-0.21366833703919924
04019004081,-0.15619945359146134
04019004066,-0.02381378626352857
04019004065,-0.030123462871183625
04019004074,-0.03310718382681907
04019004062,-0.3044787472407971
04019004082,-0.06417018092134694
04019004109,-0.2593906446442016
04019004126,-0.6052798143624856
04019004129,-0.23830324108799156
04019004307,-0.22462267905994987
04019004128,-0.42421334005501354
04019004127,-0.3422140153045911
04019004130,-0.3799164520020932
04019004326,-1.7234927749542102
04019004327,-0.07044084169199183
04019004337,-0.0049031655595216
04019004317,-0.15291520282025986
04019004338,0.005738539780686832
04019004332,-0.21459944558971433
04019004330,-0.2732451281281663
04019004328,-0.27172510774831155
04019004325,-0.004094992794010867
04019004316,-0.11253815017051295
04019004324,-0.15387509962946974
04023966101,-0.023868213293220628
04023966106,-0.5860147036891844
04023966107,-0.6342263891810952
04023966108,-0.5643991834335311
04023966402,-0.7467388183081599
04023966401,-1.0667552387987653
04023966200,-1.117420920218295
04023966103,-1.6895689035115644
04023966301,-1.2453369781337442
04023966302,-1.0100226126400957
04023966109,-0.8609403047878713
04023966110,-1.274899392993993
04023966111,-1.0517945962515594
04023966000,-0.954438514408825
04003002100,-0.2910973786900595
04003002001,-0.19670563276592187
04003001900,-0.14787153899745376
04003001402,-0.07762727564439753
04003001502,-0.07378910297176912
04003001501,-0.20567358342298475
04003001801,-0.043781629770350584
04003001703,-0.1673298806498686
04003001701,-0.03175326984336717
04003001802,-0.021819923400344866
04003001601,-0.05880244372548815
04003001602,-0.06452829610780565
04003001702,-0.16318218057145897
04003001401,-0.107999518040788
04003000304,-0.04693133361925274
04003000301,-0.04159370511007763
04003001301,-0.09818250620575482
04003001302,-0.08565549982569373
04003000400,-0.07689045169834274
04003001000,-0.834314752922862
04003002002,-0.1545930661274674
04003001200,-1.0666101952745242
04003001100,-1.0727754550995352
04003000502,-1.440813518304729
04003000503,-1.388414298569478
04003000600,-1.0014071946642225
04003000800,-0.8066560951052612
04003000902,-1.001253564963492
04003000901,-0.787508261963622
04003000700,-0.7294937952309101
04003000501,-0.858922076886557
04003000102,-0.24178145529646103
04003000101,-0.2023856005045789
06097154100,-0.28602633723301146
06055201800,-0.22310115430644004
06113011500,-0.17016925943017708
06033001302,-0.12984045482085071
06033001301,-0.06292117080738353
06033001200,-0.0363868172751967
06033000801,0.0075068760705775265
06033000802,-0.008527415248443578
06033000702,-0.02834296616594557
06011000302,-0.02727494580176503
06033000602,0.0484669378667505
06033000501,0.02527564490441563
06033000502,0.024681458764837558
06033000601,0.07820024205993738
06033000703,0.023335807312940576
06033000704,0.030529435791119
06033000902,0.02269537235836493
06033000901,0.02052896414582496
06033001102,-0.25712497805508433
06033001101,-0.02043278954180828
06033001000,-0.04482063641951848
06045011800,-0.05253125950961149
06033000402,-0.1684435328929229
06033000300,-0.061539011577284766
06033000401,-0.05766174435322027
06045011700,0.00013358486520046616
06033000100,-0.016663163609020686
06045010802,-0.025942437318566488
06011000400,-0.03998008294935984
06021010401,-0.0024036803451925135
06021010402,-0.0016714257803195761
06021010300,-0.001041600855196386
06021010200,-0.0016847056966214809
06021010102,-0.013360938404109325
06021010101,0.0001335848652004663
06103001102,-0.009096137054454083
06103001101,0.020144497344337122
06103000800,0.021721503224617387
06103000702,0.0010853898913198389
06103000300,0.05249938869725395
06045010200,-0.07873972353167125
06045010100,-0.03455620353576403
06045010602,-0.061139057873896736
06045010801,-0.01641083067500319
06045010601,0.025780844267066144
06023010902,-0.00870997532428607
06023011600,-0.06342906838703298
06105000500,-0.007284267776659165
06105000200,-0.040115503338749775
06023001200,-0.002103135378676516
06023010102,-0.02393778001230786
06015000202,-0.3993178385830991
06023940000,0.00011997670528428057
06093000800,-0.18142586575804076
06093001300,-0.08276281012605846
06093000701,0.01633981852352794
06093000300,0.011174431812059508
06093001003,-0.037443188580795074
06093000902,-0.02433314008397003
06093000901,-0.031236727856410785
06093001001,-0.053367043669737164
06093001100,-0.09488495442297615
06093001002,-0.02815761538704192
06089012500,0.12357148006525466
06089011801,0.031886773583844744
06089011802,0.045964366606538194
06089010807,-0.03551425566185773
06089011701,-0.1316930293836217
06089011702,-0.17418450386765216
06089011703,-0.18250902897428753
06089011803,-0.048808152962693065
06089010806,-0.11692796488383021
06089011600,-0.1724006812470577
06105000101,0.062142630504514726
06105000102,0.008883731169668436
06089012400,0.02486801549030329
06103000202,0.08097547149900979
06089011001,-0.16618223927121645
06089010603,0.0938522529077922
06089010602,-0.0971037646289478
06089010702,-0.1633691621679816
06089010704,-0.14225030893019205
06089010100,-0.269332060763264
06089010500,-0.1646245466207399
06089010601,-0.09769926183909883
06089011002,-0.3136791987558838
06089012302,-0.000273725793611738
06089012303,0.058581331907403715
06089012000,0.047278482510087795
06089012101,0.016745516837917206
06089012102,0.022885720223517005
06089011502,-0.08558336218575704
06089011501,-0.07501412787315581
06089012301,-0.024945798935164687
06089011100,-0.3034877269147929
06089011401,-0.07021174551031484
06089011402,-0.03577335946614662
06089011209,-0.07019140241235916
06089010400,-0.32112916331449187
06089010900,-0.18988497210706895
06089010300,-0.10818357512903745
06089010200,-0.23013051159765524
06089010703,-0.06556530520589617
06089010803,-0.004197174237359694
06089010804,-0.018373717929994614
06089011300,-0.09088434936105033
06089010805,-0.0592898579882167
06089011403,-0.05236439591333688
06089011900,-0.016327272607852827
06089012200,0.027507755644428
06103000201,0.09213029525853945
06103000400,0.05818852936995654
06103000500,0.008312778604064975
06103000701,0.023606817618580377
06103000600,0.03682945778389328
06089012604,0.08473602231052849
06089012603,0.0860804784642261
06103000100,0.033784664241786985
06063000501,0.14323626209136037
06063000502,0.13426251113706522
06089012702,0.030417954738418077
06089012701,0.0494458826021322
06089012605,0.09585646588776667
06089012606,0.0935324146990831
06093001200,-0.002511052821899617
06049000200,-0.04168371446323265
06049000100,-0.01889318606053748
06049000300,-0.02423726457506106
06035040100,-0.024464252578243705
06035040303,-0.026058294506916622
06035040304,-0.01903918619840058
06035040305,-0.0033842523545975817
06035040200,0.07554787840590417
06035040302,-0.03609252266778447
06035040500,0.004455668113057479
06035040400,-0.06506886013426189
06035040600,-0.0035882877660820224
06063000300,-0.03204637826027375
06091010000,-0.12636324583089098
06057000900,-0.06057293505775198
06057000801,-0.02524524783788846
06057000802,-0.028131617764242188
06063000202,-0.03868051865922157
06063000201,-0.07004625684699164
06063000100,-0.019813615663202718
06063000400,0.037031072753688075
06007002401,-0.11737734634993735
06007001900,-0.03436588187456104
06007001601,0.004119488474492886
06007001704,0.02330452798889693
06103000900,-0.0013441239873303672
06103001000,0.0031652110296701676
06021010501,-0.0077958900795143445
06007001400,-0.02406657041157342
06007000404,-0.008835917629498462
06007000401,0.016519746655782475
06007000201,-0.006050074212032882
06007000300,-0.009270589441711613
06007000202,-0.011556824023827558
06007000603,-0.05052965882552971
06007000604,-0.06611958304226917
06007000502,-0.08709626608409504
06007000601,-0.008320372474729464
06007000403,-0.022562383359614607
06007000501,-0.02097676694995221
06007001100,-0.08008119943678019
06007001000,-0.08098790942283775
06007000700,-0.029533548336185114
06007000800,-0.0048379250535116125
06007000904,-0.002302779073775115
06007000903,-0.0177895357440363
06007001300,-0.012782632811811771
06007000901,0.0018938960557855359
06007000103,0.0010744769706938855
06007000102,0.00033675394006766186
06007000104,0.0026400601114918197
06007001602,-0.02085250210777133
06007001703,0.01034516462843101
06007002000,0.016002106538267828
06007001800,-0.014704946965002347
06007002100,-0.019139975927716366
06007001702,-0.0004689736392126052
06007002300,-0.0022831174223805397
06007002200,-0.02004073084830491
06007003700,-0.004442529022700506
06007002900,-0.0009056745031702023
06007001500,-0.006685190663793899
06007001200,-0.026492228818986937
06021010502,0.003498223783169982
06011000500,-0.05647301177034918
06007003502,0.007581429243370641
06007003600,-0.008303971776948938
06007003501,0.011386284529897098
06007003400,0.011223072366099618
06101050701,0.001397677851840476
06101050702,0.001577289886016889
06115041001,0.005852540391543377
06115041002,0.008058863807873044
06007003300,0.0112296512572887
06007003200,0.013706291413931704
06007003002,0.009736855329496934
06007002800,-0.021923034533994405
06007002700,0.006004675399267008
06007003001,0.00377218064899592
06007003100,0.010562972364488887
06007002601,0.011342225088621738
06007002602,0.009014352526881157
06007002500,-0.009178950781087557
06115041101,0.0016962633693978837
06007002402,-0.05252763247541757
06115041102,0.01214474401185199
06057000404,0.0059999126552482554
06057000401,0.004673919709863437
06057000502,-0.055374658876228985
06057000503,-0.01580754416509035
06057000104,-0.04621724091255582
06057000300,-0.0456986822387323
06057000403,0.005021079391678249
06057000200,0.0021698746511794407
06057000105,-0.0016889279491877499
06061021801,0.0010645947267363693
06061021603,0.00845034449448875
06061021604,0.008597892242133925
06061021501,0.0018498606947411152
06061021502,-0.007711217197090995
06061020300,-0.009979676611719465
06061020401,-0.021463138652344428
06061020402,-0.01138899707955599
06061020502,0.005047957025068161
06061020608,0.005674050224591541
06061020601,0.005589766677156536
06061020607,0.004483891557730615
06061020501,0.005551738410763176
06061021204,0.005141965100671668
06061023501,-0.00522367600357771
06061021203,0.006562235114752799
06061021103,0.006932154421724001
06061021109,0.006045049880950565
06061021108,0.0021741047094109753
06061021106,0.002184352691890688
06061021123,-0.00436985419364977
06061021122,-0.009823206490644897
06061021324,-0.01514146724604632
06061021323,-0.014442598973459371
06061021130,0.012081234593368101
06061021131,-0.0069803179354364815
06061021128,0.0035430260419375705
06061021129,-0.0003969131794089602
06061022600,-0.002432480087800374
06061022800,-0.00495053060654073
06061022900,-0.0004145129030731373
06061021034,-0.0021625338038907963
06061023000,-0.01749190428529817
06061023600,-0.0001321746864942164
06061023502,-0.03118552034167743
06061023700,-0.05915326570977928
06061023800,-0.003783334818231806
06061023300,0.0021390808336386557
06061021403,-0.06379146507104379
06061021401,-0.021954711001677625
06061021304,-0.004122259946383494
06061021328,-0.029691464389865956
06061023400,-0.018094602937649338
06061023900,0.007762666430878832
06061023200,-0.002523632572851944
06061023100,-0.002211854964662497
06061021043,0.001390109430776675
06061021044,0.0003655569045537713
06061021040,0.0012122413848091047
06061021039,-0.006323714606342095
06061021325,-0.05694080874554828
06061021326,-0.004469140280102252
06061021327,-0.06670143413020604
06101051100,-0.01094374950987122
06115040701,0.005201963577700659
06115040702,0.0035440119105628986
06115040400,-0.014465470261030608
06115040304,0.011207173370498065
06115040500,0.004310760704203997
06115040305,-0.0037914526928349707
06115040600,0.0058101621827889435
06115040800,-0.025870659686603084
06115040901,0.0024406251456267174
06115040902,-0.002356599074027372
06115040301,0.013251298065906792
06115040302,0.008216411590195675
06115040201,0.005088462204515024
06115040202,-0.012659554358275963
06101050601,-0.0039670051948856415
06101050501,0.007842485437596303
06101050201,0.007618058410530977
06101050102,0.011249441365189634
06101050604,0.031791195574638595
06101050603,0.010783005197377779
06101050101,0.010393244946981166
06115040100,0.0013159087549302433
06101050202,0.00981364080365859
06101050302,-0.002063736887825732
06101050301,0.0019654073548924606
06101050401,0.012387745711152792
06101050402,0.003200616814123879
06101050403,0.0045767584255751
06101051000,0.005056326943143324
06101050504,0.004994572356751278
06101050503,0.0047628976142939546
06101050800,-0.0008445495148503956
06011000200,-0.056008855352093136
06011000301,-0.027963064106061017
06011000100,-0.07596866877996465
06113011400,-0.12698293497999125
06101050900,-0.005672698919409087
06113010102,-0.044523221021132105
06113011208,-0.07920816882965509
06113011204,-0.1342607449560708
06113010505,-0.07812171013727404
06113011203,-0.025376822859166977
06113010901,-0.0380989434387669
06113010902,-0.040157444771562134
06113011001,-0.06802223679176397
06113011002,-0.013646600728771847
06113011101,-0.08042119749422154
06113010800,-0.1894333570677098
06113011103,-0.05472467170205648
06113011102,-0.04487300508852359
06113011210,-0.029295212573817366
06113011211,0.010477889742002916
06113011209,-0.018747342179446347
06113011207,-0.10571924829539144
06113010401,-0.14757766643291886
06113010203,-0.14995357756902486
06113010103,-0.039878748203251886
06113010204,-0.053474193297030854
06113010201,-0.09302365242498117
06113010315,-0.10001138441833424
06113010313,-0.0436679790119095
06067002200,-0.24759449127837152
06067002100,-0.20452901940352156
06067001202,-0.247239331098793
06067001201,-0.1569593326971353
06067002000,-0.22774772034439142
06067002300,-0.34670432533812523
06067002400,-0.3189803228147165
06067002500,-0.017474780085528437
06067002600,-0.1708302790635589
06067002700,-0.13745246302381228
06067001800,-0.11227770707390114
06067001500,-0.0527131113360148
06067001300,-0.1799545799687129
06067001900,-0.21370891645217288
06067001102,-0.3025054005353137
06067000502,-0.2228233979667553
06067000400,-0.3197182292468023
06067001400,-0.23507577116985856
06067000300,-0.04693605217579251
06067006901,-0.15168370142050244
06067005301,-0.22949022352210544
06067000501,-0.3510095789572131
06067000600,-0.30720818874795913
06067001103,-0.3948495650467206
06067000700,-0.7700968907497915
06067000800,-0.28924070839512445
06113010105,-0.11674496262430888
06113010104,-0.0406913676271053
06067007010,0.012607145073242338
06067007022,0.00013358486520046627
06067007012,-0.009126174636274093
06067007011,0.0025605708678141203
06067007013,-0.02708231046728135
06067007023,0.0037545786017178255
06067007024,0.0014886199417250801
06067007007,-0.003945649004215849
06067006902,-0.11685638801105637
06067006803,-0.003081719103339824
06067006801,-0.0415395569185363
06067007001,-0.015930551444454804
06067006705,-0.013746573164181075
06067006706,-0.005561713079532613
06067006703,0.0014491082242352102
06067006704,0.00482335843048046
06067007021,0.001991433261157665
06067007019,-0.0028953155121990318
06067007028,-0.047429064662817114
06067007027,-0.05410602054742436
06067007025,-0.03184811240737232
06067007016,0.0038138028831621582
06067007020,-0.016462213523722385
06067007017,0.0011519992570438774
06067007026,-0.0012728118562621335
06067007107,-0.0061004727280662635
06067007103,-0.011106246109860727
06067007111,0.002170616049928747
06067007108,0.006478499799182472
06067007109,0.009773078574880046
06067007101,-0.0009853260124441758
06067007105,0.014960758583198296
06067007110,0.009583549536866562
06067007106,0.01153524925499525
06067007208,-0.0029620843200858036
06067007204,-0.0040969560026801665
06067007202,-0.005708121063731995
06067007301,-0.020466912789028402
06067007435,0.0017525220282327521
06067007417,0.015325638215818872
06067007207,-0.006595006804900817
06067007209,-0.016890202659486406
06067007206,-0.0034081031731425146
06067007431,0.015206959299803173
06067007430,0.013821579634380602
06067007432,0.01033239562311572
06061022500,0.016535843624930033
06061021048,0.004087417175931117
06061021047,-0.0004900418433959818
06061021037,0.007185220600446884
06061021038,0.00440772608833158
06067008127,0.016871406616268254
06067007436,0.016251063944949826
06067008130,0.013194521663952876
06067007422,0.012641022703246818
06067007428,0.014750929040891642
06067007437,0.01482342911854411
06067007439,0.02177754817456062
06067007438,0.048311632388946105
06067007427,0.005649481905830746
06067007426,-0.007401336775666018
06067007434,0.00013358486520046622
06067007429,0.007017248908464295
06067007414,0.008583031777528453
06067007416,0.01514744021267857
06067007402,0.004527155969587739
06067007403,-0.012054216815022554
06067007424,0.013093856971262459
06067007423,0.009854199264801931
06067007501,0.02160279315485286
06067007415,0.02107056242664674
06067008131,0.027058440528670586
06067008133,0.04696606673689145
06067007604,0.012929024335504354
06067007603,0.001898347496526619
06067007602,0.006593739727190309
06067005903,0.0020101628146561423
06067007701,0.005549520529504423
06067005904,0.005191730791739692
06067005801,0.008781839049844668
06067006002,0.01198434233678987
06067005701,0.011135640108534541
06067006004,0.002577924154741621
06067006003,0.006984720857889136
06067005901,0.002601978735622969
06067007504,-0.022822099538656476
06067007503,-0.0016609158218808776
06067007413,-0.017440967466415706
06067006400,-0.042099500122229315
06067006502,0.000929172464940256
06067006501,0.004266419690173955
06067006202,-0.037995071897087826
06067006300,-0.059195193253378166
06067006600,-0.0783101780530354
06067006802,-0.07310153980646726
06067005502,-0.0196865486373461
06067005505,-0.019317766673864898
06067006203,0.0066223422292697905
06067006204,0.0071088017962928195
06067006101,0.007380372297345787
06067006102,0.0012458939181941991
06067005601,-0.007611256422459056
06067005605,0.0010300443313821968
06067005606,0.0017452038015678755
06067005510,-0.02130023755267445
06067005508,0.02026401168051832
06067005509,-0.12034347067244491
06067005506,-0.03560049106116524
06067000200,-0.013473581033222175
06067000100,-0.010026168353572824
06067005402,-0.02211213909428634
06067001601,-0.05371461715660722
06067001602,-0.06496322820866034
06067001702,-0.1453099647869325
06067005403,0.00013358486520046622
06067005404,0.009698132786694891
06067005702,0.01103777990705194
06067005803,0.00819329082803041
06067007702,0.011789310871802846
06067008909,-0.0043688449926790555
06067008702,0.006987846278845088
06067008703,0.005993801007229426
06067008005,0.0025706663218400382
06067008006,0.0026502866278336123
06067008008,0.008090787871961958
06067008007,0.006678608259391979
06067008010,-0.0014714968163929874
06067008009,-0.008953947751305657
06067008912,0.0018676891138776357
06067008913,0.0008299022782987238
06067007802,0.007612198750181059
06067007906,0.007187608628114969
06067007905,-0.056872821291637884
06067007801,-0.008524871850989097
06067007904,-0.006792183037744439
06067007903,0.01573347627633304
06067008117,0.016983089719296518
06067008134,0.0419470800501299
06067008135,0.033547620943060706
06067008136,0.027904254345790372
06067008137,-0.002551611373391035
06067008119,-0.007893391748087304
06067008138,0.021696184262916415
06067008122,-0.010964731461013786
06067008139,0.01657924977659136
06067008144,0.0030283559736114757
06067008141,0.02728613510069294
06067008142,0.01731162369566954
06067008140,0.018848214650495243
06067008120,-0.0012577238493694297
06067008125,0.011823407079457579
06067008124,0.012994210780862936
06067008143,0.016828184486599663
06067008113,0.016185846121592292
06067008111,0.027188942043948738
06067008132,0.027222105248911537
06067008129,0.02559361751453322
06067008128,0.0198827706495303
06061020805,0.014555941062006405
06061020901,0.0028841181582730663
06061020908,0.003337431644183527
06061021046,-0.04277901973536334
06061021045,-0.014578569096600373
06061021003,-0.024500721974648174
06061020712,0.004343417134585337
06061020806,-0.0186354249286419
06061020713,0.01097057259870919
06061020714,0.0034727164189209906
06061020715,-0.007548018027676808
06061020710,0.007899464761106976
06061020711,0.003219132504370684
06061020717,-0.03257849619620313
06061022400,-0.040938021873095955
06061020604,0.0010363771495934238
06061020606,0.003653112550543435
06061020605,-0.005305119229047501
06067008211,-0.006497394815213228
06067008145,0.011565784641335751
06067008203,-0.005998940686844481
06067008204,-0.0010337324551655833
06067008206,-0.0008873863837539982
06067008208,-0.01633712702488519
06067008207,0.0008609206994295922
06067008209,-0.06185439745746318
06067008404,-0.07666984750948946
06067008403,-0.018795225543482307
06067008505,-0.06861657937799531
06067008506,-0.03950137214459075
06067008510,-0.00901262947276863
06067008509,0.0015264245425120541
06067008402,-0.010190738099054299
06067008501,-0.0015018514569265834
06067988300,-0.08005695320288224
06067008210,-0.04366511419419246
06017030701,0.0025059705680980236
06017031700,0.005898970954567557
06067008512,-0.014322881153620392
06017030706,0.002525832758561717
06017030710,0.0048463621765983825
06067008507,-0.23732318791066712
06067008508,-0.0035833153774143343
06067008504,-0.011400690992610589
06017031100,-0.1732030584800507
06017031000,-0.0015991312663884065
06017030902,0.008306761632941573
06017030709,0.004771391878430347
06017030901,0.0024027826352750943
06017030801,0.004392426377457845
06017030601,0.00047460330908217786
06017030605,0.006572610349449366
06017030606,0.0012936304743566824
06061021901,0.017299102462828307
06061021802,-0.021393581384808836
06061021902,0.010873418897220268
06057000106,-0.002734824737836011
06061022002,0.002067671568354186
06057000107,-0.01470840363485539
06057000102,-0.04151779804464631
06057000702,-0.07955769514921901
06057000602,-0.06617993048949829
06057000504,-0.04561897371622387
06057000601,-0.02331878325715346
06057000701,-0.10825108295571781
06061022013,-0.15920773391110937
06061020200,-0.06159095829484369
06017030604,-0.0339231771996633
06017030603,-0.05733161363251927
06061022014,-0.4914637058550348
48485013700,-0.013164325509188982
48487950300,0.0005512881612842949
40141070500,-0.003886285481048323
48485013503,0.0034792085352293974
48485013504,0.003909019156894704
48485013502,0.0022169380125990246
48485013202,-0.0422320609289801
48485013100,-0.0097250688067041
48485013800,-0.00113236904562543
48485012401,0.006081443489181233
48485013600,0.0034312526963958833
48485012900,0.005628489418268603
48485013000,0.012212593855564433
48485012700,0.005127421832094578
48485012600,0.0018296098513878394
48485012202,0.0008084000651017015
48485012100,0.007249929167932162
48485012402,-0.013495740914729909
48485012800,-0.003025639434157039
48485012302,-0.003148161183107209
48485012301,-0.024623913372756205
48009020100,0.01160353263286713
48009020200,0.01000502153132483
48077030302,0.005570543960991961
48337950401,0.059296970584568634
48097000100,0.015749482198091844
48097000200,0.0477479176703224
48337950100,0.022874627778268226
48337950600,0.00013358486520046627
48337950300,-0.005868811540992064
48337950200,0.00770202328407215
40085094300,0.012521787248651325
40085094200,0.016298423408247144
40085094100,0.011511910677470401
40019892502,0.010934573044870317
40019892801,-0.019325806611876595
40019892802,-0.0021236298695356047
40019892900,-0.017841838722701214
40019893100,0.0013719786616579778
40019892601,0.0061156648636302565
40019893002,0.005883803377968989
40019893001,-0.001012103487222349
40019892602,-0.0008176794893395005
40019892501,0.017776342610850242
40019892301,0.013130437056137768
40019892302,0.015683062760693155
40019892400,0.01109721080333331
40067371600,0.013921431436116478
40067371800,-0.03804877900521931
40067371700,0.0009359348450054533
48077030301,-0.0014864891759693247
48077030200,0.0017832136146114768
48485011500,0.012684151723121649
48485012201,0.011307370562442388
48485012001,0.005589444764897201
48485011901,0.013908589658812509
48485011800,0.00917398164404717
48485011600,0.0008945023446774782
48485011700,0.005650600847081727
48485012002,0.00659908273863648
48485011902,0.006259902373626894
48485010700,0.009009992081555219
48485010800,0.00981704283035127
48485010900,0.010369795151005976
48485011000,0.009679083796346463
48485010200,0.010212410403463237
48485010100,0.005809767487858303
48485010600,0.009015733865264733
48485011400,0.009866483805477038
48485010400,-0.010837363303547327
48485011300,0.002188752639026152
48485011100,0.010438261403818327
48485013201,-0.003066471905931532
48485013401,-0.15623304798892945
48485013300,-0.0033174622545363948
48485980000,-0.25895264343564617
48485011200,-0.01673518671455783
40033871200,0.0008422020160832192
40033871100,0.0016449364569381662
40031002003,0.015708501655536836
40031002004,0.01641596359336209
40031002005,0.021553060951438868
40031001902,-0.0027302224490301425
40031002301,0.0030667505921961706
40031000402,0.00507439780039883
40031000403,0.0006444570113570548
40031000405,-0.0040891363896646046
40031000404,0.0016558602829924766
40031000300,-0.00030732708325186296
40031000504,0.002240129588535996
40031000503,0.0036970382688939775
40031000506,0.008262757083126984
40031000505,0.005943219903875816
40031001600,0.002087786694941391
40031001400,0.01844017304134796
40031001500,0.005231341139256348
40031002500,-0.04248563367522341
40031001700,0.00950723545285965
40031001901,0.006889031084199167
40031000100,-0.00894943239766776
40031000800,-0.0007367566315306492
40031001100,-0.00497335737692553
40031000900,0.00513400429796565
40031001000,0.00246237000200989
40031000700,0.004532186585246018
40031000600,0.012769377722861098
40031000200,0.00367031426802474
40031002406,0.0076131377904616855
40031002405,-0.0072473161656458705
40031002201,0.01616322811597505
40031002403,-0.03411232993724602
40031002101,0.0084323770138095
40031002102,0.008658913391817699
40031002001,0.008363528008798493
40137000901,0.00590831363531069
40051000701,0.013353765625988083
40137000600,-0.010965498345665998
40137000300,0.001962551530576253
40137000800,0.0017008645008661798
40137000200,0.003703334668217617
40137000400,-0.0038655300925265865
40137000101,5.239988624528128e-05
40137000102,-0.0019369010056100055
40137001100,0.004637761151054727
40137001000,0.007552427432120098
40019892200,0.0026939165497724886
40019892100,-0.0029357326961660032
40099790702,-0.02033904848969276
40099790701,-0.012702060318130037
40049681900,0.01143934626691839
40049681400,0.00527719011108913
40049681500,0.0070589973892871815
40049681300,-0.0013799403928563927
40049681200,0.0045928094131601266
40049681600,0.011807086332925936
40049681700,0.008423954648545711
40137000902,0.004356856626066887
40049681800,0.007688693465033706
40087400203,0.01217470289263201
40087400201,0.00669285059042703
40087400400,0.004752565606793621
40027202405,0.010709830341056287
40027202600,0.012985395046532905
40087400300,0.002068750326002247
40027202501,-0.018438324069496335
40027202502,-0.013043023532101029
40027201303,-0.017193272279994017
40027202404,0.01097288645189809
40125501103,0.006362544865948053
40027202407,0.01411689715558221
40125501003,-0.08454416039773051
40027202406,-0.34645859686267
40027202403,-0.12333955959920609
40027201404,-0.02467847834082061
40027201405,-0.01727661938167387
40027200604,-0.04598211452768248
40027200603,-0.03692996022586863
40027201403,-0.01344627639014399
40027202201,-0.029059574962902412
40027202208,-0.018339791436813836
40027202207,0.0021667616608395984
40027202203,0.0027717393339919657
40027202105,-0.03733802422533044
40027202104,0.0009259699690630164
40027201604,-0.18839024471784588
40027201611,-0.3576422784422952
40027202205,-0.1859866353974602
40027201607,-0.21598826222401987
40027201610,-0.31920615587945933
40087400106,-0.17556916820303747
40027201513,-0.0018380018369340938
40027201514,0.0002018324064975476
40027201508,-0.007945988528592107
40027201000,-0.0032861215839186174
40027200900,-0.006744492049046639
40027201512,0.013492931074955165
40027201511,0.0054371452680365565
40027201505,0.006710297364572179
40027200300,-0.017775764008346948
40027201509,-0.012820282611615537
40027200800,-0.006744003996716885
40027200700,0.019104642725854274
40027200200,-0.022336855168353997
40027200100,-0.12231780380201741
40027200400,-0.015342992098728265
40027200500,-0.0005169603707876584
40027201202,0.06522566090564422
40027200602,-0.0016835602121012252
40027201302,-0.013782130518504137
40027201201,-0.037268306930247505
40027201204,-0.076492418646622
40027201205,-0.08879808900933334
40027201103,-0.008736792141819364
40027201102,-0.016054584147253283
40027201104,-0.0041738848888277
40087400204,-0.020308804176980354
40087400103,0.003979888421631014
40087400104,0.005609952647801117
40051000801,-0.046285124999230674
40051000906,-0.14676710740579121
40087400105,-0.12097469880407563
40051000905,-0.12026513355331699
40051000904,-0.04967768955709235
40051000902,-0.09459354234362075
40051000901,-0.03201387520806986
40051000802,-0.08847781208900996
40051000100,-0.021433435027728053
40051000400,0.008782426414090161
40051000501,0.008944749703294742
40051001000,-0.0022139414147982015
40051000502,0.014828296090366733
40051000600,0.003801395119501132
40051000702,0.01237694186356323
40015162101,0.01482344378041098
40015162300,0.02351399828273762
40015162200,0.01121604311583914
40015161900,0.010736863861270889
40015162102,0.006796007738137608
40015162000,0.013707792922166229
40149965400,-0.0023867769139174206
40149965100,0.012830178521484126
40149965000,0.010909883246568126
40075963700,0.0063257282079551965
40075964200,0.004381112456755115
40075963600,-0.0021031860675923106
40015161800,0.009631222815540547
40031002202,0.02637310065085311
40031002302,-0.002834356583401084
40031002401,-0.21738554264623608
40141070100,0.0030366704053141538
40141070400,-0.00731205026731292
40141070300,0.002439308326521842
40141070200,0.003766589345072931
40065968100,0.004778186409806565
40065968200,-0.00014500432693838563
40065968400,-0.0008162697513038416
40065968600,0.006263386877634643
40065968500,0.00038429161165537103
40065968800,0.005424695972079166
40065968700,0.008187106427330828
40065968300,0.013408518272934386
40055967200,0.015527713427283218
40055967100,0.01272496062801108
40009966800,0.003416679437230319
40129960000,0.003726284055856947
40009966200,0.004508770412844115
40009966100,0.0008264414918005675
40149964900,0.0033387597276689006
40039960401,0.00902382276319737
40039950800,0.010628044901643346
40039960402,0.005531218762077618
40039960701,0.010842358651387931
40039960702,0.009195792627644018
40039960600,0.008110071373599622
40039961000,0.00930991605983299
40043959200,0.016653041229205617
40043959300,0.003397680436545047
40011958700,-0.0064932828537587065
40043959100,0.0075671153120651004
40093955200,0.004473083001396404
40045952800,0.00799670470648033
40045952600,0.009450148984738126
40153953200,0.0018478494280283096
40153953300,0.00535839804536845
40153953500,0.0032315431295102132
40153953400,0.01124536298492917
40059952100,-0.016932391380262674
40059952200,-0.02255444243088775
40151954201,-0.003231804658417289
40151954300,-0.016410691265790575
40151954202,-0.0018561296152072625
40153953100,0.0053961251398877644
40151954400,0.012708821703737131
40003956000,-0.026381362541480918
40047001604,-0.004771037446895164
40047001603,0.004263182694224461
40047001602,-0.0006391716456500985
40047000601,0.016077461346602175
40047000602,0.005435400703313658
40047000702,0.005204077543209635
40047000701,0.008125528668963785
40047000102,0.01126284008467993
40047000200,-0.014336493228688841
40047000101,0.00396380248773912
40047001401,0.009443961375443824
40047001301,-0.010088188013253556
40047001302,-0.008927933408563425
40047001402,-0.010773444455171453
40053956400,-0.07808542424384718
40003955600,0.003697381552949293
40003955700,0.01753443009979638
40071001302,0.008905624822953356
40071000202,0.0023229993124914204
40071000100,-0.01322252292979911
40071000201,-0.009282330180611136
40071000400,-0.01963163770942898
40071000500,-0.00570398702779023
40071000600,-0.0036385422958461664
40071001100,0.0026788344902907322
40071001301,0.007014999668306576
40053956500,-0.03815609703386962
40047001100,-0.02897255597732699
40047001500,-0.016700569205115423
40103957100,0.002608219611167474
40103956600,0.007051717036368121
40103957000,0.0037553412720746364
40103956900,0.001535155922611123
40119011001,-0.03686148004986189
40119010201,-0.07225785442514905
40119010102,-0.06274999309355263
40119010502,-0.044474939484070865
40119010501,-0.09104800779291104
40119010503,-0.1670354612128955
40119010400,-0.017005984303044543
40119010300,-0.009302412572613635
40119010202,-0.004365652167358405
40119010901,-0.0805631510543548
40119010902,-0.06786553435132149
40119010800,-0.08680976100406765
40119010700,-0.05759016538758767
40119011002,0.01353045091741342
40083600600,0.011014694167530594
40083601000,-0.10352290440742787
40083600101,0.009849561421994694
40083600501,-0.02265088399983869
40083600700,-0.010658263132760484
40083600200,-0.04820534649503369
40083600300,-0.07767773203110635
40047001200,-0.006026407386192655
40093955100,0.001416352784251312
40093955300,-0.0019913220842548915
40011958600,0.004635554069510149
40011958900,-0.00624471615843679
40011958800,-0.011006774922940374
40073958200,-0.0034771686388939747
40073958100,-0.007441129864994432
40073958300,0.00880163555077056
40073958400,0.010791066331145235
40017300201,-0.063219624237959
40017300202,0.003551466895490188
40011959000,0.0019527211702265875
40017300100,0.006532638345982256
40015161601,0.012689782452171075
40015161700,0.014223643706449443
40015161602,-0.02037757031811075
40017300701,0.004426379663070061
40017300600,0.005287680133223815
40017300500,0.0023739569172823607
40017300300,0.0069016883853341045
40017300400,0.006941293595142007
40017300702,-0.008332528593344844
40017301408,-0.5572757802796523
40017301409,-0.3402317121579852
40017301407,-0.28063656584700486
40017301301,-0.3173910459645663
40017301010,-0.15800038262185198
40017301011,-0.28177128335350116
40017301410,-0.23032176054354855
40017301406,-0.3910214736738873
40109108603,-0.3608266431117354
40017301012,-0.10114597194936079
40017301013,-0.27368074536100523
40109108604,-0.3239623345806907
40027201700,-0.38486736374838715
40027201801,-0.2733044617727337
40109107212,-0.4885951585770086
40027201903,-0.5185475104981145
40027201902,-0.43095365638077654
40027201904,-0.41214166828395093
40109107224,-0.5878993452645805
40109107206,-0.3679069687099629
40109107207,-0.36393163053385963
40027202006,-0.49243254606559
40027201802,-0.39110910748492383
40027201609,-0.21725218820639858
40027201612,-0.3900618824616063
40027201603,-0.03377371178479669
40027201602,-0.15158241644755088
40027202005,-0.14626013326759715
40027202004,0.005741691315751552
40027202102,-0.02037619118685162
40027202106,0.0027468324229883204
40027202107,-0.10486722932247207
40027202008,-0.10816878986890806
40027202007,-0.24055224212830212
40027202002,-0.4353776369231624
40109107302,-0.49083249630662323
40109105400,-0.6310165686806675
40109107306,-0.38962900374221493
40109107303,-0.4597724258415342
40109107401,-0.3736978936684494
40109107405,-0.37042246579536503
40109107404,-0.409439305653323
40109107809,-0.10106785480395186
40109107801,-0.2548752886479512
40109107807,-0.24664661755052214
40109107808,-0.11455045269712659
40109107804,0.0014069954594521758
40109107810,-0.12117170034852374
40109105300,-0.49893029926363813
40109107305,-0.563815082134505
40109104800,-0.5002306625216777
40109103900,-0.5142204646305236
40109104700,-0.44131541518772166
40109104600,-0.45650873283078197
40109104100,-0.4226478644497144
40109104300,-0.5142411185562284
40109104400,-0.4616986518013158
40109105500,-0.5610364231503069
40109107218,-0.4616675220524823
40109105000,-0.5087331394179266
40109104500,-0.5105917218185454
40109104900,-0.4617620975698204
40109107223,-0.5816594093614426
40109107219,-0.47866312771739616
40109107225,-0.5801622979589848
40109107226,-0.4172422164083876
40109107222,-0.4462991016123162
40109107220,-0.4552632610714582
40109107221,-0.39082591380413895
40109107214,-0.434548119490444
40109107216,-0.46598074089609487
40109107217,-0.47521873377972135
40109107104,-0.5700776998065591
40109107103,-0.5287919935194878
40109107215,-0.42947413790458244
40109107213,-0.44310975808406616
40109107101,-0.8319482278297792
40109107001,-0.597443205323236
40109104200,-0.6103607675530134
40109105600,-0.5697279570137036
40109107002,-0.4958329446835116
40109102200,-0.5497858934586186
40109105907,-0.4670734250057342
40109106916,-0.4333776809582726
40109105906,-0.44470838721729505
40109105905,-0.4469662150935964
40109106906,-0.4465352806390205
40109106602,-0.4015718817851147
40109105903,-0.3835317799287445
40109105904,-0.437817046277796
40109106601,-0.41372308610698416
40109100900,-0.4841718741987211
40109102100,-0.447778061829769
40109102000,-0.4308155178374801
40109101900,-0.30151014966849515
40109101000,-0.23811616484067125
40109100201,-0.3993420526723817
40109100203,-0.4075034996091665
40109100202,-0.38319148830184396
40109100800,-0.3517362826370397
40109100300,-0.3597747937954611
40109109300,-0.3737062441496916
40109101200,-0.2928147258950284
40109101100,-0.41849788231112983
40109101800,-0.2251135518247232
40109109400,-0.20608375014401092
40109980006,-0.9249257397571514
40109102500,-0.36641013104504944
40109103200,-0.3540055336082477
40109102400,-0.31936414936225593
40109102300,-0.4479024653835256
40109103300,-0.4347245487884555
40109109800,-0.4737442371419671
40109110000,-0.47559130842176245
40109109900,-0.4585909354190735
40109980007,-0.5274321101995184
40109980009,0.11305606851565775
40109109700,-0.5622896386204429
40109109600,-0.38271326202765604
40109980008,-0.4454967851802292
40109980005,-0.6679589189648937
40109109500,-0.46887541123813414
40109107805,-0.08020564258410727
40109107806,-0.19186280111050608
40109107900,-0.6109125163942795
40109105202,-0.24410777706918513
40109105201,-0.301684407726231
40109101300,-0.4687548175055933
40109101400,-0.3225777603420696
40109100400,-0.27805850602530946
40109101500,-0.2947559578916052
40109100500,-0.27814964806290493
40109105101,-0.3339306949820209
40109106200,-0.39464275287624273
40109106100,-0.34078691259791666
40109106000,-0.7330665542979673
40109108301,-0.45431678075461235
40109106302,-0.24313996434932902
40109108309,-0.21609500337160745
40109108404,-0.21380131759335286
40109106303,-0.324126488712367
40109106403,-0.29502190230841807
40109106301,-0.235405145075069
40109100100,-0.42059497308940624
40109980003,-0.24984266913681022
40109106503,-0.34867754220604874
40109106502,-0.3368517380140378
40109106501,-0.2215097326491575
40109106401,-0.17597224362668937
40109106402,-0.2656865873298748
40109106609,-0.3428766724917511
40109106611,-0.2830699464986465
40109980002,-0.5716243290296686
40109106610,-0.2930614886734438
40109106606,-0.41490559978028024
40109106607,-0.40631333955174936
40109106608,-0.33589326157112714
40109108508,-0.2651303370674966
40109108507,-0.23358473766257337
40109108403,-0.293017629621519
40109108402,-0.2614961574861827
40109108514,-0.18029242557923833
40109108521,-0.16077502947269467
40109108515,-0.28903621832880877
40109108513,-0.278493940033135
40109108525,-0.26925334865415973
40109108526,-0.20941017062712644
40109106708,-0.2673866218146429
40109106704,-0.5094241755094414
40109106709,-0.27518682780659914
40109106710,-0.1789173340352161
40109106705,-0.35015660708827306
40109106706,-0.4229648376149164
40109106702,-0.49650548920559895
40109106804,-0.4858524096255919
40109106803,-0.38663996728073946
40109106802,-0.48475973047300386
40109106801,-0.42630537696578147
40109106910,-0.3364940839153238
40109106914,-0.36828603765963924
40109106902,-0.4049225197938191
40109106907,-0.4922133402888947
40109106917,-0.3119476540907533
40109106913,-0.35600034376177203
40109106909,-0.49979754058296727
40109106912,-0.36049417074173096
40017301006,-0.42107936866953116
40017301001,-0.4404230058858435
40017300904,-0.3467861665574031
40109106911,-0.5712923179941883
40109106903,-0.4236514774854152
40017300902,-0.01963204723915983
40017301100,-0.110075190972734
40017300905,-0.21654242227891168
40017301015,-0.12709030845830907
40017301014,-0.2596350626312976
40017301003,-0.2655014950052831
40017301302,-0.2641950187657518
40017301202,-0.07178880574690794
40017301201,0.007549084729233435
40017300901,-0.18641981091301602
40017300806,-0.13650126308764246
40017300804,-0.09411762691968092
40017300803,-0.32162129689994484
40017300805,-0.11108554934662837
40017300802,-0.09508683869898897
40109108524,-0.11557823696064187
40109108523,-0.1766460320255319
40109108530,-0.15948365106954537
40109108529,-0.14226201122164514
40109108536,-0.11925595881591187
40109108538,-0.07352708588370656
40109108527,-0.12268967433362604
40109108528,-0.11404707715752369
40109108534,-0.09869728262149784
40109108535,-0.04855938253815954
40109108532,-0.062481871019904274
40109108533,-0.05254998874380031
40109108222,-0.10287818183291858
40083600802,0.010228322837649878
40083600402,0.013637913096290616
40083600903,-0.004218388977771012
40083600401,0.007964312786982362
40083600801,0.008730540310406555
40109108223,0.016564722111077332
40109108106,0.011155452470232531
40109108107,-0.006064690287319882
40109108114,-0.006351526406321085
40109108113,-0.0014720162549137121
40109108203,-0.02246321109668505
40109108208,-0.0007249048008828511
40109108207,0.005040527561877026
40109108201,-0.02157337213858693
40109108204,-0.020760670221245912
40109108217,0.0037874206340679445
40109108216,0.008386693696481715
40109108229,-0.0019768929734155704
40109108224,0.001484080877859459
40109108230,-0.008550657819122849
40109108232,0.00013358486520046627
40109108231,0.009926185697403438
40109108228,-0.05876271285706891
40109108225,-0.22184082607864128
40109108227,-0.2000963918374527
40109108226,-0.048629305539613976
40109108531,-0.03284334187441054
40109108235,-0.06725161636869557
40109108237,-0.11698459365768105
40109108236,-0.14249345300240074
40109108233,-0.0451662134110903
40109108234,-0.11246187654105969
40109108215,-0.15541893098559745
40109108238,-0.16709850431734483
40109108323,-0.16604491231262491
40109108326,-0.035600920753697585
40109108325,-0.07584379732402995
40109108324,-0.05845386405151036
40109108322,-0.06930660662738021
40109108321,-0.11457668691239022
40109108520,-0.10325846730299673
40109980004,-0.2704656681055967
40109108537,-0.17577380227471767
40109108506,-0.1955937898565648
40109108307,-0.24697628128056667
40109108310,-0.1326806723322674
40109108314,-0.08134375058787312
40109108302,-0.23582480517498078
40109108318,-0.10296638838581516
40109108317,-0.0813087907956501
40109108304,-0.010135494598311916
40109108319,-0.2773755909698675
40109108320,-0.3543898425810496
40109108109,-0.14688029942801276
40109108110,-0.4241107277938624
40109108101,-0.5379264855103647
40109109205,-0.28636261042940164
40109108900,-0.6923519728625978
40109109203,0.004341945561138871
40109109204,0.006652582233679349
40083600502,0.005264399089265245
40109109202,-0.31344528721863946
40109109001,-0.2438150934439254
40109109003,0.0045750838750607216
40109109004,0.006124215380013415
40109108804,-0.5699269143044703
40109108005,-0.2529164083358422
40109108803,-1.0008482468900226
40109108010,0.004721796476975831
40109108003,-0.06393550409336135
40109108011,0.012502166579169548
40109108008,0.005995880753640022
40109108007,0.0001335848652004663
40109108006,-0.003028721501343637
40109107705,0.0025561746292751195
40109107707,-0.03763874665138178
40109107706,-0.032835538752051835
40109107703,-0.006952186042783246
40109108009,0.003930992541811532
40109108807,0.0012023373222176223
40109108706,0.003545867769438403
40109108806,0.0019865051169218758
40109108805,-0.0265239367347703
40109108802,-0.034617297879805414
40109108711,-0.04450188966590953
40109108712,-0.8547869114825327
40109108713,-0.7910811512933191
40109108710,-0.03439498727268122
40109108707,-0.09731334239602644
40109107608,-0.06442650907216524
40109107605,-0.06499214704148305
40109107704,0.0001335848652004663
40109107601,-0.07227587486471618
40109107604,-0.03363743693319333
40109980001,-0.4527531539460326
40109107406,-0.3281993670455954
40109107407,-0.950463329952153
40109108701,-0.7483425383897118
40027202301,-0.6290431888273266
40027202302,-0.8033408457869783
40109108708,-0.029579752735998333
40109108709,-0.443370628600514
40125501005,-0.01509240140835973
40125501006,0.008118680741397138
40125500800,0.0051524809756687915
40125500700,0.007116957784270899
40125500600,-0.000999114350320441
40125500500,0.0060559835521560275
40125500400,0.0009364056459303147
40125500301,-0.003342701997283605
40125500901,0.003614559441616547
40125500902,0.006960829908171461
40081961500,0.007052189440596683
40081961401,0.023182182152263232
40081961402,0.01610119842545037
40081961300,-0.0017131370667009041
40081961700,0.011578425326511621
40081961100,0.008408762198214893
40081961600,0.014809962723517972
40037021000,0.00875471168420363
40037021101,0.015056395742221916
40107080700,0.024057101224042466
40107081000,0.005411317851997342
40107080900,0.010630011859513046
40107080600,0.02377239259581686
40111000901,-0.007434587499147355
40111000902,-0.010647383526683329
40091779900,0.019867254505082872
40091779601,0.030926992612576202
40111000800,0.0010301110945601017
40111000100,-0.03957968701058127
40111000700,-0.008311742139914976
40101001600,-0.01787387985961852
40111000601,0.002640562504373808
40111000602,0.0012069757369457435
40111000200,-0.007437245237458133
40111000400,-0.0004872651461708504
40111000300,-0.003418452945775955
40111000500,-6.225016696022393e-05
40037021102,0.012961974294274226
40037020604,0.020437387319304275
40037020707,0.01661694903790293
40037021202,0.0020252991918221636
40037020602,0.008938833150590313
40037021600,-0.00327876315878315
40037021401,0.0007018175973373319
40037021402,0.005770395994593359
40037021300,-0.0005262270811878611
40037021201,0.0018125212005179563
40037020101,0.0009784535198673861
40037020102,0.009515276305339576
40037020103,-0.0009726824110826941
40143006712,-0.3723923590337254
40143006713,-0.14558308234355471
40143006701,-0.1053834230763909
40143006711,-0.09094138610350562
40143007642,-0.17410450168340097
40143007608,0.0001139450323199554
40143006801,-0.0035999962129917157
40143006804,-0.012144079586732357
40143007644,0.0010588866399037031
40143007643,-0.0019377472572826096
40143006803,-0.017188895737442124
40143008700,-0.027750322076028736
40143007611,0.00011394503231995545
40143007641,-0.09815349180254021
40143007612,-0.0850876006397263
40143007650,-0.09652855880521694
40143006703,-0.11412332608287502
40143006710,-0.06105489880669857
40143006709,-0.04114484877278038
40143007707,-0.023600506948570462
40143007706,0.0036601443607130646
40143007703,-0.051165942693076116
40143007705,-0.061884436031244286
40143007704,-0.05420430732740106
40037020603,0.00985358656153131
40037021500,-0.0010408657194462552
40143007803,-0.027470609977796025
40143007533,-0.04062631102499476
40143007801,-0.07132970800726952
40143007534,-0.04570965266072104
40143007804,-0.0010515723762023845
40145030604,-0.0970781021180319
40145030605,-0.028960726299882437
40145030601,-0.03135525445247041
40145030511,-0.0504933302646351
40145030603,-0.05104415776559252
40145030505,0.006192784887602485
40145030509,0.02432718529099711
40145030512,0.004642142879571319
40145030510,-0.014866099040198219
40145030508,0.016498638443036628
40145030502,-0.01834982914368199
40145030506,-0.0748439208005638
40145030507,0.0022714061350411815
40143009021,0.004385364619055402
40143007416,0.01401836690223755
40143007408,-0.1150148399675557
40143007402,-0.06130589504352526
40143007415,-0.029897372204124806
40143007414,-0.00897086356576463
40143007417,-0.12503594866685092
40143009020,-0.015558565188220606
40143009019,-0.007970825470553748
40143007409,-0.005673335193692306
40143007412,0.0008186525642398814
40143007413,-0.0011761769868405064
40143007519,0.000793119709811514
40143007518,0.005384413045098282
40143007530,-0.03484773963406753
40143007529,0.002448759784476529
40143007507,0.0006798872165772348
40143007525,-0.008445054363042893
40143007510,0.0028927756479111555
40143007503,-0.007803701062256774
40143007526,-0.003837796605521673
40143007511,-0.029333435776566972
40143007512,-0.0016441282917437244
40143007522,-0.010871670028455788
40143007535,-0.00266303361366369
40143007536,-0.04071442574229998
40143007523,-0.01196338105252068
40143007532,-0.017176246792109627
40143007531,-0.020159892926726958
40143007652,-0.0019677869907396396
40143007636,-0.005159551696075203
40143007651,0.004744125321364384
40143007520,0.003597035416769114
40143007655,-0.002443139961303222
40143007656,-0.011087559024540844
40143006708,-0.002359544399785983
40143007638,-0.001972576081541326
40143007653,0.0010134172049152494
40143007654,0.004089546042505743
40143007634,-0.019683180096006166
40143007649,-0.007716244382292774
40143007631,-0.002058435952991484
40143007632,0.00831832045014689
40143007647,-0.000672823832611408
40143007633,0.006695673159332694
40143007629,0.004065739154940668
40143007630,-0.005811936310527432
40143007528,-0.028836641390085772
40143007645,0.0037285771079794985
40143007527,0.005522474853722897
40143007639,-0.0004672530715911843
40143007619,0.00011394503231995546
40143007646,0.00011394503231995549
40143007411,-0.019671419615783437
40143007410,-0.026987049822976186
40143006907,0.002080127973425085
40143007617,-0.02890318212517772
40143007616,-0.0026530826121751658
40143006903,-0.000451599063616627
40143006902,0.0022812765535831147
40143007615,0.001699582384072545
40143007648,-0.0029828283594200956
40143007614,0.00945282505741287
40143007613,0.0018186455751031437
40143006901,-0.003554372074092691
40143005200,-0.008379990044912178
40143004000,-0.26542653353733703
40143007000,-0.06697390802726312
40143008600,-0.009657148477601256
40143006905,-0.003124346983988899
40143006906,0.02205545245415032
40143009012,-0.01130956669262388
40143009011,-0.005539754086517809
40143008502,-0.023144521047246586
40143008400,-0.01708603258828508
40143008501,-0.07192370786726887
40143007313,-0.015542877958492036
40143007314,-0.0194537921789753
40143007304,-0.02970383181261138
40143007102,-0.0330954058002902
40143007101,-0.022866845480429374
40143003800,-0.02388484237496214
40143005300,-0.0321808639991151
40143003900,-0.051119845820797497
40143003700,-0.016038885802834583
40143001900,-0.04679239094934975
40143001800,-0.06212864441966772
40143001700,-0.04468416880570907
40143001600,-0.020143799584267773
40143001500,-0.010626158310555519
40143000300,-0.001166375466573855
40143011300,-0.08106682184477101
40143006000,-0.01686991937979566
40143008200,-0.02275399327954364
40143008300,-0.08452089511920736
40143007200,-0.007128000811061916
40143008900,-0.013142611970168538
40143007309,-0.0008973656970051022
40143007311,-0.03997663850440327
40131050407,-0.023486406946579892
40143007308,-0.0519904512018817
40143007310,-0.006654687178478944
40143007306,-0.049720714999905165
40143007312,-0.05060775215628006
40143009014,-0.013361687485556478
40143009010,-0.0008932820998053737
40143009006,-0.022094228819319044
40143009008,-0.005795811261593187
40143009017,0.008757803274570737
40143009016,0.005382821530328273
40143009018,0.0051910769790354675
40143009013,-0.18730093488266983
40143009015,0.0007342053568759902
40145030406,-0.028396570193519974
40145030408,-0.008979066208506015
40145030407,-0.09413080332883637
40145030403,-0.16990681351682177
40145030402,0.005825018134740509
40131050409,-0.060821193951340294
40131050408,-0.09379086717165633
40131050602,-0.08334545477708247
40131050603,-0.04468687416955722
40131050101,-0.00885765581526261
40131050104,-0.02131133040004376
40131050202,0.0031858821021124254
40131050203,0.001050398405495424
40131050103,0.003968980087067225
40131050105,-0.007468765838146131
40131050601,-0.019584227482581127
40131050405,-0.0152543755057177
40143005810,-0.021696521070119486
40143005811,-0.09609801596852713
40143005809,-0.047531565629957855
40143005812,0.00011394503231995545
40131050404,-0.01610513964434892
40131050406,-0.05074187718901271
40143005900,-0.16152781702872593
40143005813,-0.029612427313201302
40143005805,-0.057210867092000704
40143005801,-0.04326566977750879
40143005808,-0.10060415966945388
40143005600,-0.022654068445473075
40113940005,-0.029862142500588943
40143009101,-0.03500597196211276
40143009104,-0.059411997523951134
40143005700,-0.005254634316684548
40143007900,-0.003914699041868231
40143008002,-0.0013637561278402827
40143008001,-0.011997286227843552
40143000200,-0.022455791674788946
40143000400,0.0017269308490026236
40143000500,0.005498433721252625
40143011400,-0.006422044521100297
40143006200,-0.003972893457409933
40143000800,-0.017686878270260196
40143000900,-0.013289299729388982
40113940006,-0.03200511421896136
40143003000,-0.20402200609724552
40143002700,-0.16628234189614943
40143002500,-0.2627328403238495
40143001000,-0.01356797967887982
40143001200,-0.06380324431359458
40143001300,-0.12551384799028312
40143001400,-0.08923308171576712
40143002000,-0.11498413050535038
40143002301,-0.38612236354944957
40143002100,-0.18178628492620102
40143003500,-0.0472254278930428
40143003600,-0.052906059010015015
40143003300,-0.1262461564498196
40143003400,-0.2049267558442191
40143003200,-0.0648335665742976
40143004500,-0.01486781698269286
40143004301,-0.0062621819069766885
40143004200,-0.005467493255836491
40143004101,-0.012381976496534391
40143004302,0.003962842076056325
40143005100,0.005268006569160365
40143005002,-0.0058485832748359475
40143005001,0.0054150914930492676
40143004400,-0.001477430452460153
40143004900,-0.275637215868024
40143004700,-0.05787167659514875
40143004800,-0.07574551536331574
40143004600,-0.1457726493242243
40143003100,-0.10708929318800058
40143008800,-0.11502017687663478
40143006600,-0.08697207797456699
40143006507,-0.013298911251830227
40143009403,-0.013366497398000936
40143006506,-0.013078632179455783
40143009200,-0.06015272680685939
40143002900,-0.1491169533703404
40143009300,-0.04846525295459532
40143009401,-0.03807596313171265
40143009404,-0.09612374474024374
40143009500,-0.04086313388681488
40113940007,0.015741531813394063
40117957200,0.0041893793716421225
40117957100,0.006526832464091523
40117957300,-0.004053728816905693
40037020704,-0.007713178216815472
40037020705,0.024403968879298587
40037020706,0.02573476232456921
40037020900,0.007961866180671847
40037020702,0.014437989062100962
40037020800,0.020770462950032494
40119011400,0.01683706338151562
40119011302,0.0017304770444441211
40119011301,0.010198013520914258
40081961200,0.012072450017975609
40119011104,0.0016203011691819
40119011103,0.008181678240523542
40119010600,-0.03754153875717215
40119010101,-0.060760222132193654
40119011101,-0.018529076378940287
40119011200,0.016345044038492032
40117957500,-0.0009804620010830068
40113940003,0.01063789660984547
40117957400,0.0023227466885402223
40113940001,0.00022081248629326843
40113940012,0.014566034787043321
40113940013,-0.002156946130851016
40071000300,0.003080160551384015
40071001200,-0.003929795449634953
40113940011,0.0221826740993905
40147001000,0.005267386000509407
40105172100,0.012875092058078932
40105172200,0.009697011772930031
40105172300,0.012963549207565992
40105172400,0.010517233429216658
40147000602,0.004856800665431918
40147001200,0.0010206215848443017
40147000601,0.003470973518352698
40147000400,0.001308368258399814
40147000500,0.000784975103476483
40147001100,0.0032762841996037454
40147000100,0.001210977197292606
40147000200,-0.01424509418797055
40147000300,-0.022003137046436548
40147000700,0.0027034642498696628
40147000900,0.002426769886893309
40147000800,-0.00025778904906239084
40113940004,0.006287360043315273
40113940008,0.003810613612900248
40113940009,-0.015212818429759084
40143005500,-0.036215330853408764
40113940015,-0.010971872672316389
40113940014,-0.016946668879769117
40143005401,-0.06641966895435997
40143005403,-0.01064624701439222
40143005404,-0.03910473789156989
40147001300,0.00557984124172763
40131050802,0.004872185148411949
40131050301,0.006493307510389404
40131050801,-0.008109310663302949
40131050403,-0.02283930200913992
40131050304,-0.00917739366680244
40131050303,0.00418684175360747
40131050302,0.005939112655943492
40131050702,0.0008680354523156077
40131050701,0.0013380252088548786
40097040801,0.014855486660268112
40097040802,0.019916015606626373
40097040700,0.018788461584087292
40041375901,0.081013684014439
40041375902,0.23260328664992594
40041375804,0.045559823886126505
40035373400,0.003308818964531939
40035373300,0.003932480516878067
40035373500,-0.0017452450017639374
40041375803,-0.009371079507464812
40041375805,0.07175104165558713
40115574800,0.016144702649531644
40035373200,0.0012608321518462985
40035373100,0.007726144187712742
20021958200,3.2178195814103304e-05
40115574200,0.01887015857601686
40115574500,0.06112749026779113
40115574400,0.010151739783251634
40115574300,0.0313047572307096
40115574700,0.011756952544688094
40115574600,0.020499883312016756
40115574100,0.016521383071129107
20021958600,3.2178195814103304e-05
20021958400,3.21781958141033e-05
29145020700,0.02125265911511901
40115574900,0.01661138299835009
40041375806,0.11127008184795338
40041375701,0.0854072738235744
40041375702,0.02191915251082341
40041375602,0.07569490498514231
29119070200,0.025775209574188784
29119070300,-0.013402411339763007
40041375601,0.0815352945855193
40041376000,0.0075674715715525675
05007021001,0.022697599496318097
05007021313,-0.011988168172872831
05143011002,3.217819581410329e-05
05143010513,-0.001995438655638913
40001376700,0.016351577457673398
40001376600,0.012288015636551347
05007021202,-0.005749610668126301
05007021102,-0.005517181812714339
05007021101,-0.04558165071363119
05007021201,-0.026740269469667226
05007021004,-0.042486007247804575
05007021003,0.012251942810050305
40041976200,0.0043784883773938296
40041376100,0.013740733399093092
40097040501,0.010366912404810512
40097040502,0.012592522000548603
40097040600,0.03159200558768496
40097040300,0.0008369315834238384
40097040200,0.0018782048918458477
40097040100,0.0007091045182453255
40131050604,0.0017804995669389375
40131050201,-0.002402021441971113
40131050501,0.0022257890338610174
40131050502,0.00013358486520046622
40097040400,-0.004209716982455866
40145030201,0.03167876987683846
40145030101,0.0019030054651158431
40145030800,-0.0062530123847569525
40145030300,-0.0018004750414050575
40145030798,-0.01307220107115994
40145030202,0.015562797959625882
40145030102,0.001734874736746218
40021977701,0.04463408728548451
40021977801,0.022757083490303233
40021977702,0.03244904855303646
40021977600,0.016006695741102354
40021978201,0.021572507975457574
40021977901,0.016066679754203825
40021977902,-0.02376558468125802
40021977802,0.007486695273782284
40021978000,-0.009628188256052399
40021978100,0.0035462787531559225
40021978301,0.043950009910295976
40021978202,0.045751949833761414
40135030201,0.04525735349972487
40021978302,0.029106978928221706
40101001401,-0.01848171932836389
40101001301,0.010801017506888909
40101000802,0.00011394503231995549
40101000801,0.004661930195868024
40101000901,0.00445295413627853
40101000300,-0.003847315752295488
40101000902,0.0009614975152145075
40101000700,0.0028929855506180996
40101000400,-0.0005699895473228288
40101000200,0.0062215290061312075
40101001200,0.0018093408049157159
40101000100,0.0034140228540978433
40101001000,0.0019415789681714193
40101001100,0.013934490735786863
40101001302,0.012205622763745745
40101000600,0.0028505337979108504
40101001402,0.007912304794487133
40091779700,-0.0861263795213738
40091779602,-0.0015606946682232303
40091780302,0.05260642733486449
40101001502,0.01434027464452494
40061279200,0.017535626961283832
40101001501,0.01873024388440275
40135030202,0.011428348589003585
40135030401,0.008642521316875165
40135030404,0.001956527122318718
40135030106,-0.06204793359569026
40135030103,-0.049970746804312634
40135030403,0.012885355262042774
40135030105,0.011092916246045137
40135030101,0.007081895166166624
40135030304,0.00029011971751169885
40135030303,-0.00908762682804999
40135030301,-0.002838082676878508
40001376800,0.021388339745827246
40001376900,0.016437384991742035
40001377000,0.014014822368191083
05033020205,-0.0035015161122296345
05143011004,0.005317533602772609
05033020207,0.03563404526197353
05033020302,-0.049886204549199384
40079040198,-0.018459118484021275
40079040102,0.007127693221197493
40079040303,0.009133488717017215
40079040299,0.008844877783296727
40079040301,-0.012694189843813321
40079040401,-0.004180601568866341
40079040302,0.001882133478270482
40079040402,-0.010773979644170711
40079040602,0.012234357840698878
40079040601,0.011577867665816694
40089098200,-0.07378573524886996
40079040700,0.0016290544784178047
40127097600,-0.03281431607561105
40127097800,-0.03621303322515481
40077087300,0.014290333456628475
40121485700,0.0026905903988302853
40077087200,0.008004471957055713
40077087100,0.008254881018366038
40079040500,0.009167009188738928
40061279400,0.01655760541096375
40061279100,0.010643130079057418
40061279300,0.013178800361716805
40121485602,0.04053930917081881
40121485601,0.043070068652245524
40091780301,0.09943593464123515
40091780200,0.030705144261032734
40091780100,0.03327608002132299
40121485800,0.017678541391999137
40121486000,0.0043854836136774916
40121486500,0.0009947751548161094
40121486100,0.0012400798185568818
40121486300,0.01348021282235635
40121486400,0.0009582102459732497
40121486600,-0.014548097260146232
40121486200,-0.00037405999020139125
40121485900,-0.03391047160541529
40063485000,-0.004672848519600281
40063484700,0.0050007122317626464
40063484600,0.01967524816663772
40063484900,0.018850427300552905
40063484800,0.013806155097934208
40133583600,0.011508944791094147
40133583500,0.00159998268285443
40133583300,-0.0062577222364424145
40133583100,0.0192772985572391
40133583200,0.007324006946155176
40133583400,0.002682517468273117
40125501105,-0.03835140989322486
40125500302,-0.0011033940339457654
40125500200,-0.003105405461929362
40125501101,-0.027640864830522638
40125501004,-0.003525619090220129
40125501104,-0.04740591059082063
40125501201,0.01017853844553508
40133583700,0.013863066894460463
40133583800,0.009537995482435032
40125501300,0.009120254595396221
40123088600,0.0030443716350499654
40133583900,0.009796980437681733
40029388200,-0.07499050526038424
40123088700,-0.01815944244596032
40123089300,0.0029864690259139557
40123088801,0.006321463672720737
40123088802,0.0022815867940238106
40123088900,0.003185018631137466
40123089200,-0.015211879785838413
40123089100,-0.0003084721817724285
40123089000,0.0029622335171452653
40123089598,0.0034398026902678755
40049681100,0.006848105317088181
40123089600,-0.005416851427668962
40099790802,-0.004792332426997939
40099790600,-0.008371151993849852
40099790801,-0.005260466306570695
40069660300,0.006255145883594889
40069660202,0.005542451027488848
40005587700,-0.06881402902159105
40029388100,-0.0931738817406756
40121486800,-0.012124773445714792
40121486700,0.0032463855418245545
40005587600,-0.09947575348743365
40127097702,-0.04285324912827131
40127097701,-0.028069029926746866
40023967300,-0.35976148102391475
40013795600,-0.09562105858177344
40013795700,-0.022083792970677023
40005587900,-0.05283410309848019
40005587800,-0.07243823353223852
40013796003,0.007352955019556221
40069660198,-0.007806778452821791
40069660201,0.00246270099215311
40019892700,4.131749154884308e-05
40095094700,0.006011566711505108
40095094698,0.011653104835155916
48181000304,-0.022570535992400616
40095094804,0.00011394503231995546
40095094803,0.027048092766918986
48181000306,-0.004531648078128528
40013796600,5.2399886245281275e-05
40095094806,0.05745304532315123
40095094805,0.021283306654729738
40013796004,0.047434193417460795
40013796102,0.004705841457234197
40013796101,0.0059526925709971305
40013796500,0.002485124173813722
40013796300,-0.00523085469135214
40013796200,-0.0009748045132097264
40013796400,-0.0013962195958538773
40013796002,0.005097553845607034
40013795900,-0.13776675817067807
48181000200,-0.076368094490653
48181000101,-0.047982252100002724
48181000903,-0.19520242494231407
48181000904,-0.03329425436518499
48181000901,-0.039009376881721305
48181000600,-0.025564690149077904
48181000700,-0.025066499937356962
48181000502,-0.038048150206282806
48181000800,-0.04468680527834674
48181000400,-0.060702681446958354
48181000501,-0.040278133212300594
48181000302,-0.026802461582033844
48181000305,-0.0014046749914990084
48181001104,-0.05687269338425626
48181001101,-0.09931827343202672
48147950300,-0.14998058431381775
48147950800,-0.037710876030528355
48147950100,-0.01128561089397964
48277000102,-0.0418862531273999
48277000700,0.0051047724759257455
48387950100,-0.040956656849839776
48387950502,0.0125125480799456
48387950700,-0.07866901906847085
48277000302,-0.031864747633140726
48277000600,0.012818169189658415
48277000500,0.030337962660051385
48277000402,0.011245450387750641
48277000101,-0.024278276814742726
40023966900,-0.24830661144505276
40023967200,-0.045492359312770514
40023967000,-0.1447150320142486
40023967100,-0.02751272640549826
40089098300,-0.007636637897045233
40089098400,-0.026497953271185457
40089098700,0.004743992941743284
40089098800,0.013018224052455047
40089098600,0.008969002399637317
40089098501,0.010549278602353619
40089098502,-0.011913252248496594
40089098900,0.014979676373001623
48037011602,0.00013358486520046622
48427950701,-1.0214014791518038
48427950203,-0.4309132570363813
48427950702,-0.5026675216931109
48427950204,-0.9109467539804689
48427950202,-1.0283327209743758
48505950401,-0.5021801429232332
48505950305,-0.3553652840488521
48505950304,-0.019782419954601702
48505950303,-0.0880870384593222
48505950306,-0.03166316608937452
48505950402,-0.6061071507432232
48479001813,-0.5353668720118478
48479001818,-1.190473488788581
48479001828,-0.647766156869282
48479001827,-1.6149361152032775
48479001819,-0.5273339693713182
48479001809,-0.4666347310382264
48479001820,-0.5254132806161231
48479001822,-0.4418403650269417
48479000109,-0.6697605745267418
48479000108,-0.48825323395881515
48479000107,-0.5555018163375739
48479001823,-0.4809840819783251
48479001806,-0.6681279011006462
48479001821,-0.446674528984526
48479001824,-0.42871159845976
48479001810,-0.7299915473963288
48479001826,-0.8334428415857431
48479001816,-0.5903856241243983
48479001825,-0.5116625217351272
48479001003,-0.4579028247062075
48479001811,-0.5274189558094785
48479000106,-0.5305024180500956
48479000105,-0.5742538680059179
48479000101,-0.5874762440003123
48479001004,-0.5473482722103657
48479000901,-0.4786472444307111
48479001101,-0.47378998414149986
48479001104,-0.475751999167756
48479001001,-0.47141204667951625
48479001105,-0.48158097465937044
48479001103,-0.5191601387728986
48479001601,-0.64412572588976
48479001502,-0.4449695160988359
48479001719,-0.3023528632636903
48479001602,-0.37592568424320116
48479980000,-1.8669776201913164
48479001714,-0.4956407257644441
48479001725,-0.06303703847597916
48479001722,-0.2799981095944475
48479001721,-0.38888278445852803
48479001723,-0.1918372049099275
48479001726,-0.12745088384031653
48479001727,-0.11363439801114386
48479001815,-0.048494136368682966
48479001710,-0.6020673225523357
48479001711,-0.46431142205991716
48479001716,-0.48987570936855207
48479001715,-0.48186142278453936
48479001724,-0.40683875533928276
48479001720,-0.45671798798485225
48479001709,-0.4426596795991037
48479001717,-0.8801854378629599
48479001718,-0.39945951412445024
48479001706,-0.4543695363200588
48479001501,-0.5376110992235987
48479000903,-0.4376753736581048
48479000904,-0.47593368257568075
48479000800,-0.478527887630296
48479001202,-0.4270685741902122
48479001201,-0.4659747848724779
48479001300,-0.452883860380558
48479000700,-0.43421991334685683
48479000601,-0.5236238551254213
48479000602,-0.7155426521352427
48479001402,-0.5669009534862414
48479001401,-0.5701306357518877
48479001900,-0.7004480027348536
48479000300,-0.4305519662281234
48479000200,-2.305866136718441
48323950400,-0.5472588889550853
48323950302,-0.5064462170504849
48323950601,-0.6330499528132498
48323950602,-0.6736181096596185
48323950208,-0.760827094775553
48323950204,-0.9024765201867283
48323950209,-0.7694083766261746
48323950206,-0.5539351258888496
48323950500,-0.7558524554290784
48323950301,-0.5517126461715878
48323950702,-1.8240705831600985
48323950701,-0.6165733243649627
48323950207,-0.9677089563918613
48127950202,-0.03802757656644226
48127950400,-0.006265479920985934
48283950302,-0.028320912491457306
48283950301,-0.02670524023805479
48163950302,0.0014809113994695838
48163950102,0.011558135329113624
48163950101,0.021053531276175406
48163950201,0.018782969531177165
48163950301,-0.005522537470423687
48507950100,0.02267288506048446
48507950302,0.0012385095805193685
48127950201,0.004869986330727158
48507950301,0.006929021703477391
48507950200,0.0014920944632657357
48463950500,-0.0035873429084442815
48463950400,-0.0045087949066340855
48463950300,-0.004477073556223651
48463950201,0.005213936446909102
48463950100,0.008076208305128672
48463950202,0.000997726715700703
48163950202,0.01653286545357372
48325000801,0.015193051103482192
48325000500,0.059353436065715026
48325000301,0.10461165148780709
48325000302,0.017957332530352296
48325000200,0.018379095023584358
48019000200,-5.0978455077180534e-05
48019000301,0.10639948138570644
48019000103,0.012898036284386717
48019000101,0.0574892645046342
48265960800,0.017854434329551725
48265960601,-0.058940640414260045
48265960700,-0.018192808796729642
48265960401,0.001796854131295183
48265960403,-0.0031581568125237103
48265960301,0.0007247411777557577
48385950100,-0.005171396231295632
48137950300,-0.028853541627432512
48271950100,-0.2249101315153506
48465950502,0.002083529350024984
48465950501,-0.4957415313006874
48465950701,-0.0252606591042641
48465950400,0.002116419084358145
48465950601,-0.006300775171359691
48465950602,-0.004377664775929837
48465950301,-0.010117791090004711
48465980000,-0.07455136074739253
48465950302,-0.013733000433743451
48465950702,-0.4920147434487259
48465950203,-0.013933185872164166
48465950202,-0.0010357635001290613
48465950801,-0.5386042387629278
48465950802,-0.16423350124465477
48371950100,-0.06162452241702994
48443950100,0.04321368015954019
48105950100,-0.019893450443278945
48461950100,0.007225752781617439
48383950100,0.00975190596595684
48173950100,-0.0007851300159012285
48329010129,0.0033081825584958934
48329010124,0.005917841653924771
48329010123,0.0028766455801908742
48329010128,0.0030716365622848562
48303010423,-0.00900964916801652
48303010422,-0.01351239837936329
48305950400,-0.00699149452742808
48303010601,-0.004268553645609688
48303010514,-0.006476975044485954
48303010512,0.011559040601227118
48303010511,-0.004965150051588417
48303010506,-0.17797325321381274
48303010505,0.0005920111576680345
48303010510,-0.0083990025004003
48303010504,-0.0010263120673012177
48303001908,-0.008308029180439588
48303001904,0.0031111399002128498
48303002102,-0.1255154565595117
48303002103,-0.1598326743128043
48303001907,-0.014007268062708767
48303001906,-0.007428352333328046
48303001905,-0.040690645305841835
48303001602,-0.025422180328204858
48303000503,0.07184134229992199
48303001501,-0.07590185873575607
48303001502,-0.15699190365752125
48303002001,-0.1202488507099769
48303002002,-0.0950905240572434
48303002301,-0.08813760906938313
48303002302,-0.16831638180641328
48303001401,-0.11696003425728257
48303000607,-0.16469131741434315
48303001402,-0.026772037934434223
48303001300,-0.31973803594048555
48303002207,-0.18660115374408032
48303002401,-0.10779099379123987
48303002104,-0.3123303287772038
48303002203,-0.20282682088430684
48303002205,-0.4231146523707668
48303002206,-0.20196225145064087
48303002208,-0.3984998400548724
48303002500,-0.34962736547835715
48303002402,-0.2151055661766647
48303001200,-0.41819185583947754
48303010513,-0.27978958483446575
48303010700,-0.012008481844211686
48303010204,-0.24833482030602624
48303010102,-0.0044342588190232545
48303010101,-0.019910464592085165
48303980000,-3.0
48303010203,-0.4848906389410509
48303000902,-0.3100974413078997
48303001000,-0.32615951020331163
48303000901,-0.5057557917823753
48303000100,-0.5837532805203064
48303000201,-0.28329002010397736
48303000700,-0.40084590346816024
48303000202,-0.23029736292971356
48303000605,-0.03427993193246626
48303000603,-0.1315637260429998
48303000304,-0.23110833774390996
48303000301,-0.13142329740208425
48303000502,0.11308010107057109
48303000501,-0.11455996793173225
48303000303,-0.10109105576272341
48303010201,-0.2263454090062588
48303010302,0.003059526776551956
48303010416,-0.028689068920117126
48303010417,-0.05586660794246156
48303000409,-0.16440777805941487
48303000410,-0.0011351032006402392
48303000411,-0.03150039415560397
48303000403,-0.016366661824822947
48303001601,-0.08015762446363857
48303001806,-0.021082408452518724
48303001805,-0.025300592323987462
48303001710,-0.019478068534166587
48303001709,-0.03683467140587275
48303001711,-0.0148386424150068
48303000402,-0.004103810691114765
48303000408,-0.0060989804579552435
48303000407,5.23998862452813e-05
48303000406,-0.002263687238692181
48303001714,0.012093082055427782
48303001715,-0.024516476081931096
48303001716,-0.00373171124796405
48303001717,-0.005809680058151823
48303001713,-0.010083924260618264
48303001712,-0.006236652076349195
48303001708,-0.034384688081946176
48303001807,-0.058776659255527997
48303001808,-0.0304941412626191
48303001804,-0.020335912224729167
48303010502,0.005875337935609778
48303010410,-0.004501807292605254
48303010409,5.239988624528131e-05
48303010411,0.0011677811375226444
48303010509,-0.006087176468803969
48303010421,-0.0003075968385684734
48303010415,0.003114607603480336
48303010413,0.00013358486520046627
48303010414,-0.0009134806085011603
48303010412,0.0007996375652617292
48303010404,-0.018553240099886275
48303010420,0.001011668582849582
48303010419,-0.0015555743334023707
48303010402,-0.0037154634478656847
48303010418,-0.04034745272906704
48303010301,0.0009818244559879348
48303010202,5.239988624528119e-05
48107950100,0.00947806448488177
48107950200,-0.03917467613279415
48107950300,-0.0733849406918776
48303010602,-0.017527519128677945
48169980000,0.0001139450323199554
48169950101,-0.07223401814643832
48169950102,-0.0343675823401594
48033950100,0.03947449033167398
48305950600,0.00048551921070405534
48305950500,0.005319703518003774
48115950402,-0.0009310187755905674
48115950600,-0.00019341723243156378
48115950401,-0.0038084575184578542
48115950500,-0.001840559701907445
48317950100,0.0024000546232269657
48317950200,0.003062515556812464
48227950802,-0.010435648316139958
48227950801,-0.0015850713865026061
48227950900,-0.011137849629767558
48227950600,-0.026594810707093873
48227950700,-0.03907508358622175
48227950400,-0.009608615170492784
48227950500,-0.015001874164989356
48227950300,-0.04585824750951524
48227950100,0.003265193018434361
48227950200,0.0030429019859609116
48335950400,-0.013500279404554005
48335950200,-0.011422012570486337
48415950600,0.003765677668388616
48353950500,-0.025934780820348616
48151950300,0.01187168137260446
48353950100,-0.03129428990516145
48353950400,-0.04114654065081241
48353950300,-0.05387104358376458
48353950200,-0.061555118246116106
48151950400,0.009462151024085888
48253020300,-0.00040222798893592556
48433950300,-0.017608769767100643
48263950100,0.014488567735058853
48415950100,0.005136443962046335
48415950300,0.0028544133349091617
48415950200,0.00983750456390572
48125950300,0.008110848929178736
48269950100,-0.12946013032861434
48275950200,0.011847162335143668
48275950100,-0.00018159204817946268
48155950100,0.028392976467464425
48023950302,0.013775978217984684
48023950301,0.0050191037910889465
48447950300,-0.12398960429316669
48417950300,-0.1358432191237763
48207950300,0.013677273265674368
48207950400,0.011515947731655466
48253020400,-0.013284109022549817
48253020500,-0.0017545971935403002
48253020200,-0.003976484948631769
48441980000,-0.14879043035848316
48441010900,-0.0674036973973653
48441012000,-0.040310294859139666
48441012100,-0.08109403529332727
48441012200,-0.0577236405234934
48441012300,-0.10531732213491912
48441011600,-0.049751039774763826
48441011700,-0.15002024964565996
48441011900,-0.09602131831098855
48441011000,-0.19271191412097052
48441010800,-0.10406718713533261
48441011200,-0.10009306274610606
48441010700,-0.13250672350488082
48441010400,-0.02419304900113403
48441010300,-0.13452677188747297
48441010200,-0.11563964892956423
48441010100,-0.12522464365627503
48441013300,-0.09933098075256613
48253020102,0.21485254067590284
48253020101,0.0009449591575842373
48441013601,-0.06731158015459955
48441013000,-0.13237519132302217
48441010500,-0.023588105851329987
48441010600,-0.05312127715293213
48441011300,-0.09434448520110345
48441011500,-0.0656723262579445
48441011400,-0.07411139386025574
48441013200,-0.0697548094542164
48441013100,-0.09226144026116828
48441013401,-0.05206270491576192
48441012900,-0.17124303644945968
48441012802,-0.04423024511075224
48441012600,-0.018758117196216954
48441012500,-0.054412850261114205
48441012801,-0.08171238057896428
48441012701,-0.03327268133416901
48441013402,-0.06072698395111192
48441013602,-0.0495040583590883
48441013501,-0.013467359285157748
48441013502,-0.023194359705487777
48441012702,-0.03595782694234284
48441012400,-0.043787622435361606
48441013404,-0.0646489315551685
48059030101,0.005364933040672941
48059030102,0.005010747720659079
48059030200,-0.0009932355518457844
48133950301,0.0009662899310568413
48133950302,0.008476070106400262
48133950400,0.015177581873187055
48049950100,0.08065888970574475
48083950600,0.007375329080631395
48083950300,-0.01537421064344621
48083950700,-0.0017984979376678382
48049950500,0.011549051421325274
48049950202,0.10576291284875862
48049950201,0.08314628401738182
48049950700,0.0075269739903939805
48049951000,0.006740999513738718
48049950800,0.006407766966509922
48049950900,0.00671673436177074
48049950600,0.010817948308146417
48049951100,0.00682289072906204
48049951300,0.01005932964241194
48307950500,-0.003760481777927311
48307950300,0.002062195900827587
48095950300,0.005091047803280845
48399950600,0.004895050898265827
48399950500,0.0038964159570704583
48399950200,0.005100339429281133
48399950100,0.007400700955227411
48081950100,-0.007519511016820409
48081950200,-0.04675167637940367
48431950100,-0.02690208516660313
48451001709,-0.00997767727170373
48235950100,0.012435986745648341
48451001708,-0.016775629714301604
48451001710,-0.010691621598831079
48451001707,-0.0012499276773430433
48451980000,-0.28281604463848287
48451001706,0.0038118633008669355
48451001303,-0.012162922211398891
48451001301,-0.006419999735708073
48451001304,0.0016229439184285187
48451001401,-0.007026790537110056
48451001402,-0.02284791846048463
48451001000,0.0029060979586985067
48451001102,0.0035434155236103004
48451000900,-0.04382586108440529
48451000400,-0.020965318819818796
48451001800,-0.017933389818734345
48451001200,-0.0004611350322521897
48451001101,-0.005970812926399472
48451001702,-0.0018275251302951113
48451000100,-0.019456781380523282
48451000200,-0.009901434563493397
48451000300,-0.022145868993938642
48451000700,-0.02633786308200136
48451000802,-0.014799872600277618
48451000801,-0.024071607556837633
48451001500,-0.019197434697910704
48451001600,-0.018232015002365244
48413950300,0.013069016682851485
48435950300,0.015322466672579669
48267950100,0.0007168890605811708
48267950200,-0.007418863366364883
48327950300,0.013674916293686336
48319950200,0.020531127763910792
48319950100,0.0017138076705552096
48307950400,0.0038410576867207767
48171950301,0.0018006320000612595
48171950200,0.014405423831099476
48265960304,0.002067122786243418
48265960303,0.003030698147467075
48265960200,-0.02967253605886537
48265960404,-0.03333446877827777
48265960500,-0.03781431614430864
48265960602,-0.04156418715248225
48265960101,-0.009675619802597998
48171950500,0.0009250715295937909
48265960102,-0.024326762531025958
48171950401,0.004551460889924601
48171950402,0.0033507208067167856
48031950202,0.05267973782602728
48031950101,-0.0009931502948852017
48299970401,0.0005794389190036964
48171950100,0.0036773583522163476
48171950302,0.0014785734902490171
48299970300,0.01133727136393778
48299970600,0.05131583780164191
48299970100,0.0256416519748363
48299970200,0.0009486828381293117
48299970502,0.007091217219358505
48299970501,0.05301338360993702
48053960501,-0.028626059426772005
48053960502,-0.051980084572804584
48053960600,-0.004408702112186466
48053960702,0.00129809687639026
48053960803,-0.054512203831682864
48053960402,-0.0020823631979326692
48053960301,-0.01774279598311801
48053960302,-0.004002735296268228
48053960401,0.06321015990835573
48281950500,-0.01674061942963245
48281950400,-0.011130799179755735
48053960200,0.02469646586959527
48281950303,-0.001711962125655394
48053960101,-0.27723480092912683
48491020208,-0.6614490431988409
48491020207,-0.5223061565570754
48053960102,-0.1743090434638152
48453035900,-0.45351203374801535
48491020330,-0.5253146618865414
48491020342,-0.20085073956659294
48491020343,-0.3705347881517332
48491020331,-0.3075561715191359
48453036000,-0.11507654464243011
48453036100,-0.12162266052883282
48453036200,-0.04833375960574798
48453036300,-0.566239366508098
48453037300,-0.16986225111111874
48453037500,-0.4670571247791555
48453035600,-0.335499676231582
48453031400,-0.2383570366449043
48453034900,-0.036575816237375214
48453035000,-0.10092860943670437
48453001916,-0.12106603931324339
48453034000,-0.10248278560449632
48453035100,-0.09302567358101109
48453031500,-0.13304056899169692
48453033600,-0.08060863100805356
48453037000,-0.0816110416786276
48453036900,-0.046048352181605294
48453033100,-0.0390023101368054
48453037600,-0.185497813910898
48453037400,-0.08659381578354541
48453035200,-0.1933832301320516
48453035400,-0.15243142274318
48453036500,-0.16303878663309723
48209010818,-0.18178349688626833
48453035300,-0.3257208436564912
48453036400,-0.24216720670415845
48053960802,-0.030241515069225944
48053960701,0.0026670537308286055
48053960801,0.006606305409603227
48299970402,0.02753964182856572
48031950102,-0.022887758258974468
48209010817,-0.15629852078065823
48031950201,0.10740912777051084
48209010807,-0.11817563608385138
48209010806,-0.15170254307139708
48209010809,-0.35451748088389884
48209010816,-0.15172212018466472
48209010815,-0.436650031100787
48453036600,-0.41176710287850243
48453001921,-0.1312430362781525
48453001920,-0.21466061118030255
48453033000,-0.2506216822150415
48453034700,-0.08306610381090937
48453034800,-0.07654498670843311
48453031100,-0.25484002168152037
48453036700,-0.06555457232688901
48453036800,-0.0975387250478592
48453033300,-0.17250324162177544
48209010912,-0.22702223085010306
48209010914,-0.1673411391186663
48209010913,-0.19348846595373612
48209010922,-0.15809502999249483
48209010915,-0.12766945951100908
48209010911,-0.2696303453542635
48453033200,-0.16519793328917176
48453037100,-0.20818009985107472
48453031900,-0.1896136876443731
48453037200,-0.10654011970452612
48453002438,-0.1390747340057905
48453002407,-0.2586439262512076
48453002446,-0.10099248554783857
48453002437,-0.1504613138431633
48453002451,-0.32109459056000894
48453002439,-0.35169767385522854
48453002440,-0.22249800502062006
48453002445,-0.17038868061973692
48209010923,-0.17819553191857912
48453002434,-0.3129249933879855
48453002436,-0.5328354639971581
48453002450,-0.513694051969472
48453002449,-0.3055398528804739
48453002432,-0.29586421225078574
48453002448,-0.23835212812438342
48453002447,-0.20090986264991406
48453002315,-0.25513489350208857
48453002316,-0.23091349304255407
48453002313,-0.2582828015582436
48453002314,-0.2738163388889163
48453002324,-0.40560435006538004
48453002325,-0.46424287761818306
48453002320,-0.42402311565515655
48453002321,-0.538130549004016
48453980000,-1.1402862546768684
48453002319,-3.0
48453002452,-0.24807760497730025
48453002310,-0.5765664329026081
48453002211,-0.26295772334017936
48453002222,-0.25358176402843585
48453002213,-0.1829892848983513
48453002214,-0.315462090681136
48453002108,-0.3382761767080914
48453002107,-0.4384571665248
48453000308,-0.6011665056616673
48453002109,-0.38865115734809486
48453002110,-0.4180805933073964
48453002111,-0.5095889699628754
48453002327,-0.6511998546943327
48453000801,-0.4209454125622673
48453000902,-0.514885482739157
48453001000,-0.5814093637076995
48453002326,-0.8856031899818718
48453002304,-0.3969459280893451
48453001403,-0.27646300058182305
48453000901,-0.3170234889189854
48453000804,-0.28783104020730066
48453000803,-0.26809817360513427
48453000802,-0.36854855762108796
48453000402,-0.45821274324244615
48453000307,-0.4918348385519376
48453000309,-0.4088821903120803
48453000401,-0.4371477029190411
48453000601,-0.31254305535244153
48453000500,-0.34028486252444146
48453000605,-0.31129838467252796
48453000606,-0.3280167552775306
48453000608,-0.631833091886091
48453000700,-0.34022549725975504
48453001101,-0.7815153711222903
48453000607,-0.2135225890842124
48453001200,-0.35541832977214055
48453001605,-0.3172743371561035
48453001603,-0.36402367445662437
48453001919,-0.13905751953217813
48453001910,-0.17928084222270557
48453001602,-0.26045422108998956
48453001923,-0.31354076441924134
48453001911,-0.28463871906365296
48453001922,-0.23159876143928873
48453002004,-0.330487296231075
48453002007,-0.25413187491581224
48453001304,-0.33019188303267716
48453001312,-0.4614663209314307
48453001309,-0.47142283068733587
48453001310,-0.447480210291064
48453001311,-0.40343113285344673
48453001102,-1.506226521022509
48453001103,-0.7487057260297163
48453001401,-0.3934577827560407
48453001402,-0.33615114697239734
48453002307,-0.230422588763897
48453002322,-0.26564735285178304
48453002323,-0.37379233561204706
48453001308,-0.36709686248051826
48453001307,-0.36228914222517344
48453002403,-0.44220580668937987
48453002411,-0.4269323929709011
48453002412,-0.4710885099550037
48453002413,-0.267273478242681
48453002430,-0.5204655943261163
48453002442,-0.4332599129435451
48453002441,-0.48588283041248026
48453002419,-0.4873197893537047
48453002443,-0.3144725610240092
48453002422,-0.2911366738876452
48453002424,-0.36122276895901656
48453030400,-0.30250715206770257
48453002409,-0.39297618488540587
48453002410,-0.39359503864095496
48453002444,-0.3630842139813062
48453002003,-0.4763020350971793
48453002002,-0.5036194585892456
48453002006,-0.22325789220387923
48453030300,-0.3608608590749147
48453032100,-0.28541556383616457
48453030900,-0.25431333545090934
48453002423,-0.2535089110401066
48453031800,-0.19421864335890918
48453031700,-0.24018161666762675
48453031000,-0.22681693916390003
48453031300,-0.19064084485086957
48453033500,-0.18961263265167416
48453033400,-0.1743004594990497
48453031200,-0.13293808074653163
48453032000,-0.22092562139993432
48453001914,-0.1379465617247355
48453001915,-0.23566583289554102
48453001917,-0.10644829016687016
48453001918,-0.15421132321943565
48453033900,-0.29471984959089853
48453032900,-0.14631346002193837
48453001912,-0.15956009226052334
48453001913,-0.12823385934007622
48453001604,-0.24751284121870995
48453001606,-0.3197957816695694
48453000204,-0.3679045513373985
48453000101,-0.3548394405154305
48453000206,-0.42353122565741985
48453000102,-0.16508719078789055
48453030600,-0.15406410320372976
48453001501,-0.3873086659977556
48453032300,-0.23715977627467116
48453032200,-0.12115245914977966
48453030700,-0.11338860811307873
48453030000,-0.10397609653666201
48453030200,-0.13256098553110326
48453030100,-0.11534982659294377
48453030800,-0.12902959746155584
48453032800,-0.05623528516825015
48453031600,-0.2773893918206785
48453002500,-0.13190682126280925
48453032700,-0.1935214763854199
48453032600,-0.11449907962895489
48453033800,-0.11198025996858468
48453034500,-0.06411712985197768
48453034600,-0.19194325267283938
48453030500,-0.10069961226272489
48453035800,-0.19336084488810554
48453035700,-0.1252670807722936
48453034400,-0.13166650547858072
48453034300,-0.13892018391377703
48491020404,-0.2635989126420701
48491020333,-0.2566245411049735
48491020334,-0.3492869932807082
48491020356,-0.3540575279762275
48491020355,-0.2820490917589876
48491020336,-0.3090877080636375
48491020326,-0.24327519251518742
48453035500,-0.11519803588157039
48491020353,-0.24814184519849272
48491020354,-0.2161192279730181
48491020337,-0.17930074028153775
48491020338,-0.2289789491411274
48491020321,-0.4544417700423636
48491020323,-0.1955811565977427
48491020325,-0.6048050521100303
48491020319,-0.26392109940677205
48491020351,-0.3643826317844175
48491020352,-0.16310394666581204
48491020327,-0.35888102623771945
48491020335,-0.35334270307004295
48491020349,-0.3431216931159085
48491020350,-0.14502711801331367
48491020347,-0.18821961613519245
48491020348,-0.2334589707939831
48491020346,-0.28586240657758044
48491020606,-0.2505582336930466
48491020310,-0.2008774246034961
48491020345,-0.10839380219897969
48491020509,-0.14636763687524357
48491020517,-0.2349882626251528
48491020508,-0.08317684457204716
48491020516,-0.07988348001365692
48491020311,-0.13724145505770266
48491020408,-0.3681075819563631
48491020403,-0.30734827635917716
48453033700,-0.13583330495420204
48491020405,-0.26828561430884007
48491020406,-0.3197702780930944
48491020410,-0.25382115668745714
48491020409,-0.3603325677138184
48491020411,-0.22083575386462498
48453034200,-0.27984016538556117
48453034100,-0.21127574365479948
48453042000,-0.21766104164898825
48453043000,-0.25450923061307973
48453045100,-0.21667867908469554
48453042300,-0.1968350415704136
48453045500,-0.18649721619060042
48453045700,-0.2492536973659525
48491020513,-0.42457188146187186
48453045600,-0.19139736790728767
48491020512,-0.5509484973186826
48491020511,-0.5580275917349811
48491020503,-0.31469272213704064
48491020507,-0.23018557973929976
48491020515,-0.2499748638934059
48491020505,-0.23333594229174343
48491020514,-0.23001590667822233
48491020608,-0.1073364154849561
48491020607,-0.1308976206142088
48491021514,-0.07941536016350417
48491021513,-0.13396009310274823
48491021502,-0.38258680847926957
48491021503,-0.5105202700858518
48491020602,-0.34302475774253344
48491020704,-0.38403268264449375
48491020701,-0.4296557867521823
48491020707,-0.20440034049686168
48491021517,-0.30901109148563627
48491021518,-0.06776215875042692
48491021515,-0.07967212559613994
48491021516,-0.20953291776383767
48491021512,-0.20536915445952555
48491021506,-0.32745495223260335
48491020818,-0.09969346847067576
48491020815,-0.13365486666840382
48491021511,-0.19632412944837344
48491020706,-0.12164622817251759
48491020711,-0.16920865965561147
48491020713,-0.26759082114628346
48453046100,-0.11551291471640956
48453046200,-0.18121317251529118
48491020712,-0.2360509102657067
48491020709,-0.38332833401440936
48453046400,-0.19069479485538074
48491020710,-0.1730148150478462
48453042700,-0.2626570463122141
48453042600,-0.353795412968858
48453046500,-0.3386086851419273
48453044100,-0.2752054609052797
48453044400,-0.3675135456524319
48453044500,-0.3680989107434307
48453042800,-0.25886713933133443
48453046300,-0.4142488032740481
48453044600,-0.22540583337837514
48453044700,-0.42257532291731076
48453045000,-0.15851691207636165
48453044900,-0.21578391176218203
48453043800,-0.27807284879421446
48453041500,-0.3850009543014048
48453044000,-0.27046176433375224
48453043700,-0.22997647234508223
48453043900,-0.22866301314577156
48453044300,-0.19539936106865055
48453044200,-0.1377449557240562
48453042900,-0.19834123947243024
48453042100,-0.2507152470968418
48453042200,-0.31341920722279376
48453045200,-0.2518943829000027
48453041300,-0.1782109907102435
48453032500,-0.16217056844449407
48453041400,-0.2261868756697392
48453045300,-0.26222680606656373
48453032400,-0.24678980177445278
48453045400,-0.3007100202438489
48453040700,-0.2911212362749517
48453040800,-0.30568571927819504
48453040900,-0.3963850313632069
48453041700,-0.28945254812125365
48453041800,-0.21543151721815168
48453041900,-0.31946786861720167
48453041200,-0.2621304738842665
48453041100,-0.31904397744470275
48453041000,-0.4592643458261394
48453041600,-0.3890314239225675
48453040300,-0.40470412141383977
48453043200,-0.48267594104258943
48453043100,-0.5635006026035531
48453040600,-0.2981978561772528
48453040100,-0.403868889100154
48453040500,-0.4261171813963774
48453040400,-0.28375511949091553
48453001504,-0.49558870683030914
48453001505,-0.5187602942659985
48453040000,-0.48958493651911955
48453001503,-0.518369333495407
48453000205,-0.4551623462365119
48453000305,-0.5113457278944769
48453000203,-0.39714169882158173
48453000302,-0.4251836610578667
48453000304,-0.5367878976343081
48453002106,-0.5018300803534204
48453002104,-0.5231673852062293
48453002105,-0.6047435764285197
48453043400,-0.322354720643153
48453043300,-0.370287464603823
48453040200,-0.2544241784239115
48453002113,-0.3920428739543046
48453002112,-0.38110995708246087
48453002201,-0.3251565328323265
48453043600,-0.37535634661020745
48453043500,-0.24220139501765584
48453002221,-0.2472229336492836
48453002220,-0.3060808979468061
48453002218,-0.3116964474292847
48453002217,-0.292796171769223
48453045900,-0.4380309548304401
48453042400,-0.18085447883943234
48453044800,-0.29806180070809396
48453047000,-0.30879463515874417
48453046900,-0.05202386558382404
48453046800,-0.048859213986342125
48453046600,-0.15407769507170377
48453046700,-0.08051722904198123
48453046000,-0.21997858080017096
48491020814,-0.14749776691497157
48491020816,-0.20052777185645718
48491020817,-0.26328076978543713
48491020820,-0.1489013372940652
48491020811,-0.08739071411096418
48491020810,-0.22734457138150427
48491020819,-0.20977259915254842
48453042500,-0.12600192545544742
48491020808,-0.5055177525889986
48491021000,-0.3996590372382284
48453045800,-0.7811541541035942
48021950202,-0.39976511875053256
48021950201,-0.13884381774349028
48021950101,-0.21257018223204685
48453002219,-0.3040301157704711
48453002215,-0.24738783997500685
48453002216,-0.3688887113223917
48453002453,-0.5547062446986666
48021950803,-0.6032776765643909
48021950805,-0.1414485058872799
48021950303,-0.07288620469636657
48021950301,-0.12254875014744909
48021950403,-0.09625611381089329
48021950402,0.00011394503231995545
48021950401,-0.11655021226095402
48021950506,-0.02072596856284364
48021950505,-0.011618345381120799
48021950504,-0.007698056912688756
48021950503,-0.020826599760326893
48021950602,-0.008775536499883652
48287000300,0.003698634233965648
48287000400,-0.006360683281747855
48287000200,-0.013699838542608799
48051970202,0.0020083930412613995
48287000100,-0.12373518511175273
48021950102,-0.07835721383498778
48491020900,-0.5044732426060027
48331950300,-0.06539923233695041
48331950800,-0.13358446866696083
48331950700,-0.02698344148410481
48331950402,0.0035813404715630223
48331950100,0.004368572228877616
48331950401,0.0027008976889130103
48027023402,-0.03590057353225728
48027020800,0.0073895788726496825
48027020900,0.0075327298317737915
48027021304,0.007052105663211979
48027021000,0.005965688364430826
48027021102,0.014476773521084787
48027021101,0.008505629085159738
48027021302,-0.0005534069558479575
48027021301,0.004630072533126424
48027021305,0.003671825364657045
48027021400,0.0037398710225675837
48027021502,0.0026850545265822774
48027021501,-0.0028100709486700895
48027021203,0.005445441912864434
48027020301,0.0028364295443171193
48027021702,0.00893605664857376
48027021602,0.01142938594210714
48027021601,0.005109951931998819
48027021801,-0.011288299757944941
48027021802,-0.00524564312867022
48027023406,-0.0007737829911964056
48027023405,-0.007142304296987853
48027023404,-0.1833475548218182
48491021300,-0.6808051245200359
48491021203,-0.3258256862164827
48491021100,-0.3455673881743212
48491021201,-0.31091364228543933
48491021202,-0.31253355661874455
48491020813,-0.3607231778536371
48491020812,-0.4461684735747535
48491021602,-0.5621934849381452
48491021601,-0.4545523502480311
48491021603,-0.318954900181485
48491020117,-0.07067430715425
48491020118,-0.08043859400594977
48491020115,-0.12874344619588785
48491020116,-0.1244398142997791
48491020106,-0.27908856539118443
48491020113,-0.31063246605243644
48491021404,-0.19143947585097257
48491020822,-0.35500674950058925
48491020821,-0.2870238196122115
48491021509,-0.06059841194692592
48491021407,-0.21601697040139342
48491021405,-0.21705317366779533
48491021406,-0.28649098331306916
48491021510,-0.1072929209975504
48491020609,-0.12286726180643595
48491020123,-0.39196820887594985
48491021402,-0.505057252591098
48491020121,-0.4014194438074601
48491020111,-0.4496514738520739
48491020114,-0.4439964566782001
48491020108,-0.32457485481352083
48491020109,-0.27632240094262867
48491020122,-0.34510817596460136
48491020124,-0.4177873815563063
48491020604,-0.2710182982340089
48491020340,-0.3700850438892176
48491020339,-0.290018596770485
48491020341,-0.3626125246713667
48491020332,-0.27989300260976135
48491020344,-0.12383868355090008
48491020329,-0.2712001056562268
48491020120,-0.3555190013659987
48491020205,-0.543911841923855
48491020119,-0.1579494462448397
48491020203,-0.233694012895135
48491020206,-0.6771358466550029
48491020201,-0.7675007777327352
48027023302,-0.016386722249366107
48027021906,-0.002812009945098303
48027021908,-0.011398755316334741
48027021907,-0.02465709145567928
48027021905,-0.009471271444093689
48027021901,-0.014592474395599228
48027022001,-0.01710060682728236
48027022406,-0.007213023846234852
48027022407,-0.013432227449328827
48027022402,-0.007800354717253325
48027022504,-0.02954860737513957
48027022403,-0.0071539746134312516
48027022405,-0.007775544623763697
48027022503,-0.008067170109087345
48027023110,5.23998862452813e-05
48027023001,-0.02883656150651171
48027023109,5.2399886245281295e-05
48027023116,-0.006763577493341649
48027023118,-0.010650442282314432
48027023117,-0.0024195160279579454
48027023301,-0.02611482791701584
48027980002,-0.4988965905780977
48027980001,-0.015037414127536872
48099010504,-0.03233446050913883
48099010502,-0.02003903431025816
48099010501,-0.003877809983514897
48027023201,-0.025633479505379895
48099010503,-0.14744180944303933
48027023202,-0.05394014122866391
48027023113,-0.0022531588385372686
48027023112,-0.002827807985261732
48027023111,-0.015671486820393512
48027023115,0.003021860069790692
48027023114,5.239988624528131e-05
48027023203,-0.013047329220608547
48027023104,-0.0040834121238418125
48027023103,-0.0003789274337330463
48027023002,-0.0043047307160382
48027022501,0.00748891360387251
48027022401,-0.0026699616830500486
48027022600,-0.004198357285629301
48027022900,-0.0017182453964343111
48027023500,0.0008004563400247737
48027022801,0.003980027946795878
48027022101,-0.006611011095744937
48027022103,-0.002203756427165417
48027023204,-0.020289412401703708
48027022105,-0.013646244182554019
48027022104,-0.03178639430207109
48027022200,-0.024770701798977474
48027022300,-0.01620279435654527
48027980003,-0.014127872783532815
48099980000,-0.025909630973884202
48099010300,-0.016596323844185773
48099010101,-0.014442820120212327
48099010202,-0.009277996388402937
48099010201,-0.10870887617785902
48099010400,-0.0022074207813844488
48309004000,-0.002682956486117359
48309003901,-0.014070686259731258
48309003902,-0.02939473218762536
48027020101,0.006315304270926884
48027020204,0.012932322028866057
48027020203,-0.007306275465345499
48027022002,-0.015877086474214486
48027020201,-0.018147949350246974
48027021701,0.004859385311144853
48027020401,-0.025553969562883444
48027020302,-0.0015015082846245866
48027021201,0.004490845680450426
48027021202,0.01594407850266943
48027020702,-0.02943681527195998
48027020600,-0.07521709086502383
48027020701,-0.08180617414604567
48027020500,-0.04124793215817189
48027020402,-0.0050085172228248685
48309003802,-0.00015687752099080687
48145000200,0.005638109794476238
48145000500,0.0037056805747087227
48027020102,0.006642991141406146
48145000700,0.0057206938794663485
48145000400,-0.010439136769091329
48145000800,-0.0025774884723976012
48145000300,-0.022848397976645833
48309003601,0.0028742390197838774
48309003602,0.0010448098233132128
48309001800,-0.02552817703622308
48309001700,-0.019529451891280376
48309000100,-0.039533492934223764
48309001500,-0.013059458462610574
48309001402,-0.001298227741422006
48309001600,0.006074087520450052
48309003000,0.0027810464186335533
48309001100,-0.00034366587923414154
48309002800,0.025576995874250573
48309000900,0.00011394503231995537
48309001000,0.00483611620540506
48309001300,-0.005068331777551059
48309001401,-0.014851284961175526
48309001200,-0.009913820924444655
48309000598,-0.007838476890079493
48309000700,5.239988624528137e-05
48309000800,0.0022724682780159403
48309002498,0.007801125012164301
48309002700,0.007089468675050565
48309002302,-0.0024751228684238686
48309004300,0.005678520276362895
48309002100,0.012660861939831757
48309000401,-0.05200858210398616
48309000402,-0.06779056887264501
48309000300,0.04937440550110173
48309000200,-0.0029254136072088045
48309001900,-0.02191929628546244
48309002000,0.007636585057680756
48309003701,0.008310444845248873
48309003710,0.003174962743534919
48309003703,0.007506766196108831
48309003709,0.009455913846637947
48309003712,0.01225700232706816
48309003708,0.003678203252570336
48309003801,0.004258588030158158
48309002900,0.012618595897154965
48309002504,0.009981060529088965
48309003711,0.02065159695608547
48309002503,0.0161979325453245
48309002501,0.02077820615845131
48309002600,0.027806097235728765
48309980000,-0.021162463913859935
48309004105,-0.002497239463519236
48309004102,0.0005966459390973485
48309004104,-0.0018619949703135485
48309004202,-0.003969821938425095
48309003402,0.00757251007574058
48309003300,-0.03585526784951377
48309003200,-0.005766523618432578
48309003401,-0.0005043725750533511
48309003500,0.003167410680372812
48217961400,-0.022240493889948906
48309004201,-0.022239053688631005
48217961100,-0.02877137895760008
48217960800,-0.024524933582052332
48217961000,-0.02503096653001387
48217960900,-0.045030255803056966
48217960700,-0.020578844314212707
48217960501,0.015745060581262762
48217960600,0.01849274139703285
48217960200,-0.00013571413784487212
48035950300,0.015319624472802947
48035950600,0.03903399987170355
48217960400,0.023749121473196157
48217960502,0.025850168543465567
48035950700,-0.006074101693366218
48035950400,0.008427696049008473
48035950500,-0.03279948704000499
48035950200,-0.04985276127094968
48035950100,-0.014032614079805822
48143950700,-0.0322283758831903
48143950302,-0.018416715734662626
48093950400,0.0053591317126513585
48193950200,-0.004474351801562423
48193950300,0.003959654606548076
48193950100,0.0034848317901630616
48099010102,-0.01957624960435429
48099010601,0.0010311537408859194
48099010804,-0.006556932293422688
48099010803,0.0012068974836254433
48099010802,0.0018592161672200686
48099010702,0.00223877975722777
48099010701,-0.013226077397663719
48099010603,-0.0008372945486042559
48281950304,-0.013696706668263992
48099010604,0.0006255523189518245
48281950100,0.0017723921550096488
48281950302,-0.0008397686683656554
48333950100,0.014075155743081103
48333950200,0.015589215925044041
48411950100,-0.01135758326809097
48411950200,0.012649750339674984
48049950300,0.009352656311845902
48049951200,0.00831802613190489
48093950200,0.013124380215485499
48093950300,0.005178854574645047
48093950101,-0.024882323795223583
48093950102,0.0033512658472039016
48133950500,0.029176969024646286
48133950202,0.031000441723709256
48133950201,0.0043075763353761665
48133950100,0.03071073407588731
48143950301,-0.020975900391754915
48143950203,-0.03606613506589139
48143950204,-0.012721866857313543
48143950100,-0.017986555451889156
48143950600,-0.06916779258849189
48143950501,-0.04802881320919543
48143950402,-0.03640043166489098
48143950502,-0.07072041184621329
48143950401,-0.030713982816327038
48143950201,-0.03544139385310351
48221160302,-0.10015217979901367
48367140603,-0.07253957284804168
48363000100,0.034967608603506554
48363000401,-0.008889220270118561
48363000300,-0.011060754007991355
48363000402,-0.01310586444789396
48363000900,-0.0186358826823712
48367140601,-0.07257125469745808
48367140502,-0.05731988871930696
48363000600,-0.008939257554515091
48363000700,-0.01071025471530281
48363000800,0.0011050405875208714
48363000500,-0.038076841673676275
48237950500,0.008813524071198363
48503950401,0.004843856233702038
48503950500,-0.007421952738361073
48503950600,0.005170860697589495
48363000200,0.013973066035144088
48429950300,-0.004603203289619474
48429950500,0.01557514813763358
48429950200,-0.0013351690930452295
48503950402,0.006406286157560447
48503950200,-0.004191452496153963
48009020300,0.006032826727562035
48009020200,0.013893035202411435
48337950401,0.01671223947949692
48077030302,0.011621494369687953
48237950100,0.009291089023926447
48237950300,-0.0002803812984331252
48497150405,-0.03208793206049403
48497150404,-0.028349893223263322
48497150300,-0.020275789540196546
48497150500,-0.013104985958339609
48497150201,-0.0018108760094855984
48497150202,-0.03577172449231424
48497150101,-0.019699488472266033
48337950600,0.005772714984797948
48337950402,0.006785979902391082
48337950502,0.0010991554794045758
48337950501,-0.00035385380183136704
48337950200,0.02337291216303785
48337950100,-0.002414239486498467
48097000200,0.004062640463476847
48097000100,0.0021972979399714292
40085094200,-0.023616561421117992
48181000304,-0.05890064142333648
48181001103,-0.02300083065767769
48181001104,-0.059385884739057544
48181001902,-0.06269589055282204
48097000701,0.036654567899265
48097000600,0.007613434625754367
48097001100,0.0090820481248703
48097000400,0.005209937483891458
48097000500,0.0160635243168233
48097000900,-0.00022681953143834083
48097000702,0.0010401845522490971
48121020203,0.001821936995368838
48121020204,-0.008813311250341835
48121020207,-0.005645760737269167
48121020405,-0.02589904347143887
48121020208,-0.018859518879074968
48121020206,-0.011762162875911288
48121020800,-0.14242846232807369
48121020900,-0.0023429218791509348
48121021000,-0.09098204515841675
48121021100,-0.14072823482703334
48121020700,-0.05395739981239288
48121020403,-0.05439478683859363
48121020402,-0.2091413169136229
48121020404,-0.18608524306722335
48121020504,-1.1796581866613318
48121020205,-0.28831378322755846
48121020506,-0.2646138674715976
48121020505,-0.2063107782330924
48121020507,-0.01276130315646756
48121020508,-0.006311949265110413
48121020601,-0.24824435804098902
48121020604,-0.5363296893064529
48121020603,-0.06554388760712097
48121021202,-0.09146566952026379
48121021301,-0.08863455621842882
48121021203,-0.7078826306982634
48121021204,-0.3384520598585051
48121020605,-0.7506386270084197
48121021414,-0.06518577134614119
48121020131,-0.0036477488009120586
48121020130,-0.01623973074480274
48121020136,-0.0038461011618159432
48121020137,0.0005285034400924647
48121020122,0.10447007007393112
48121020116,-0.014745829952393746
48121020121,-0.0034477396110218646
48121020118,-0.01553821537275085
48121020117,-0.013291351287485277
48121020129,-0.034168644209754385
48085030306,-0.035331670425771206
48121020123,-0.08560480228686908
48121020128,-0.07858075673894824
48121020124,-0.1501645293577236
48121020125,-0.06703687386924902
48121020135,-0.013917516911177374
48121020134,-0.0069996136629089205
48121020133,-0.005407760745622399
48121020109,-0.003996919285737214
48085030304,-0.014954792832453488
48085030519,-0.10955378071723514
48085030403,0.0014503491908294302
48121021526,0.009240325143907269
48121021538,-0.04090958535433533
48121021900,-0.0166350388546932
48085030407,-0.04016965992229249
48085030406,-0.053548439703982646
48085030409,0.003660722387172126
48085030410,-0.0034250851182868686
48085030505,-0.47197950293760044
48085031657,-1.0752667403481737
48085031659,-0.5255450587949649
48085031672,-0.855667923718741
48085031671,-0.17908047549930348
48085031670,-2.5853136172197115
48085031669,-0.3020574376151916
48121021626,-0.17303183336750463
48121021532,0.010351977693514014
48121021533,0.00806893873522627
48121021800,-0.01785798665718248
48085030504,-0.21031898420779946
48121021522,-0.0006977586260762745
48121021531,0.005566032444939975
48121021520,0.0024971974806258504
48121021655,-0.024542388441656557
48121021530,-0.0015250783058822976
48121021521,0.005851821726164272
48121021516,-0.0073644552823713474
48121021518,-0.013331345398490726
48121021534,-0.008947224679391729
48121020127,-0.004435293497991094
48121021536,-0.005623999613247183
48121021535,0.0005156231367579195
48121021540,-0.0017232823031784036
48121021539,-0.0049459115457843395
48121021528,0.012891623848123798
48121020112,0.00011394503231995548
48121021529,0.010811480644061268
48121020111,0.005509633045667631
48121020110,0.009462999260856603
48121020132,-0.0003432391267293653
48121020120,0.0019455254051822287
48121020119,0.0020259877373322785
48121020126,0.004127492628091014
48121021537,-0.011454694178569137
48121020115,-0.025434732594365617
48121021415,-0.11974616666113877
48121021412,-0.1646971355852307
48121021419,-0.223969515343591
48121021421,-0.03792906054528308
48121021413,-0.0025101569814024445
48121021411,-0.03409563036377969
48121021410,-0.06644476965688449
48121021513,-0.01797036633652674
48121021514,0.04143457016300999
48121021720,0.00010528711708916941
48121021715,-0.27853190982790194
48121021505,-0.23135167444728155
48121021502,-0.4764197953577577
48121021517,-0.10073663528606826
48121021645,-0.14625205617555684
48121021646,-0.129680550541545
48121021649,0.0006350874334058718
48121021620,-0.20214029482797105
48121021738,-0.6430154386623611
48121021619,-0.6010005675712202
48121021735,-1.0851572323347243
48121021736,-0.24453342592285043
48121021737,-0.2550423226179785
48121021732,-0.24672825173185273
48121021734,-1.0800530975087843
48121021739,-0.725724039706475
48121021618,-0.6279995514345301
48121021745,-0.5619034538339422
48121021744,-0.5756037861289944
48121021743,-0.41315031523684437
48121021716,-0.32134850433680573
48121021717,-0.31976336187740767
48121021721,0.003625194552967017
48121021722,0.01758121160279503
48121021724,0.00029931853403308134
48121021742,-0.2649795279868073
48121021729,-0.09065750600002413
48121021725,-0.0014713574508474817
48121021726,-0.0009699050609025275
48121021727,-0.030804711223019646
48121021730,-0.2501217328252092
48121021723,-0.30560178992602416
48121021741,-0.34026073940716045
48121021731,-0.2863681051137288
48121021740,-0.37210963530071134
48121021733,-0.27289661397841103
48121021728,-0.25151859532991094
48113020000,-0.052541820727394745
48439113716,-0.0033043654693452776
48113014126,-0.03415697952575523
48113014157,-0.031407522244759324
48113014120,-0.027477533527992447
48113014119,0.007769391043660407
48113014135,0.02269488691800767
48113014134,-0.07665751056827828
48113014123,-0.04477571699468584
48113014121,-0.02961270961844777
48113014132,0.000739847820024155
48113014156,-0.01252367178883087
48113014155,-0.005840307440101988
48113014128,0.011854684677667366
48113014142,0.00011394503231995542
48113014141,0.017671997369858663
48113014002,-0.11276614663386485
48113013717,-0.022004147952746755
48113013901,-0.05297309508471366
48113013902,-0.06484637570555458
48113013728,0.0026609857042765627
48113013715,-0.0071702623410421955
48113013729,0.00010276733545431026
48113013718,-0.04668092873202234
48113020700,-0.09101937469421516
48113013721,-0.008034254375777554
48113013720,-0.003951738084892732
48121021611,0.007306727476172823
48113013719,-0.015295826370752719
48113013716,-0.02409986431261003
48121021621,0.007557288734917422
48121021622,-0.02201576910087794
48121021612,0.00011394503231995552
48121021630,-0.003047121676753528
48121021650,-0.10127547501997873
48121021654,-0.21913588114339488
48121021644,-0.03739980734101312
48121021652,-0.03906177822991831
48121021643,-0.04653202916398989
48121021653,-0.03863226046001043
48121021651,-0.014705789025382172
48121021639,-0.003999214258172701
48121021640,0.00011394503231995548
48121021633,0.016366017940719898
48121021631,-0.038316998361215784
48121021613,0.012833647388398374
48121021615,0.010353286103095287
48121021614,0.0109742016275028
48121021638,0.019763229960220754
48121021637,0.020009640980755153
48121021616,0.016273529176715255
48121021634,-0.02161883774310461
48121021635,-0.0009659150840428764
48121021641,0.013462072271124207
48085031711,-0.015119342335484728
48085031721,-0.024597117025041224
48085031722,-0.027294460724406645
48121021632,0.016836441176825107
48121021648,-0.062430389395460854
48121021647,-0.11033725488683278
48085031645,-0.1535783834576901
48085031647,-0.298836632022997
48085031668,-0.16691197453542944
48085031646,-0.273935651523131
48085031667,-0.2685765210946306
48085031649,-0.1700959237724786
48085031723,-0.10095049193157907
48085031724,-0.006309763974077145
48085031713,-0.024644027064753955
48085031715,-0.14378030718260076
48085031717,-0.17378023745799254
48085031716,-0.19821871387718296
48085031708,-0.16330176517621312
48113013621,-0.10465968105978041
48113013620,-0.15701496726257116
48113013611,-0.14316276174500633
48113013627,-0.0850072506880725
48085031706,-0.015317580496816368
48085031704,-0.03449967994980659
48121021642,-0.02481134998830094
48113013722,-0.08474608600762645
48113013725,-0.0817044166687761
48113013727,-0.22479470949895217
48113013726,-0.09392243478533212
48113013808,-0.04208417660064339
48113013807,-0.046017496776567475
48113013805,-0.26552482957620765
48113013806,-0.1606628564234315
48113013626,-0.20284614726081127
48113013625,-0.2251550023798216
48113013628,-0.21442304337666324
48113013624,-0.13674309823365877
48113013622,-0.11971848270273353
48113013630,-0.06596463825483798
48113013629,-0.030019746531066992
48113013631,-0.06582714288193636
48113013615,-0.09580008022504972
48113009604,-1.0328399130603003
48113009603,-0.7608237334768465
48113013500,-0.12246394678675884
48113013400,-0.128514280831534
48113007605,-0.3648806601201901
48113020600,-0.06947679856510663
48113007601,-0.042550168476274915
48113009500,0.002270123552069261
48113009402,-0.05591130700054496
48113009401,-0.01469066280488887
48113009802,-0.008596352733353595
48113009702,0.005200064710366888
48113009607,-0.09158076898547735
48113009609,-0.1234555616213424
48113009608,-0.6917657619490132
48113013804,-0.40323731886686026
48113009605,-3.0
48113009611,-0.14680927969181462
48113009610,-0.16432528601376692
48113014001,-0.32960720856923303
48113014209,-0.24772277178323024
48113009900,-0.0660557763080016
48113009701,0.0026893264833240246
48113009803,-0.05795035965630515
48113009804,-0.12378986969576722
48113007205,-0.06538169053192515
48113007204,-0.028003395922337943
48113007203,0.07172076369165453
48113014204,0.021833780497561937
48113014701,-0.008096843105806023
48113020100,-0.02052332976812543
48113014704,-0.002693860323988102
48113000407,-0.025735441211929777
48113000409,-0.07588287099292988
48113010001,-0.06667200858922316
48113010003,-0.09342274071229371
48113980100,-0.07617156074137015
48113000410,-0.05314435251983938
48113007206,-0.08516013356784563
48113007302,-0.047525805061055526
48113007102,-0.05159571419941209
48113007101,-0.05802232538448808
48113007301,-0.669419569315302
48113019501,-1.74151882168137
48113019502,-1.760317009106324
48113000606,-0.02505262848756872
48113000607,-0.10321217278619152
48113000608,-0.11470113658170765
48113019800,-0.1516620815711508
48113000609,-0.040631963243419396
48113000610,-0.07460716644438191
48113000408,-0.03295998281583013
48113000611,-0.08459124325059146
48113000503,-0.09585262079366745
48113000405,-0.26348901485871923
48113000401,-0.12194181783231829
48113000502,-0.153074498487718
48113000501,-0.1123951053640691
48113000605,-0.077704094135064
48113001801,-0.008066607369420416
48113001802,-0.0801570794947271
48113001705,-0.21886195740622122
48113001902,-0.30379568333974044
48113001901,-0.22681468442853492
48113002100,-0.5273431959648399
48113003102,-0.634012136512714
48113010002,-0.16434915111111395
48113010102,-0.19377805096562037
48113010101,-0.15314136759044847
48113020500,0.001981013173778971
48113004300,-0.06780369086630575
48113004202,-0.048279959944596273
48113004400,-0.02864144607274831
48113005200,-0.07583999068389538
48113004500,-0.017691544337897134
48113005300,-0.04386712271979956
48113005100,-0.26061957601098373
48113004600,-0.020736067581847137
48113005000,-0.3043138870975049
48113004800,-0.03810159226844083
48113004700,-0.0769465510549258
48113004201,0.0005763935176194748
48113002001,5.2399886245281295e-05
48113002002,-0.004194205620537447
48113021000,-0.003096682994609248
48113005500,0.00027264394378586927
48113005400,-0.014072918329120995
48113005600,0.0017336528587975411
48113005700,-0.014783886524316501
48113005901,0.0009096263229062527
48113011202,0.0013423340994998558
48113005902,0.012047540192174827
48113011002,-0.0031855809933907827
48113011103,0.0039064412589891965
48113011003,0.023175109888952262
48113011004,0.008834437368689926
48113006100,0.042442172720264244
48113006301,0.008187246126574687
48113006002,0.0022276399205708166
48113006001,-0.000983982141284709
48113006200,-0.01589509331009262
48113006302,-0.029211452616490934
48113006401,-0.01578594654934153
48113006502,0.003465656005086481
48113006402,-0.007246481270825127
48113006501,-0.004057139897396254
48113010805,-0.004181515715795174
48113010809,5.239988624528135e-05
48113010804,-0.003566363454556534
48113010806,0.028091136436447145
48113010904,-0.02340407965645141
48113010903,-0.001321312099394457
48113010807,0.016847244836784004
48113016534,0.00995486125873082
48113016536,-0.008021328084014711
48113016535,-0.006742177941205661
48113016533,-0.010915542382299713
48113010808,-0.01244990576828862
48113010701,-0.0004646983074058663
48113010704,-0.013283505794052212
48113006701,-0.012409385951580029
48113019900,-0.01234395807612575
48113006702,0.008772411801472138
48113006800,0.011045240163573491
48113006900,0.03122043280804627
48113010500,-0.05602907200988805
48113010601,-0.05156451176412741
48113010602,-0.012814022816254444
48113015101,-0.026483920685748674
48113015002,-0.03426062891178459
48113015208,-0.05396945143544318
48113015207,-0.031082839713932758
48113015306,-0.004050420551442716
48113015304,-0.014849001855414722
48113015700,-0.032840144862043605
48113015600,-0.002252685067113382
48113021200,-0.04240154670652536
48113016521,-0.012873809395796423
48113016409,0.011617660407807585
48113016421,0.01813262302856538
48113016407,0.00797206399316986
48113016301,-0.011305858633647964
48113015900,-0.007118706660475267
48113016302,-0.022195599757475433
48113016201,0.007640840322009979
48113016100,-0.030824065027982392
48113016406,0.0015033904772319803
48113016203,-0.004932481411093011
48113016204,0.0037166933166920013
48113016419,0.0020505096406682414
48113016420,0.0017232140864322843
48113016414,0.0023429685998858575
48113016418,0.0013692386150481312
48439111536,-0.03585770877200732
48439111572,0.005467116716079402
48439111538,-0.015216644890356845
48439111571,-0.010769448776226646
48439121908,0.014154961615258787
48439113007,0.0011851943414213852
48439113006,-0.018937136964655835
48439121907,-0.010576594840135555
48439121904,-0.006806254197048542
48439113005,0.0032316256824515012
48113016001,0.00013358486520046627
48113016002,-0.00308385007745665
48113015500,-0.02084056972720182
48113015403,-0.11667316655059828
48113015404,-0.07467506443272019
48113015406,0.006233252596549448
48113015405,-0.06620493991813482
48439113003,-0.013108109949156559
48439113004,-0.011088673408741952
48439113116,0.017985155361880417
48439113122,-0.012851993742857315
48439113121,-0.03005526027319717
48439106518,-0.14017453174775885
48113014147,-0.012318122062869717
48113014161,0.022855456986389064
48113014140,-0.08003455251313563
48113014139,0.016780562531725246
48113014154,0.0070008174140451535
48113014153,-0.007104379892085765
48113014148,-0.07067371805204689
48113014407,-0.0027949862068355536
48113014408,-0.005770696135280137
48113014410,-0.052332457950005525
48113014409,0.027923961050643372
48113015303,-0.027097662362480537
48113015305,-0.004168479494900295
48113014405,-0.0068766965343215495
48113014406,0.0013800936605512402
48113014501,0.008972281285884093
48113015202,0.008302344687301809
48113015205,-0.02389705580448956
48113015206,-0.006212878737588934
48113015102,-0.0481451711695726
48113015001,-0.041539832158385775
48113014903,-0.006564805600168668
48113014603,0.012357117906557871
48113014602,-0.031150901623120123
48113014502,0.0021270229490492915
48113014308,0.036617252701734423
48113014601,-0.024406861369755624
48113014203,0.006685089345700743
48113014205,-0.0029906022347989144
48113014317,0.03949230597207648
48113014318,0.002522289448490608
48113014310,-0.08937836975852849
48113014316,0.0074898533648927405
48113014315,0.015506214420986174
48113014306,0.006834912978668134
48113014309,-0.03463100485020307
48113014146,0.012330753189925867
48113014145,0.03134001614250375
48113014160,-0.02504216760915744
48113014319,-0.03255558454056195
48113014320,-0.0059965507410388395
48113014158,-0.2630730573358804
48113014314,-0.009489788924827465
48113014313,-0.1416804224703295
48113014208,-0.24820914341736142
48113014207,-0.19499525091144113
48113014144,-0.021319548587929626
48113014138,-0.024812581066936065
48113014152,-0.033405284715784446
48113014143,-0.10417527290809564
48113014130,-0.11488613362489483
48113014149,0.01998152603890626
48113014124,-0.2773507354386589
48113014150,-0.34283158310874845
48113014151,-0.5282996521958546
48113014159,-0.6510449753609171
48113980000,-0.12719136645571547
48439113709,-0.031743925775320106
48439980000,-0.04386715145204358
48439113520,0.0014975454196710558
48439113519,0.002249920384773175
48439113633,-0.005816905021759366
48439113622,-0.043469210128221164
48439113632,-0.5936922736315663
48439113635,-2.029819743201796
48439113636,-1.9716656041169123
48439113958,-0.11496637237221026
48439113634,-0.2406119165799051
48439113640,-0.4586171894753756
48439113814,-0.7259746355973846
48439113210,-0.08295661201319504
48439113218,0.005781255141570267
48439113611,-0.003741494845342859
48439113639,-0.12414266370041825
48439113625,-0.02795571013726682
48439113626,-0.046191583116157356
48439113630,-0.07594842481546332
48439113618,-0.10545376892657822
48439113629,-0.03848968127957016
48439113607,-0.007915635224734412
48439113612,-0.0024437671919664648
48439113222,-0.046801705353986436
48439113403,-0.018841478771912494
48439113613,0.006008009602131656
48439113404,-0.014810670451534206
48439113408,-0.05435377339768086
48439113410,-0.45205980294282083
48439113409,-0.47221337368097493
48439106525,-0.15906065314627385
48439113407,-0.06185941391810877
48439113619,-0.11936752678343292
48439106524,-0.18862660203849987
48439113512,-0.009590282697279922
48439113511,-0.019726475984216285
48439113637,0.021645521895598062
48439113624,0.0035331595361148514
48439113623,-0.008018428645879993
48439113638,0.004142147913148634
48439113628,0.021842164636464687
48439113514,0.0024296606925946268
48439113509,0.0026311558684409403
48439113516,0.0001139450323199555
48439113517,-0.049927587184589776
48439113522,-0.2004899190219255
48439113521,-0.0028670137275741423
48439113510,-0.03200594343574181
48439113513,-0.04496123021233119
48439106523,-0.16225463170176732
48439113120,-0.049390670630523416
48439113119,-0.010845486697982198
48439113115,-0.012575155385445012
48439113109,-0.033782751268250824
48439113104,0.0001335848652004662
48439113110,0.002219873455413996
48439113102,-0.1118212174477182
48439113107,0.0031777901815841086
48439113117,-0.013306008578883451
48439113112,-0.02515751263141744
48439113118,-0.054896231774977974
48439121704,-0.012578969750521321
48439121703,0.01045695118819077
48439121605,0.007187835989365913
48439122300,-0.028208868214537133
48439122200,-0.015491514047267094
48439121702,-0.08009171515802525
48439122100,-0.00918532065163354
48439122002,-0.009789892930285753
48439122001,-0.0022595058471505153
48439121906,0.0014377250190325504
48439122901,0.0009544284536711566
48439122902,-0.009372764053508231
48439121905,0.007319462327482181
48439111556,0.04549832585337741
48439111557,0.015453568799054995
48439111570,0.0027194484375206752
48439111569,-0.01723922521633938
48439111522,0.0052752483122546585
48439111558,0.02070287220056719
48439111525,-0.008281786620001527
48439111516,-0.02157240526460605
48439111559,0.015172145980665958
48439111526,-0.2483741222189605
48439122702,-0.020456829979649958
48439122701,-0.007041587879358283
48439122802,-0.010128778705250334
48439122801,-0.004768087502990833
48439122401,-0.04980338383374173
48439122402,-0.025989883980593556
48439122500,-0.7180818183075632
48439111505,-0.22400168154390518
48439111506,-0.6741881632005434
48439122600,-0.6130096626556234
48439111552,-0.07006045626739725
48439111553,-0.14066366501561436
48439111530,-0.0776589819108957
48439111545,-0.07775581249386984
48439111529,-0.200170049778861
48439111546,-0.1275672009402379
48439111531,-0.8118082369775698
48439121610,-0.16161986903806166
48439121608,-0.5339677143578048
48439121606,-1.0341890839271675
48439106513,-0.27486531244393053
48439106512,-0.17737327379121426
48439106514,-0.14638806894370124
48439121612,-0.21424141502683933
48439121614,-0.5414468733746789
48439121613,-0.43023544024068494
48439121615,-0.08497915399439446
48439113108,-0.15191396845069874
48439106509,-0.24258400697345295
48439106521,-0.40980429797419277
48439106526,-0.2269190480686856
48439106522,-0.3125084928424041
48439106515,-0.13810755243549702
48439110301,-0.037471742947559956
48439101201,-0.18263228837867124
48439101401,-0.31217404073774885
48439106507,-0.2688079431976503
48439101402,-0.3940460100268013
48439101403,-0.4179212500731484
48439106502,-0.25511610194867856
48439106520,-0.11995409436114977
48439106519,-0.180002617299934
48439106503,-0.21894566904659038
48439101301,-0.367422583393552
48439101302,-0.3727519917690243
48439103602,-0.3112137095401895
48439121609,-0.809121461103216
48439121611,-0.9343428673535891
48439106400,-1.0118331981158482
48439106101,-0.7122760086432404
48439106102,-0.952604047727912
48439111103,-0.33142661731500395
48439106201,-0.24359006224336863
48439106300,-0.4142482553601402
48439106202,-0.5410786057466986
48439103601,-0.4134528753263291
48439103702,-0.40055104027197896
48439103701,-1.0597248269262176
48439104604,-0.9541512104052492
48439104601,-1.2154517476436846
48439104602,-1.0682405604404455
48439104603,-1.9975375834829374
48439111104,-0.6560034878893782
48439105902,-0.34962461277762186
48439104605,-0.42072009724714154
48439104504,-0.3259183334750472
48439105901,-0.36253330060832445
48439104702,-0.3971834394382368
48439104503,-0.3941640184445141
48439104502,-0.31362075245008864
48439104505,-0.2840264023022884
48439103800,-0.2754172533518707
48439123500,-0.27169787554191527
48439123600,-0.2455690336692672
48439123302,-0.5361983014537205
48439101700,-0.22019402943472363
48439123100,-0.2800100242311386
48439103500,-0.5810147489542861
48439101500,-0.5508847436136186
48439101202,-0.3298940022230148
48439110302,-0.07853766711613534
48439100101,-0.3726363677943566
48439100102,-0.35018916062327593
48439123200,-0.38710399137544865
48439100202,-0.41881327235988536
48439100201,-0.4003325904842423
48439105009,-0.43847054096662325
48439105008,-0.11943918022541475
48439105007,-0.10575045601789189
48439110205,-1.8373430806398332
48439110206,-1.2775769708887756
48439110103,-0.004661559342465416
48439110204,-0.8759746043554572
48439104900,-0.4531871258065515
48439110202,-0.23389465749421604
48439110102,-0.013474711555551237
48439110104,-0.004569587331963995
48439113206,-0.007221255704021159
48439113302,-0.03743551983901823
48439113301,-0.012533883862628253
48439113217,0.0030603701992883334
48439113213,0.008456755773750576
48439113223,0.002538928576853947
48439113221,0.00011394503231995549
48439113216,-0.05510707261340372
48439113810,0.0030871789971476772
48439113212,0.004142019341910429
48439113811,0.007166862818520974
48439113920,-0.3319071123298498
48439113803,-0.1139183140111929
48439113808,-0.009487095979782124
48439113809,-0.004419746263949411
48439113214,-0.026910215680795654
48439113215,-0.05631840763808748
48439113207,-0.11574608644893682
48439113813,-0.7659209993412486
48439113815,-0.07070604203934083
48439113816,0.0014043826222727362
48439113812,-0.5904503027803413
48439113948,-0.8420220013478242
48439113950,-0.5295163016912516
48439113949,-0.0892224239614459
48439113935,-0.07255106673757644
48439113934,-0.15809972808022707
48439113936,-0.15005055861202718
48439113938,-0.16505256065300092
48439113946,-0.1289336157781036
48439113947,-0.042529172626006286
48439113919,-0.8467955976205409
48439113917,-1.3327732160613874
48439113918,-1.6503703070048303
48439113916,-0.32098819890234737
48439113925,-0.27815617218168387
48439113924,-0.26719010087851924
48439113923,-0.24362848510912927
48439113930,-0.1394012744350239
48439113931,-0.13489495859051173
48439113937,-0.20644047611188898
48439113933,-0.26315089324052915
48439113932,-0.12427933970700816
48439113944,-0.48393188791069774
48439113939,-0.16810476559951495
48439113940,-0.14737300869809503
48439113942,-0.6258886501653297
48439113941,-0.31132161075897546
48121020312,-0.08957149464902701
48121020322,-0.07974694968131602
48121020311,-0.002419940804209723
48439113953,-0.01181136799094655
48439113943,-0.4535329758096273
48439113945,-0.8908093722054059
48439113952,0.011350566875546404
48439113951,-0.003954164523621934
48439113912,0.003180570994782601
48439113908,-0.00979814392162059
48439113954,-0.036882330492727225
48439113906,-0.03305008051183587
48439113955,-0.0039709333609925564
48439113957,-0.0012944413674943122
48439113956,-0.02731288555013854
48439113713,-0.08018696720467437
48439113712,-0.01689244401571052
48439113711,0.010455483327841424
48439113710,-0.000347034972785569
48439113714,-0.020249853666408604
48439113715,-0.017736284874970205
48439113707,-0.007852734157288536
48121021750,0.002609560590082129
48121021757,0.00011394503231995546
48121021756,-0.04054793613617411
48121021752,0.002909755625502875
48121021751,0.0020398245955398973
48121021748,0.006130532058129953
48121021759,-0.03444313492484784
48121021746,-0.009343737325895923
48121021749,0.004021776502370606
48121020305,-0.00046862414962173807
48121020321,-0.012943506961617295
48121020315,-0.00640605014991398
48121021758,-0.0037973935780638178
48121021719,0.015455242844820211
48121021512,-0.049367318753368215
48121021755,0.0028708493655452143
48121021754,-0.0021659483570977286
48121021423,0.006213859616051328
48121021422,-0.6064056818056752
48121021420,0.0006737463259232032
48121021418,-0.20030438288996766
48121021417,-0.016448951898207123
48121021416,-0.018767126986875306
48121021305,-0.0179989618392604
48121021306,-0.16768056721153904
48121021307,-0.23022132334573564
48121021304,-0.23234343586293557
48121020316,-0.05376405058851673
48121020318,-0.10051555984099236
48121020310,-0.017845659988023843
48121020317,-0.028006772323850734
48121020314,-0.04689832429198297
48121020319,-0.12206985018202647
48121020313,-0.06334169613443795
48497150606,-0.1388130014928296
48121020320,-0.16912416952063739
48439114113,-0.16362860671372847
48439114111,-0.13333310398600728
48439114112,-0.11351831645291402
48439114105,-0.10041044269823407
48497150603,-0.12615616354617099
48439114203,-0.09731436169454256
48367140413,-0.039451877237430495
48497150605,-0.02044830472532071
48497150607,-0.04275578510547735
48497150103,-0.01109878586878701
48497150104,-0.00723086288757033
48497150403,-0.018488655605907678
48497150402,-0.023658563081365873
48367140410,-0.03171890881339546
48367140403,-0.008532831884160525
48497150604,-0.020269262579740214
48367140409,-0.022028768580815317
48367140408,-0.030013132018715496
48367140416,-0.015114666556371458
48367140415,-0.020960950197943497
48367140411,-0.01983606200649594
48367140504,-0.05459302493105369
48367140503,-0.03331629953441653
48367140101,0.005772667585377058
48367140202,-0.012000079824486462
48367140201,-0.02228768926296453
48367140102,-0.012926337549707347
48367140300,-0.004331922994103749
48367140708,-0.01609791324110333
48367140711,-0.042725616977107056
48367140712,-0.04624262053608182
48367140714,-0.016855721082477758
48367140707,-0.1099343740547661
48367140709,-0.03816335717813329
48367140713,-0.18077585431272045
48439110907,-0.02591186079800442
48439105206,-0.22659909936234848
48439105204,-0.18549869164286986
48439110807,-0.3452713757562055
48439110806,-0.25733885054525596
48439105207,-0.23849146141923422
48439110703,-0.05347059054273338
48439110805,-0.32716467581942266
48439114207,-0.21553001831439375
48367140414,-0.01771840057079564
48367140412,-0.040444136324633735
48439114205,-0.09428946731271276
48439114204,-0.09720616201465655
48439114206,-0.10021887324468974
48439100601,-0.41959087788817273
48439110401,-0.335510181269169
48439106600,-0.4092994027286477
48439114011,-0.18957216608380717
48439114010,-0.1919995453632476
48439114009,-0.22644877564886684
48439106700,-0.3585200993410322
48439114107,-0.6521266507848108
48439114108,-0.7356316040628671
48439114106,-0.28174285769971696
48439114012,-0.15620067661437073
48439114014,0.010665471083672164
48439114015,0.0030553430834877188
48439114110,-0.126694261567111
48439114109,-0.08304161525898318
48439114003,-0.04332632661668805
48439114006,0.0058431127246172864
48439114013,-0.1439085370700726
48439100505,-0.25421541838295936
48439110402,-0.10872308102066613
48439100506,-0.40658285654791226
48439100300,-0.4226659692623305
48439100401,-0.35724273967738246
48439100402,-0.3493149500404385
48439100800,-0.34494250642259955
48439100900,-0.36692921805819245
48439123700,-0.24831444477260073
48439123301,-0.3768628055045462
48439102000,-0.385214498312452
48439102102,-0.29684651179040583
48439102101,-0.21405021344570915
48439102700,-0.2740573124001499
48439102202,-0.20654415636222673
48439102201,-0.22094856473189253
48439110500,-0.1683119273777159
48439100700,-0.25198500529715273
48439100503,-0.37022975438005884
48439100504,-0.27796556512348364
48439100602,-0.36821273230485313
48439110705,-0.03721336010835037
48439110704,-0.10109275719947423
48439110706,-0.08785781360115469
48439123001,-0.14491621834806837
48439110600,-0.10529527529370611
48439123002,-0.16991866546950693
48439102401,-0.33486239925618083
48439105405,-0.1817745539960365
48439105407,-0.17945477876874535
48439102402,-0.3465333797225091
48439102301,-0.7489800910217266
48439105201,-0.23693983623471
48439105203,-0.30278546013842306
48439110901,-0.14632893889351684
48439102302,-2.102304613240887
48439110905,-0.4743676160807529
48439105519,-0.18558484884641457
48439105408,-0.15873051592049148
48439110903,-0.08605593627361989
48439105513,-0.45232440425103154
48439105514,-0.3401646874511929
48439105505,-0.2646078856809275
48439105404,-0.20377922508896362
48439104202,-0.2946860194738919
48439102500,-0.31910349012193073
48439102601,-0.327100784309413
48439102602,-0.3260418313748515
48439105403,-0.27836577612152086
48439104301,-0.3218032326755386
48439104203,-0.3454088974102119
48439104204,-0.3044508489497278
48439104302,-0.2228798443323836
48439104100,-0.21338430526638524
48439104400,-0.293339250482752
48439104701,-0.33925726273624374
48439104803,-0.3817476276048593
48439104804,-0.3460957761059882
48439105600,-0.2814515797519899
48439104802,-0.3515920631169215
48439105800,-0.38462475424080844
48439111003,-0.11839284099263284
48439105701,-0.293107135182983
48439105703,-0.2625068463495003
48439105706,-0.2470142576157182
48439105705,-0.2174466601110628
48439106006,-0.23222343605088644
48439111020,-0.24176565803517366
48439111019,-0.26297548570854007
48439111026,-0.1700481482857537
48439111025,-0.21957864111966066
48439111024,-0.23942787136170343
48439111023,-0.15664568798743359
48439111033,-0.1238234979431766
48439111032,-0.11847814280556317
48439105516,-0.19014280960889035
48439105515,-0.1763271778162447
48439105511,-0.23368109233057435
48439105512,-0.23320108057576283
48439105502,-0.2542707439427689
48439105503,-0.2132393159889761
48439105518,-0.11358405036577388
48439105517,-0.15256656927758777
48439105520,-0.7526059865316275
48439111031,-0.054777487422431555
48439111018,-0.09316551534486374
48439111022,-0.010676726019114761
48439111021,-0.07172971423469039
48439111027,-0.12815330006983067
48439111028,-0.096500273156557
48439111029,-0.0364258040228888
48439111015,-0.015877705975552686
48251130216,-0.0024220498184752137
48251130217,-0.010797558258390589
48251130205,-0.0033788175016462724
48251130218,-0.018004965360302626
48251130215,-0.025929530748156907
48251130214,-0.05109227701850944
48251130210,-0.05775356655748677
48251130213,-0.2052364193180759
48251130212,-0.13478178376467695
48251130100,-0.05737404118028015
48439111010,-0.05281376809199562
48439110906,-0.1537302126222732
48439110809,-0.0012837223606609119
48439110808,-0.11178329539544202
48367140710,-0.04145659891688951
48367140604,-0.0405189282102528
48221160218,-0.024168116531617673
48221160216,-0.08369152106944601
48221160215,-0.11385909520631506
48221160100,-0.049929229187446286
48221160206,0.002726377402044524
48221160211,-0.0057051290133895965
48221160214,-0.007257763825883769
48221160213,0.00013358486520046622
48221160204,-0.016428823564793967
48221160217,-0.01748479853951155
48221160210,-0.005973419295439503
48221160212,-0.036833799084106604
48221160303,-0.0593529760695147
48425000200,-0.14109904794705236
48425000101,-0.0586073808940354
48425000102,-0.05406204505195824
48251130604,-0.055214263931161536
48251130602,-0.056021238591748374
48251130302,-0.05739828508223281
48251130700,-0.021883735178495112
48251131100,-0.03440682685768227
48251130800,-0.05980931826711962
48251130304,-0.04975131558435646
48251130900,-0.0905303067516397
48251131000,-0.03385981818719971
48251130603,-0.09542987282098837
48251130502,-0.08876950752937879
48217960100,-0.030274854136421656
48251130413,-0.06999554959466237
48251130417,-0.1859720900220847
48251130414,-0.11155448088995266
48251130501,-0.09257827443593337
48251130303,-0.06746888438673553
48251130415,-0.18368603181190563
48251130416,-0.1187625704838383
48251130406,-0.04932164059142133
48251130405,-0.06176084902695083
48251130219,-0.034847368871157025
48251130211,-0.03968308126853199
48251130220,-0.02194831192874262
48251130222,-0.020171660862682933
48251130221,-0.002397191103875655
48439111030,-0.03669930161114342
48439111204,-0.1072361152983283
48439111203,-0.20638777478840234
48439106005,-0.3444509540681704
48439106002,-0.2108441863132344
48439106004,-0.13984707434008883
48439111202,-0.11929876012845081
48439111102,-0.03493254128237928
48439111405,-0.037861103955799114
48439111410,0.001252484523159886
48439111411,-0.014402140063953966
48439111317,-0.1278128058828571
48439111306,-0.08880973967504813
48439111307,-0.04784369055195306
48439111318,-0.15566925199786164
48439111408,-0.12234948188590683
48439111532,-0.21729795730258403
48439111534,-0.22968509142870946
48439111402,-0.12831770320092345
48439111409,-0.04646923987663626
48439111533,-0.15227076440971937
48439111407,-0.02377594065690347
48439111406,-0.3617904097971862
48439111551,-0.3169713792166739
48439111568,-0.00350415126286803
48439111567,-0.08335315558550972
48439111544,-0.01797974076130316
48439111543,-0.015778053404627103
48439111541,-0.02671492936140102
48439111540,-0.04596886151265177
48439111542,0.004765423747368786
48439111560,0.005961217759042601
48439111514,-0.048350344794542297
48439111513,-0.04018065411778968
48439111561,-0.0015429027276364375
48439111562,-0.017598370661361894
48439111316,0.0013662372588604435
48439111319,-0.012924948497198824
48439111315,-0.6307222241202001
48439111311,-0.3390644415795944
48439111304,-0.37939132216323823
48439111308,-0.0602165070203919
48439111312,-0.030973350720220297
48439111309,-0.036322538793636984
48251130418,-0.3129044646608936
48439111314,-0.010960354671318106
48251130412,-0.07120970875923484
48251130419,-0.21316773116570895
48251130411,-0.11793396160473722
48139060802,-0.03190058558549092
48139060801,-0.014890295309876542
48139060702,-0.012159343199053546
48139060220,-0.012130750592732853
48139060704,-0.09699064552295253
48139060803,-0.07136205796956566
48113016525,0.0015726275141145936
48439111320,0.00011997670528428064
48439111565,-0.16277333957930645
48439111564,-0.13678471278640425
48439111566,-0.21373190393248587
48439111563,-0.014559481991086936
48439111554,-0.029529343490582064
48439111555,-0.049720053990127355
48113016417,-0.20324510464846818
48113016410,-0.07588249745883514
48113016415,-0.031099460014683132
48113016416,-0.08075401442288725
48113016522,-0.008250889012555015
48113016412,-0.006376947817957272
48113016527,-0.0032666842392911257
48113016526,0.007046064901761563
48113016528,-0.003439861668002673
48113016519,-0.005648046940334709
48113016511,0.0026889811263296993
48113016529,-0.0003471506121948671
48113016530,-0.007566294964077516
48113016629,-0.01696725565847313
48113016626,-0.012297771632661119
48113016615,-0.004121166646800724
48113016524,-0.015425464494775621
48113016616,-0.009407461831759943
48139060216,-0.168346663388383
48113016623,-0.2527288439316641
48113016632,-0.16253330867781662
48113016633,-0.00040186500245186494
48113016631,0.0005340329202261284
48113016624,-0.0144129098378632
48113016630,-0.008682924552431935
48113016636,-0.005662356225468454
48113016532,-0.013975837171845527
48113016513,-0.001356751979056177
48113016531,0.004551695592095117
48113016518,0.00458899526178204
48113016516,0.008047386510335501
48113016517,-0.004230625358157034
48113016607,-0.0072487107775585785
48113010905,0.004668051445375619
48113016635,0.010611090462561302
48113016638,5.239988624528133e-05
48113016637,-0.004156215351512555
48113016617,-0.0007937319046686719
48113016618,-0.06251026856556909
48113016619,0.01903273284579731
48113016610,0.004957301474130839
48113016634,-0.0077198851026400025
48113010906,-0.0024808248675766893
48113011101,0.01815448781282522
48113011104,-0.0035734372127617024
48113011105,0.011868542961219667
48113011201,0.0008712796578475123
48113016805,-0.0549680265656612
48113016627,0.001283767567308746
48113016620,0.005731541399949077
48113016621,-0.010263498577691491
48113016628,-0.008524969596344304
48113016622,-0.04178735924655531
48139060206,-0.012940020543199891
48139060219,-0.008038237703768467
48139060209,-0.015166990840747014
48139060215,-0.021759514427376538
48139060221,-0.013374400843690685
48139060211,-0.031449784360393106
48139060602,-0.10674886387040412
48139060601,-0.052035745907882
48139060212,-0.000836106536089017
48139060300,-0.007887707146791295
48139060500,-0.4041031537326729
48139060400,-0.0689019429114944
48139061100,-0.1258841057533314
48139060900,-0.06697363380342986
48139061000,-0.05850867339487866
48139061200,-0.02987991701207566
48349970301,-0.05885187889803802
48139061500,-0.009299453464604618
48139061401,-0.007796948705326307
48139061600,-0.017624732059883533
48139061402,-0.01728839226258593
48139061300,-0.01963665332653233
48139060217,-0.008764563534175316
48139060106,-0.1270031637669736
48139060103,-0.03443850458836262
48139060218,-0.023597275113495186
48139060207,-0.00974736795887056
48113016803,-0.08434625575924425
48113016802,-0.19567815179518971
48113016806,-0.026432637146863704
48113016707,5.239988624528131e-05
48113016706,-0.0026701239287106214
48113016704,-0.007306672404531776
48113016709,-0.007839971060782776
48113016708,-0.004312149553917982
48113011300,0.0023929927190069096
48113016711,-0.0023213233788288716
48113016710,-0.005111655633127789
48113016902,-0.06841677962593029
48113016903,-0.07970841329034091
48113017102,-0.06665541195459897
48113017006,-0.0722337797882822
48113017005,-0.05579749281405262
48139060104,-0.06230238150745415
48139060105,-0.10601271933624594
48257050801,-0.03324642429952151
48257050802,-0.07560670215277993
48257050701,-0.0455613604413716
48257051000,-0.062065039705974254
48257051100,-0.07860754969732098
48257051202,-0.026751660958595564
48257051302,-0.04336274376998966
48213950700,0.01666694436458056
48139061700,-0.011502885871062685
48349970100,-0.008748199654268991
48349970200,-0.06516866647675125
48213950802,0.08744991480723106
48213950604,0.00782418720337528
48213950603,0.1257957419518252
48213950801,0.07712391079485272
48213950905,0.048376267721067796
48213950601,0.06522500037064252
48213950500,-0.004981500555900517
48213951102,0.05533973478913879
48213950904,0.07312484314737089
48213950903,0.10492491052360331
48213951000,-0.0012991683190748278
48213951202,-0.0016112348602155817
48213951201,0.003676213807874578
48213950400,0.0013798565426425115
48213951300,0.001059022721775718
48213950303,0.03266087379683581
48213950301,0.010311830809673213
48467951001,0.007405255541951202
48467950601,0.0016408986194553883
48467950700,-0.02065326660119627
48467950602,-0.002048912952986504
48467951002,0.009676478346427108
48257051201,-0.07303873178783339
48257051301,-0.08070696917094429
48257050703,-0.0718110103939193
48257050704,-0.07840627896653173
48257050602,-0.034712061204289726
48257050401,-0.024438667394070544
48257050601,-0.034208699029728645
48231961501,-0.07290053311537145
48231961600,-0.19488141655421276
48231961700,-0.1588832490690153
48467950500,-0.006636714562590794
48467950400,-0.008332830432621603
48467950300,0.008291440353515435
48379950102,0.0077399999467815395
48379950101,0.020390793233765584
48379950200,-0.021666980032434047
48223950200,0.00587122261125017
48231960700,-0.08141630856026177
48231961000,-0.04487282494794767
48231961200,-0.2987619172752752
48231961102,-0.22511655344742673
48231961503,-0.141822623708034
48231961101,-0.21874208927934125
48231961300,-0.08931420299108175
48231961502,-0.057826261248220344
48231961401,-0.05685132437902058
48231961402,-0.06839560985239837
48231960900,-0.02621998813287121
48231960800,-0.058711795184607375
48085031102,-0.0889018662882861
48085031101,-0.08401574261766873
48085031006,-0.06238820208540037
48085031008,-0.08082207528840438
48085031308,-0.019049366075753964
48085031320,-0.008025849916760518
48085031321,-0.001433363934309087
48397040103,-0.0817915154987887
48397040104,-0.01447399464536651
48113018144,-0.008764826098289555
48397040101,-0.0755208157528679
48397040201,-0.3772419150629066
48397040202,-0.18889743269138723
48397040203,-0.09186599486408657
48397040407,-0.21398116802263975
48397040404,-0.2106178220546606
48397040406,-0.06533035096578893
48397040410,-0.0013609349743121109
48397040405,-0.014669093544599937
48397040403,-0.0348181186022393
48085031202,-0.03641030207399958
48085031201,-0.05332745990589377
48397040411,-0.005393666012469706
48397040412,-0.06767559478835605
48397040409,-0.0487610787795741
48397040408,-0.15536895381350543
48397040513,-0.15947233804379135
48397040514,-0.19581733901853346
48397040509,-0.11750215174234983
48257050402,-0.007576968469110829
48257050300,-0.033661311227654145
48257050500,-0.0382490507665827
48257050204,-0.014410303813792187
48257050210,-0.02128789808196115
48257050209,-0.011831665942194813
48257050213,-0.01716654662652734
48257050212,-0.010661529524101113
48257050211,-0.026579525468064063
48257050215,-0.014541881007132794
48257050214,-0.039187980748043146
48257050208,-0.017204174574376858
48397040511,-0.0160383473956836
48257050207,-0.0015529833951788727
48397040508,-0.09206934305322782
48397040503,-0.14391323544033768
48397040512,-0.15703112821359247
48397040305,-0.26500775317497804
48397040304,-0.15670088749894398
48397040303,-0.15872985201067974
48397040507,-0.13364409942516037
48397040510,-0.08161644852493609
48397040301,0.008333278109438532
48113018149,-0.0020502018023503695
48113018150,-0.013322847470059447
48113018140,-0.014743194076045706
48113018134,-0.011363542189685065
48113018135,-0.034862260943602535
48113018145,-0.040984020127557114
48113018147,0.004702918253322384
48113018146,-0.00041167184193713325
48113018133,-0.03907988929271203
48113018156,-0.0019086980272044884
48113018121,0.0030268268402705643
48113018203,-0.0010887012173423252
48113018204,-0.003870262532742139
48113018105,0.001257600807724726
48113018801,0.005491069890624521
48113018802,-0.08683445378256992
48113018900,-0.010711637945260125
48113018600,-0.006525588772439911
48113018700,-0.015609664707741909
48113018300,0.0012981827768621937
48113018401,-0.13264780595363157
48113018402,-0.09581001943598515
48113018111,0.009420075417148892
48113018206,0.0023484712193113187
48113018205,0.007447504444626324
48113018110,0.007396426660739253
48113018148,0.004934406824443854
48113018128,0.005759113003033435
48113017808,-0.0018884503099062145
48113018129,-0.020442990450858057
48113018130,-0.02538247226817871
48113018126,-0.06982162000617767
48113018127,-0.07809930323867785
48113018403,0.008476527049166821
48113012601,0.005828533268825484
48113012604,0.0009408925027312174
48113012603,-0.017253661258600193
48113018001,0.0019541752349786033
48113017819,0.011441595946955298
48113018002,0.002683820161991415
48113012501,5.239988624528134e-05
48113017900,-0.0038327597865686564
48113017806,-0.0004646983074058663
48113017820,0.000863550283566084
48113017815,-0.026007470872016093
48113017818,5.239988624528134e-05
48113017817,0.012191748422067801
48113017812,0.013160497890871347
48113017811,0.013331633123404142
48113017814,0.004387936756622037
48113018138,-0.004661065844225636
48113018132,0.0007233563631602166
48113018137,-0.00043162383961064746
48113018141,-0.023520830097011173
48113018142,0.007436617758781205
48113018159,-0.0026255569812508243
48113018158,-0.03417406956129639
48113017706,-0.08498263714663075
48113017312,0.0057764011133158485
48113017311,0.00852671162952772
48113017400,-0.017666309889996828
48113017308,-0.039013066440254415
48113017310,0.0018623141948805428
48113017307,0.01639919252381684
48113017309,-0.0017752297138435799
48113017313,0.0007384127467046817
48113017008,-0.017206766330876366
48113017007,-0.001619087298482658
48113017009,-0.014055694868515397
48113017010,-0.006242065947752474
48113017315,-0.05054591677931558
48113017314,-0.05408922795107473
48113017201,-0.0020818561602351225
48113017204,-0.0013284185662255376
48113017101,-0.019668645950800086
48113011604,-0.029631922101842564
48113011702,-0.018383403850850247
48113011801,-0.009601795872895327
48113011802,-0.027912605655872114
48113011901,0.012814896549826144
48113012000,0.016547296366275603
48113017605,0.004911190890893302
48113011902,-0.013520730271958093
48113017604,-0.0019378993146936256
48113017203,-0.0015292335086991575
48113017500,-0.020541619671021576
48113017606,-0.013065530753801909
48113017704,-0.03668290997244571
48113017705,-0.009619520372285395
48113017703,-0.009058714501087856
48113017816,-0.004483634482632761
48113017602,-0.009043156779511443
48113012101,0.03050140371262743
48113017805,0.013440835868104187
48113012102,-0.008949758409533924
48113009001,0.009302422357320265
48113008500,0.0035332063123092354
48113012207,0.023322663151436246
48113012206,0.014382093213656915
48113008402,-0.005991821280858686
48113008401,0.014953841918270957
48113009101,0.020967775058299873
48113009103,0.03116718533032061
48113009105,-0.007763278487659684
48113009104,0.015420451977805893
48113009002,0.01076902675137138
48113009204,0.00754679412480295
48113009203,0.004576279648623496
48113009202,-0.01860217185198243
48113009301,0.000840422438943831
48113011701,-0.014985440111259307
48113011603,-0.022207778122128395
48113011601,-0.020347975674551877
48113020200,-0.033716479052562996
48113009304,0.0031630550708023723
48113009303,0.007496854585441062
48113008701,0.0012924266283103353
48113008705,0.007040938805618848
48113011401,-0.003935760393233187
48113008704,-0.03140478972712792
48113008802,-0.04856725136189581
48113008703,-0.06643418940729665
48113008604,-0.020935614563126422
48113021100,-0.04982952983344376
48113008801,-0.009795118624251512
48113020900,-0.06303225392882998
48113011500,-0.07933536156101723
48113020800,-0.09742013672089557
48113003700,-0.07517888725785975
48113002703,-0.03570647032121135
48113002500,-0.05069765280542136
48113002400,-0.08942709222968075
48113001502,-0.14201937010317087
48113002200,-0.2990532013953958
48113020300,-0.07259714492688547
48113020401,-0.2365249953425368
48113020402,-0.09846404280332545
48113003103,-0.2209555416384598
48113001602,-0.37067743185969915
48113001703,-0.09050293336696905
48113000704,-0.06556583232153455
48113000703,-0.022471605171801527
48113000802,-0.35615011996686374
48113000801,-0.4486587361305172
48113001601,-0.4376164692475647
48113001503,-0.35847299329787574
48113001504,-0.2672443879536992
48113000902,-0.39683836108978027
48113001002,-0.1669893103882629
48113001001,-0.020307943093545108
48113001101,-0.19475909736998212
48113019600,-0.06794072032610711
48113000706,-0.021044034376649808
48113000901,-0.14803707376424927
48113000705,-0.04952869139840555
48113019700,-0.4044187423376522
48113019400,-2.469350487740716
48113007906,-0.3252396392197445
48113019301,-0.4914611554242168
48113007912,-0.015201808524915013
48113007909,0.019402757847595112
48113007913,0.005898604646508099
48113007914,-0.021692939031955495
48113019302,-0.035444339870051605
48113000300,-0.029012151479309665
48113000202,-0.04314270894315714
48113000201,-0.029395264645529277
48113007903,-0.00641947890706619
48113007910,0.01597740798775962
48113007915,-0.006126402177669233
48113007916,0.06718669510733247
48113007809,-0.2562994325449655
48113008000,-0.11034735724625579
48113007902,-0.12002890876054617
48113000100,-0.23646122910065212
48113001102,-0.026446343613705337
48113001301,-0.06150903018945503
48113001400,-0.17208722518168393
48113001302,-0.09405661721828887
48113001204,-0.06273949583838191
48113001203,-0.04364688420468276
48113001202,-0.1836110997867751
48113012208,0.015312621957876896
48113008102,-0.05428243789030941
48113008101,-0.05185509244815184
48113012209,-0.012328547380747427
48113012212,0.007043742673692119
48113012213,-0.0067801032638279265
48113012211,0.03255257463779331
48113012210,0.010791205128753938
48113012302,-0.028649293657291613
48113012301,5.239988624528134e-05
48113012400,-0.0058362772378909465
48113008200,-0.03625506154125533
48113012502,-0.0019150390451987383
48113012702,-0.0010324542980616933
48113012701,0.001655335633100066
48113012801,0.012497090226299665
48113012802,-0.015679354942806954
48113012900,-0.03044555312979282
48113013013,-1.504620358631007
48113013008,-0.904056646238608
48113007827,-2.609298949218767
48113013009,0.013805010734646284
48113018506,0.015853722535207386
48113013005,0.0005189895614262171
48113013012,-0.0013467659638251126
48113013011,0.03660789119032715
48113013007,0.022979369571148243
48113013010,0.02714136234357777
48113018501,-0.020485116973930597
48113019046,0.0018303306059054606
48113019013,0.008451465322290217
48113019047,0.01622603237772708
48113019032,-0.03112557379503808
48113019033,0.0017827494952186189
48113019044,0.013569574653945355
48113019045,0.018899898525739024
48113019018,0.010611457431575672
48113019019,0.007074859103824729
48113018505,-0.006366965842185513
48113018508,-0.010155113575510308
48113007834,-0.04704613899776556
48113007835,-0.29711369380947905
48113018507,0.006887735658870998
48113019035,0.036416363134615305
48113019034,0.008636184311175283
48113019041,-0.01917274030413411
48113019016,-0.2471615150517736
48113007829,-1.3942981597745663
48113007828,-1.0709634020954073
48113007805,-0.24600525133882997
48113007810,-0.5053341039467979
48113007825,-0.7740026306100873
48113007824,-0.17230206449930835
48113007826,-0.42428416401785807
48113007821,0.07851015182286716
48113007833,0.05064577363658628
48113007831,0.17594587554899677
48113007832,0.1353042065494725
48113007819,0.07691234730399998
48113007830,0.09677065027404912
48113007815,-0.15866984355132557
48113007812,-0.1037730047768822
48113007823,-0.2971433259737077
48113013107,0.032288924848392915
48113013106,0.002583982572071354
48113013104,0.00010574071287210279
48113007822,-0.004504663192098608
48113007801,0.0028937944223373507
48113007701,-0.34176877760355756
48113007702,-0.6704438344040482
48113007604,-1.4351881349951774
48113013102,-0.0064138675799227385
48113013300,-0.23766231610837726
48113013101,-0.12634031953823624
48113013202,-3.0
48113013201,-0.9003202504865908
48113013608,-0.09300347718951077
48113013606,-0.01347079963602628
48113013609,-1.624330409763674
48113013607,-0.9958943119292786
48113013610,-2.32382672133489
48113019208,-0.1449350788608391
48113019212,0.0672598034700085
48113019214,-0.13251911084347992
48113019213,0.02538295902999599
48113019040,-0.03291080664893188
48113019202,-0.07483077067517295
48113019101,-0.08864175249324381
48113019203,-0.07842221133424357
48113019215,-0.06140158462848798
48113019205,-0.07375604097999523
48113019216,-0.01595513017113201
48113019211,-0.02093913524017137
48085031814,-0.0545836130818844
48085031813,-0.487230606657956
48113980200,-0.20515122614275635
48085031812,0.012796240441317386
48085031719,-0.11101719644816423
48085031720,-2.2144895110137863
48113013618,-1.1171671652843922
48113013605,-1.1258460191114215
48113013619,-0.011018349673792702
48113013617,-0.020305664815754732
48085031718,-0.03767028356601301
48085031709,-0.21043939249832086
48085031621,-1.0283080523929782
48085031655,-0.9309715400866232
48085031654,-0.9696354306075725
48085031675,-0.9370823943068277
48085031676,-1.0653163777049106
48085031625,-0.4071866898065723
48085031681,-0.38251906302572
48085031682,-0.2752536647173785
48085031613,-0.23732881024926453
48085031627,-0.3477038136149857
48085031626,-0.3347640247774742
48085031624,-0.3118401073292205
48085031807,-0.32175804359718874
48085031811,-0.1856588401317029
48085031806,-0.08897392632936932
48085031809,-0.18995028205884126
48085031810,-0.04613763834213185
48085031904,-0.7702931719617517
48085031623,-0.17955049517080646
48085031808,-0.4089628547088891
48085031622,-0.23045999303481826
48085031629,-0.2872939807404824
48085031628,-0.25900818249051116
48085031611,-0.3443380584463984
48085032012,-0.6016516295642399
48085032013,-0.3499322856286489
48085032008,-0.3115275251448631
48085031421,-0.1707454704032865
48085032015,-0.4815839032376559
48085032014,-0.5141289643541067
48085032003,-0.5507458769278836
48085031902,-0.5121400787271273
48085031903,-0.05868450519600093
48085031901,-0.26533285419640257
48085032018,0.01943532107389047
48113019031,0.012852804135579756
48113019037,0.007155393407519154
48113019036,-0.008492341599887895
48085031816,-0.03782806854719621
48113019052,-0.08811805712869433
48085031815,-0.00899049827867041
48113019210,-0.02588036197737175
48113019053,-0.05461779287471948
48113019039,-0.021313207716609068
48113019102,-0.07072476750437033
48113019024,0.00539555406301169
48113019023,0.000600726835596671
48113019028,0.019286267618835076
48113019029,0.09441364937760381
48113019020,0.019244540810488032
48113019048,0.021389989335602495
48113019049,0.014737333067348268
48113019026,0.004417463320092469
48113019025,0.000725113976388056
48113019027,0.007999428276704672
48113019042,0.002281074888680366
48085032019,0.0011214969924327168
48085032017,-0.005010094177307443
48113019050,0.008016493694154733
48085031334,0.0036638978374746284
48113019051,-0.005721524178533367
48113018151,-0.001867692711487293
48113018152,-0.0011493506008855615
48113018120,0.0027606193324243747
48113018157,-0.0198814822981224
48113018143,-0.027163984290918465
48113018155,-0.016743572143346448
48113018154,-0.010097685141171419
48113018153,-0.007572103161424181
48085031336,-0.00297316637062625
48085031331,-0.00537665330271483
48085031332,-0.0023344996508660805
48085031322,-0.004470127497341117
48085031319,0.00032531131711997904
48085031323,0.0003268352717784049
48085031318,0.006401154921594672
48085031330,-0.0024774055614431145
48085031326,-0.007957803695249257
48085031329,-0.001504897495413878
48085031335,0.005231948135059267
48085031333,-0.14427769379069708
48085031327,-0.015457975460384773
48085031328,-0.011908420559879535
48085032016,-0.03623573288936783
48085032010,-0.28189482577462915
48085031325,-0.2959343850356519
48085031324,-0.2710646387846618
48085031411,-0.028143081885697564
48085031425,-0.02560454076885356
48085031423,-0.018896190716186347
48085031424,-0.08460398997859736
48085031512,-0.09040130988323125
48085031508,-0.0786027993324204
48085031413,-0.012498951827439618
48085031504,-0.025117220262749703
48085031414,-0.027096330309051873
48085031408,-0.044584757734837256
48085031314,-0.014158299280097998
48085031419,-0.03844418647872334
48085031420,-0.052135019490249235
48085031007,-0.04438868578973417
48085030902,-1.526165430951614
48085030802,-0.04637710721095515
48085030903,-0.04684166033349309
48085031412,-0.038039718720809655
48085030606,-0.012831349482616172
48085030801,-0.022135738693077257
48085030607,-0.006177388817610592
48085030545,0.0169357122069831
48085030544,0.014348060641048791
48085030549,-0.07632975904276734
48085030515,-0.04061929335316057
48085030534,-0.001035088903623136
48085030531,0.0010978787853239207
48085030529,-0.00449994486174187
48085030517,-0.04457582412782493
48085030516,0.0021171341551180427
48085030540,0.0001139450323199556
48085030543,-0.0061967367381699345
48085030542,-0.10706519890827866
48085031417,-0.010205494339272737
48085030541,0.006483671647558033
48085030550,0.0146070080520639
48085031418,-0.020066878213052138
48085031507,-0.14221064099871025
48085031511,-0.0894444539548453
48085031422,-0.05799043535361617
48085031510,-0.14109165079049887
48085031632,-0.18035234349565613
48085031635,-0.2378338670695403
48085031633,-0.2156973806828363
48085031634,-0.2685667390877327
48085031630,-0.20937154169226
48085031631,-0.2520716477145646
48085031509,-0.09457116607240684
48085031415,-0.014161705616372918
48085031416,-0.012589311214099336
48085031665,-0.08589430500349525
48085031639,-0.14614527112889553
48085031679,-0.119524419669414
48085031641,-0.10103450743601605
48085031666,-0.09323769785576029
48085031642,-0.17698604621117198
48085031643,-0.22677874676688095
48085031636,-0.3870275321660765
48085031678,-0.4653053857334411
48085031677,-0.42770776358215784
48085031664,-0.7089631860528586
48085031674,-0.6684510225157597
48085031673,-0.2710860450297351
48085031663,-0.7828712892388122
48085031660,-0.6729642903475137
48085030506,-0.186470373322433
48085031661,-1.0119475752347993
48085031662,-1.290038173620612
48085031680,-0.6361482157353897
48085030507,-0.3763057268138818
48085030532,-0.46761423196878854
48085030509,-0.07586834869499828
48085030405,-0.03426404257263571
48085030404,-0.0019123107925261462
48085030510,-0.8379509430743589
48085030533,-0.9094004802449569
48085030511,-0.16334286811465767
48085030512,0.004391991859309407
48085030538,0.0001139450323199556
48085030536,0.0022420967134380325
48085030521,-0.5795729645010489
48085030518,-0.032932259498041995
48085030520,0.005326097738736109
48085030303,-0.0029123627877635934
48085030302,-0.10885867110366924
48085030524,-0.008901840998956115
48085030537,0.0022131932544184555
48085030539,-0.0034718793067276175
48085030525,0.005190736965070341
48085030546,0.005639343117576575
48085030547,0.010900262895795055
48085030535,0.006474282831638379
48085030548,0.0037205366142698823
48085030301,-0.004030256900353324
48085030307,-0.07674844291761178
48085030202,-0.042097679926024714
48181001803,-0.021840698042530738
48085030204,-0.06215722958735796
48085030205,-0.06289609730778736
48085030207,-0.0518994784675736
48085030201,-0.040600736782434706
48085030206,-0.05742668817819446
48085030701,-0.02903215780525701
48085030604,-0.017593438647795202
48085030605,-0.007949322441020529
48085030609,-0.0017261176183078774
48085030608,0.0026909661050157694
48085030702,-0.03801036270923641
48085030901,-0.032051172466346804
48085031003,-0.03523422848440435
48085031005,-0.05052738278386921
48085030101,-0.034915817169207
48085030102,-0.04706871668822714
48147950702,0.005826676715517552
48181000102,-0.02297543860462268
48181001802,-0.009000266969914881
48147950300,-0.002173960690027128
48181000101,-0.08562994924053255
48181000600,-0.09708503383900065
48181001400,-0.3124727917066235
48181000903,-0.33210735302191674
48181001200,-0.6219158973857075
48181000904,-0.3582780748701325
48181002000,-0.42159855536867763
48181001300,-0.43401762545788414
48181001700,-0.46756332191653666
48181001500,-0.5379937121187678
48181001801,-0.1951278804465935
48181001901,-0.12206575965907573
48181001101,-0.1801480577991051
48181000302,-0.07372476961460532
48181000901,-0.03216074821803144
48181000800,-0.01817361894334445
48181000700,-0.041640416117335884
40013795900,-0.12863030031558484
48147950800,0.00668248512873488
48147950100,0.0045776513562242604
48147950402,-0.000339682284089097
48147950401,-0.022913807819589113
48147950600,-0.0022743553890701928
48147950500,-0.002164122342224091
48147950701,-0.0037841584567872366
48231960300,-0.026659753578219696
48231960400,-0.04871039299477264
48231960200,-0.06076456866946605
48231960500,-0.04509728916040074
48231960600,-0.03278887447840238
48231960100,-0.07766750406054947
48223950301,-0.00029584038490058933
48119950200,0.00650035925912217
48119950100,-0.005178332554186273
48223950100,0.008909023756566966
48159950102,0.0005099282133203176
48277000301,-0.04296277197433317
48277000402,0.006552011516932294
48277000500,0.008888667474062518
48277000600,0.00894521514102299
48277000401,0.008285803498437891
48277001000,0.007192694564081146
48277000800,0.0038731058822803178
48277000900,-0.016134427915201626
48277000200,-0.02134150362097346
48277000700,0.005801317290830637
48277000102,0.006877667531618343
48277000101,0.02835598800221976
48277000302,-0.024881086279549817
48387950700,-0.006749941970155119
48387950100,0.009027998259655664
48387950502,-8.968725179601624e-05
48387950501,0.005115379161878455
48387950600,-0.005872333196145192
48449950100,0.006607246444671821
48449950301,0.008742090344305807
48449950400,0.007475451070099548
48063950101,-0.010409457427274144
48459950102,0.014250751982820414
48459950101,0.008281918155820151
48459950200,0.009805692271781212
48459950400,-0.024012716278759064
48459950301,-0.00035832169275733987
48459950302,-0.0035533544500834704
48063950102,0.003613194057955418
48063950200,-0.021668340330988273
48449950700,-0.012562546434253004
48449950800,-0.008349129319137111
48449950500,-0.006483060683777307
48449950302,0.00036330951544509386
48449950600,-0.008495629325079619
48449950200,0.03364839556379412
48159950200,0.0030079708747131886
48159950101,0.11704383428613663
48159950300,0.08224059475554384
48499950200,0.01103181202241913
48223950700,0.01065088193184964
48223950600,0.004621502309622905
48223950302,0.0006953600581026587
48223950500,0.0030727708640374135
48223950402,-0.006032818601486057
48223950401,-0.005172534778538462
48223950800,0.009133167958193248
48499950303,0.034310386337826786
48499950402,0.027903213337465788
48499950304,0.03854536091827938
48467950200,0.0072910132598185675
48499950401,0.0006372924020781669
48499950700,-0.06571230542297982
48499950500,-0.03393278383774765
48499950301,0.008543068577543455
48499950100,0.015143283506639979
48499950602,0.004398856436548418
48499950601,-0.11243412915885133
48423001502,-1.0204181256488463
48423001701,-0.8716037382274013
48423001702,-0.8725810698766658
48423001407,-0.5825791365188195
48423001605,-0.8177099638345711
48423001606,-0.9007189352153169
48423001408,-0.6400804050951836
48423001404,-0.7256594079721502
48499950800,-0.06704892551908878
48423001405,-0.537404332698985
48467950100,0.004320262254292199
48467950801,-0.00027751662149786685
48467950802,-0.046791138128153324
48467950901,0.0003685175374991653
48467950902,-0.1686201316259459
48423001406,-0.6374273420153891
48213950101,5.23998862452813e-05
48213950202,0.006585417581877932
48213951401,-0.2810000498566891
48213950201,0.005825485167629492
48213950102,-0.24802320116129087
48213951403,0.024967400137354608
48423001912,-0.8082185917649436
48423001915,-0.4858498523013668
48423001916,-0.26869362971437893
48423001906,-0.38740072795348984
48423001913,-0.7480312490926407
48423001602,-0.5899187427805136
48423980000,-1.5152418551404783
48423001607,-0.6484881627891373
48423001608,-0.6915195941841447
48423000100,-0.47909104991406015
48423000400,-0.4279916329726449
48423000700,-0.3985717395460275
48423001917,-0.3298552722079731
48423001911,-0.27136592671151777
48423001910,-0.1783841727826609
48423001909,-0.2303551948372423
48423002004,-0.2767923288524475
48423002006,-0.270719518624485
48423002010,-0.33282421377203886
48423002003,-0.22736507583766097
48423001803,-0.2211815561071442
48423001300,-0.3795923890983748
48423001200,-0.3883873383071324
48423001101,-0.34445210245047564
48423001102,-0.3041777375033965
48423001000,-0.2990374636038673
48423000800,-0.3473760741573695
48423000500,-0.2755691548316905
48423000202,-0.3682523858126237
48423000201,-0.4286570463196485
48423000300,-0.4875780351798101
48423000600,-0.5452948024717569
48423000900,-0.3496303884183606
48423001807,-0.5311507934035187
48423001806,-0.6004800938702345
48423002009,-0.5935706313644802
48423002011,-0.5614076821207864
48423002012,-0.26804898089898893
48423002013,-0.5300848212337624
48423001914,-0.5216329944966821
48423002200,-0.6828516231797337
48423002102,-0.8463527959239124
48423002101,-1.1952104344273877
48423001804,-1.2197821721051703
48423001805,-1.2633800616923674
48423001501,-1.068115966589083
48459950502,0.009519391745850602
48459950501,-0.05262641812125061
48459950600,-0.004470221415399544
48183010201,-0.046526545527164946
48183010402,-0.023214708392401927
48183010401,-0.01928655683748154
48183010202,-0.02598781403283544
48459950700,0.0032951164030512654
48183010100,-0.0198553009643247
48183010700,-0.025363034170702032
48401950300,-0.023657936566028295
48401950200,-0.017040114973123865
48401950502,0.01333683339891017
48401950400,-0.005257546084989572
48401950501,0.014363968734078188
48401951100,0.019053461791377835
48401951000,0.017097891429152943
48073950100,0.0035091471456616587
48073950801,0.012980842782854463
48073950900,0.012428423778826409
48073951000,0.014116669981838938
48347950200,0.010229661369320426
48005000104,0.0020518394260657666
48005000102,0.016631780715296435
48455950100,0.005974012336369141
48225950600,0.01554179626197235
48073951100,0.010679640021850212
48225950102,0.021286309629743427
48225950500,0.024273491804878394
48225950300,0.0037566644894602916
48225950400,0.0022937728563367237
48225950200,0.022822695383613003
48225950101,0.0470098636271421
48001951002,0.006652813276834036
48001950800,0.012122416332216309
48001950600,-0.0005952319879070675
48001950500,-0.0008613032746051629
48001950700,0.00719110299174513
48001950902,0.00555887354420184
48001951001,0.0075833228588873
48073950802,0.0291202804196378
48073950302,0.02880095608784453
48073950700,0.043864506422375556
48073950600,0.004331816511529591
48073950301,0.007314519392654081
48073950400,0.006357215470462403
48073950500,-0.0011859405784262402
48073950201,0.004722084337497224
48073950202,0.012068868175392518
48001950100,0.013623100828883091
48213951402,-0.08331539930674751
48213950302,0.0075147132493625065
48213951101,-0.006783802234205047
48001951100,0.007067501688624781
48001950901,0.004301922940131678
48001950401,0.019296593083891624
48161000900,0.017916611442720207
48001950402,-0.004929607520522776
48161000102,0.008578921510636097
48161000200,0.008182035990634171
48161000300,0.012327824597726578
48161000101,-0.01747686042317499
48213950902,-0.010554726699784482
48349970600,-0.023682145612297895
48349970701,-0.1022196467302292
48349970901,-0.07347186515040832
48349970800,-0.12514627569056716
48349970902,-0.07279572793560536
48349970500,-0.10227112292525967
48349970302,-0.056832584118669836
48349970400,-0.09146273474757259
48349971000,-0.12213150506572146
48293970100,0.00999392520703763
48293970400,0.0019459248894715799
48293970200,0.006438800676795599
48293970500,0.006587391949287943
48293970300,0.0061118884835901135
48161000400,-0.04083316094498614
48161000700,0.0069794249742318945
48293970700,0.02998413701914832
48293970800,0.04553792001309983
48293970600,0.0056413841258539914
48395960100,-0.028332273072868695
48395960300,0.008852314552949464
48289950202,-0.0008096746654874897
48289950201,0.013648541650086226
48161000600,0.00802355879700552
48289950101,-0.0179431404526357
48289950102,-0.004617188122323484
48289950301,0.007124642093231531
48289950302,0.008789680558494637
48313000100,-0.018903438289121548
48313000400,-0.0975397633727242
48313000200,-0.04437123482630721
48185180302,-0.02932668199919601
48185180304,-0.01732178513029509
48185180303,0.0006350102393187945
48041002009,-0.0009829972041036775
48041002016,0.002837463577028031
48041000106,-0.0012956647072375033
48313000300,0.0005276246891381802
48041000103,-0.0021141904241582824
48395960400,-0.015530195556932708
48395960200,0.00013358486520046624
48395960501,-0.026687681987402876
48395960502,-0.013278747796951084
48331950500,-0.0013009988308372987
48051970100,-0.04219158971516168
48041000206,0.0025066497216399185
48041000207,-0.020521967551507116
48041000205,-0.0333316509030175
48041000301,-0.0028367650281571886
48041000302,-0.012744697148219382
48041000104,-0.006087172665434809
48041000108,-0.0015466782259157099
48041000105,-0.011771918965989928
48041001302,0.005848616903029009
48041001301,-0.011952799021673252
48041001902,-0.0036447180725071495
48041002022,-0.015110241769046384
48041000107,-0.005706860137757804
48041001901,-0.002833773772590182
48041000402,0.009419440588561272
48041000401,-0.05403904242546583
48041000501,0.003055299157620115
48041000502,0.0040786253571696175
48041000603,-0.000503931567889251
48041000700,0.0005861288324601941
48041000900,0.0027673516583122905
48041000606,-0.00446417744987485
48041000605,0.00239500181317409
48041000204,0.005262845073103022
48041001001,-0.04065039890538057
48041001002,-0.08320999102030742
48041000800,0.00011394503231995546
48041001102,0.00011394503231995545
48041001101,-0.0072400049049053386
48041002100,-0.06660907801304847
48041001608,0.0014014286498782013
48041002017,-0.06168074838367268
48041001401,-0.1250454852276599
48041000203,-0.0012960192514775784
48041980000,-0.5839836632576944
48041002023,0.01234269138260335
48041002024,0.014990769905926814
48041002006,0.0017857511754314837
48041001804,0.0034146101507641184
48041001801,0.0022805810848249776
48041001604,-0.000806631972332913
48041001803,-0.001054800095186109
48041001605,0.0008783428047633055
48041001606,-0.004190300685567912
48041001607,-0.018814755800449934
48041001303,0.0011480665414940856
48041001703,0.000886513473108545
48041001704,0.025091907248919167
48041001702,0.0029164998175993605
48041002001,0.005975573607670173
48041002019,-0.00029036393219262466
48041002025,-0.0012408916516520594
48041002026,0.004777200914338272
48041002020,0.0039086883769655365
48041002018,0.0018562108145293498
48041002021,-0.009571601610172438
48041002014,-0.022913523923062864
48051970400,-0.004121020678341071
48051970300,-0.010336223608899646
48051970201,-1.2612925295780023e-05
48051970501,0.0022733590964385867
48051970502,0.0029219494533458627
48477170501,0.009379372572742923
48149970100,0.0027801510723793753
48477170400,0.007160077654767908
48477170202,-0.005576393595863774
48477170502,0.01183128051666848
48477170201,-0.013192845488627652
48477170100,-0.015164130253525787
48477170300,-0.00018517062957759396
48477170601,0.01573325522601522
48473680303,0.003542868262788426
48473680502,0.001190733456212096
48185180400,0.01213715476995155
48477170602,-0.00959360681540255
48041002011,-4.8708336763140596e-05
48041002010,-0.0008802772825702044
48185180201,-0.0419591241603194
48185180101,-0.015056525487425745
48185180202,-0.0104064136813994
48339694601,0.006055969193144331
48339694602,-0.0031583448211246895
48339694603,0.00013358486520046627
48339690300,-0.003398838234120496
48339690204,-0.000504840321472311
48339690203,-0.0014902525888241128
48185180102,0.005079010484934143
48473680602,0.004623523501682712
48473680601,-0.02065696762952384
48473980000,0.0001335848652004663
48473680301,-0.009741529430351017
48201556000,-0.02448908589472652
48339690101,-0.006130744025434309
48339690205,0.006354959081606062
48339690102,0.00438578548853575
48201555600,-0.0003172621986311382
48201555501,-0.02006552759708309
48201554806,0.00912580541253762
48201555404,-0.047165201307166504
48201555401,-0.02665740531756972
48201555403,-0.03924042358295325
48339690408,0.0028893994170892377
48339690207,0.005123649636268546
48339690206,0.0011805614460441724
48339690405,0.0017461479578991385
48339690403,0.002875254253689259
48339694502,-0.015016456137902597
48339690404,-0.0002796208692508639
48339690406,0.0031714893990478794
48339690407,0.0017909045222755248
48339690604,0.001116236429505428
48339690606,0.004766640418452754
48339690605,0.0007974611457834469
48339690608,-0.002817902111141759
48339690607,0.0025449338409966192
48339690609,0.003929904520584283
48339690501,0.0010367939213971292
48339694503,0.00047972786599957413
48339690502,0.00185554066958778
48339690503,0.0015924346544601668
48339693301,-0.005717978210334623
48339693302,-0.030324148999812898
48339693303,0.005900053532092541
48339693402,0.00013358486520046624
48339693304,-0.0010888618044182026
48339690701,-0.013595869512759267
48339690610,-0.0001862969398938551
48339690800,-0.0026888925175173996
48339690900,-0.0012970713840691772
48339691000,-0.005592588935228136
48339691100,0.000688513485545662
48339691201,-0.006120683283975263
48339690702,-0.022788535661434434
48339691700,-0.12503473578522584
48339691500,-0.01940679523264063
48339691601,-0.07230351544216353
48339691602,-0.018467394892796314
48339691402,0.0032637904257989112
48339691401,-0.002249611692039593
48339691302,-0.0025658439506370326
48339691202,-0.021753580381503303
48339691301,0.0011030584052143721
48201555305,0.0007285237809284486
48339690603,0.0013239720603995116
48201555303,0.0001335848652004663
48201555304,-0.0022161022045061587
48201555301,-0.007388495012898712
48201554902,-0.01988152592621436
48201554907,-0.017313084913803675
48201554908,-0.002652645593121123
48201554803,-0.01659382985139234
48201554809,-0.006057620398423396
48201554804,-0.0334226190064219
48201554904,-0.0025955166530591024
48201554905,-0.0189882387848654
48201553801,0.002504811320513303
48201554906,0.0009241673129072149
48201555002,-0.004833026619508161
48201555101,-0.00776461870042786
48201555200,-0.047671584150125186
48201555102,-0.004385591656860201
48201555001,-0.006258582909725567
48201553403,-0.0034975457523608927
48201553404,0.0012269057575527806
48201553401,0.0005841115850580884
48201553405,-0.0034450612613227526
48201241302,-0.006617414841917948
48201241201,0.00349574216773963
48201241202,0.00033202260063399297
48201241101,-0.0010892125930754256
48201241400,-0.009642231434832275
48201241301,-0.03346167823939163
48339691403,0.008182365894323782
48339691900,0.0036668742635736057
48339691801,0.006686340250969319
48339691802,-0.004968496877207988
48339692004,0.001585753529023199
48339692003,0.004172106404279553
48339692006,0.0006288472701062543
48339692005,0.0016918532803192
48339692007,-0.0014978423312645686
48339692008,0.0012116460433991328
48339692010,-0.003678163198252838
48339692009,-0.0024841822088160635
48201241103,0.001687930581290331
48201241105,0.0005412026399240369
48201241104,0.0005351449110110972
48201241002,0.00022085909462328063
48339692304,-0.0002978769052750707
48339692303,0.0019421246352508243
48339692402,0.0026109929577884925
48201251200,0.003748674768974023
48201251300,-0.0017465485390618758
48201251402,-0.004880323943654172
48201251503,0.0009956619456655913
48201251401,-0.006856789577878053
48339692401,0.002027326559114975
48339692502,0.002834498539753409
48339692605,-0.06015902718807733
48339692604,-0.050461625593542246
48339692302,-0.007457700013439913
48339692301,-0.024961263156617553
48339692601,0.01099455097166138
48339692701,0.008606895394136388
48339692603,-0.018715879441818004
48339692702,-0.013488477365968917
48339692900,-0.0018599933032219208
48339693001,0.005990652543662937
48339693002,0.0052268939250168355
48339692201,0.0067933172971780175
48339692202,0.0020595593956672697
48339692103,-0.0006907031816066497
48339692102,-0.053645403301823616
48339692101,-0.06791146562000847
48339693202,-0.053978861560432904
48339693201,-0.016079927784427493
48339693102,-4.994923841009833e-05
48339693103,-0.010792234310970667
48339693903,-0.006646836912205597
48339693904,-0.007258328749812112
48339693902,0.003854561895295392
48339693104,0.0038482078569670565
48339693901,-0.003949743658854158
48339694103,0.007489833851076319
48339694104,0.004663338764014487
48339694001,0.007063979528062922
48407200106,0.008593853769715058
48339694002,0.008406767545743593
48407200107,0.01575792265376865
48339694107,-0.001256608969607655
48339694205,0.033334977064641426
48339694204,0.03679691611397273
48339694203,0.015293074917290579
48339694106,0.0031317368689761167
48339694105,-0.013807517439641334
48339694209,-0.0479366726528617
48339694208,0.004250020335440636
48339693800,-0.004345875461929376
48339693502,-0.021028934986296422
48339693401,-0.07440607533816253
48339693503,-0.014738743156330033
48339693501,0.012892010066411995
48339693600,-0.011965620859706769
48339693703,-0.0011219912657500684
48339693702,-0.00029668627973772197
48339693701,0.016988839944782216
48339694401,0.01183528696874841
48339694307,0.010940129993463324
48339694207,0.02760063908079232
48339694206,0.02999275297518332
48339694210,0.030244285983388918
48339694304,0.020857805960753893
48339694306,0.022367654814475706
48339694308,0.0319455596903258
48339694309,0.023030208304402913
48339694305,0.02139711867929466
48339694402,-0.0015780607380486724
48339694403,0.015337623499563548
48339694501,0.011563898653222703
48339694303,0.011192224374596833
48339694700,0.0171637163087522
48471790301,0.0023000307097270486
48471790302,0.005644097499948072
48471790800,-0.03809491924428976
48471790500,-0.042481850350599724
48471790600,-0.04353659646998459
48471790700,-0.014230831499032615
48471790102,0.011329050773406991
48471790401,0.008307023021160093
48471790402,0.003694979233690288
48225950700,0.02098141000028327
48471790101,0.011742621789459179
48455950400,0.025823656217818593
48455950500,0.006770633673757514
48455950300,0.025909442761003897
48407200301,0.06807864563320615
48407200302,0.06144815813116703
48471790103,0.018217008069588043
48471790200,-0.0011519145038588966
48407200201,0.034451399346394906
48407200202,0.05945572254573804
48373210204,0.04880277139249275
48373210203,0.007576742476866852
48373210302,0.03830903600006714
48373210206,0.048324099036868365
48373210205,0.08339684449020958
48373210301,0.03019805667083541
48455950200,0.031251966614953434
48373210402,0.009054678047356986
48407200103,-0.07403828377324145
48407200104,-0.10636815924350557
48407200105,-0.01173488457460217
48291700100,-0.01148542940797124
48291700200,-0.038915049242553325
48291700303,0.002104751183267398
48291700500,-0.04496785216651362
48291700400,-0.017470419930947445
48291700301,-0.009158493541465007
48339692803,-0.024504948352102013
48339692804,-0.07412325349399587
48339692802,-0.0332481372068302
48291700302,-0.045690662553086084
48339692501,-0.0025546080701306564
48201251501,0.0033976689164586463
48201251504,0.007306324482795678
48201251505,0.026365640847908496
48201250901,0.007128008779138546
48201250902,0.04104594941629156
48201251600,0.012639612036245376
48291700900,-0.009852473446423728
48167721403,-0.0068129772264610795
48201341502,0.009623184630890597
48201341501,-0.021626275665612177
48201343700,-0.007851300878907664
48201340203,0.00027980994909458185
48201340302,0.003711661052779146
48201341400,0.010266418325438093
48201341204,0.012467422338234528
48167721502,-0.0207789050431228
48167721401,-0.002755729821533751
48167721205,0.0008026311768169707
48167721501,0.0038144624483132604
48201341203,-0.01954286490567008
48167721302,-0.007910873922019702
48167721301,-0.005490511211971292
48201341201,-0.022946194977917198
48201341302,0.01499360381340756
48201341304,0.0061758973918585895
48201341303,0.005778609629299191
48201340400,-0.00863121269798589
48201340501,0.003151155389020581
48201340600,0.0010391207508781623
48201340702,0.0030395740413797557
48201341002,-0.0020743694643730413
48201341001,0.005181753957907912
48201340701,0.005187692598306071
48201340502,0.010150922918108273
48201341102,0.016973472063484787
48201341101,-0.008897370177593561
48201350803,-0.013765068903169466
48201350801,-0.0008619943251437527
48167720200,-0.006504417559757166
48201350603,0.0008466862930958691
48201350601,-0.0064665794266407835
48201340900,0.006151159987323044
48201340101,-0.026498696084411022
48201340201,-0.0726324790675783
48201340800,0.003972253772397024
48201340301,0.00047767089326100523
48201340202,-0.009200976431046086
48201342001,-0.0006431250554779028
48201342002,0.012362972883360133
48201323702,0.010945173477203656
48201324000,0.006242996644108078
48201323701,0.01338633297318633
48201323900,0.01785059268971654
48201323802,0.004568614309855624
48201323100,0.00980294286068132
48201323200,0.0051341742972505836
48201322600,0.007330545894040609
48201322702,0.0008449361671224374
48201322701,0.00661115429034201
48201342400,0.011609896188878194
48201342500,0.009112815683261086
48201342700,0.005373805042853413
48201342300,0.013617448162776954
48201342200,0.01148742984536523
48201342100,0.010685076687966644
48201343000,-0.0135231478997591
48201342900,0.004501912304599336
48201343100,-0.016222402365808505
48201343200,-0.06305704210586847
48201343302,-0.012018718299864837
48201343301,-0.009120684287440249
48201342801,-0.02388139621913574
48201342802,-0.014609796423419768
48201343601,-0.011918129482896823
48201253300,-0.00563113041805666
48201252500,-0.0036974105939473973
48201233104,0.0009918163349461626
48201233103,0.001355486050925883
48201233101,0.005416942380975526
48201233002,3.2178195814103324e-05
48201233003,0.006555779369326333
48201252305,-0.0010282970974140162
48201252304,0.0039711537101893655
48201233105,0.0018259210060269533
48201252400,-0.002732122166579768
48201252306,-0.0027799313185837924
48201252303,5.239988624528131e-05
48201252202,0.0008268457692173221
48201252201,-0.0010528927588794987
48201252002,0.003726411430887606
48201252100,-0.017631889000673195
48201251902,-0.08278554324076695
48201252901,-0.10880456323181772
48201252602,-0.05315474114575148
48201252601,0.008969638087397015
48201253502,-0.036396549046840344
48201252902,-0.02796728755924329
48201253000,-0.025999046067775443
48201253202,-0.013744165705493486
48201252800,-0.12369611801835485
48201252700,-0.16193030930417407
48201251800,-0.5540360882866557
48291701000,-0.16830393865476045
48201251702,-0.0520123831042502
48201251701,-0.2344717635923259
48201251904,-0.02637520624552329
48201251903,0.01215717514325018
48201252003,-0.027810575465089856
48201250405,-0.000703643172601575
48201250702,0.011607194212949246
48201250404,0.005410777564495708
48201250403,0.011087550362355106
48201250801,0.01968455870278478
48201250802,0.01720304987671603
48201251000,-0.010293236533150122
48201250500,-0.0024165530740443116
48201250406,0.00010968804456586338
48201250305,-0.8108782850475375
48201250602,-0.007700661322270472
48201250701,-0.01202603418037563
48201251100,-0.006904544809333758
48201240904,0.005796700425054346
48201240903,0.007270714489582744
48201241501,-0.03115002699497008
48201250601,-0.007511538123425898
48201250201,-0.016123071996670766
48201250202,0.010762015301642947
48201250101,-0.052129294588579796
48201241502,-0.016623685336828495
48201232201,-0.012969891959488477
48201222701,-0.005156046294189034
48201232202,0.0022260913914197216
48201232203,0.0011978855270136921
48201250303,-0.00756848210148133
48201250304,-0.2249018354440759
48201250102,-0.49670265901554966
48201250306,-0.7558420373751363
48201250407,-0.48661753505502636
48201250408,-0.22062772212466314
48201252001,-0.01495064689574086
48201232303,-0.0009202215265450964
48201231200,0.004555157911318685
48201232304,-0.00028155346627684437
48201232305,0.0017350033334937308
48201232306,0.00695301582155737
48201232404,0.007439779135141189
48201232403,0.002389641982196576
48201232405,0.003795845083497813
48201232402,0.003951615942308162
48201232901,0.002879600323788492
48201232902,0.010755303429408879
48201233001,0.011805069874145369
48201233200,0.00614338920004091
48201232801,0.005002848251270655
48201232704,0.006731318161254586
48201232802,3.2178195814103324e-05
48201232701,0.00452453583374575
48201232600,-0.0023038142584356123
48201232500,-0.03040237128211617
48201231100,-0.0034406720495395926
48201231000,-0.011446609031569672
48201230900,-0.06804207750260705
48201211700,-1.2519085747597898
48201212400,-0.16482748137537187
48201211900,-0.010078000248723929
48201211600,-0.04583030135423154
48201230200,-0.13364619895405677
48201230800,-0.015899410662317783
48201230300,-0.05354747851563689
48201230600,-0.2622238522738441
48201230700,-0.03455825298275166
48201231600,-0.015481946101848188
48201231500,-0.0026272919173881025
48201231400,-0.002798429895055429
48201231300,-0.0021436411924233693
48201231900,0.0001335848652004663
48201232000,0.001156839649154268
48201231800,-0.02547875397077432
48201232100,0.002670640173344248
48201223002,0.0014567716195107506
48201222200,-0.006221757912870402
48201231700,-0.03088877757466128
48201222100,-0.019573748414162474
48201221900,-0.00042116382671265597
48201222300,-0.03791308624684362
48201221702,-0.02048548101279723
48201221701,-0.03421710645734539
48201221800,-0.014536729598096843
48201221200,-0.007220370244175543
48201221301,-0.4278145885120774
48201221302,-0.042540601191450686
48201221100,-0.09962066904981931
48201220900,-0.9269363492377162
48201221000,-0.09861035722250143
48201222000,0.00011997670528428068
48201230400,-0.257878000374472
48201230500,-0.3299876111573433
48201220701,-0.5228778809167042
48201220702,-0.05682647288573137
48201220800,-0.09998081606266886
48201220100,-0.08188313593803792
48201230100,-0.17953177261751269
48201210900,-0.0863400802721837
48201211000,-0.088505496082048
48201211200,-0.17707847366475127
48201211102,-0.1132338031816092
48201211302,-0.13268308669146692
48201211101,-0.09844059131068086
48201210800,-0.09506590367196077
48201210700,-0.07459177528998728
48201210600,-0.05478360775884107
48201210500,-0.08132368416627686
48201210400,-0.1231269082614085
48201510301,-0.11472645467763289
48201510302,-0.10514379756881578
48201511400,-0.16482608621021053
48201511600,-0.14914684370705175
48201220200,-0.09744543486304887
48201220300,-0.06822026352882356
48201220400,-0.7172656903009504
48201220600,-1.0355190820597713
48201220500,-0.3681587302034697
48201530501,-0.41217446620271825
48201530400,-0.15406228450860246
48201530502,-0.4842502165824962
48201530600,-0.6085408765529227
48201530300,-0.10098681425278576
48201511502,-0.114967392417927
48201511302,-0.08771788156093879
48201510400,-0.096249043824462
48201510500,-0.2139766209767243
48201511301,-0.17313140851548844
48201511501,-0.238841211396782
48201511202,-0.23675087106600046
48201511100,-0.21651224042602432
48201511003,-0.09008305254974541
48201511004,-0.14348139059128898
48201511201,-0.19879472092563305
48201510901,-0.24067704772722318
48201510902,-0.257422489926888
48201511001,-0.08583995268435561
48201530101,-0.039534663164946776
48201531100,-0.21516974988504628
48201530200,-0.15059886257458346
48201531000,-0.22042698442541805
48201530900,-1.289101636079415
48201531700,-0.526297758349982
48201531800,-1.105628312638897
48201533200,-0.027221143780002077
48201530800,-0.6143827080721381
48201530702,-0.31251574852209796
48201221400,-0.40414920763549306
48201221501,-0.021716458114088514
48201221502,-0.012805901818051973
48201530701,-0.010417207018202408
48201533301,-0.029752130014224568
48201221602,-0.01869275142005006
48201222401,-0.016781265886298687
48201221601,-0.0018211036762038532
48201533600,-0.021063994883104654
48201533500,-0.0056135233994549
48201533302,-0.016642298689086368
48201533401,-0.002292677531806882
48201533402,-0.019387786032797356
48201533803,-0.0036966533583873556
48201533702,0.008528708358218959
48201533701,-0.0027577725448253545
48201550500,0.0024116086613701574
48201550404,-0.0028314882129772613
48201550403,-0.03671410989839666
48201550201,-0.029673078390745095
48201550101,0.025007458010588908
48201550202,0.003727398074656514
48201550102,0.04465223990043321
48201240102,-0.01592570037431125
48201240600,-0.0029185677376249793
48201240506,0.017795567261731926
48201240503,0.009284979251880083
48201240505,-0.04494581824119247
48201240101,-0.014079545476069981
48201240504,-0.012145342641032794
48201222601,-0.006072315054856149
48201222602,0.006260951325296281
48201222501,-0.01869648141218899
48201222504,-0.002955478225948853
48201222505,0.004908148752247294
48201222502,0.002679451980128702
48201222402,-0.027460599136406517
48201222800,-0.03494889273371762
48201222900,-0.010915873867835534
48201223001,0.00013358486520046627
48201223100,-0.028026425851378687
48201222702,-0.0013303541087155697
48201241503,-0.06538302421642808
48201240400,-0.20455581359915653
48201980100,-0.049111221480333755
48201240905,0.011741346138484033
48201240906,-0.0011358281223502462
48201241001,0.0024994778811982302
48201240802,-0.0015969825466909079
48201240803,-0.024942812569372218
48201240705,0.00046312324450931505
48201240706,-0.6682188337598299
48201240707,-0.4513809883582214
48201240703,0.0031006819308602826
48201550303,-0.06711038386232913
48201550308,-0.018706327157874122
48201550406,-0.0063150822289422025
48201550306,-0.009442540133571415
48201550305,-0.015996612850159884
48201550307,-0.0795427775178265
48201550304,-0.008258822757507748
48201240704,0.00013358486520046627
48201553300,-0.005914835980650777
48201240804,-0.06767590726628621
48201553202,-0.001290121648381941
48201553201,-0.005236984109423861
48201553101,0.00383980668694407
48201553102,-0.02734400993024118
48201553002,-0.002562725335622151
48201553500,0.0016277918861265796
48201553602,0.0013848311120742756
48201553601,0.0032202743310476515
48201553700,0.003342181732556863
48201553001,0.00366786416766869
48201552902,0.004585789119421319
48201552901,0.005224420172992989
48201551201,-0.008913086570995743
48201551101,-0.0015506664224696344
48201551102,-0.007923409202638995
48201550405,-0.012925856346290135
48201550407,-0.0010890918298648634
48201550603,0.0030267299884420397
48201550800,0.0031882361215264084
48201550601,0.00013358486520046627
48201550602,0.007879578662496237
48201533802,-0.007838577899931613
48201533804,-0.013393584760595463
48201534001,-0.013597737963108173
48201533904,0.0008395470362674558
48201533903,-0.0046041213641124104
48201534002,0.000548417020634093
48201534102,0.0014104053102084796
48201533902,-0.0013711983967286188
48201534003,0.0023362737325928144
48201551300,0.01685348378198084
48201550700,0.008569849641600876
48201550901,-0.006892040104065325
48201550902,-0.018451822596684337
48201551000,-0.01712483802823429
48201551202,-0.022595651594284977
48201551400,-0.03212526184484711
48201552701,-0.023439459917012836
48201534101,-0.0007521815424507447
48201534201,0.002405635067403927
48201551502,-0.0012985018635195947
48201551601,0.003617715349769416
48201551703,0.003061804383763311
48201551705,0.005141000043124306
48201551602,0.007578627300736585
48201552501,0.0032077320648018974
48201551501,0.0009003665103066547
48201552502,0.001141317091312919
48201552603,0.006242927604610966
48201552604,0.00013358486520046627
48201552602,-0.012948605505909991
48201554701,0.01768502964910934
48201554202,-0.0018622371176355726
48201554201,-0.012267179057444238
48201552702,-0.006554336763363892
48201552801,0.005559777587466899
48201552802,-0.034673811601806444
48201554002,-0.0033959684901640683
48201556100,0.002478249728515684
48201554001,0.004711196464441057
48201553804,0.0031632581862180383
48201553803,0.006087076533204761
48201553901,0.0021936199228955095
48201554104,0.0020322572585838917
48201554103,-0.0033357480708890376
48201554808,0.0015710360306288014
48201554805,0.0010417583709356134
48201554807,0.0003049149402456384
48201555505,0.0010895038629597153
48201554702,0.009203560284269947
48201554301,0.0006083688295608001
48201554600,-0.004412975553738246
48201554502,0.0049460283862670556
48201554404,0.0012699842737062472
48201555504,0.0017198067650421951
48201555503,-0.0010886734577777808
48201554501,0.0047002813872576805
48201554406,0.0014721151640296672
48201554405,0.0001335848652004663
48201554407,-0.03606706082701152
48201554408,-0.019254555594882074
48201554409,-0.021126522321355635
48201543007,0.0012674480984838977
48201543006,-0.001726640597604708
48201541006,-0.006263992241918554
48201541007,-0.0036496466213530856
48201541008,0.0023027810374196887
48201541009,0.0009190677598167518
48201541004,0.010265754041301799
48201541005,0.00232966263231294
48201552103,0.04052341140757728
48201552200,0.0048320569945418035
48201554410,0.012404378675628842
48201552301,-0.003418230820272212
48201554302,-0.003622194033584591
48201552304,-0.008467373909213118
48201552303,-0.015042088398081827
48201552402,-0.010397498758708202
48201552401,0.025814314320614984
48201552102,0.059074916887305186
48201552101,0.045172021928622665
48201552002,0.014476657328368251
48201552003,0.004742548229313937
48201552004,-0.008287911406368786
48201551902,0.019458930777624655
48201540800,0.000828546875405275
48201540700,0.0003472367324419086
48201540602,-0.0008491973912862655
48201540601,0.014121738528058696
48201540502,-0.8425959592124617
48201540504,-1.0283164897262451
48201541401,-0.05865861601615356
48201540503,0.02662043093951448
48201541203,0.0087557787383232
48201540901,0.010306973747224347
48201540904,-0.003477879393842947
48201540903,-0.0022079328798824266
48201541100,-0.00390889605440432
48201541205,-0.008576600614365514
48201541204,-0.008217125980284295
48201541206,-0.0058866274352021375
48201541207,-0.001000392344282286
48201543011,0.0018592915789740496
48201543010,0.002211245063524075
48201543009,0.0001335848652004663
48201543008,-0.0028167992073350116
48201542107,0.008361052216282382
48201542108,0.007524526873016401
48201542106,-0.02572260569557744
48201542105,-0.26723423052759177
48201542103,-0.15159266496960447
48201541500,-0.038229667804534836
48201541302,-0.009797422426314166
48201541301,-0.02126360796829153
48201541404,-0.008079916557805593
48201541402,-0.07420677430470106
48201541403,-0.06471909070434125
48201541603,-3.0
48201541701,-0.15613914707731413
48201541604,-1.0457291787874547
48201542104,-0.27317450049381486
48201542002,-0.0006749625208771873
48201542001,-0.0012474640555934899
48201542003,0.0013845125156831965
48201541902,-0.0014878115772775072
48201541901,-0.017404607804780148
48201542004,0.0053221737516440885
48201541801,-0.005243426370960045
48201454505,-0.0068882534651807294
48201541802,-0.009422800211470597
48201541703,-0.007709816260377888
48201541702,-0.04472440688169165
48201450500,0.0057558131184210345
48201543202,-0.2826563708275397
48201450402,-0.03189020506496629
48201450302,-0.09517246893173992
48201450200,-0.051462570416719054
48201543201,-0.3119758451131861
48201522402,0.004516661860342808
48201450100,-0.07511248562148456
48201522302,-0.01646131450808467
48201522301,-0.05350525916520147
48201522201,-0.012813209504869841
48201522202,-0.004359436120896704
48201522401,0.005947152377447819
48201522101,0.00305525342518526
48201522102,0.00472365120614219
48201521501,-0.04514275825380077
48201522002,-0.022666065131910374
48201522001,-0.04089106081051759
48201521900,0.007173562505548878
48201540200,-0.07384044681507346
48201540101,-0.05703940453319599
48201521800,-0.6774339869292251
48201540102,-0.018955502794120664
48201551901,-0.01079224840011315
48201551704,0.004608359920959176
48201551702,-0.00037695881893053297
48201551800,0.020726493903123522
48201534204,0.011257991045544582
48201534205,0.0072652420177034115
48201534203,0.013478272630070837
48201521701,-0.6197238129908572
48201521600,-0.37372357780948645
48201532301,-0.2635020136685986
48201521702,-2.9937630523937537
48201532302,-0.3045875452685415
48201532400,0.002024466335960474
48201532504,0.0024964182203449153
48201532503,0.004851710834480626
48201532502,0.0005965532247470257
48201532900,-0.006541979944377852
48201532600,-0.005145200353901646
48201533000,-0.03242786114315223
48201533100,-0.006745364852650237
48201532800,0.0019234333628975239
48201532700,0.0014646537788201475
48201532003,-0.008256758693199952
48201532200,-0.18666147567688532
48201532102,-3.0
48201532101,-3.0
48201532004,-1.542084142968326
48201531900,-0.8088331303486856
48201531600,-0.31750897456724936
48201531200,-0.18887223077498783
48201530102,-0.04301275795839292
48201531300,-0.07890774883466552
48201520501,-0.06879447228764243
48201520400,-0.07942336004897976
48201531400,-0.03168587251612665
48201531500,-0.1010287920685551
48201520502,-0.059602318725180584
48201521401,-0.0742619408397623
48201521502,-0.06599120669870125
48201521300,-0.174916613865982
48201521402,-0.04090974581308648
48201520601,-0.11953122802535811
48201520603,-0.025457197148480187
48201520700,-0.04053469294557365
48201520604,-0.03616371443482305
48201521201,-0.09849559340104047
48201521202,-0.14006502512060268
48201521100,-0.09024709406485887
48201521000,-0.03457396859256663
48201430500,-0.046109655281673365
48201522500,-0.036013423759712976
48201520200,-0.08933590344271589
48201520302,-0.13774245098328333
48201520301,-0.10488493355748964
48201520100,-0.12493270104293652
48201430101,-0.0788381831104807
48201431701,-0.039713517441610696
48201411302,-0.013398841148924777
48201431804,-0.10824986906340073
48201431803,-0.05428831468524694
48201431702,0.00011394503231995533
48201431505,-0.010042947033716058
48201431506,0.009548853774597707
48201431600,-0.03806811718642973
48201430102,-0.03334685395015062
48201430200,-0.026486711816662723
48201430300,-0.036848765442463446
48201430400,-0.009807373829266644
48201431204,-0.11932977693652515
48201431503,-0.2592739919880387
48201431504,-0.050608982076460154
48201431302,-0.08300404665557427
48201432003,-0.1895635924347888
48201432706,-0.31275678001854873
48201432005,-0.40801952720295986
48201432006,-0.5725945824506227
48201431303,-0.4142539339922064
48201431304,-0.28476500469505295
48201431203,-0.11470126476906946
48201431206,-0.26101416649559467
48201431205,-0.42979166427238785
48201432101,-0.1894150716269278
48201432102,-0.0488284720135545
48201432600,-0.05758664753069681
48201432803,-0.005490177881827717
48201432804,-0.12666263079421186
48201432705,-0.2902188744953586
48201421203,-0.08469867616882794
48201421204,-0.0405205996343256
48201421206,0.00010574071287210278
48201421205,-0.16978984528803787
48201421401,-0.18862094580868935
48201421402,-0.04563373447173217
48201421103,-0.07532599063932001
48201421502,-0.06141166532213222
48201421104,-0.2927981161423219
48201432704,-0.16562622203755875
48201431401,-0.15928503108553593
48201431404,-0.19646273946267176
48201431403,-0.08833222633853031
48201431801,-0.06161848915045714
48201432004,-0.1999449734379979
48201432703,-0.08567904593076482
48201431901,-0.4046747299380867
48201431902,-0.12883471056640564
48201411600,-0.03533856216636523
48201411700,-0.02640383453689663
48201421101,-0.04269628264877212
48201421000,-0.03683014729601053
48201412700,-0.06794979544459212
48201412800,-0.024191625350409147
48201421501,-0.07386530181510818
48201421602,-0.04926491881334268
48201420900,-0.033931586933390025
48201421802,-0.011991310231710375
48201421801,-0.12418431825169478
48201420800,-0.017678964037780392
48201412901,0.00011394503231995542
48201420300,-0.011384519274411947
48201420700,-0.10018781770969712
48201420400,-0.04332817524855645
48201420600,-0.1711074486848942
48201420500,-0.5805109801432032
48201422100,-0.17739871531053686
48201422000,-0.0407943875636865
48201421900,-0.029082677567760045
48201422501,-0.0019717442330838392
48201422502,-0.007750604324711946
48201422302,0.0012117762638787417
48201422404,0.00199195399990749
48201422403,-0.0033242418357732383
48201422406,0.0025719436209974064
48201422405,0.010357703581930456
48201423303,0.04499656435269074
48201422304,0.001198828435426223
48201422303,0.005802860391134034
48201423401,-0.002746303624305526
48201423304,0.01762641120384841
48201423301,0.0023773626567391683
48201423001,-0.012145556112130978
48201422800,-0.01925347005801784
48201422601,-0.004793268347925456
48201421700,-0.028581900533588993
48201422602,-0.018619139780651713
48201422701,-0.03173129811974691
48201421601,-0.04407182831547782
48201421403,-0.10755458426528482
48201421301,-0.409425472100055
48201421302,-0.12909033398822134
48201422702,-0.036153501761833316
48201432805,-0.0748666326030888
48201432806,-0.0993330727940049
48201433300,-0.04065827572567951
48201432904,-0.016522386915091933
48201432903,0.003218600599833498
48201433007,-0.007809123831461857
48201433003,-0.07502428703299638
48201433201,-0.06083103439763555
48201433202,-0.052494100404228916
48201433505,0.00011394503231995542
48201433504,-0.013480551887833855
48201433400,-0.03270670458622759
48201422900,-0.013505427977623257
48201423002,-0.012050019485339868
48201423204,-0.038895305537324475
48201423402,-0.002496538945222809
48201423203,-0.02910511589506404
48201423500,-0.008617645577752442
48201423201,-0.02373329718668698
48201423100,-0.02365569860613872
48201433602,-0.043070260907892906
48201453300,-0.025469078379293082
48201433601,-0.044495593107249994
48201440101,-0.045702295729244204
48201453401,-0.018610654210841404
48157671900,-0.027135387361807334
48201453403,-0.0010777332169068492
48201453404,0.002926209862016881
48201453405,0.009535517626342235
48201453604,0.003160577743053707
48201453603,0.011828867356637886
48201453202,-0.004456406424393293
48201433507,-0.014822100549667988
48201433506,0.00011394503231995544
48201433503,0.045036325226691834
48201453201,0.016941437853227975
48201453100,0.007913618524417592
48201433100,-0.018731932557426355
48201452300,-0.03207564674770164
48201453001,0.0068216082225333215
48201453002,-0.002418428143276675
48201452402,0.005510519443600686
48201452401,-0.022344461201262458
48201452101,-0.006292477851987783
48201451004,-0.012824347373647568
48201451003,0.00011394503231995541
48201451006,-0.025427811186265026
48201451005,0.00011394503231995534
48201452102,0.00011394503231995531
48201452103,-0.014927202191120682
48201452203,-0.03927950940328005
48201452204,-0.12025156404464488
48201450900,-0.10862095449719363
48201452202,-0.02565054923702222
48201433005,-0.08943143025919904
48201432402,-0.3764085761427131
48201432401,-0.20992973354362618
48201433004,-0.07000560051932087
48201433006,-0.007545677180666096
48201432901,-0.029753170073320647
48201432502,-0.15006770484602744
48201432501,-0.12225942359117291
48201432200,-0.0725500762212332
48201431102,-0.030723904944548075
48201432301,-0.042221956759406466
48201432302,-0.3397692679746945
48201432303,-0.353114920678305
48201431001,-0.0374068378612544
48201431002,-0.036007850971811056
48201430900,-0.044650295091211885
48201431101,-0.021962827264274395
48201430600,-0.0479189514266773
48201430700,-0.06997316106231449
48201430800,-0.04699611568906572
48201450801,-0.028488955898729577
48201450804,-0.1498778842278571
48201450803,-0.026638509198612704
48201451100,-0.03002687230672069
48201450700,0.00011394503231995542
48201450301,-0.07911819605190042
48201450401,-0.00868725327373642
48201450600,-0.007459503839187191
48201451502,-0.001588377031188626
48201451401,-0.0009641558853852139
48201451302,0.002102424029814129
48201451200,-0.00017449118956410636
48201451301,0.005384338224229479
48201452002,-0.029909688390517733
48201451902,0.0038774087078049715
48201451904,0.0001139450323199554
48201451903,0.00011394503231995544
48201452001,-0.007590233111712506
48201451406,0.016079424999970945
48201451407,0.007128720527744519
48201451405,0.013162813692223052
48201451700,0.005889532254425385
48201451800,0.0017274560941529043
48201454303,0.0034534415478290215
48201454305,0.009619803942428416
48201451606,0.011673517767772085
48201451605,0.07241681384590327
48201451404,0.0001139450323199554
48201451603,-0.004223260537134854
48201451604,0.010741878280120324
48201451501,0.00011394503231995538
48201454400,-0.0011303330478504839
48201454504,-0.003876115426315417
48201454503,-0.011184829500835108
48201454502,0.0011308392866721925
48157673007,0.0037233925027108606
48201454302,0.00011394503231995548
48201454304,0.0081879249740543
48157672602,0.002327655734386801
48157672603,0.0010278205145131465
48157672604,0.0018426192239980803
48201454200,0.0009212632949668704
48157672905,0.0008128285583551618
48157672907,0.0003323070292564791
48157672904,-0.004164207162446815
48157672701,0.0019387843407590523
48157672703,-0.008035345736081343
48157672303,0.0023729276065037734
48157672304,-0.012361812986784763
48157672402,0.0024290728597926186
48201453902,0.008034821408862329
48157672401,0.007397401720883154
48157672500,0.005575471437005991
48201454000,0.005536625182618426
48201454100,0.002200972690058348
48201452601,0.005470424155031884
48201452703,0.00446462185778953
48201452602,0.004465658828109339
48201452702,0.009616023485428426
48201453901,-0.0008591638918173051
48201453701,-0.006185393102769576
48201452701,0.00011394503231995544
48201452502,0.001979613203390878
48201452801,0.006283387817419838
48201452802,-0.025545573429996766
48201452501,0.02634968432274942
48201452900,-0.024112066011894962
48201453702,0.0013469962171483824
48201453601,0.00011394503231995545
48201453501,-0.019544545706899504
48201453502,-0.04034021168338082
48201453800,-0.04276671301361132
48157672004,-0.03585428431222746
48157672002,-0.002331826208129882
48157672003,-0.00587414414105712
48157671700,0.0034570299759140283
48157671602,-0.0002705505164290158
48157674002,0.0025450858467320763
48157671601,-0.0011114289553878812
48157674001,0.001799051446182016
48157673902,0.005744079890213547
48157672201,-0.03246544150366139
48157672100,-0.0019700324957610447
48157672202,-0.009516238621881855
48157672306,0.00011394503231995549
48157672305,-0.005965523242754138
48157672702,-0.01485157121726182
48157672801,-0.02526040557410819
48157672802,-0.026256521589399173
48157672901,-0.020446391861636246
48157673700,-0.021215093678155605
48157673801,-0.0029647322278323783
48157673802,-0.0032410495877027933
48157673904,0.0011193952986818581
48157673903,-0.0007810943852246695
48157674601,0.004838027220353074
48157674701,0.0023555339294163958
48157674604,0.0065062356203657865
48157674603,0.005249436661998173
48157674401,0.002535632743786706
48157674200,0.002957557456881346
48157674100,0.0010854963670657515
48157674403,0.00417392239008044
48157674402,0.002046648242235616
48157674602,0.0008172855113971278
48157674404,0.0021639424959211365
48157674507,-0.003878887296000406
48157670904,0.0020401494339529376
48157670903,0.0019429709127152517
48157671002,-0.005061140067572275
48157671001,0.001979655648828221
48157674301,-0.0004883892615974494
48157674302,-0.00024171535568867357
48157671502,0.0009897650771039362
48157671501,0.0012746519863193573
48157671402,-0.012140151160850952
48157671401,-0.013246943684644807
48157671800,-0.002760722850037898
48201440102,-0.0037556188695922906
48201423600,0.002319871147047886
48157670500,-0.004647741750361254
48157671200,-0.002075196654083429
48157671300,-0.002878827419248427
48157671102,-0.008433129919937289
48157671101,-0.024653218150353835
48157670603,-0.0180730206963485
48157670300,-1.0830158677058046
48157670602,-0.06418541706529578
48157670400,-0.002147913721347944
48157670604,-0.0065948174674152855
48201422200,-0.004388358527474576
48201330303,-0.008818251764151967
48201330302,-0.10917644706980938
48201330301,-0.081319820625755
48201330200,-0.3325156424537789
48201330400,0.0007328131052910992
48157670202,-0.10476173625555849
48157670201,0.011398440858869506
48157670102,0.004433763736078131
48157670700,0.00018143199057512008
48157670902,0.0063724180517017275
48157674508,-0.0002215366196146142
48157670804,-0.009161172822013135
48157670803,0.0029476911076380783
48157670802,-0.0015815607648930247
48157670801,-0.001759438074231467
48039660613,0.0035869890434218053
48039660604,0.0005931510156232759
48039660611,0.006587138126191846
48039660612,0.003922856343689064
48039660605,0.002370400998836731
48039660603,0.007406831581562514
48039660606,0.010670436106427502
48039660607,0.007150739728167341
48039660616,0.0021602911789888597
48039660706,0.003816468075947032
48039660707,0.0018681313902822697
48039660705,0.003501580033939852
48039660803,-0.0003822471436771221
48039660501,0.0066214787585303385
48039660609,0.0037806039174277193
48039660704,0.003926548149164405
48039660610,-0.0015823152855324605
48039660703,0.015645029725375893
48039660608,0.0034742161329135894
48201330801,0.007064365955363427
48201331603,0.0030769425004554462
48201331602,0.007157763072434265
48201331604,0.005293473299650951
48201331501,0.011031166230026156
48201331502,0.00471820834206645
48201331300,0.005217307988469494
48201330102,0.006294441896751851
48201330901,0.007440010782473827
48201330802,-0.003962302028632413
48201330902,-0.023284807451195332
48201330700,0.004535742373254911
48157670101,0.003460015094303171
48201330600,0.009202679474273927
48201330500,-0.0014640077712296618
48201330101,-0.045241646991680706
48201420200,-0.04432406891532945
48201420100,-0.20274360904752525
48201334102,-0.08532745203566038
48201334101,-0.04278269850090102
48201314301,-0.10102460980105295
48201314402,-0.07750863730738942
48201314005,-0.2443194740073644
48201313902,-0.11440100389464943
48201314003,-0.2050934727601302
48201314004,-0.30784372391697434
48201314001,-0.1560795007088615
48201412201,-0.10109207916169533
48201412202,-0.08981993241104527
48201314401,-0.04412244169492144
48201413203,-0.04009453530336095
48201413100,-0.048896282420107254
48201413205,-0.09953033036815978
48201413206,-0.13212683394202163
48201413204,0.004554762088398478
48201413301,-0.07908875904291286
48201314302,-0.07269207719073947
48201413302,-0.05055836377680106
48201412902,-0.045716005628156316
48201413000,-0.06090018179823872
48201412500,-0.09151403098805072
48201412600,-0.07897774795712194
48201411801,-0.08634839955394959
48201412400,-0.08107735164480957
48201412300,-0.12209715099887099
48201411504,-0.18282484572658303
48201411802,-0.13442429644214623
48201411503,-0.1573670873601283
48201411001,-0.037740947937925866
48201411507,-0.15061137719836531
48201411506,-0.26799931543089983
48201411505,-0.044159552591339336
48201411301,-0.2849699001591075
48201510802,-0.20353275365511814
48201510602,-0.36304151960198533
48201411200,-0.04904248033609206
48201411400,-0.0721251432524386
48201411100,-0.0780076136830203
48201410401,-0.03503948847016214
48201410300,-0.06071187039133486
48201510803,-0.15804447448310255
48201510801,-0.24347103464065062
48201510601,-0.5041797334415536
48201510702,-0.22185035208751122
48201510701,-0.33716555590955766
48201510202,-0.344121294175165
48201410202,-0.20837068585986698
48201410201,-0.1229544100388179
48201410402,-0.09233602371974783
48201410501,-0.0734318081492723
48201410704,-0.04942865020160636
48201411901,-0.15166608782857366
48201410900,-0.10224694482056451
48201410705,-0.14610912721482894
48201410703,-0.0633136483210661
48201410802,-0.042437973477385475
48201410801,-0.1092080689838065
48201411002,-0.15871212517202168
48201411003,-0.12003284439945773
48201412000,-0.13901229131636048
48201980300,-0.11855695795276035
48201411902,-0.13892021070861144
48201313102,-0.2593957586143078
48201312601,-0.2505174350236868
48201312602,-0.32315929241610253
48201312603,-0.20666585790784828
48201313000,-0.050470904860622244
48201312902,-0.06750993416265487
48201312901,-0.10863361847344016
48201312800,-0.17800136959923785
48201312700,-0.12104786512849486
48201312400,-0.2263921611221556
48201310200,-0.49149013689314797
48201312300,-0.46619120263591973
48201312501,-0.38002275640501615
48201312502,-0.23107355166448257
48201410706,-0.13278033190458466
48201410502,-0.17280722276709742
48201410602,-0.2603789051007396
48201410601,-0.2556737286747838
48201410102,-0.20835361012043324
48201410101,-0.2647407369636733
48201510201,-0.19189941486120457
48201510100,-0.31507214128022837
48201980700,-0.5494866580085701
48201212300,-0.13850017018415664
48201100001,-0.46080757730423927
48201310101,-0.23957492621785023
48201310102,-0.4423348460123372
48201980200,-0.42717434321084635
48201211400,-0.3605981415461492
48201211301,-0.08692341248254902
48201310400,-0.07670282028947117
48201310600,-0.30424925642547346
48201312200,-0.2592169776996659
48201310300,-0.16694135700604182
48201980400,-0.1781639419819823
48201312000,-0.19009019434843547
48201311900,-0.5461669450103482
48201311800,-0.8353366111495507
48201332200,-0.026130642652075212
48201313400,-0.04430231548028148
48201332100,-0.03566318045025681
48201313500,-0.039262100542516824
48201313300,-0.0691667753019542
48201313201,-0.12016821662818655
48201313700,-0.07737975884987353
48201313202,-0.08615719646483012
48201313101,-0.23419763928461984
48201313901,-0.1600626282395731
48201313801,-0.09141986242688095
48201313802,-0.10108646145709108
48201313600,-0.05435870254439647
48201331100,-0.06568761599130868
48201331200,-0.061073139953910505
48201331400,0.01940315063803599
48201331800,-0.21918450484208227
48201331900,-0.04683079017538371
48201332000,-0.03332063598556323
48201332300,-0.029500879296018637
48201332400,-0.07376385567270599
48201331700,-0.2446659391050672
48201333600,-0.7059185382054143
48201332600,-0.8242129385850383
48201332500,-0.5336122085649099
48201333204,0.02491722069076957
48201333203,-0.03998231705568502
48201320602,-0.030102122262776383
48201333201,-0.055021033223396805
48201333205,-0.13051696842767227
48201333501,-0.0829703484819393
48201333502,-0.05261978628713293
48201333100,-0.1413547547589438
48201320100,-0.044439810480898984
48201320202,-0.02365902891291445
48201320601,-0.020491623469984857
48201320201,-0.0489579175346314
48201311502,-0.19832610736386241
48201311501,-0.2142661528195632
48201311300,-0.24216811858929002
48201311702,-0.4043753275161532
48201311600,-0.10159337706602709
48201332900,-0.30162155674769014
48201333000,-0.11402778346638463
48201332800,-1.0145861248136243
48201332700,-1.0767212166624864
48201311701,-0.972058056084865
48201310700,-0.8482168921545249
48201311200,-0.2806753370474836
48201311100,-0.05399709071247963
48201310900,-0.3333849694463675
48201310800,-0.7014223879475874
48201310500,-0.3808301309421497
48201311001,-0.2799668507408353
48201211501,-0.03452792651044232
48201211502,-0.26149722521225477
48201311002,-0.05099585118553563
48201212500,-0.2349919120358803
48201233600,-0.05148707694352158
48201311400,-0.18038746313447815
48201324200,-0.15885127148846456
48201233703,0.012382539886503877
48201233701,-0.04169413641600029
48201233702,0.0014717224622296551
48201233502,-0.0016050994845796004
48201233400,0.0008503058318438075
48201233501,0.007969800353144619
48201232703,0.008896823369765565
48201233300,0.008143010845899882
48201324102,0.0012395059725277425
48201322800,0.004473152399584422
48201322900,0.0026419588269638436
48201323000,0.00946287506727414
48201323300,0.014281672688531264
48201322100,-0.0004472833136613944
48201324101,0.00515678168412429
48201322200,0.0035207553566363706
48201322000,0.038073595357124346
48201321900,-0.010060643949637293
48201320500,-0.023617785131005202
48201321800,-0.07667879517985066
48201321600,-0.008882579192779433
48201321401,-0.038249125312443386
48201321700,-0.026095685807855973
48201320700,-0.0744161949304864
48201320800,-0.10182363434076427
48201320901,-0.03349884348244069
48201320902,-0.05750872320689268
48201321402,-0.031037928098514155
48201321301,0.015510251087498086
48201321500,-0.018505688452054758
48201323400,0.008336791787874786
48201323500,0.011049199282944
48201323801,0.003136827239165504
48201323601,0.004816238407100748
48201323602,0.001311142672785935
48201321200,0.009249536200133877
48201321302,0.00755777611393858
48201321102,0.0036397039085462597
48201321101,0.012344447365606968
48201340102,0.005962346740884209
48201350500,-0.023742711842690764
48201350400,-0.0009422195345800408
48201334002,0.001013222315484201
48201334003,0.003843978315086445
48201350300,0.0007552855456452076
48201350201,0.004799119327995508
48201350202,0.0023447615748545623
48201333904,0.008091079421236623
48201333903,0.006514425446228866
48201334001,0.005198045983059011
48201321001,-0.011791677104196508
48201321002,-0.008592536297189106
48201333301,-0.03809266834292562
48201333302,-0.072569726470028
48201333905,0.002178038161347891
48201333802,-0.003121601658870257
48201980000,-0.24990902375824092
48201333700,-0.220032041479093
48201333801,0.0031493837355046628
48039660504,0.00909736238187682
48039660401,0.0017724653387351812
48201333906,0.0051694085684863165
48201350104,0.004603001476186699
48039660403,-0.0003799810987523274
48039660301,-0.005252838095369681
48039660402,0.0008117919000882532
48039660503,-0.022569841891128838
48039660502,0.0005237922289018581
48039660804,-0.0008517066802127829
48039660806,-0.006155147508834835
48039660805,-0.004970168290253685
48039660902,-0.0020001521446338247
48039660302,-0.006124715156702497
48039660303,-0.0028562714328179547
48039660100,-0.006440964609851694
48201350103,0.0007948613595065598
48201350102,0.0012726408730437103
48201350101,-0.023117098632694084
48201350604,-0.00872431495847019
48201350700,-0.012669999851011842
48167720100,-0.01846466916463388
48167720301,-0.019575040058782068
48167720302,0.011387568397840522
48167720400,0.007055883984377815
48039660200,0.005027424279940806
48039660901,0.006159442889941844
48039661000,0.005047606981461896
48039661300,0.0053471234364999365
48039661502,0.004565252867933207
48039661400,0.002248166282683022
48039661200,0.006251785368684168
48039661100,0.01593925228150315
48039661601,0.0058404287683323465
48039661602,0.009191921739173051
48039661800,0.003546238266039923
48039661501,0.003073373833358452
48039660708,0.005120939737640357
48039660615,0.0016183613349368892
48039660614,0.0017361175940831814
48157674505,0.001696947609745978
48157674506,0.0011818589356753194
48039661902,0.002779523978496529
48157674504,0.004396166495053698
48157674503,-0.016097256296127613
48157675503,-0.005001294646432667
48157675600,-0.034811884003314454
48039661901,0.009250996353816331
48039662100,0.010374535633181435
48039662000,-0.005404695838291054
48039662900,0.010225503569385846
48039662600,-0.001032145052502917
48039662800,0.0017139497546579028
48039663000,0.016437320282063086
48039662500,0.0037156696647224216
48039663100,0.0008998127247983709
48039663200,0.002990927489549814
48039663400,0.0009420926826902873
48039663300,-0.0037019506997841047
48039663600,-0.0089703869624299
48039663500,0.002098485131930458
48039663800,-0.010811022911685278
48039663700,-0.0012931252149183904
48039663900,-0.012111771930523525
48039664000,-0.013483889299799682
48039662300,-0.008274164877432601
48039662200,-0.0758553555500681
48039662400,-0.053007416638678674
48039661700,0.004014709777363754
48039664200,-0.01779337664251424
48039664100,-0.021206826513871426
48167723505,0.008694800585985313
48167723504,0.0018554092076421844
48167723503,0.0033564481558776725
48167723401,0.004812050792596844
48167723403,0.0028127219567014496
48167723402,0.009516879543352987
48167720605,0.005591687097332554
48167720505,-0.02730692653949249
48167720504,-0.006216912599579984
48167720506,-0.02126927839659379
48201350804,-0.004383291036030385
48167720501,-0.0006494284766710186
48167720509,-0.0006533101220665932
48167720510,0.003948457210895382
48167720508,5.239988624528128e-05
48167720512,0.0026538586529672873
48167720507,-0.02154138916533283
48167720602,-0.038908848426315604
48167720703,-0.004610053371818786
48167720604,0.0002683849325202042
48167720511,0.0037898903908517496
48167720702,-0.005063898456810285
48167720701,-0.012738382082437515
48167721204,-0.006242396580195509
48167721206,-0.007800604920943544
48167721209,-0.03764107342639961
48167721203,-0.0013837319598039835
48167721101,-0.15241837163291944
48167720800,-0.09397425892918793
48167720900,-0.11535128575042565
48167720601,-0.016790025268112723
48167720603,-0.018818616787187596
48167723300,0.014499035604253025
48167721901,-0.017709319057154744
48039990000,-0.01444186516728746
48039664300,-0.024146611551986687
48039664400,0.0031533335707950795
48039664501,-0.011883321025049961
48321730503,0.03199845826092948
48321730303,-0.0035458849154813526
48321730301,-0.003815968594468755
48321730302,0.013186570376282299
48321730400,-0.0026778734125952283
48321730700,-0.005493483149924749
48321730502,-0.0046699832470766065
48321730600,-0.011239355514769761
48321990000,0.0017790320181794135
48057990000,-0.15107482609890788
48057000502,0.04217900951956444
48057000402,-0.00930390655392479
48057000200,-0.00242615851614071
48057000100,-0.004172287183684647
48057000401,0.057048129836891184
48057000501,0.008165640455760183
48057000300,0.0038270425573692164
48239950100,-0.06356266846003367
48239950300,-0.020433068176703345
48469000800,-0.014533949799637966
48239950200,-0.014583899082484168
48285000100,0.00922562781841785
48089750200,-0.00016609088350546345
48481740901,0.0052795867879513085
48481740902,-0.00038893315821596024
48481741100,-0.00553128911151118
48481741000,0.014419891279898112
48481740800,-0.005079909692068124
48481740700,-0.0050843896570009536
48321730100,-0.006796081240832194
48321730204,-0.0008196093884392876
48321730203,0.007719760162910235
48321730202,0.010660096631730826
48039662700,-0.005696044121296642
48481740600,0.0008968841772381307
48157675701,-0.04688283238410297
48157675702,-0.05801049929568421
48157675501,-0.008416635087546738
48157675401,-0.019438280301756403
48481740500,-0.0009707402284458252
48481740400,-0.026762380126479565
48481740200,-0.03952616541535174
48481740300,-0.053775996253174634
48481740100,-0.009119804873459172
48015760100,-0.000181294139565983
48015760202,-0.003512859795636387
48157675800,-0.006268991004085755
48157673300,-0.030042922589040764
48157675402,0.0055723616538095625
48157675300,-0.006792980708851984
48157675000,0.0001139450323199555
48157675200,0.0035239424133241956
48157675502,0.0030452566647221914
48157674702,0.0027566934205047974
48157675101,-0.00450232798697419
48157675102,0.004551322921425673
48157674800,0.004384054198142883
48157673401,0.0020651413602703096
48157674900,-0.01282215034410088
48157673600,0.031102235527179882
48157673502,0.005462067383523176
48157673501,0.010290945554842591
48157673402,0.003324603566661746
48157673109,-0.0006366856169188368
48157673104,0.011428692619434863
48157673403,0.013190130633729953
48157673404,0.010600461708008985
48157672903,0.0033162007149074276
48157672906,-0.0025017680947551
48157672902,-0.03993856105039653
48157673106,0.01655301206038083
48157673008,0.015163007734235094
48157673010,0.049397921311791465
48157673009,0.013535282181641255
48157673006,0.002889880544249331
48157673004,0.003330393754654617
48201454902,-0.004019812128403777
48201454901,0.0026457613610699642
48201454700,-0.039638136777823255
48201454801,-0.060670835189924936
48201454802,-0.07492611529974169
48201455104,-0.011703566598083595
48201455102,0.0034371972097448334
48201455103,0.0016578372588951025
48201455000,0.03079638606312151
48157673005,0.03673203893162574
48157673107,0.017085607049798272
48201455300,0.005403979269120787
48157673103,0.019493523887316646
48157673113,0.031757570531223626
48157673105,0.02780943788671904
48157673112,0.03042120691840598
48157673110,0.002422956568155603
48157673111,0.005421651135347992
48157673108,0.004748526490811747
48157673201,-0.0010810859420502463
48157673202,-0.012424956629149275
48473680202,-0.007896229585179437
48473680100,0.0005182427069279288
48201542800,0.0062357157087548154
48201542902,-0.059299471016757
48201542700,-0.009982987843229952
48201542600,0.0035742712325217323
48201542500,-0.0023281865421935096
48201455200,-0.030086763454308586
48201454600,-0.0023380170402010235
48201542402,-0.004936253309852352
48201542401,-0.007827057165257766
48201542305,0.0014280946614034845
48201542302,-0.003640227374101386
48201542303,-0.001994382122976601
48201542304,-0.00037784787988719794
48201542901,-0.004366652118828235
48201542202,-0.18284690382969435
48201542203,-0.08496821003635537
48201542201,0.009800768166109676
48201543004,-0.0007647295474574641
48201543005,-0.022550332912395846
48201555703,-0.0008660652412674256
48201555701,-0.0005245378125706423
48201555704,-0.0025053559862342517
48201543100,-0.03791288553514547
48473680302,-0.012221711363533816
48473680501,-0.011051100975254663
48473680201,-0.013905325566189812
48015760201,-0.006798832805001257
48015760301,0.0008326289312479315
48015760502,0.0029630005929590186
48015760501,0.01504134146245664
48015760400,0.016394873286295675
48089750400,0.005714966804991711
48015760302,-0.001990824909486234
48089750100,-0.012113422883836066
48089750500,-0.004449383102718418
48089750300,0.004131718826710386
48149970700,0.0006159947784227967
48149970200,0.004352440236451535
48149970301,-0.0058837077314948935
48149970302,-0.01072026262085951
48149970400,0.004480422820243946
48021950700,-0.008928919504680478
48021950601,0.0004465677540406796
48149970500,-0.00506355728638598
48285000300,0.0030400389317879637
48149970602,0.005291902097845272
48149970601,0.007008277890439345
48285000200,0.009428373566689973
48285000500,0.007748980591322997
48123970100,0.006113506974585763
48123970300,0.0075634417411252035
48123970201,0.01586521184371344
48285000600,0.005070786244688882
48285000400,0.001350631147848086
48177000300,0.0019198199464227797
48177000400,0.0030542729266281082
48177000600,0.007839310351728966
48123970202,0.00882592936935202
48123970500,0.011430765418634066
48177000500,-0.005160927660106593
48187210905,0.00856504097157715
48187210903,0.005768334819264259
48187210506,0.00607293420970919
48055960701,-0.007543322830457597
48055960702,-0.013963973024069463
48177000200,0.0045509464523191745
48177000100,-0.001393791449768881
48055960600,-0.0007733736225658959
48055960102,-0.004492236203641379
48021950806,0.010073257438872269
48021950302,-0.026393515577486718
48021950804,-0.11413463509914173
48055960103,-0.07251262605298883
48055960200,-0.02619886739642034
48055960300,-0.04088681179344739
48055960400,-0.04453860705809228
48055960502,-0.006228622945111324
48055960501,-0.011679921138334663
48209010918,-0.4534367432416921
48209010917,-0.3186573390465712
48055960104,-0.1269548871736391
48209010921,-0.09333029463945929
48209010920,-0.4184486016987219
48209010919,-0.21258785599872584
48209010916,-0.14303104263416488
48209010924,-0.3106672799712364
48209010925,-0.18500915829121933
48209010909,-0.05580475485299127
48209010306,0.006790913842086616
48209010309,0.008731117803801052
48209010702,0.007556517776997314
48209010704,0.004499633440952263
48209010905,-0.1039782246859662
48209010812,0.04225235914102162
48209010814,0.0059981113877435425
48209010810,0.032770793782772964
48209010602,0.03968271997064645
48209010603,0.051670670220504235
48091310905,0.09813907121565921
48091310903,0.07455860244275048
48209010402,0.04551272229215773
48209010500,0.035811282695927836
48209010601,0.002258475355718889
48209010703,0.0180521871068599
48209010200,0.02417569903763992
48209010100,-0.02993804483354876
48209010401,-0.006594947297151889
48209010302,-0.007659384210167799
48209010307,-0.008072162206600427
48209010308,0.0636339077086452
48209010305,0.007626441990871746
48187210505,-0.005031421118075353
48187210508,0.23499308700947888
48187210511,0.07562998836931668
48187210902,0.0006386415160290916
48187210400,-0.04866571231110754
48187210300,-0.17755860480980337
48187210806,0.061205189650590616
48187210805,-0.019350859235423463
48187210512,0.1534923575964692
48187210200,-0.25942568516957376
48187210100,-0.010373290911984719
48187210606,0.05785727501345818
48187210513,0.09364785886280196
48187210804,-0.1628253591759671
48187210603,-0.044696020130132616
48187210608,0.03661990053651721
48187210611,-0.0010418337544904417
48091310405,-0.11909074647438776
48091310401,-0.06563273975398204
48091310100,-0.10492869207954497
48091310404,-0.04942969406842748
48091310501,-0.10098701732217386
48091310502,0.0697334476922453
48187210609,0.0004823571503735999
48187210610,-0.0012075022947232695
48187210510,0.12170674076577243
48187210509,0.19229343249312117
48091310904,0.20276018425108389
48091310503,-0.02572796626797878
48091310200,-0.07053644958388162
48091310302,-0.059656021252415786
48091310707,0.033646863049285686
48091310803,0.0031299608778512116
48091310301,-0.0344866545330329
48091310406,-0.08586195552441762
48187210612,-0.12501098464857138
48187210718,-0.3666810182503783
48187210717,-0.31713386782799124
48187210705,-0.04598608138420957
48187210715,-0.19066062197268657
48187210716,-0.2635381174685466
48187210710,-0.014662346791467593
48187210711,-0.1315187530801962
48187210713,-0.12618162588144238
48187210712,-0.20436829670830847
48187210613,-0.04949987273285526
48187210614,-0.04145131097130605
48091310804,-0.018811079190607344
48029121909,0.0483794403392486
48187210707,-0.0007120219406471781
48187210709,-0.013277775174446763
48029121701,-0.017920680524466846
48187210706,0.0003463123206263665
48029131700,-0.08962759932824321
48029131608,0.005008593067827449
48029121601,-0.022872056034498992
48029121604,-0.00860656653459456
48029121505,0.0029866483355036146
48029121605,-0.007685484793283465
48029121606,0.004925850071449768
48029121702,-0.0005855117545260234
48029121802,0.016013684763689175
48029121804,-0.013482912579589881
48029121803,-0.006493544035412314
48029121501,0.015479169034510564
48029121507,0.011670233031374325
48029121504,0.02456549527312292
48029121203,0.00984898130300906
48029121300,0.04015494823979013
48029121205,-0.015059318316794175
48029121206,-0.004061546165601713
48029121809,-0.010841129731063348
48029121111,0.016126345633207327
48029121810,0.016548733181875257
48029121811,0.008841976479440234
48029121808,0.010401153952828061
48029121812,0.045072178618791287
48029121813,0.05729302881882784
48029121910,0.10839100886849003
48029121912,0.10260349514159045
48091310801,0.033633754538097735
48091310708,0.1791095095151567
48029121908,0.13870142189996518
48091310703,0.18298538850481583
48091310610,0.1736443054651498
48091310608,0.11679246918565257
48091310901,0.05989774601145936
48091310614,0.08446641589380635
48091310611,0.13899851240228073
48091310612,0.1059696124676405
48091310613,0.10490630736901596
48091310604,0.07866839502251362
48209010813,0.0049258451626920585
48209010811,0.04155944774734057
48091310603,0.16338226537580064
48091310609,0.18227111909266652
48091310702,0.06566759748380022
48259970403,0.1135009972947849
48091310706,0.03900427651548455
48259970406,0.13435748402979858
48259970102,0.0898615434885729
48259970101,0.13792874041357703
48259970302,0.10041063475241913
48259970301,0.109261898846866
48259970404,0.15464520792955488
48259970500,-0.022623282103797555
48259970405,0.1454546769885804
48029182103,0.12742697381492457
48019000104,0.039014857336793475
48019000302,0.07375259756567153
48019000400,0.13108632804231643
48325000104,0.1103237307986808
48029980005,0.25435815626711356
48029182105,0.2502572142086834
48029181724,-0.011816147322734259
48029182106,0.10021953088874108
48029181729,0.07407877763697455
48029181726,-0.005265633647753516
48029181723,-0.011019318711120314
48029181718,-0.024853488300651733
48029181703,-0.006736155275329835
48029181720,-0.03272271433226916
48029181721,-0.036555648829195306
48029182001,0.0059714923401507775
48029181825,0.006964674968568752
48029181826,0.0001139450323199555
48029181824,0.0008738983653205324
48029181823,0.026371616472836163
48029181809,-0.03370775613674146
48029181821,-0.02045274247321057
48029181811,-0.0028287401588419927
48029181822,-0.006786692752226477
48029181818,-0.0034384801390002803
48029181808,-0.00259544344890422
48029181403,0.0019821707628820922
48029181404,-0.002229684157440803
48029181003,-0.06738170165459506
48029181100,-0.004982838838357778
48029181302,-0.017866838649100283
48029181303,-0.051010621917177736
48029181813,-0.05508997640920666
48029181301,0.0015458667880841421
48029191505,0.005360816331603487
48029191503,-0.007320064515830547
48029181814,-0.02751784883432447
48029181815,-0.0028057877124444248
48029181816,0.008026052782311405
48029181819,0.00727472005460964
48029181820,-0.0020564226242489898
48029191504,0.00026332809378116714
48029191807,-0.003702268000559886
48029181901,-0.09905753181477667
48029182003,0.06580960071967386
48029182002,0.046400527991785734
48029181902,0.06564338219012944
48029182102,0.10276793130011734
48029182101,0.10901298224227711
48029980001,0.03398070938863209
48029191811,0.0014038722908410598
48029191813,-0.015802200960796542
48029191812,-0.02905458414135077
48029191809,-0.07086327310692254
48029191804,-0.0933205034183859
48091310705,0.14574386198401024
48029191814,-0.0836937695827055
48029191810,-0.02783905812092989
48029191808,-0.03416472121023688
48029121905,-0.015839626888444595
48029121911,0.09230797476024524
48029121904,-0.07436904223634878
48029121903,-0.03887303264286068
48029121110,0.008147828653954801
48029121121,0.017198288095283835
48029121118,0.0068238129807361055
48029121117,-0.0017003272513707065
48029121116,-0.0002322104396128255
48029191818,-0.018304500783818064
48029121906,-0.013997298670179419
48029191819,-0.026530647563585814
48029191816,-0.022643082939911303
48029191815,-0.0035875263521845794
48029191806,0.0005340426757928831
48029191412,-0.0025471999083723582
48029191406,-0.0003194160937976773
48029191702,-0.0009684585884659879
48029191701,0.000692925897902745
48029192300,-0.008928425894023323
48029191410,-0.004545136127134771
48029191411,0.0001139450323199555
48029191413,0.0018830352289810396
48029191405,0.0019961670158852043
48029191506,0.001920320387764902
48029191408,-0.012376329312458507
48029191409,-0.0052118696940666506
48029181200,0.00027555233934265167
48029191101,-0.013734511237220453
48029191202,-0.013129757724894093
48029191201,-0.00217545669458209
48029191304,-0.11843230469200976
48029121000,-0.007766601402398001
48029980004,-0.06882138313924907
48029191303,-0.01607056716749343
48029121123,-0.0009880354832704438
48029121124,-0.0016545894817500495
48029121115,0.0013964713830474991
48029121119,-0.015003478384074793
48029121120,-0.029367620025184997
48029121122,-0.007101688339710408
48029121112,-0.005798181342441134
48029120901,-0.009183772009822224
48029121204,0.020364479064080454
48029120902,0.016501332772825113
48029120502,0.027811752967567677
48029120601,-0.005581032712793721
48029120503,0.013435879297321296
48029120100,-0.0024648952942867564
48029120401,-0.006834791179810355
48029120402,0.0020755493731821105
48029192000,-0.012229691217834288
48029120302,0.00011394503231995548
48029120301,0.00011394503231995549
48029120602,-0.0037867481421200865
48029120800,0.0024213522662345664
48029120701,0.005493850197657356
48029120702,-0.0008031053298341375
48029190902,0.0037933634073630557
48029191005,0.0034881493425283528
48029191004,0.017936420623654956
48029190901,0.008922039084373069
48029191102,-0.018128134795954372
48029191003,-0.01089414592991051
48029181001,0.0013429757385993051
48029180902,0.0012403752115744252
48029180901,0.0004935663521897492
48029191006,0.003809209766751943
48029190604,0.0033871878663582805
48029190601,0.004014178413902678
48029180201,0.006071433493193762
48029180202,0.006053295085046378
48029180102,-0.0021214926763633113
48029180101,-0.010776658884928762
48029170500,-0.00791002105406102
48029190501,-0.015153328284046752
48029190503,-0.0011655335075348692
48029190504,0.002483126708217028
48029190603,0.007270622579162686
48029190700,-0.002388302621674442
48029190800,-0.002840401380161662
48029190400,0.0029460519579386666
48029190200,-0.0011295284329734686
48029111100,-0.10074726721860651
48029110100,-0.21688559237154828
48029110500,-0.009970137475299824
48029110600,-0.048858352829299526
48029110700,-0.07135539056607919
48029190100,0.0053706920139992885
48029170101,0.00011394503231995548
48029170402,0.006405570292439219
48029170401,0.0038749461582698813
48029170300,0.004993590863887168
48029170200,0.009599975806831888
48029170102,0.008254236456102942
48029160200,0.00011394503231995553
48029160100,0.004109105019443816
48029160501,-0.0017594227924669077
48029160502,0.0029280313806608208
48029160400,-0.007249891751898363
48029160300,-0.0046782840903481955
48029150400,-0.018439365446002675
48029150300,-0.010799090298059215
48029150100,-0.0037148013434703782
48029192100,-0.030232439190018567
48029110300,-0.04242553820465444
48029140100,-0.009252454658394917
48029140200,0.004807048797476848
48029140300,-0.0004710936491531273
48029140400,0.00011394503231995549
48029140700,0.005202944781583029
48029140500,0.0025655914566068225
48029130401,0.0028145013288728062
48029130300,0.004437401742967733
48029130200,0.005076464598587286
48029191900,-0.016732129021362566
48029111000,-0.014588029409734284
48029130700,0.0033384731382621316
48029130600,0.00011394503231995549
48029130500,-0.0033304651796183513
48029130800,0.02997144020117831
48029131100,0.041949654228998094
48029130402,0.005283130340798107
48029140600,-0.002530897358972316
48029131200,0.0240585177432821
48029141300,0.07160072011884452
48029141404,0.00906789582631209
48029141403,0.002866945472946578
48029141200,0.013188725333602476
48029141000,0.0014281017230226038
48029140900,-0.04465219279402855
48029140800,-0.02852612175338669
48029150800,-0.012428347380880072
48029141101,0.0019738805866071824
48029141102,0.0031809172656948
48029192200,0.01563876539145086
48029141600,0.0172622602369341
48029141402,0.017523733483942833
48029151900,0.2444188711984468
48029152000,0.23485276393307405
48029151200,0.020324034407175284
48029151301,0.016451121098244707
48029151302,0.06440492833616845
48029151700,0.05126326510819103
48029151600,0.0005006601755532365
48029151400,-0.026502887617808883
48029151000,-0.04278745478541739
48029151500,-0.01500056156616702
48029150900,-0.019667881466732092
48029150700,-0.02297708703836794
48029150600,-0.04015737262754884
48029150501,-0.08323734093495974
48029150502,-0.04548084924316455
48029151100,-0.009846402415125301
48029980002,0.038452093808316566
48029160902,-0.024050419666165956
48029160901,-0.022288300499041395
48029980100,0.00673318826638541
48029161501,0.10097112576758586
48029161100,0.04645321415011838
48029161304,0.08338720529122712
48029161303,-0.022678731387888097
48029161302,-0.0212438775020646
48029161000,0.05418544535718337
48029161200,0.2016538178817495
48029162001,0.2507990400880837
48029161503,0.00523002415461374
48029161504,0.040935450940946014
48029161802,0.10004303625495341
48029980003,0.012758787397390794
48029161801,0.01304179979382933
48029171903,0.004301389714572908
48029171920,0.009720499764430252
48029171913,-0.023914905019243458
48029171914,-0.002401452837248425
48029171927,0.01056825550887632
48029171926,-0.027656468995239686
48029171700,-0.025532029491561498
48029171601,0.015283662569824975
48029171801,-0.013483076798892712
48029171802,-0.008225506541727656
48029161600,-0.004649664291422398
48029161400,-0.008593751591839727
48029171501,0.006538193762469832
48029160702,0.004316694389953528
48029160600,0.002008854929928473
48029160701,0.005542915985145022
48029171100,0.009495662242580796
48029171000,0.005493854081827593
48029170900,0.0029653017991633527
48029170800,0.007136400286591195
48029170700,0.0010428335669082336
48029171301,0.0009054148665405722
48029171200,0.0014783468290814567
48029171402,0.0021346428741763055
48029171401,0.004390849353008044
48029171502,0.005858821903678524
48029171602,0.011467590918070779
48029181601,0.005896538757098654
48029180501,0.005539453185748029
48029180503,0.0011777106143631049
48029180504,0.004179517054693955
48029180400,0.0058004305582430695
48029171302,0.0079189873183667
48029170600,0.009728349395104412
48029180300,0.004971671832763417
48029180602,0.0026897530260282148
48029180604,0.004623433203052226
48029180800,0.025454130501474402
48029181005,0.03543966998716783
48029181004,-0.00931179757937271
48029180701,-0.002454262231499367
48029181402,-0.02520687751694675
48029181504,0.008376514848437773
48029180702,0.0022506433358718157
48029180603,0.011271609296006988
48029181506,-0.0059251230707990975
48029181505,-0.0003672037771460346
48029181503,0.004793272079112981
48029181817,-0.017319511928372312
48029181704,-0.012912070785665182
48029181705,-0.00582880221620779
48029181602,0.005590149157249558
48029181727,-0.016333428739781206
48029181725,0.0035023811775936504
48029171928,-0.0103229549133695
48029171923,-0.025735972021296214
48029171929,-0.03063413149054841
48029171924,-0.0009487683433166919
48029181730,-0.01613490148627159
48029181713,-0.009155174344051975
48029181712,-0.012717158766968455
48029181711,-0.01589319858130909
48029181731,-0.026996801025439925
48029181722,-0.025036853083339597
48029181716,-0.0025965516829816932
48029181715,-0.005010495998703196
48029181732,0.004815451170566009
48029181733,-0.004937786579062689
48029172005,-0.01129880949092332
48029172008,0.019853709217246274
48029171912,0.02358050532664351
48029171918,0.01613742644494961
48029171917,0.004122814764163568
48029171916,0.03224359048837846
48029171915,0.0019402295739144428
48029171922,0.06427888625754974
48029171919,0.035784938416067384
48029171921,-0.009320844359457854
48029172003,0.014303337339452393
48029172009,0.10435510557669785
48029172002,0.18283797548586278
48029172006,0.24536052154408816
48029172004,0.24789095055850854
48325000103,0.0015366414959586412
48325000101,0.05578636994583474
48325000402,0.03378731759603323
48029161901,0.10218553231665023
48029161902,0.2077293451019191
48029162004,0.12579643291823067
48013960204,0.15324671976482396
48013960203,0.12276586127702745
48325000802,0.006657690902477152
48325000401,0.008743161105580979
48013960205,0.13607537719853108
48013960300,0.08757645212664593
48013960206,0.0805758324411916
48029162003,0.09247674655567724
48029152100,0.03163816932197934
48029152201,0.09568246943038733
48013960401,0.046234676629312674
48013960404,0.030267439191459817
48013960101,0.07168355535572497
48493000202,0.11645541843497807
48493000300,0.1066428438454181
48493000404,0.048414123717624276
48493000201,0.11770015642762481
48029152202,0.1296961286245386
48029141800,0.27002583663420004
48029141900,0.0781823589909399
48029131401,0.09747647369242987
48029141700,0.16331151956832984
48029131300,0.04217303063124065
48029131000,0.041903753063075456
48029131402,0.12451152693204236
48029131506,0.22580081372575506
48029131504,0.05929794801425812
48029130900,0.048312166628144436
48029131503,0.03397403499792499
48029121404,0.046853466462740696
48029120504,0.047164963460528855
48029121403,0.09953365520012436
48029121402,0.14294588865607225
48029121508,0.08311988739426107
48029131615,0.14191625682445996
48029131507,0.042541729275220715
48029131505,0.060676627717757156
48029131612,0.21223207873294772
48029131614,0.12214368492080119
48029131616,0.16175959154772723
48029121506,0.10458058037259589
48029131609,0.10004273653246
48029131610,0.106925840555678
48029131606,0.23828098203371378
48029131802,0.23899985861248615
48029131601,0.021365346881599558
48029131801,-0.001518535768315742
48493000103,0.006213684852137484
48493000405,0.0030634022940322766
48493000406,0.030547799162367686
48493000102,0.002588273671437454
48493000104,0.002827615337117592
48187210803,0.09542984642597284
48187210904,-0.01261253590892422
48493000500,2.1407251754694362e-05
48493000402,0.08496042740443781
48493000600,0.06413223005869763
48255970100,0.03954171656089116
48255970200,-0.0040492697486152985
48255970302,-0.004825674492105775
48025950100,-0.0492589935897221
48297950100,-0.19535547333901723
48013960102,0.002671344136193269
48013960403,-0.006278441115766376
48013960602,-0.012122609703178128
48013960601,0.01921541482307566
48013960500,0.023990237810317075
48311950100,-0.19760732176893292
48297950300,-0.3154078298925551
48297950200,-0.111814137886441
48297950400,-0.23670118031363288
48249950102,0.002052895727632297
48409011200,-0.03198450492406586
48409011300,0.007244923971760234
48409011100,0.0010899866632681646
48409010900,-0.004508076842446335
48409011000,-0.001598163528107054
48409010700,-0.00414617977098383
48409010800,-0.0004539462386323864
48025950201,-0.031463687908266445
48025950501,0.0016556749688617473
48025950600,-0.004973888600481674
48025950203,-0.022629855715449166
48025950502,0.00013358486520046624
48025950400,0.00013358486520046622
48025950300,0.0012025729904464595
48025950204,-0.022823526469660047
48255970301,-0.006317221855990044
48255970400,0.012360062805351386
48123970400,0.005063793223380453
48175960100,-0.0335196548559978
48175960200,-0.034568758102327186
48469001501,-0.0007269776486323028
48469001401,-0.005266014644276238
48469001402,-0.02031136621700105
48469000302,-0.0031368409329073192
48469000301,3.2178195814103263e-05
48469000201,0.0024007454830753828
48469000601,0.004426068926758338
48469000602,0.0064802492114917915
48469000202,0.001969406711780851
48469001605,0.002166418875937899
48469001608,0.0019176876977314017
48469001604,0.0029346633268027937
48469000502,0.006665325427974675
48469001601,0.005345622661257147
48469001503,0.008102043309544336
48469000501,0.008315825702118702
48469000100,0.002000916139884341
48469000400,0.003777613860900791
48469001504,0.0027845766087661755
48469001607,-0.004811327976665176
48469980000,-0.18214315169774709
48469000700,-0.0017677006392538266
48469001700,-0.023878968058209205
48469001300,-0.04955479727796752
48391950200,-0.024354462660377
48391950400,-0.016554467314651596
48007950501,0.011380360573557055
48007950103,5.239988624528127e-05
48007950400,-0.24064565108744712
48007950503,-0.15417690201137702
48007950200,-0.06401093035495886
48007950301,-0.04265174603129995
48007950302,-0.04073664929981595
48007950102,0.01450053407921455
48007950101,-0.05112112859205137
48007990000,-0.03919184469058708
48355005104,-0.016865044800738506
48007950502,-0.002601686491253072
48355005103,-0.015619063418347357
48409010302,0.0008676271124969353
48409010301,0.0017266702570099331
48409010201,0.005474964721117492
48409010202,-0.0025587637824052026
48409010500,5.239988624528128e-05
48409010602,0.0009617464326574536
48409010603,0.0022386547036468917
48409010604,0.0008312779837373441
48355006205,-0.022290449786428846
48355002706,0.02035642631089687
48355002708,-0.08554929053959953
48355003003,-0.04242031526338854
48355002900,-0.1162489601823559
48355990000,-0.013445464736805584
48355006203,-0.0025821708366924032
48355006204,-0.0021174827306186033
48355003004,-0.06795213287083252
48355003002,-0.06112311015596686
48355003202,-0.04306016197362606
48355003102,-0.04321431108971827
48355003101,-0.03319053212947208
48355006202,-0.0010031044679190808
48355006201,-0.0024366444615127212
48273990000,-0.009420129967321523
48261990000,-0.0001378132333965101
48261950100,0.04717322301725691
48273020501,-0.045918468586389254
48273020401,-0.0019356687179044741
48273020502,-0.04707103091231121
48273020200,-0.05731190319810522
48355006100,5.239988624528127e-05
48355006000,-0.029044712628076407
48273020101,-0.01907645401114476
48355005404,-0.029027674783451658
48355005415,-0.016825796848965378
48355005414,-0.027888757094781322
48355005417,-0.015192424070200739
48355005416,-0.016174896277654158
48355005412,-0.05818116933469261
48355005406,-0.030627869139410523
48355980000,-1.236074253585918
48355000800,-0.03806511974044741
48355001702,-0.01500981696779775
48355001802,-0.007649257879128873
48355001906,-0.01220717253261598
48355001905,-0.021521148116882393
48355001903,-0.022673223486806768
48355002301,-0.016491367465478312
48355002303,-0.00728900689337896
48355002304,-0.03017326880664772
48355005409,-0.03783531508184657
48355005407,-0.004403182557694508
48355005408,-0.03235358496995015
48355005410,-0.03488050594896487
48355005411,-0.00456115019198876
48355003402,-0.007969486558482789
48355003304,-0.01338630058915682
48355003303,-0.0504195536465899
48355003305,-0.05354625008480293
48355003306,-0.02116296141326171
48355005413,-0.05457895270385162
48355003204,-0.03748307748447198
48355003205,0.008634454380021455
48355002707,-0.06470954396068125
48355002703,5.239988624528129e-05
48355003206,-0.04671015182310359
48355002705,-0.024431274143849116
48355002601,-0.0686316118572656
48355002500,-0.021577141904187823
48355002603,-0.011039194266573965
48355002602,-0.013719856180599285
48355002400,-0.0157347883283143
48355003401,-0.004394273649759804
48355002200,-0.032168271516438814
48355002101,-0.040467404839444526
48355001400,-0.049106567534358575
48355002102,-0.02912241830204729
48355001202,-0.08070555282712276
48355001201,-0.1188689121956139
48355006400,-0.21212498112807415
48355001100,-0.17984276797623794
48355000500,-0.41327352174728477
48355000602,-0.31374901735431365
48355000601,-0.058619771020100006
48355000900,-0.07256892544781729
48355001000,-0.10417071477151607
48355001300,-0.06550337653834308
48355001500,-0.044487977459156336
48355002001,-0.04487020204034311
48355002002,-0.04609167163746145
48355001904,-0.040322164656085256
48355001801,-0.015701794167585183
48355001602,-0.04231042125250142
48355001601,-0.058897345058527624
48355001704,-0.026963890221937944
48355001703,-0.022132387164838816
48355000700,-0.14473913760416046
48355006300,-0.10504997703253965
48409010601,0.0012313023343971084
48355003500,-0.08547239854374654
48355003603,0.002007640932127547
48355003602,0.0017722433847263371
48355003601,0.0008069021197181303
48355005801,-0.01963118725218421
48355005804,-0.0035617576338635923
48355005603,0.002097361362263491
48355003700,-0.014999468891027089
48355005604,0.005065491962777082
48355005606,0.006060787508360387
48355005605,-0.000663508912228006
48355005900,-0.02012960248446471
48355005803,0.002108126183871079
48249950101,-0.0004335996088010979
48249950303,-0.0307769218485843
48249950302,-0.01499798978188012
48249950400,0.0018932504878025494
48249950201,-0.00042796194435304767
48249950500,0.004925506599269813
48249950600,0.0015349067981575372
48249950301,0.0006833569697537875
48273020301,-0.014425672314038447
48273020302,-0.017279696541649275
48273020402,-0.04640182294068619
48273020102,-0.02643145927331588
48249950202,0.002718712380594027
48131950100,0.0030945284406687854
48131950200,0.00031625611717416675
48131950500,0.0008119222433144469
48247950200,-0.0006094083664738395
48247950400,0.012084191800852039
48047950100,0.01363125825717512
48249950700,0.003422795426243228
48047950200,-0.001311654069764277
48215024302,0.015529276349584566
48215023523,0.0012824140887813956
48215023530,0.0017861803055018422
48215024301,0.0077948759386444934
48215023516,0.008964776627615802
48215023517,0.005338154134763197
48215024120,0.0022104227162972226
48215024121,0.0003748664503897694
48427950104,-0.7044586422495979
48427950105,-0.6921541211465678
48427950601,-0.5625909106642758
48427950602,-0.6210197299139772
48427950500,-0.6163660540274962
48427950108,-0.6282969810972385
48427950402,-0.6804317864061017
48427950101,-0.0038176310569417605
48215024212,-0.12168406326945079
48215024211,0.0034682688140046623
48215024206,-0.7688949547384532
48215024210,-0.6174265352813803
48215024208,-0.2942588816764865
48215024209,-0.4817933571581219
48215024207,-0.3080745460589363
48215024204,-0.5270441291494543
48427950404,-1.325134353791922
48427950403,-0.8500491569679283
48427950106,-0.45650585764873447
48427950107,-0.5232312664313117
48215021306,-0.8575702444009785
48215021309,-1.7109237561317021
48215020108,-1.4166196743214556
48215020406,-0.22640557030726077
48215020405,0.014362240795259884
48215020409,0.0015928528058915636
48215020408,0.0029764793631818264
48215020407,0.008379872894431425
48215020304,0.003928627250877839
48215020305,0.0067511302244769285
48215020307,0.007137872683426044
48215020306,0.011857852978249168
48215020403,0.00824320454017449
48215020105,0.0021092231324659977
48215020103,0.0166595511593563
48215020104,0.023564485830645965
48215020205,0.00795116579535739
48215020208,0.00490949533104253
48215020106,0.0020602950304014164
48215020107,0.003462568378424728
48215020206,0.005572739183508106
48215020207,0.006765908189128448
48215020209,0.0037635352020652262
48215024119,0.003082327151748601
48215024107,0.002497235031396755
48215024118,0.0034160513183913045
48215024108,0.004011543988724303
48215024127,0.0020307382406214557
48215024122,0.001152857535391475
48215024123,0.0031668370658559986
48215024126,-0.0036088009312376344
48215024125,-0.0026036165917354527
48215024124,0.006020808198291758
48215024130,0.005033463178172881
48215024132,0.007445759295898507
48215024129,0.0062333997277509426
48215024128,0.003949005766235951
48215024117,0.010834543745783574
48215024109,0.0082063853993899
48215020211,0.0020524268371610267
48215020210,0.0047856843592324365
48215024116,0.00414894237220196
48215020303,0.0013943126242843833
48215020735,0.0036131588129726085
48215020727,-0.004911560618143348
48215020734,-0.0032547513147090507
48215020736,0.007129881091507652
48215020731,0.00013358486520046622
48215020728,0.003966715767050406
48215020804,0.008554382120856012
48215020806,0.0015354773600995872
48215020909,-0.2043648976298855
48215020906,-0.13993814588948106
48215023535,-0.2231978545606141
48215020808,0.00013358486520046622
48215020733,0.005843932105797998
48215023532,0.0029150968062335593
48215020807,-0.009287652469116057
48215023536,-0.023608677452986976
48215023522,0.0001335848652004663
48215023533,0.00196327632012204
48215023531,0.00013358486520046622
48215024115,0.003669816706519702
48215024131,-0.007595101272551038
48215023519,0.00667166988617603
48215023534,0.0012334899145717924
48215023908,0.008295028474911722
48215023907,-0.0510775395496629
48215024002,-0.0009050437169406771
48215023518,0.002457712137044668
48215024004,0.0023600779115385885
48215024003,0.009146502554078093
48215024001,-0.011466098707470862
48215023601,-0.0054770700267610835
48215023805,-0.0027899025231130094
48215023903,0.00683311171843644
48215023905,0.006955418285223892
48215023906,-0.07564033875386507
48215020905,-0.1422691450338981
48215020910,-0.10352349366309786
48215021704,0.003988621010448855
48215021706,0.008622538072625405
48215023804,0.0020465260162400574
48215023803,0.0028512345349907047
48215021809,0.007224935833625718
48215021810,0.008551635305875289
48215021807,0.006746841755997968
48215021707,0.0051254198773445555
48215021705,0.004838562470989425
48215021803,0.0058134538880447945
48215021804,-0.04916663535633194
48215022005,-0.4128634957452269
48215022006,-0.831285233941296
48215021500,0.0005898414428236759
48215021401,0.0015746154975317063
48215021406,-0.2348420848466131
48215021405,-0.35584961773974044
48215021407,-0.19286116010251278
48215021600,-0.0014435134675414058
48215021703,0.00406942496689201
48215020907,-0.0165748487905453
48215020908,-0.015958141585767364
48215021001,0.0006695847632126199
48215021002,0.004014150570996262
48215021003,0.0026360303850987317
48215021100,-0.03801607973953547
48215020600,0.0026372805338498594
48215020729,0.003134727508541623
48215020805,0.003911130863439108
48215020725,0.001334130077341528
48215020732,0.00131905276929397
48215020724,0.0024244093203131846
48215020506,0.006058166341646382
48215020505,0.004457174087292142
48215020730,0.002642842873022887
48215020512,0.00407057833775443
48215020511,-0.013253572133625003
48215020513,-0.2563206698621047
48215980000,-0.6979247818054696
48215021204,-0.606146855023844
48215021201,0.015381897238498149
48215021203,-1.0572346565765736
48215020507,-0.5410754386752258
48215020508,-0.3355952766180419
48215020510,-0.5202609276797285
48215020509,-0.5237629896325151
48215021311,-1.3001235904505233
48215021308,-1.8713571937649678
48215021310,-0.5459900449470848
48215021315,-0.4955194843445136
48215021307,-0.6482083676458285
48215021314,-0.7961623983444192
48215021312,-0.78274444912851
48215021408,-0.8314208270727886
48215021409,-0.5209286512662494
48215021313,-0.7205198943404434
48215022007,-1.086727734570757
48215022009,-1.473376266208455
48215022011,-1.2853750906619776
48215022113,-0.651116663504569
48215022112,-0.9337502085426838
48215022204,-0.6509218007675396
48215022203,-0.5520208195944721
48215022105,-0.5249391128225648
48215022107,-0.6280292650783181
48215022109,-0.27772113296163975
48215022108,-0.527132187809689
48215022205,-0.6164556920536192
48215022206,-0.018613050135123495
48215022110,0.002504754557590257
48215022111,0.003292188139094976
48215021906,0.003603086355282416
48215021905,-0.0007999793168153368
48215022010,-1.1057837841942357
48215021903,-0.6257703484339789
48215021904,-0.012346467427558239
48215022008,-1.0754046976907476
48215021808,0.005262983210638811
48215023526,0.0015697733236644165
48215023529,0.0008462645588919952
48215023528,0.0009729269592310859
48215023806,-0.003455393552555967
48215023700,-0.008016729865459715
48215023602,0.005719792077597352
48215023524,0.0028193424673450236
48215023521,0.004769508622192056
48215023520,0.0019120576251467065
48215023525,0.0006180444493225595
48215023527,0.0016244943265795629
48215024406,0.0024321184795716095
48215024501,0.0032456579017815248
48215024405,0.00013358486520046624
48215024403,0.00013358486520046624
48215024404,0.0022873483247996067
48215024502,0.008662985147375046
48215024600,0.0032725496103470047
48215023106,-0.6137623730923452
48215023105,-0.8128361263238051
48215023104,-0.39331455797755166
48215022503,0.00255402968491578
48215022402,-0.37021634800810693
48215022504,-0.14388375329028572
48215022401,-0.46968232946469374
48215022502,-0.691908519782282
48215023103,-0.3754999060909422
48215022704,-0.9026571502123827
48215022703,-0.5514435995243344
48215022600,-0.4476226234269058
48215022301,-0.4113927271983425
48215022302,-0.47943308162007686
48215022706,-0.5465466566294251
48215022705,-0.5253715069913227
48215022900,-0.6897316700977081
48215023000,-0.7390172068979258
48215022801,-1.6506863363584885
48215022802,-1.5205385998782257
48061011903,-1.1810223871421632
48061012105,-1.0345047282413555
48061012510,-0.02924925462893221
48061012106,-0.3009925279399741
48061012511,-0.3634546315615125
48061012516,-0.37306500806703813
48061012512,-0.36377607539210083
48061012800,-0.8558242157894849
48061014002,-0.31697161495136494
48061013700,-0.36582672816390055
48061013600,-0.3963507985638904
48061012514,-0.27795482031856045
48061012517,-0.2740757607929798
48061012509,-0.5240480375573966
48061012900,-0.4443040313479631
48061013003,-0.425417751314194
48061013002,-0.4310239847649991
48061012613,-0.41344461945706146
48061014501,-0.40605073050117163
48061012614,-0.4896572289577467
48061014502,-0.36591838583198694
48061013104,-0.3878532397687568
48061013106,-0.4410085185495145
48061013004,-0.47325300944544607
48061013500,-0.422751336686234
48061013801,-0.3030099454120328
48061013401,-0.3647953719328535
48061013402,-0.3365634414598711
48061013902,-0.3193495167045949
48061013802,-0.3040711036116065
48061013307,-1.5541637967367012
48061014001,-1.3360601318094305
48061013903,-0.39765060113069733
48061013306,-0.4657574769965689
48061013305,-0.46935083162005176
48061013309,-0.46653586176956924
48061013308,-0.45650785425602075
48061014101,-0.7835913476461288
48061014103,-0.9447770758009466
48061014102,-0.7994463036637235
48061012607,-0.740904043274297
48061013207,-0.8214294078015346
48061980100,-1.0943508926157275
48061013204,-0.5286568570745159
48061013206,-0.6900685611042655
48061013203,-0.6445776051959085
48061013205,-1.2193722638364193
48061014300,-0.5463745962999398
48061013901,-0.4183685289675015
48061013303,-0.6030377615485529
48061013102,-0.5887968600524656
48061012608,-0.5218967770718391
48061014403,-0.646449197185034
48061014404,-0.6235833741892245
48061014202,-0.41524036687380533
48061012402,0.003924670921690559
48061012403,-0.06852046944946294
48061012404,-0.15222993111567543
48061012615,-0.6220996933471632
48061012616,-0.35753799107079404
48061012617,-0.4518656257928389
48061014402,-0.5716664345458495
48061012515,-0.24859181324911825
48061014401,-0.6289374245191733
48061012513,-0.4548413730317978
48061012508,-1.339205596975601
48061012506,-0.28016561581008126
48061012201,0.0028006362434211847
48061011401,0.005577823982609126
48061010103,0.0031934948063112095
48061012203,0.009649117550608882
48061012202,0.005795166408038966
48061010102,0.006592533606458729
48061010101,0.006393641059659641
48489950600,-0.0027250698025566714
48061010201,0.0033220561900369
48061010802,0.010710408979804381
48061980001,-0.23637044176174585
48061010205,-0.010026838796245073
48061011302,-0.0020283564290636946
48061011402,0.0073511807928242886
48061011601,0.003156825748471188
48061011500,0.00583875036933058
48061011602,0.008237386354664382
48061012103,0.06438293987079809
48061011702,0.006343705992562531
48061011701,0.019132241414019334
48061011802,0.002820435721895241
48061012104,-0.008622490767859016
48061011000,-0.0028751248676182075
48061012003,0.0011759856940064734
48061011801,0.007730974661736038
48061011301,0.003603093504312909
48061011200,0.0108572935011033
48061011100,0.007234683456804635
48061010900,-0.018569539262915994
48061010603,-0.004579091476026385
48061010700,0.010619256351620298
48061010801,0.009205641640672968
48061010602,-0.007933126455585124
48061010204,-0.018149914116143726
48061010604,0.00011394503231995557
48061010500,-0.001113949783816033
48061010406,0.008334032373133828
48061010404,-0.0005124451052843941
48061010405,0.0038814598815069684
48061010304,-0.12935996204232603
48061012004,0.00992754516921964
48061012002,-0.25441605747172796
48061011908,-0.7164838288872676
48061011905,-0.692212678985077
48061011904,-0.6025270077520268
48061011907,-0.824817830525745
48061011906,-0.8882606269359242
48061010303,-0.31144310448648804
48061010403,-0.0018312422757480406
48061010301,0.0011992789309553567
48489950300,0.006765828068038508
48489950500,0.00673708323380971
48489950700,0.008630300830368361
48489950400,0.0038251820690162032
48061012305,-0.09237901031526605
48061012301,-0.08337653722157737
48061990000,-0.17490161715529065
48061012304,-0.11871705026844254
48061014201,-0.15976431386396253
48061012700,-0.9300237091189446
