GEOID,coverage_gap_score
04019940800,-0.11625638604486546
04019004425,-0.010451444750466082
04013940700,-0.001002193426203609
04019941100,-0.23404276807395413
04019005200,-0.08964973353890124
04013980100,-0.4795458318611826
04013723306,-0.24019098629220187
04013723304,-0.07786871142115653
04021941402,-0.015128105328230595
04021001600,-0.0054470664296048365
04021002105,0.0015733480222570474
04021002104,0.002390774722022521
04021002106,-0.07411248961991504
04021002107,-2.3596913489517792
04021002004,-0.2551798701937902
04021002005,-0.02595630668375474
04021001408,0.0033094585433481724
04021002001,-0.044671850539607635
04021001900,-0.06709475958475192
04021001500,-0.0024137179224447258
04021001406,-0.011897808030096126
04021001407,0.0030097999588280713
04021001404,0.0040001651097019905
04021001405,-0.006250693621552913
04021001309,0.001551978707037298
04021001306,0.00433280450969969
04021001403,-0.021878442697186508
04021001307,-0.001719336853811042
04021001308,-0.04368427779037641
04021001305,-0.0046328513998549715
04021001303,-0.003070961022698096
04021001310,-0.009887735817599608
04021001200,0.0021822855169995204
04021001100,0.0015613084527803592
04021001000,-0.0038892086146548087
04021000902,0.002930336533492375
04021000804,-0.28678262848948777
04021000806,-0.26255985316848784
04021000228,0.005524714908147591
04021000229,-0.008713219536310622
04021000227,-0.0013273597777732353
04021000211,-0.003406507419484437
04021000212,-0.024382832508827695
04021000805,-0.0027039055794142028
04021000208,-0.011209898332945304
04021000217,-0.009844731230274368
04021000226,-0.0061196632047947125
04021000224,-0.0019177767210211958
04021000206,0.0014808647446430479
04021000218,0.0034029102518118876
04013816901,-0.005080866955467486
04021000223,-0.006963483918559809
04013817200,-0.027571100580786764
04013817101,-0.0030532762188404967
04021000215,-0.006549768972438407
04021000222,-0.003777494970880102
04021000225,-0.009727106451808389
04021000221,-0.0035959836459075944
04021941200,-0.0049225108716940864
04013816502,-0.008533761485941163
04013816501,-0.006918611025529781
04013816402,-0.012960361825710668
04013816005,-0.009254570128106647
04013816004,-0.007956476098636584
04013814100,-0.006990140155375666
04013814000,0.0019215905353148863
04013813600,-0.006351159377443041
04013813500,0.005310237986187355
04013813400,-0.010681513841821116
04013813800,0.0036402550568079427
04013813900,0.0021032638724110928
04013817500,0.014835096922263901
04013813700,0.017262071187048204
04013813000,-0.028820733673886146
04013817300,0.006352432598778401
04013817400,0.0024183934896760285
04021941300,-0.01809829200847165
04021001712,0.0038823669760217256
04021001709,-0.0012102954609288195
04021001713,-0.01321331404815805
04021001716,0.005934536705179912
04021001717,-0.0013115027007673933
04021001706,0.005133446221775995
04021001715,0.004226758869379489
04021001704,-0.0007165320049358056
04021001707,6.5616713234967455e-06
04021001714,0.001952110380749438
04021941401,-0.01100531794871798
04021001701,-0.04799442290228721
04021001705,0.003938186752201398
04013941000,-0.030467356010497194
04013116730,0.011067872418413066
04013116731,0.01908472087290608
04013116713,-0.03281499625227343
04013116712,-0.268724399983035
04013116719,-0.3619522642676791
04013116721,-0.0030073386609025775
04013116714,0.009886772187651029
04013116729,0.01439120516057018
04013116725,-0.027643393698461863
04013116727,0.0012161622943414933
04013116728,0.004995125992649019
04013116733,-0.19972098930806714
04013116720,-0.058953018169621466
04013116718,-1.261076585239981
04013116711,-0.6290248596638045
04013116710,-0.15334431405950166
04013116708,-1.3188312351138596
04013116707,-2.080792209462242
04013116715,-2.3395450016433523
04013116738,-0.020196032275203113
04013116205,-0.015896747783176325
04013116202,-0.013947602759918267
04013116203,-0.03286894186871576
04013116300,-0.020687795855538982
04013116400,-0.014271218813425995
04013116737,0.01103350599476324
04013116703,0.013297951188487969
04013116734,-0.023447391667594304
04013116735,-0.02932108190412722
04013116736,-0.04670457213621427
04013116500,-0.05826103980078711
04013116615,-0.031620745627096755
04013116614,-0.03953852796204006
04013116616,-0.001944434729147224
04013116612,-0.005760277209411791
04013116617,-0.2704257164444559
04013116732,-0.22152595504426018
04013116611,-0.014632558173983266
04013116619,-0.1130622731962021
04013116610,-0.0013219863535672972
04013116606,-0.0022202692591685134
04013116605,0.012729979219863826
04013116621,-0.006935019613108822
04013112514,-0.01090352143278563
04013115500,-0.0356315933537727
04013116607,-0.003435885122894052
04013115600,-0.18238409572411118
04013115700,-0.0410251365627741
04013114800,-0.006460764969955425
04013117300,-0.0011615564668935085
04013114705,-0.06263946122853058
04013114704,0.007095862714025959
04013114500,-0.03180381521878824
04013114401,0.008064916084224768
04013114402,-0.013767704854840657
04013114302,-0.04966847217358478
04013114301,-0.10472187745432981
04013112900,-0.06697285263378358
04013111900,-0.08761280684077334
04013116800,-0.0593147283575764
04013112700,-0.05800288613692968
04013112100,-0.037513060333835606
04013112201,-0.030557382189407324
04013112202,-0.0230472849598451
04013112602,-0.02166888470329294
04013112601,-0.05189150372959621
04013114600,-0.012614475923126724
04013112512,-0.041929894084978526
04013112507,-0.03239979816305358
04013112301,-0.037617356475246916
04013112402,-0.010323045151986007
04013112401,0.0036428268425918384
04013109900,-0.026857945869382803
04013110002,-0.01028113135608612
04013110001,-0.006880140085049351
04013112302,-0.0027391256709263503
04013110100,0.002211933675552866
04013109200,-0.027768616089312206
04013107102,-0.0021217109021200178
04013109300,-0.020262438640311953
04013109401,-0.005471785393907315
04013109402,-0.017875564360438412
04013093104,-0.04365009070008703
04013093101,-0.06198052128795068
04013093002,-0.04708949487030489
04013093001,-0.09647486889848998
04013092900,-0.15926224206119213
04013092500,-0.11089855258304668
04013092401,-0.040700031044378984
04013092402,-0.01701563430893785
04013105800,-0.006241553642258062
04013107002,-0.01768537195866525
04013107001,0.006192660581381321
04013107101,-0.009597044034273815
04013107202,-0.015415385684278244
04013107300,-0.035509780692395326
04013106801,-0.0065373295844366585
04013106900,-0.027354390822548078
04013105900,-0.01630850835555514
04013106001,-0.06838628481765574
04013106701,-0.04404628701383881
04013106003,-0.014705612365695203
04013106002,-0.035341627522487436
04013106100,-0.014444189743831819
04013106702,-0.003288974585420378
04013106703,-0.011422387547021545
04013106802,-0.03020268052532141
04013107404,-0.17208355481439658
04013107403,0.020667578646733083
04013107401,-0.007126480082397341
04013108902,-0.02420894488481344
04013108901,-0.04902679408672859
04013107402,-0.10462721666837621
04013109002,-0.02811252044447876
04013107201,0.07506089427680444
04013109101,-0.02928180108623875
04013109102,-0.029003229659184976
04013109001,-0.009508033109977526
04013109003,-0.08532637924164753
04013117000,-0.08976804006999578
04013116900,-0.04344879203150888
04013110400,-0.04763568308508373
04013110501,-0.059633650201715974
04013110502,-0.0814305937956919
04013110701,-0.019657696865796975
04013110702,-0.030125124345410113
04013110600,-0.024713509504357876
04013108602,-0.021884967761609656
04013108502,-0.0010066476761738934
04013108501,-0.06878890746805015
04013108601,-0.0026646375556187165
04013117100,-0.12662664160282733
04013108802,-0.06338692209963723
04013107500,-0.058563077391723915
04013107601,-0.006778832708195312
04013106501,-0.011909996511628322
04013106600,-0.0069028637302426836
04013106200,-0.015033954021783553
04013106300,-0.05285469378732744
04013106400,-0.04535139252164895
04013106502,-0.012170629354750594
04013107602,-0.023343253606720904
04013107700,-0.035754078495980765
04013107800,-0.03623650319175077
04013105102,-0.016080654588994214
04013105103,-0.006835514365799411
04013108100,-0.01399394075796661
04013108200,-0.026438040472014812
04013108302,-0.005141910227438734
04013108301,-0.008887199765364052
04013108400,-0.02244896255264739
04013110901,-0.014424073446355337
04013110801,-0.09410147370656818
04013110802,-0.10447447949495671
04013110902,0.01818625675367796
04013111000,-0.024522696283873102
04013111300,-0.029072125819345082
04013111402,-0.018573571533134936
04013113601,-0.045980471984974056
04013113602,-0.02968071136671277
04013113701,-0.011687416968546634
04013113702,-0.04830125266047691
04013113800,-0.12289767872885585
04013981000,-0.5318039801495238
04013113503,-0.06585259390424475
04013113502,0.008163213291029028
04013111401,-0.03098343884401375
04013111502,-0.14343104078063465
04013111501,-0.24274222450955896
04013111601,-0.07240530695644216
04013111602,-0.05074040119939306
04013113301,-0.05536228259858334
04013113201,-0.007970063194027984
04013113204,-0.12413896517922418
04013111700,-0.06541952158328364
04013111800,-0.03798552675843298
04013113000,-0.06024896680195369
04013113100,-0.10444788828826918
04013113202,-0.009408820673101441
04013114100,-0.5406749554223171
04013114200,-0.08689186823432869
04013114000,-0.15649438890640793
04013113900,-0.08636889141555275
04013117200,-0.10002896717574872
04013114900,-0.060621266866730625
04013115400,-0.06885078510798762
04013115802,-0.02126908811791192
04013115801,-0.05712144984933152
04013115900,-0.03661853146859938
04013115300,-0.051166979550932
04013116000,-0.010203458068669027
04013116100,-0.04698773823035024
04013115200,-0.009478996751255173
04013116204,-0.041777125796826915
04013319709,0.05098483803138658
04013319710,-0.030037693381072997
04013318800,-0.02697704662437345
04013318700,-0.2437625216270301
04013319001,-0.12172868313282813
04013319002,-0.04009262642118368
04013318900,0.0021200158667014912
04013319705,0.014050217999558481
04013319600,-0.03138607590842091
04013319104,0.00850486418815606
04013319500,-0.0028331813474209828
04013319403,-0.007117545696295023
04013319404,0.013920585369825357
04013319300,-0.0021313836414570304
04013319202,-0.07181054563998973
04013319201,0.0068115158875172565
04013319103,0.022268701447865774
04013319101,0.11871390681592238
04013318400,-0.16512134572839443
04013218300,-0.11634506051935897
04013217800,-0.03826087480690564
04013217900,-0.05544750774023229
04013218200,-0.008021295446074446
04013218000,-0.017647774688921196
04013111204,-0.13616617456244007
04013218100,-0.03014100588646034
04013318501,0.015551955703398028
04013320100,-0.2214669537502108
04013111203,-0.06920549985689661
04013111202,-0.01283429345179521
04013111201,-0.02275445048573639
04013111100,-0.007530531355815204
04013217400,-0.01428146736460872
04013217501,-0.03477021070171265
04013217300,-0.05704259138732022
04013107900,-0.009120811499195296
04013108000,-0.013229823865310495
04013105004,0.0045881432377957235
04013105002,-0.006094983287963936
04013217001,-0.007067743279379058
04013216901,-0.13590696413886827
04013216835,-0.1646829840843121
04013216806,-0.04373052831484433
04013216902,0.0033196145336396527
04013217002,-0.024357270942819538
04013217102,0.006929556256720802
04013217101,0.01965152330191102
04013217203,0.01536637614807802
04013217201,-0.14013218807176023
04013217204,-0.04633256940155181
04013217600,-0.053576155541971884
04013217502,0.020513663237978052
04013217700,-0.017441876752259132
04013420402,-0.0042835355461081975
04013420301,0.010395523167504837
04013420604,-0.007071583562376542
04013420504,-0.06157697593654983
04013420503,-0.051590264665753574
04013420505,-0.0016995969767731175
04013420401,-0.00570146715180588
04013421201,-0.16148762497928143
04013421101,-0.002147561662617071
04013420506,0.004733648084979525
04013421001,-0.006400383081090149
04013421102,-0.14915090672217907
04013421202,-0.31460954305238875
04013421303,-0.006051310769676667
04013421304,-0.16238013237933335
04013422104,0.015867277746710103
04013422103,-0.07043374031995739
04013422102,-0.39095841757029237
04013422107,-1.480397921206687
04013422105,-0.45849719013151036
04013422106,-0.25037901413645774
04013421302,-0.06957683977698126
04013422002,-0.013546985090068273
04013422001,-0.004870413623186595
04013421901,-0.02396786273649365
04013421902,-0.001235556417402636
04013421501,-0.021546988174244004
04013421400,-0.021810714902375232
04013421002,-0.03273512639157189
04013420901,0.0034172204495324424
04013420902,-0.11588685849390803
04013421502,0.006878629731309537
04013421601,-0.005525401297755448
04013420800,0.015618846168193565
04013421602,-0.16103184556068195
04013421802,0.0050214596760835
04013421801,0.01376814439324466
04013422302,-0.011898907093543961
04013422301,-0.019323499172820786
04013422307,-0.015509337542368119
04013422309,0.008061298575112865
04013422401,-0.20306855496470216
04013422308,-0.0530737097136641
04013422403,-0.00836890811390428
04013814300,0.0007891143647517871
04013814200,-0.0011489491096281085
04013811300,0.00879106072979292
04013522901,-0.001855607860249981
04013422305,0.005418463266398324
04013422304,-0.07437372245270565
04013422220,-0.7853136052705498
04013422209,-0.016402032298013902
04013523008,-0.0014243481258186443
04013523007,0.0018134552891327746
04013523005,0.006642839697127528
04013422210,-0.6969133635226805
04013422219,-0.4158972791265144
04013422221,0.04513916223536901
04013422222,-0.4654270328368477
04013422215,0.027995344658243996
04013422217,-0.07206468171166522
04013422216,-0.5223929118080096
04013422203,-0.4677191393460014
04013422225,-1.736061355564672
04013422224,0.04488061842384898
04013422223,-0.22721964507563
04013422226,-0.1225690960012689
04013319402,0.0037173482553564336
04013422227,-0.0006583506048429325
04013422212,0.05671324002933502
04013422213,-0.12301364870065032
04013319906,-0.32701458275196865
04013319904,0.006523174270363652
04013319903,-0.026264069574565462
04013319905,-0.270889498501299
04013319401,-0.003534803943978004
04013319802,-0.01338687714845577
04013319801,0.005160231306899863
04013319706,0.0025405672776328725
04013319708,0.004161524222236364
04013319707,-0.19872505004747726
04013320002,-0.039670048566525284
04013116709,-0.6951904191194753
04013320001,-0.4832528685898553
04013320007,-0.014653436966099519
04013319902,-0.027867421067331623
04013319908,0.013493291733921383
04013319910,-0.3418556153185607
04013810000,0.010756403168352137
04013116717,-0.08423841118045546
04013810400,-0.009981265736238582
04013810600,-0.009492900893504748
04013810100,0.013802430290578746
04013319907,0.02027126099102994
04013319909,0.001591258254688021
04013422218,-3.038882266886804
04013422211,-0.04122391481567997
04013810300,0.008306002143496109
04013810200,0.018482027582689922
04013810800,0.007341935120660086
04013810700,0.020316843469518068
04013811100,-0.07010042054252066
04013811200,-0.02558302079738657
04013811800,-0.009535399003155136
04013811000,-0.11279745957700013
04013810500,0.007870288621368904
04013810900,0.013646981698855325
04013980400,-0.03686843847379339
04013941100,-0.23696689448845182
04013980500,-0.07437842829981398
04013812600,0.0021398032568620347
04013812900,-0.0037290552724686885
04013812700,0.004448836115316584
04013812300,-0.016210973611221605
04013812200,0.00740480521406364
04013811900,-0.009389158384469909
04013523006,-0.001344091339065418
04013523103,-0.004947203697714415
04013523104,-0.019532695628724443
04013523002,0.0009178813561783242
04013522903,-0.0036479160945971463
04013812000,-0.0029896688300066307
04013812100,-0.002732025233433662
04013523102,-0.01349490087277241
04013522904,0.015203783231802855
04013811400,-0.0012035444437169622
04013811600,0.006900804893090695
04013811700,-0.04998106275031247
04013811500,0.00906057780036509
04013814900,0.0077582740618944886
04013812400,-0.025053752316887223
04013813100,0.0006666908373414733
04013813200,0.013606706424750096
04013812802,-0.0012239832225556973
04013813300,-0.0023419236023136587
04013812801,-0.015003038028757177
04013812500,0.0005282618128103269
04013815901,-0.12121786386245778
04013815902,-0.011324814929288387
04013816003,-0.021293551300084628
04013816002,-0.0195596400503058
04013816302,-0.014295911437545826
04013816401,-0.015876560663584054
04013816301,-0.015730289703522735
04013816200,-0.019107780405737337
04013816100,-0.0099565820075577
04013816001,-0.038949984501974635
04013815700,-0.0012395488169545232
04013815800,-0.010551871651240873
04013815601,-0.010756637380457113
04013815201,-0.015551196512747167
04013815202,-0.010312066429138818
04013815602,0.0026909851931046554
04013815501,-0.01226888562470734
04013815100,0.008806123608484298
04013815502,-0.06911770570955078
04013815401,-0.06085454613768543
04013815402,-0.019537025374914162
04013815300,0.002943519951610887
04013815000,-0.0029979643864617594
04013814400,0.01033410123269484
04013814500,0.0018795604190950336
04013814600,-0.005996048670631694
04013422512,0.007642804799650672
04013422511,0.0029378131171888793
04013422404,0.0033599294875593776
04013422402,-0.01898077711059877
04013422509,0.0074540150129838055
04013422506,-0.06054703832003567
04013422508,-0.15492220395945816
04013422503,-0.006923576823186504
04013422504,-0.0036376342472428562
04013422514,-0.009011579202310192
04013422507,-0.030978094790890892
04013422510,0.01800869942998371
04013422657,0.020074134779420463
04013422621,0.0018201231708525468
04013422620,-0.10400637241255228
04013422636,-0.015165928141979894
04013422638,-0.005719416047266678
04013422639,-0.0019334444254575976
04013422622,-0.0028294317238291918
04013422623,-0.027527145393800037
04013422656,0.0019291016201726445
04013422658,0.0016096708570456939
04013814700,-0.0018159584124020811
04013815203,0.0036887547299750017
04013814802,-0.01209376928361203
04013814801,-0.017925295775364045
04013422654,0.015008809092303715
04013422618,0.002297974321405428
04013422617,-0.001397344562403366
04013422633,-0.025998845820814107
04013422634,-0.023571836261721362
04013422659,-0.0010131713348077516
04013422640,-0.004836963903549643
04013422655,-0.000895854409710968
04013422643,-0.010444173998066048
04013422651,0.008655083943533783
04013422642,0.000668877103981617
04013422660,0.0020508857365821973
04013422615,-0.014456107795413588
04013422652,-0.016834024194651638
04013422650,0.005507374010393468
04013422647,-0.03018062321135448
04013422648,0.004085065897528175
04013422649,0.01974241579857002
04013817600,-0.06255011504027697
04013522801,-0.38110423442720653
04013522802,-0.24369321578622014
04013816600,-0.027718039371979787
04013816800,-0.03529138685052041
04013816700,-0.029389024583680368
04013817000,-0.027831019226882872
04013817103,-0.0031230189794714067
04013816903,-0.04973071816374855
04013817102,-0.04260681365888867
04013816904,-0.9149603262346737
04013816902,-0.05162857170749269
04021000220,0.007261193181353068
04021000219,0.002601269504654679
04021000204,-0.006678355765686332
04021000216,0.011742812236622529
04021000316,-0.006531796539111389
04021000324,-0.022709382596356797
04021000319,-0.0424502545477414
04021000325,-0.015180467759193485
04021000317,-0.01110711310904995
04021000312,-0.13373103609750542
04021000313,-0.006633328685594788
04021000322,-0.009193673462428548
04021000323,0.0015999801506572154
04021000309,-0.07110008658234777
04021000321,-0.12445530580723303
04021000320,-0.045448199673114066
04021000307,-0.06068795386910767
04021000311,-0.016350889150126918
04021000310,-0.02532030642067703
04021000315,-0.009343786207332365
04013420107,0.003956285269452438
04013420108,-0.00389337968507242
04013420110,0.0006103133039132326
04013420112,0.0034622568970852905
04013420116,-0.06887541658482424
04013422629,-0.005838023938761058
04013422653,-0.006352735765242546
04013422628,-0.0034366397022402703
04013422630,0.002040688807196568
04013420115,-0.02774463709832023
04013420111,-0.0015186331800031475
04013420104,-0.012116899660321109
04013420114,-0.06601820618843462
04013422627,0.016400437988657778
04013422632,-0.001476778985324387
04013422610,0.002190131909923958
04013422609,0.002000913146740415
04013422626,-0.025717844108391993
04013420113,-0.0831282778596028
04013420105,-0.006517739279232842
04013420109,-0.0022681827814527867
04013420211,-0.002252288452452326
04013420212,-0.009883437605474311
04013420215,-0.0028071468570288827
04013420216,0.00580464082435417
04013420210,-0.007569182441540978
04013420202,-0.012415981203524084
04013420214,-0.011908271578466596
04013422625,-0.01259243058264628
04013422637,-0.006966956053234151
04013422607,-0.0006116144429279714
04013422624,-0.02007521444258334
04013420213,-0.020432332589824045
04013420209,-0.0033692135281485217
04013420208,-0.015224129466542486
04013420706,-0.008259927547519186
04013420708,-0.03601394632927361
04013420710,-0.006303322803619964
04013422513,-0.001618744051462747
04013420709,-0.020056257114049937
04013422501,-0.0010427977419286516
04013422502,-0.008531158924587938
04013421702,-0.06025455858066682
04013421701,0.0046330728360475274
04013420707,-0.027008104907629643
04013420704,0.025401327093240163
04013420602,-0.04825549728923713
04013420603,0.021125924981422878
04013420705,0.0073061662049878524
04013420304,0.0023056577947867815
04013420303,0.0009205240698492984
04013420302,0.006552266540163394
04013941300,-0.02760219428749277
04013420206,-0.058764872014189694
04013420207,0.0008747744152773942
04013216821,-0.011383823809880608
04013216856,-0.01927773796833785
04013216857,0.002348201382589646
04013216820,0.00509054123618388
04013216819,-0.0017957932401714912
04013980700,-0.032119760101956336
04013941200,-0.0011702802009727117
04013010102,-0.09286499336615091
04013010104,0.00111816993493251
04013010103,-0.007008165244680748
04013030402,-0.00602209180690038
04013030401,-0.005115506972391267
04013216822,-0.029057238026178392
04013613100,-0.01096417709121154
04013612500,-0.3355043769004771
04013613000,-0.22200342846075155
04013612700,-0.8511126804986898
04013613200,-0.03072644077014462
04013612900,-0.7314100905953589
04013613300,-0.18430823611812697
04013216840,-0.09231451875428853
04013216843,-0.044218391693115554
04013216829,-0.035077384288344685
04013216851,-0.059560988422098296
04013216855,-0.031473659571221974
04013216854,-0.06485869334566728
04013216849,-0.35103922392727227
04013216859,-0.00973032346976902
04013216858,-0.022912704520724705
04013216809,0.0006845051495118493
04013216837,-0.018653834797242884
04013216833,-0.4287743957243599
04013216832,-0.8397189209263647
04013216836,-0.49258243496028387
04013216839,-0.6659327636497582
04013216861,-0.6764889602607846
04013216853,-0.4984628818185222
04013216850,-0.05941977510103676
04013216860,-0.7211141932753512
04013216852,-0.02657596582245464
04013216816,-0.03078185797493934
04013216838,0.018699934287686636
04013216826,-0.00454088454447237
04013216810,-0.0643344100299161
04013216807,-0.014823049591947465
04013216813,-0.0197497871975883
04013216834,-0.09394092605684534
04013216831,-0.06643997641733368
04013216830,-0.10299571827724024
04013105003,-0.0013592612057544533
04013103209,-0.0170914695390622
04013103205,-0.03449604614903612
04013103207,0.0008223929333401208
04013103206,-0.010642967397754107
04013103214,-0.03282009050413537
04013103220,-0.03078920234704198
04013103219,-2.048346461020415
04013103217,-0.9656882869957053
04013103212,-0.06927779694752825
04013103216,-1.0385231756974953
04013619900,-0.6495976672187755
04013615201,-0.865228632129821
04013216845,-0.1577182859242509
04013216844,-0.023250974203125545
04013216841,-0.1373070013070175
04013216842,-0.008439941630823861
04013615202,-0.6509887483950105
04013615100,-1.9387894548008946
04013615001,-0.1551249600808726
04013617001,-0.26288038451704643
04013612401,-0.020716015380809256
04013614700,-0.04327892841122424
04013614900,-0.05849121902122871
04013616900,-0.01442523923919408
04013616700,0.0017385105192774543
04013616800,0.004852212652711501
04013619000,0.0020361182700544523
04013619100,-0.25699410726312166
04013618900,-0.034107033804145856
04013619200,-0.2920369734846665
04013619400,-0.16500168846204522
04013619300,-0.008037547087692143
04013103606,-1.3900969940249586
04013103304,-1.978681704332665
04013619602,-0.09002976550024136
04013619500,-0.0852043942252004
04013617002,-0.028783059376309622
04013617100,0.01009019066545246
04013617200,-0.08722036051410786
04013615002,-0.12096751831153056
04013617300,0.0033353866688662316
04013619700,-0.23009567549747884
04013619800,-0.48649042738616155
04013619601,-0.3831072068111061
04013103303,-1.3213321060445373
04013103215,-0.31876955222793796
04013103211,-0.01445520411464183
04013103302,-0.03368916524051951
04013103306,-0.14575274083090883
04013103501,-0.07023276933478047
04013103502,-0.061073095905855856
04013103400,-0.03163292978677085
04013103210,-0.1125243008381217
04013103208,-0.11870278765261189
04013104900,-0.030396933031441833
04013105101,-0.05657428797897038
04013104801,-0.05366716491285194
04013104802,-0.11793639870307435
04013105200,-0.05508471488119744
04013105300,-0.023529333960399343
04013104600,-0.050951971079860735
04013104702,-0.021759437364025108
04013104701,-0.014261001718300671
04013103702,-0.04884977462925435
04013103701,-0.04388764393413849
04013103607,-0.016911462275992793
04013103611,-0.36775111521186665
04013103612,-0.17564729361250114
04013103604,-0.1602620375078868
04013103605,-0.02261326093418698
04013103608,-0.08890207558722288
04013104207,-1.4134907106740395
04013104100,-0.006288093396121425
04013103609,-0.050290591555179454
04013103900,-0.07949479852483582
04013104000,-0.05014822731069106
04013103614,-0.015646649879351222
04013103615,-0.07678335305497765
04013104502,-0.02935528816597089
04013104501,-0.06294929906503699
04013105400,-0.008565455296630789
04013105503,-0.013147156385187792
04013105502,-0.006694287630098394
04013105501,-0.024529002717393777
04013105601,-0.032476380860913444
04013105602,-0.02006613032163632
04013104402,-0.039740796913746185
04013104401,-0.0034978270444037283
04013104302,-0.013471294769288194
04013104301,-0.023663438173613646
04013104203,-0.026574668606824683
04013104206,-0.01307859685871353
04013104205,-0.03417429299671295
04013105702,-0.012073964869467914
04013105701,0.02058219291111361
04013092309,-0.13430288838983084
04013092307,-0.05095579101757132
04013092306,-0.0643376854107498
04013092308,-0.10293270446169964
04013104227,-0.017598552307911096
04013104204,-0.019954342057360165
04013104221,-0.007372387107893062
04013104224,-0.047962187171968707
04013104219,-0.25863523795495
04013104212,-0.009256823636141883
04013104202,-0.0008411682170771666
04013104226,-0.8668876235760332
04013104225,-0.9220832568914994
04013104218,-0.05057913021469938
04013104217,-0.03158307573030411
04013104214,-0.3609196179764176
04013618100,-0.17301833717891668
04013618000,-0.1474528816899033
04013616000,-0.03155950987029275
04013616100,0.0038900671233451515
04013616200,0.0108172636269304
04013616300,-0.04483114363802557
04013618300,-0.35069955843312317
04013618200,-0.013183411611763384
04013618500,-0.2149767702222077
04013618400,-0.0023774751059923976
04013618600,-0.1100473145159247
04013618800,-0.13083139183281375
04013618700,-0.03146380754455198
04013616600,0.008515459230247824
04013614800,-0.010903493951017532
04013616500,-0.015569540225374254
04013616400,-0.01518192496037998
04013614601,-0.04448782744343825
04013614602,0.008078439425634128
04013614500,-0.008701490608651531
04013612301,-0.06311248456922208
04013611800,0.007521109584362584
04013614400,-0.04289441919439704
04013614300,-0.04500383446510878
04013611700,0.0035467508589633696
04013611500,0.016095523996094416
04013611600,-0.00218902464431255
04013611900,-0.008732652236386047
04013611300,-0.009933175309075195
04013612302,-0.0036732653036606155
04013612200,0.004215850213120695
04013612402,-0.018930604369748416
04013612800,-0.8530195277161914
04013612600,-0.09482781590460183
04013612000,-0.033978059455463366
04013610700,-0.04163608386205365
04013610201,-0.002213619002906773
04013610302,-0.0024367624918932556
04013610202,0.0035421488466749573
04013610400,0.001945080943583488
04013610500,-0.012113085464780234
04013610600,-0.012644614528515374
04013610301,-0.016459976825113132
04013611400,0.025438737776610754
04013611000,0.01068455912968749
04013611100,0.01625535638179941
04013610903,0.02084956847813485
04013610800,-0.10930722122610806
04013040537,-0.03936151086889646
04013040536,0.0020280545195124483
04013040534,0.005339583131636318
04013040535,-0.06701375211692234
04013040539,-0.08720346339414813
04013040541,-0.024257542303529334
04013040538,-0.1153004592410154
04013040524,0.01304297096882745
04013040512,0.007872194591192792
04013040529,-0.002455481961590113
04013040528,-0.10408651872972503
04013040530,-0.23202796943182474
04013040527,-0.04877063774206845
04013040525,0.02277549353613808
04013040526,-0.17913532225307627
04013040540,-0.10349038108423735
04013061059,-0.006914524889071387
04013061062,-0.7293305089256754
04013061061,-0.5970525466571108
04013061060,-0.002038672133498548
04013061031,-0.03857970983351493
04013061026,-0.42120962696294184
04013061032,0.0012720408976238736
04013061027,-0.6420983998558973
04013061033,0.0005934053472111318
04013061037,-0.007429161470420659
04013061038,0.01513178872421465
04013061036,-0.032216812887355964
04013061044,-0.09327694831710151
04013061043,0.015055846967473347
04013071701,0.040014880444649494
04013092723,0.0037962383516234786
04013092724,-0.0038057484441143914
04013071702,0.020557139128186873
04013071600,-0.0185831371156585
04013061042,0.0026394075108831976
04013060903,0.021394003696078155
04013060904,0.004058109585691031
04013071505,-0.20671444542527043
04013071504,-0.15702780856853565
04013060802,-0.015459368492085266
04013060902,-0.014638599382241817
04013060801,-0.2987748701504211
04013061029,-0.2605491680946367
04013061035,0.016179149256616725
04013060901,-0.006816771590657812
04013061041,0.011703597113207332
04013061040,-0.004912961106598503
04013061039,0.0057327282416532645
04013061034,0.012018548560850046
04013061028,-2.222547430454384
04013040531,-0.1267039328382764
04013040506,-0.05777603699668672
04013040507,-0.08082051073143512
04013040513,0.00828952308763679
04013040522,0.015313155598643585
04013040533,-0.008006767647512495
04013040523,0.01781106615098072
04013040514,0.014791447220600334
04013040532,-0.0214826992643048
04013610902,-0.0011277311082985813
04013613400,0.018358407012921022
04013613500,0.007252631907785627
04013615400,0.0219108029817202
04013615300,0.0019405544044309865
04013617400,-0.0643111465004278
04013617500,-0.23105231790453062
04013617700,-0.06706163284457287
04013617600,-0.058764189055302354
04013615600,-0.013346429837839218
04013615500,0.01922706375297877
04013613601,-0.009754759214022593
04013613602,-0.003579873135349268
04013610901,0.0083638489574697
04013613800,0.002750105420393889
04013613700,0.001772517687861831
04013613900,0.004020850344834152
04013614100,-0.0038273118999523777
04013614000,0.0006994329344074501
04013611200,0.02768957930612363
04013614200,-0.0025472855912355465
04013615900,-0.03607567592361693
04013615700,0.008654730505149703
04013615800,-0.004872395088307764
04013617800,-0.23402736913542627
04013617900,-0.23884737683413346
04013104215,-0.7319865154252017
04013104216,-0.008782244913413218
04013104223,-0.031308432076443966
04013071510,0.004671870395262952
04013071512,-0.008374884257406472
04013071513,-0.07903893055915151
04013071511,-0.6017795747198651
04013071509,-0.022148207377050564
04013071515,0.0009887663958958012
04013071514,-0.10985681457442648
04013071506,-0.21190493454880055
04013071503,0.020574256149644834
04013071516,-0.10638007214601554
04013071517,-0.10667038653714621
04013071906,-0.0012486553300118418
04013071912,-0.012699646290230952
04013071913,-0.005799003692022322
04013071801,-0.03317792812071363
04013071909,0.012542158248848165
04013071802,0.015096263387012773
04013092708,-0.019326373780648894
04013092709,0.008056526779054506
04013093200,-0.06548450135406342
04013071911,-0.012633967354382516
04013071910,-0.0064956499638536645
04013071903,0.00209786693932107
04013071914,0.005453390405357129
04013071915,-0.05980561210999121
04013092305,-0.02737263041931212
04013104222,0.0039831492372144695
04013092312,-0.05483309006928665
04013092311,-0.511792415885737
04013092801,-0.11799238468695072
04013092600,-0.21459169107555243
04013092705,-0.059031293882028636
04013092711,-0.06123942773257342
04013092717,-0.09047722057001376
04013092718,-0.021681800046156968
04013092712,-0.00570418107031022
04013092713,-0.001516477249183879
04013092715,-0.006697472897276981
04013093105,-0.013145641529352544
04013092802,-0.06686273856548247
04013093106,-0.0012198431314474115
04013109500,-0.006734356999481817
04013109802,-0.0012601964242488764
04013112504,-0.001323866546360123
04013109801,-0.003419401652332654
04013109707,0.00810047042541163
04013109703,-0.03457108197279998
04013109706,0.0023795490222783596
04013112520,-0.006846565190912628
04013109705,-0.024729225948261702
04013109704,-0.010349699149376754
04013109603,-0.006427669947706254
04013109604,-0.0016129544318522612
04013109602,0.002608547134622898
04013092716,-0.005727488721803423
04013082007,0.008895983785492093
04013082008,0.006812056856793863
04013109601,-0.0034778504878302603
04013082010,0.00661672850676806
04013109702,-0.00822583213307494
04013082018,0.013218136211412625
04013082009,0.004800428133220947
04013082016,-0.08022275186237993
04013092720,-0.0395117048150269
04013092710,0.010332518081431262
04013092721,-0.05910229837465666
04013092719,0.0035917822774822086
04013061100,-0.009525264591412019
04013061047,0.024425728984758602
04013061046,-0.010291011597783992
04013061011,0.006511198610023658
04013061010,-0.0020253735432562126
04013061020,0.0033422491644909272
04013061021,-0.15051753662312092
04013061014,0.013397383046492807
04013061013,0.004878597100734055
04013082012,0.00658709080357404
04013082002,-0.033961500077827965
04013082021,-0.020817783871518163
04013082019,0.03252936635856973
04013082020,0.01974815374118629
04013082024,-0.011033803097393022
04013082023,0.0018586679887881055
04013082027,0.0072823392427762736
04013082026,0.006357112417778817
04013082025,0.011482488707731393
04013082022,0.007102870395249527
04013061015,0.012826200246812667
04013061048,-0.01898075676251498
04013061064,-0.005564464151911336
04013061063,-0.02616421210878836
04013061300,-0.02361028223119492
04013061200,-0.018376064234556365
04013061402,-0.0012631720801454874
04013061401,0.004192696924724553
04013082208,-0.012310373923036837
04013082211,0.03206194575913471
04013082209,-0.010402236924840356
04013082210,-0.007319316243522101
04013082213,0.019235928432855175
04013082212,0.005921027319960821
04013082207,-0.012328184684639443
04013082204,0.0039122204346008355
04013082206,-0.0020157230774480637
04013082205,0.0075380752149095545
04013083000,-0.018776133739038168
04013082017,-0.006637098784816653
04013082028,-0.002821727467250388
04013112510,0.0035775511287842693
04013112524,-0.08324642250408741
04013112523,-0.07133656806318256
04013112519,-0.005379808788292248
04013112508,-0.1111165137222889
04013112522,-0.011728534509700565
04013112521,-0.015528958645014173
04013112502,-0.007539558515194189
04013112516,0.004797846728858381
04013112515,0.009983263597758115
04013112517,0.008157476382795821
04013112518,0.01082143644821213
04013116618,-0.030002034017117027
04013116620,-0.00786722802562104
04013723307,-0.03557609019789316
04013723311,-0.07162853895120602
04013723310,-0.0650989412732402
04013723309,-0.10200238673762635
04013980900,-0.10588024880845642
04013050611,-0.23345708929280878
04013050614,-0.14536432153106954
04013050615,-0.3899123216690135
04013050609,-0.06243287380050909
04013050612,-0.1362217916201022
04013050613,-0.19984831362506528
04013061058,-0.0007507212946170349
04013061024,0.008109848224722936
04013061049,0.014151541375842947
04013061050,0.016235423851528555
04013061051,-0.004527331052075456
04013061052,0.004250489383774073
04013061053,-0.0036257091030516262
04013061054,0.004084240544327084
04013061017,-0.15844862748304178
04013061057,-0.00314189943035931
04013061056,-0.0936748722191239
04013061018,0.0018858992578553923
04013061055,-0.001305499466600907
04013061045,-0.06609985054483791
04013050619,-0.21709900745877525
04013050618,0.017298368721538074
04013050620,-0.15872886857216026
04013050621,-0.5116904383474556
04013050616,-0.10306007612324414
04013050701,-0.05069111986663065
04013050702,-0.10984430990186092
04013050617,-0.16354693262306746
04013050604,-0.1931913610322693
04013040516,-0.046087894776775634
04013040515,-0.04322620111840281
04012020102,-0.0529558591807377
04013050603,-0.2882818524678191
04013723305,-0.81151227198628
04027012100,-0.08880550166293434
04012020101,-0.045475399846101425
04025001300,-2.1269002119764133
04015954801,-0.4936111389483735
04015954802,0.004904678756053246
04005001700,0.012455150340678272
04005002201,-0.1424575072269765
04005002302,-0.24133048634780907
04005980100,0.06982949977403344
04005980200,-0.0807363924595346
04005001104,-0.21124866872851092
04005000901,-0.2135727073897263
04005001101,-0.10954590011874045
04005000902,-0.222272502947655
04005000800,-0.20492258202782165
04005000700,-0.06050667398721234
04005000601,-0.003227370644243928
04005000200,-0.2296077108869709
04005001201,-0.2063934694176005
04005001000,-0.21646122105187648
04005001103,-0.319363256446554
04005001302,-0.24851305616341163
04005000602,-0.1078901537288423
04005002202,-0.03017986159027095
04005001602,-0.11036169924992052
04005001601,-0.1368783639471522
04025001602,-0.4828501232148512
04025001703,-0.17238639115331666
04025001705,-0.09249458391773724
04025001704,-0.33375056382477025
04025001701,-0.4819169695623191
04025002002,-0.380665703244306
04025001604,-0.6047895440265181
04025001605,-0.5312887050139445
04025001601,-0.6545893423861954
04025002005,-0.36047369183876576
04025002006,-0.2847859663700938
04025002003,-0.37803733015096164
04025002001,-0.6059733875483568
04025002007,-0.39687040319828437
04025001901,-0.8289585913424616
04025001902,-0.4329488491433994
04025001803,-0.4428522843584243
04025001801,-0.30099513790149546
04025001804,-0.24685447809119027
04025000207,-0.6832623931386781
04025000211,-0.6450379451425349
04025000210,-0.8182905941790555
04025002100,-0.6759547837395448
04025001201,-0.5242766685914756
04025001202,-0.3512874423307808
04025001103,-0.1336563955958333
04025001002,-0.2910861492110206
04025001004,-0.34225438972654293
04025001003,-0.5742263683959538
04025001106,-0.3118137724202801
04025001104,-0.24359672199852622
04025000804,-0.27253993384450576
04025000803,-0.3412980674643244
04025000802,-0.3544074341245341
04025000502,-0.31997395666502826
04025000901,-0.5147834190001228
04025000902,-0.49188443135784343
04025000403,-0.448994274568521
04025000406,-0.28626745276907634
04025000407,-0.2803079234389271
04025000405,-0.25846056353375935
04025000301,-0.2253152265138954
04025000404,-0.25436367528456394
04025000501,-0.23426523046338116
04025000302,-0.3887095480064256
04025000205,-0.6133830244892953
04025000208,-0.5496883522044766
04025000206,-0.532178101256209
04025000209,-0.48901655115343723
04025001904,-0.2885488959468136
04025000608,-0.4264260501488403
04025001903,-0.2158965762866576
04025000613,-0.26440399874383136
04025000604,-0.3700500237815847
04025000611,-0.5136205895904078
04025000612,-0.41489274860482916
04025000615,-0.3720604511010671
04025000614,-0.5675730690286802
04025000609,-0.4492962756028315
04025000616,-0.37789324257512835
04025000617,-0.23555642004338334
04025000619,-0.19419146936766862
04025000618,-0.14772193614739887
04025000702,-0.6855274307799679
04025001502,-0.7451302303884959
04025000701,-0.4141177263212604
04025001105,-0.26858275854764396
04025001403,-0.6293179268799838
04013040502,-0.030610423337258184
04025001402,-0.4176128249970661
04013610002,-0.12903655890419674
04013610100,-0.08948414341562283
04013610001,-0.14159863214732607
04025001401,-0.5889824491290224
04025001501,-0.5033842888456801
04007000100,-0.0909425111319969
04007000302,-0.019674157144623807
04007000600,-0.0390062254488993
04007000301,-0.022383012345063933
04007000500,-0.03756472279166152
04007000400,-0.03819005563341876
04007000200,-0.05386839059212649
04017940100,-0.0687082752296587
04007940200,-0.04876709158817635
04017964902,-0.18839403182051812
04017964901,-0.10510252766494413
04017962502,-0.0604190776139263
04017962501,-0.07493062139754733
04017961300,-0.11431946713818
04017964802,-0.03266013896234879
04017964801,-0.014172419812674059
04017965302,-0.025513665378657437
04017965202,-0.07024207621161371
04017965201,-0.03844851479911504
04017961702,-0.0706190312702408
04017961701,-0.07044724931860326
04017965301,-0.1038367153627574
04017963800,-0.006872925376649126
04017964201,-0.168561861062068
04017963700,-0.11258837103523417
04017964202,-0.19309614792263546
04017963300,-0.11106677418596664
04017963400,-0.03311411874631129
04017960200,-0.15104356818483627
04017960100,-0.042397017953723325
04017960500,-0.18509987807721828
04017960400,-0.009705003889126991
04017960600,-0.012955603665740258
04005001500,-0.10389362991198811
04005945100,-0.0009389480653811771
04017940015,-0.15621405561470839
04017940014,-0.31330969824125865
04001944902,0.0008553628749325985
04001945100,-0.0003097492521312538
04001970202,-0.033533195455412085
04001970201,-0.03309689547746652
04001970300,-0.029844401695223115
04001970502,-0.06332540437972883
04001970501,-0.0448152883531495
04011960200,-0.07539010091092989
04011960300,-0.06361543619075705
04009961700,-0.04859151781667785
04009961500,-0.024391313037913386
04009961202,-0.003679722079346987
04009961300,-0.08582000353326648
04009961400,-0.004978670350583108
04009961201,-0.012491112621625665
04011960100,-0.07301295160063523
04017940302,-0.02098448894485094
04017940301,-0.018865507037127464
04009940500,-0.07143301312589603
04007940400,-0.040752598271559776
04007001000,-0.09359440379784922
04007000700,-0.08350038580585534
04021000201,-0.0451268820423016
04021000400,-0.01946351256356832
04007000800,-0.040207578824249204
04007000900,-0.04357579186136458
04007001100,-0.14555773010312617
04007001200,-0.11563897124806652
04007001300,0.004468239350278164
04021002300,-0.01289843011647233
04021000808,-0.015324191910196912
04021000904,-0.01229179790750848
04021000903,0.09781100092780112
04021000807,-0.022341271196943784
04021000802,-0.36078847169279316
04021002200,-0.03213102218916679
04021002400,-0.05220282608540723
04021000700,-0.04335457567020308
04009961100,-0.04397620480912372
04009961600,-0.0539127518948108
04003000202,-0.15273497340259273
04003000201,-0.15428271027715634
04003000203,-0.11784126801718744
04003000305,-0.036886139304221396
04003000303,-0.04573715480562417
04019004052,-0.11615716973459517
04019004728,-0.08485888900217181
04019004079,-0.16309011772221216
04019004723,-0.1564018595101026
04019004729,-0.12931449890643937
04019004730,-0.13789218278385154
04019004722,-0.20914733833840538
04019004720,-0.38292734122200756
04019004724,-0.12382173676134255
04019004718,-0.15408481280969138
04019004717,-0.08465769916394116
04019004712,-0.09566427645257397
04019004711,-0.16205353902946615
04019004726,-0.09824282796487172
04019004510,-0.1736960701697285
04019004618,-0.20542801729178561
04019004725,-0.21273899619515096
04019004617,-0.4893841047855345
04019004714,-0.04001564229594224
04019004713,-0.09815851219749108
04019004622,-0.14576199992516123
04019004620,-0.5293006191240001
04019004619,-0.44088913854310396
04019004633,-0.4473429108481719
04019004635,-0.07044685583838245
04019004642,-0.03919066479783952
04019004636,-0.022413871323044246
04019004641,-0.005301663611893886
04019004643,-0.02162554261644426
04019004715,-0.002103500682636537
04019004727,-0.011107690231398386
04021000604,-0.02530150695597866
04021000603,0.0023988515290221486
04019004640,-0.024553497093001614
04019004649,-0.022583756244005396
04019004648,-0.012080717217207305
04019004430,-0.01445547437448771
04019004419,-0.0034634392946322158
04019004439,-0.03374050662174216
04019004426,-0.0248440922393017
04019004440,-0.0001157975659508463
04019004423,-0.002173812616995064
04019004436,0.000458160122920194
04019004431,-0.016767826527077544
04019004639,-0.012728920951006598
04019004437,-0.007697840312544486
04019004438,-0.0013513543921674252
04019004645,-0.012417273546239595
04019004644,-0.016649686058444774
04019004630,-0.004100600342124689
04019004650,-0.025550841360033043
04019004634,-0.2500558991970338
04019004631,0.006127132553832357
04019004632,-0.07888369449348359
04019004621,-0.17226909756902628
04019004614,-0.1086322065909794
04019004615,-0.07125893181087178
04019004626,-0.15818045511707057
04019004628,-0.1445454936637226
04019004627,-0.042237035945522666
04019004624,-0.07434067222606706
04019004625,-0.09152883236482684
04019004623,-0.10279438808457161
04019004647,-0.008867817755567024
04019004646,-0.03032847361811428
04019004613,-0.08700996607488101
04019004418,-0.06842488809662828
04019004506,-0.07009219754729985
04019004610,-0.07384460208057742
04019004616,-0.13669790055291492
04019004512,-0.08982407681334079
04019004513,-0.1266977408430581
04019004514,-0.07808862606909878
04019004515,-0.2219005244280808
04019004505,-0.07403822035926874
04019004412,-0.7463881610519507
04019004433,-0.17863204700465973
04019004432,-0.08632773384917569
04019004413,-0.09876239209628676
04019004414,-0.09494155248012226
04019001200,-0.14063988821093448
04019001100,-0.16876041618209725
04019004415,-0.15743129373822579
04019980400,-0.08307487821781841
04019002503,-0.06603231746651413
04019004407,-0.18844088784665755
04019004310,-0.11007267993059153
04019002504,-0.05135436557140924
04019002505,-0.05194514210632882
04019002507,-0.054867940252240316
04019002508,-0.014595799146453283
04019004321,-0.018711357825745546
04019004312,-0.09261745703427549
04019004311,-0.11857969738274027
04019004333,-0.1850519755566629
04019004422,-0.1263990028981237
04019004404,-0.06695670810304352
04019004435,-0.09770602191043223
04019004340,-0.05093619114467102
04019004434,-0.12131397828310056
04019004428,-0.050325699880670566
04019004424,-0.06708945258316071
04019004313,-0.00847223906300365
04019004339,-0.0008251586930094221
04019940900,-0.1021634829149709
04019941000,-0.1845959898963126
04019004320,-0.14996848357473022
04019004322,-0.048301118500298154
04019004336,-0.013733316599839262
04019004323,-0.00884216559771538
04019004335,-0.001208410145173379
04019004114,-0.19978532648902253
04019980100,-0.2804253907195936
04019980200,-0.017269970374079714
04019004132,-0.12042595839133417
04019004133,-0.10903900534004567
04019004073,-0.20124797637317454
04019980002,-0.49565838817677677
04019980001,-0.6447780001501797
04019004131,-0.18224584012314127
04019003903,-0.12457063495533588
04019003705,-0.07234529448042758
04019003704,-0.14698400123495609
04019003902,-0.0840618539916532
04019003901,-0.0791360444639165
04019003802,-0.1448018330731039
04019003707,-0.06932186966864091
04019003706,-0.30252624233948666
04019003702,-0.15915864947128774
04019004122,-0.35186471612340386
04019004116,-0.2987780827056781
04019004118,-0.135240934687752
04019004112,-0.2825064118267968
04019004115,-0.08937213711967729
04019004110,-0.03707142157915916
04019004117,-0.07830109775682885
04019003505,-0.252820269759545
04019003506,-0.2460944414767613
04019002100,-0.26750067595821064
04019002000,-0.21918298588602295
04019002202,-0.16270386916127277
04019002201,-0.20629219986263542
04019002400,-0.19740181550557973
04019003801,-0.15136082468659354
04019002509,-0.17090718052133153
04019002300,-0.19789219907654246
04019000200,-0.19904519294391881
04019000100,-0.32855492899808114
04019005400,-0.16121935671970286
04019000800,-0.1271790763919724
04019000700,-0.1181553070703317
04019000501,-0.14228028624613198
04019000502,-0.14239127353816206
04019001302,-0.1058726687422034
04019000401,-0.1823726046597502
04019000402,-0.1952283628272942
04019000300,-0.23225454241280058
04019001304,-0.2099533409393802
04019001303,-0.63158021185366
04019004508,-0.08827361348632609
04019004511,-0.19478595487808908
04019002604,-0.1610989843466193
04019002603,-0.1685801419687693
04019002602,-0.16016904640181362
04019002704,-0.15748168985057423
04019002703,-0.13668943049739624
04019001400,-0.1968632689460684
04019001500,-0.1936240465961408
04019001600,-0.1484883257451753
04019001801,-0.14483463131641006
04019002803,-0.09272749772039468
04019002802,-0.07481467229048125
04019001700,-0.22836663749511346
04019002702,-0.19496740183603395
04019004710,-0.1861919479168434
04019002801,-0.12736367147718067
04019002905,-0.17134120144049075
04019002901,-0.19811819102320066
04019003103,-0.12908297358699883
04019003201,-0.23505649136635426
04019003202,-0.1627626460221595
04019003104,-0.12102581176098778
04019001802,-0.19600902109444837
04019000600,-0.12893299193676705
04019001900,-0.10291004317587622
04019003400,-0.22703436660568005
04019003304,-0.16003394752091332
04019003303,-0.11697738833920311
04019003502,-0.19207318224349149
04019003302,-0.09846327218511433
04019004068,-0.07787484133279407
04019004067,-0.5317478041350617
04019003002,-0.18798771616133547
04019003102,-0.21590980868481502
04019002904,-0.22532655715521305
04019003003,-0.11030743821568476
04019002906,-0.19544899028678347
04019004721,-0.18073620393252038
04019004030,-0.18950300545629406
04019003004,-0.16837273037748712
04019004031,-0.042972071180984436
04019004080,-0.08947330484465552
04019004053,-0.0862440730630036
04019004055,-0.11415742580637761
04019004047,-0.11863250612396278
04019004048,-0.12528264870344552
04019004072,-0.08534593999347405
04019004046,-0.16696056986114427
04019004032,-0.3827860979748515
04019004039,-0.22604820748160898
04019004071,-0.09871419656967376
04019004010,-0.21853625579590355
04019004069,-0.19875603763419236
04019004070,-0.21825397536335794
04019004049,-0.12596510188811796
04019004077,-0.1681398970523319
04019004078,-0.30234872656714956
04019004056,-0.22128772088799342
04019004058,-0.24591786506661206
04019004035,-0.16835904332802298
04019004036,-0.0796588624594347
04019004029,-1.2146957018521216
04019004038,-0.5674101275863199
04019004037,-0.11073100605969796
04019004075,-0.28607592540822324
04019004076,-0.2142927406593137
04019004008,-0.35497518668757655
04019004033,-0.2497313136096783
04019003504,-0.34559201866932443
04019003503,-0.3864192603220046
04019003601,-0.5637737868352966
04019004034,-0.7492230018036161
04019980300,-0.3528909560378111
04019004063,-0.15895837314320727
04019004026,-0.0701429836800703
04019004057,-0.09958274343999562
04019004043,-0.027494738118913953
04019004044,-0.04464125979720371
04019004042,-0.12049540728380576
04019004054,-0.09720755054215749
04019004050,-0.13311694459254417
04019004051,-0.09088690988171705
04019005300,-0.08361269161998901
04019004061,-0.21139138161741977
04019004081,-0.15180547120206275
04019004066,-0.024652835436657805
04019004065,-0.02813903177716142
04019004074,-0.030981302890645067
04019004062,-0.2992618779706955
04019004082,-0.062097778369785424
04019004109,-0.26206036336171395
04019004126,-0.6061675698230891
04019004129,-0.24043929787170826
04019004307,-0.22217926280681993
04019004128,-0.41635679527025493
04019004127,-0.3390173204036282
04019004130,-0.38231821173132086
04019004326,-2.2041122588421107
04019004327,-0.06898656588068715
04019004337,-0.005929692023081572
04019004317,-0.1473146640327242
04019004338,0.0055501084380712275
04019004332,-0.21175715474095108
04019004330,-0.273100732385161
04019004328,-0.2737328510099303
04019004325,-0.006403614215649418
04019004316,-0.10997005312073085
04019004324,-0.15294184872266853
04023966101,-0.024269951155528092
04023966106,-0.535625360646178
04023966107,-0.5887057842654275
04023966108,-0.5175159290589533
04023966402,-0.7352432916252478
04023966401,-1.06563629541855
04023966200,-1.0806227920969036
04023966103,-1.542771397899008
04023966301,-1.104655971481841
04023966302,-0.9617939958434423
04023966109,-0.8500520976328578
04023966110,-1.2167949785750363
04023966111,-0.9665119112042648
04023966000,-0.9696889248461733
04003002100,-0.2823789814249368
04003002001,-0.19847574596202594
04003001900,-0.14793932184282732
04003001402,-0.07611835120254681
04003001502,-0.07462618340255434
04003001501,-0.20873826221444422
04003001801,-0.04568500349197336
04003001703,-0.16431245457601296
04003001701,-0.03385372176752629
04003001802,-0.02343022449530935
04003001601,-0.06116958205526109
04003001602,-0.06655326716793333
04003001702,-0.162006304647051
04003001401,-0.11079026557305074
04003000304,-0.04931753563330422
04003000301,-0.04405775449967152
04003001301,-0.09655422563608423
04003001302,-0.08490503063431382
04003000400,-0.08615660838637038
04003001000,-0.8518382211804014
04003002002,-0.15199192019814994
04003001200,-1.1056804926673927
04003001100,-1.1355233466274317
04003000502,-1.4521055371872873
04003000503,-1.3914951656432346
04003000600,-0.9951576203371995
04003000800,-0.7758523982159927
04003000902,-0.9733750154822386
04003000901,-0.7945931463208498
04003000700,-0.7248471553410125
04003000501,-0.8513153893650715
04003000102,-0.24050731174522577
04003000101,-0.20660184137117593
06097154100,-0.28733265575103345
06055201800,-0.2236012389385935
06113011500,-0.16634052352511156
06033001302,-0.13262736317967172
06033001301,-0.06253085405438451
06033001200,-0.03684396943584463
06033000801,0.0064774036642057465
06033000802,-0.010443358237427595
06033000702,-0.02982280604904778
06011000302,-0.02677738374681512
06033000602,0.04733402803441076
06033000501,0.02677323072722338
06033000502,0.023761046969190514
06033000601,0.07822009210286676
06033000703,0.025042251913144374
06033000704,0.03177542507175594
06033000902,0.022599882929322333
06033000901,0.020673442152784202
06033001102,-0.2549260052352124
06033001101,-0.02068463634403537
06033001000,-0.04515527334765411
06045011800,-0.05352931883351228
06033000402,-0.16687011919463338
06033000300,-0.06145244939057996
06033000401,-0.05694174812086201
06045011700,-0.00024073682993347396
06033000100,-0.018617543000516445
06045010802,-0.02518749304402141
06011000400,-0.03928544145330115
06021010401,-0.0027361594662153946
06021010402,-0.0022263328147672794
06021010300,-0.001877651814781807
06021010200,-0.002146341598218157
06021010102,-0.01419994365681325
06021010101,0.0002776792439210241
06103001102,-0.010145753888266544
06103001101,0.01902602834319652
06103000800,0.022906163187729357
06103000702,0.0008878633627815021
06103000300,0.05330995849642807
06045010200,-0.07730246751514747
06045010100,-0.03373097918706612
06045010602,-0.05981602681053981
06045010801,-0.017394511198594677
06045010601,0.023556001593408295
06023010902,-0.00871928010063416
06023011600,-0.06369192545213136
06105000500,-0.007673644852565624
06105000200,-0.03933440656575725
06023001200,-0.0029410839238802246
06023010102,-0.02377888765502354
06015000202,-0.39586031657862525
06023940000,0.0015484501389642757
06093000800,-0.18178101254607443
06093001300,-0.08169901850606329
06093000701,0.016499232642847163
06093000300,0.011222155716867348
06093001003,-0.03652588823968121
06093000902,-0.024968321342378676
06093000901,-0.031220797490089457
06093001001,-0.05300723518566349
06093001100,-0.09761398229040405
06093001002,-0.0275816156863692
06089012500,0.13154998533316795
06089011801,0.03157391960309046
06089011802,0.04483729615914002
06089010807,-0.03566867348329447
06089011701,-0.135379327831108
06089011702,-0.17521602164696742
06089011703,-0.18311261734639472
06089011803,-0.04841440048850841
06089010806,-0.11583367576429959
06089011600,-0.1680766113130811
06105000101,0.06750104539074958
06105000102,0.009259377940639336
06089012400,0.02248670420886802
06103000202,0.08177925938964087
06089011001,-0.17160843592226244
06089010603,0.09865523434235252
06089010602,-0.09563688501561521
06089010702,-0.16531108991362284
06089010704,-0.13960210803901646
06089010100,-0.2715230619217889
06089010500,-0.162817415420223
06089010601,-0.0969507586521387
06089011002,-0.3140836480208275
06089012302,-0.0020539135180685304
06089012303,0.05231535595209141
06089012000,0.04448272730711713
06089012101,0.017411907788976076
06089012102,0.021627296366387695
06089011502,-0.08678988544852068
06089011501,-0.07486568100437548
06089012301,-0.026849121779249294
06089011100,-0.31179999636176914
06089011401,-0.06929166730533864
06089011402,-0.037156133999692864
06089011209,-0.07008985147934337
06089010400,-0.32114960848782714
06089010900,-0.19130455230545135
06089010300,-0.1073754499097348
06089010200,-0.22710525715411548
06089010703,-0.0648906399754989
06089010803,-0.0047907971095635755
06089010804,-0.01876275556640391
06089011300,-0.09117190729739269
06089010805,-0.05982016799741853
06089011403,-0.05354913591880594
06089011900,-0.017166025298449634
06089012200,0.02723878448283967
06103000201,0.09373496607799905
06103000400,0.05500773079798239
06103000500,0.007587405239581508
06103000701,0.02609488324576949
06103000600,0.037551020497530424
06089012604,0.08106574106183076
06089012603,0.08347658246205994
06103000100,0.034951376119329934
06063000501,0.1445372995999346
06063000502,0.13978026552408512
06089012702,0.03257942272466474
06089012701,0.05440725768847306
06089012605,0.09298686112139287
06089012606,0.09310418897462468
06093001200,-0.003201273746488784
06049000200,-0.04137836522495774
06049000100,-0.01881505182286982
06049000300,-0.02437567044243934
06035040100,-0.0251685607895334
06035040303,-0.025218764070300416
06035040304,-0.01935764762016369
06035040305,-0.003611677285840169
06035040200,0.07608234918528782
06035040302,-0.03615204421443115
06035040500,0.004575119469981754
06035040400,-0.06220320712166272
06035040600,-0.0037947627712896863
06063000300,-0.03308679781710604
06091010000,-0.1265378952803195
06057000900,-0.06127586281502877
06057000801,-0.024380242965407646
06057000802,-0.027089672533028054
06063000202,-0.040645136297203725
06063000201,-0.07106261143483492
06063000100,-0.023296510149762056
06063000400,0.036317174767383324
06007002401,-0.11750350747730137
06007001900,-0.03387670951125893
06007001601,0.00414071334891692
06007001704,0.022246492807609295
06103000900,-0.0018438949381212118
06103001000,0.0032396789973521745
06021010501,-0.007857197148081798
06007001400,-0.02448855402062758
06007000404,-0.008799940790724317
06007000401,0.016185705559625785
06007000201,-0.0061386088817195665
06007000300,-0.009453544361511117
06007000202,-0.011693672786241109
06007000603,-0.04896511973349068
06007000604,-0.06609907643654309
06007000502,-0.08562350133115976
06007000601,-0.007884865214669474
06007000403,-0.022109460367103703
06007000501,-0.020131626033053185
06007001100,-0.07942595343322183
06007001000,-0.08394066752846367
06007000700,-0.029611036267704654
06007000800,-0.004744624635067019
06007000904,-0.0028887932686574125
06007000903,-0.01819609062394694
06007001300,-0.013146339097753576
06007000901,0.0018215417994870353
06007000103,0.0014868745466223784
06007000102,0.0014514750154983975
06007000104,0.0028359699138731744
06007001602,-0.021041002101519296
06007001703,0.010627594606418888
06007002000,0.015530404415377511
06007001800,-0.01479719092701699
06007002100,-0.019885037292332285
06007001702,-0.00188108497027223
06007002300,-0.0030511400586504533
06007002200,-0.019807225910265736
06007003700,-0.003956765715457129
06007002900,-0.0013529200682140356
06007001500,-0.006853735852162181
06007001200,-0.026450068371342342
06021010502,0.003613213734505752
06011000500,-0.05844093900453351
06007003502,0.007474476021160576
06007003600,-0.008357885047856128
06007003501,0.011275296072187264
06007003400,0.010737320433393467
06101050701,0.001859703799374397
06101050702,0.0019049661830421324
06115041001,0.006130853637853393
06115041002,0.007847117803601481
06007003300,0.010714007054887648
06007003200,0.013465921064947522
06007003002,0.009665999802596054
06007002800,-0.02304071597719381
06007002700,0.006267341643455116
06007003001,0.0041006475783138775
06007003100,0.01030940524987411
06007002601,0.01114674669923988
06007002602,0.009113995960543065
06007002500,-0.009323916848396683
06115041101,0.0019257098544949109
06007002402,-0.054043054075486624
06115041102,0.012404432497202323
06057000404,0.006165354714952607
06057000401,0.004990517231533322
06057000502,-0.05462325220464201
06057000503,-0.0162629632585293
06057000104,-0.04476889391326282
06057000300,-0.043731461586885914
06057000403,0.004978204808302272
06057000200,0.0025583258033207387
06057000105,-0.002087269023345619
06061021801,0.0013335231547344719
06061021603,0.008407559443405932
06061021604,0.008708457681216652
06061021501,0.001935439900180361
06061021502,-0.00797370352915047
06061020300,-0.009913054428409458
06061020401,-0.022273778397600044
06061020402,-0.01093250480349316
06061020502,0.004902409041946474
06061020608,0.005795811849969553
06061020601,0.005502340824693402
06061020607,0.004247381748843465
06061020501,0.005649006310639406
06061021204,0.005019083101951997
06061023501,-0.006631586071113644
06061021203,0.0062873950481782265
06061021103,0.006981469753109042
06061021109,0.005997307974919267
06061021108,0.0022017961423259572
06061021106,0.0021915918342070052
06061021123,-0.005537980750674017
06061021122,-0.009771309065022458
06061021324,-0.014152671396978157
06061021323,-0.013669759229516722
06061021130,0.01231659338566386
06061021131,-0.006969025823598275
06061021128,0.0035694982451449347
06061021129,-0.0010378994589770039
06061022600,-0.002603994091832564
06061022800,-0.005030902062530522
06061022900,-0.0010850531637998147
06061021034,-0.0025122640355354536
06061023000,-0.01671175923112456
06061023600,-0.0005304702844899853
06061023502,-0.030107803806148015
06061023700,-0.05735359009639533
06061023800,-0.003546591239867659
06061023300,0.00191951183091516
06061021403,-0.06433214578620788
06061021401,-0.02080794491464348
06061021304,-0.0037725794790260305
06061021328,-0.02759742923084798
06061023400,-0.016789733747455498
06061023900,0.007775857955769358
06061023200,-0.0031812830739485756
06061023100,-0.0022262635374196973
06061021043,0.0013405763949712606
06061021044,0.0013153605369380817
06061021040,0.0015145182675565135
06061021039,-0.007427247115647622
06061021325,-0.05710162225753717
06061021326,-0.005713066535582709
06061021327,-0.07333519482636744
06101051100,-0.011375549890937985
06115040701,0.004836529579537199
06115040702,0.0035156887829105206
06115040400,-0.01643698043310582
06115040304,0.010911901762135188
06115040500,0.004386729563592717
06115040305,-0.00477427072067061
06115040600,0.006000958536065816
06115040800,-0.025741669012449453
06115040901,0.0026132062079463145
06115040902,-0.0024672235594664243
06115040301,0.014317207711819654
06115040302,0.007919176584973714
06115040201,0.005079274106874655
06115040202,-0.013387029943031845
06101050601,-0.005571698736311946
06101050501,0.007478450532238192
06101050201,0.0074714113084054495
06101050102,0.011020906588679116
06101050604,0.03173237478810787
06101050603,0.01028899651748761
06101050101,0.010036430671395325
06115040100,0.0019423960250821923
06101050202,0.009611101663298323
06101050302,-0.002433802929177542
06101050301,0.001988026675993762
06101050401,0.012457606505767958
06101050402,0.0032747146904839788
06101050403,0.004747482229066777
06101051000,0.00508269410213333
06101050504,0.005019233758690833
06101050503,0.004735831574680897
06101050800,-0.0014981479099226765
06011000200,-0.05659901287661494
06011000301,-0.02777839782595848
06011000100,-0.07607154057004772
06113011400,-0.12650659771318196
06101050900,-0.005625793649062859
06113010102,-0.04539280641195506
06113011208,-0.07788261238498112
06113011204,-0.1395032998821389
06113010505,-0.07643220170529333
06113011203,-0.02597517341750591
06113010901,-0.03942781264960349
06113010902,-0.039695356520908755
06113011001,-0.06820977995679567
06113011002,-0.01505470996046054
06113011101,-0.08153624339815094
06113010800,-0.1896572442718304
06113011103,-0.05499623729463051
06113011102,-0.04575049794630198
06113011210,-0.02805405938203972
06113011211,0.01104330005950087
06113011209,-0.020281396915111147
06113011207,-0.10512968417172155
06113010401,-0.14638416326708617
06113010203,-0.1499088780908296
06113010103,-0.03934741568842756
06113010204,-0.054841818074303356
06113010201,-0.09191177919272238
06113010315,-0.09978526422174086
06113010313,-0.04389678479871387
06067002200,-0.24964033358890494
06067002100,-0.20609373502057995
06067001202,-0.24966546158560893
06067001201,-0.15830793318709874
06067002000,-0.22826972924838326
06067002300,-0.35231885349793823
06067002400,-0.3183311641614455
06067002500,-0.019464836562849724
06067002600,-0.17043033540293961
06067002700,-0.13664144324745875
06067001800,-0.11590029711055744
06067001500,-0.052291527955383534
06067001300,-0.18157673663058538
06067001900,-0.21651011457490146
06067001102,-0.30307955613304227
06067000502,-0.23094182289931692
06067000400,-0.32117742954013195
06067001400,-0.23837389842412898
06067000300,-0.04525117733766967
06067006901,-0.15236865047659298
06067005301,-0.23278570912795593
06067000501,-0.35176134787747326
06067000600,-0.30538915092900293
06067001103,-0.4002834335910973
06067000700,-0.7814211210566215
06067000800,-0.29003693363969163
06113010105,-0.11854784029855046
06113010104,-0.04239659116472996
06067007010,0.012498776717380701
06067007022,0.00012846634939804705
06067007012,-0.008901445652134642
06067007011,0.002777346310295464
06067007013,-0.027386399911160125
06067007023,0.0037111500340989588
06067007024,0.0019855818244865044
06067007007,-0.0037557906463831017
06067006902,-0.11619702775829338
06067006803,-0.0034552171537855212
06067006801,-0.04187665796231879
06067007001,-0.016476573988699967
06067006705,-0.014166742542486715
06067006706,-0.005508774818504857
06067006703,0.0018816499145153029
06067006704,0.004910906493298677
06067007021,0.0022178181162065772
06067007019,-0.003217454518409495
06067007028,-0.04660753206814397
06067007027,-0.05433751593484884
06067007025,-0.030805636761584786
06067007016,0.0038997450540795473
06067007020,-0.015763519099850548
06067007017,0.0014890774666365294
06067007026,-0.0017467674816742055
06067007107,-0.006266631328058049
06067007103,-0.011179595960156136
06067007111,0.001971228248490669
06067007108,0.006196290508810525
06067007109,0.009790523076211893
06067007101,-0.000997084807684814
06067007105,0.01460186757220524
06067007110,0.009293541136917743
06067007106,0.011349860745311533
06067007208,-0.003385142067877554
06067007204,-0.0039007391408888963
06067007202,-0.005723617967488954
06067007301,-0.021011782254055422
06067007435,0.0020807782029034546
06067007417,0.01489206374971139
06067007207,-0.006276268903394706
06067007209,-0.01718343755575906
06067007206,-0.003678891522043628
06067007431,0.014805155449437592
06067007430,0.013656812428973618
06067007432,0.009663786722866035
06061022500,0.016138314424917016
06061021048,0.003798966666462567
06061021047,-0.0009712408775953598
06061021037,0.007250040597464825
06061021038,0.004439897191583988
06067008127,0.01633091947113844
06067007436,0.015429102749149173
06067008130,0.012958951184177113
06067007422,0.012484687818851143
06067007428,0.014351317432391732
06067007437,0.014512248230772623
06067007439,0.021157226570562085
06067007438,0.04911379468910858
06067007427,0.005946691792723483
06067007426,-0.00815925338786495
06067007434,-0.0001393031468880181
06067007429,0.006484300142717645
06067007414,0.008584679074515746
06067007416,0.01631154105860634
06067007402,0.004521994648261034
06067007403,-0.012705183924127585
06067007424,0.013397521321157405
06067007423,0.009680199027167404
06067007501,0.022060934956005744
06067007415,0.019917400988452613
06067008131,0.0300643235777074
06067008133,0.04809811004582271
06067007604,0.012654083753641516
06067007603,0.0021455756380132384
06067007602,0.006695484272215107
06067005903,0.0021600581905873864
06067007701,0.0057250349819742774
06067005904,0.005126393534946411
06067005801,0.008689635129611462
06067006002,0.012559823064337073
06067005701,0.010854137539357395
06067006004,0.0027055423604273876
06067006003,0.006852264626956076
06067005901,0.002607528997277566
06067007504,-0.023087985745899826
06067007503,-0.0021306206373505033
06067007413,-0.018752461773351013
06067006400,-0.04251345631427712
06067006502,0.0015158226168239075
06067006501,0.004207514223502785
06067006202,-0.03868003905870334
06067006300,-0.05959943937019361
06067006600,-0.07825208048128968
06067006802,-0.07380051408915161
06067005502,-0.019895571379366428
06067005505,-0.01951908029206328
06067006203,0.006615379792797022
06067006204,0.006963705062797329
06067006101,0.007443125449689649
06067006102,0.0017332644433626092
06067005601,-0.007608440296921106
06067005605,0.0017335488812959075
06067005606,0.0020664051906970323
06067005510,-0.021457993932740588
06067005508,0.02220547557505955
06067005509,-0.12075245214867872
06067005506,-0.03627091596090109
06067000200,-0.013527826797599063
06067000100,-0.010023053693630896
06067005402,-0.022108831823715334
06067001601,-0.05236275622877322
06067001602,-0.062142768057724077
06067001702,-0.14464969628439192
06067005403,-5.3312175537286076e-05
06067005404,0.00965248946329483
06067005702,0.010669042861839274
06067005803,0.008050912365490744
06067007702,0.01166837801012461
06067008909,-0.004311843530616412
06067008702,0.007103855802203318
06067008703,0.0063028212075136045
06067008005,0.0024934180924837375
06067008006,0.002534317763571693
06067008008,0.008117392921271302
06067008007,0.006785266412146148
06067008010,-0.0019526390181728284
06067008009,-0.00888268161460282
06067008912,0.001908564734147522
06067008913,0.0016418939048895107
06067007802,0.007644585367503101
06067007906,0.007396677528912636
06067007905,-0.05646104032305152
06067007801,-0.00878600717661636
06067007904,-0.006678540670635854
06067007903,0.015104049925461042
06067008117,0.016765677669003644
06067008134,0.04331079706221874
06067008135,0.034162284139762286
06067008136,0.029487764507295983
06067008137,-0.003999375116128065
06067008119,-0.009076390556811673
06067008138,0.023185846765039042
06067008122,-0.012049297400529242
06067008139,0.017624736225641514
06067008144,0.0030361885888712985
06067008141,0.02985428585109995
06067008142,0.01724070923613931
06067008140,0.01877525840306292
06067008120,-0.002729707237984554
06067008125,0.011707011743669365
06067008124,0.012832078717624824
06067008143,0.016246788388009886
06067008113,0.016204677116863762
06067008111,0.029016097307326023
06067008132,0.03026143720900515
06067008129,0.028022436199424537
06067008128,0.019299772054755346
06061020805,0.014549848289091172
06061020901,0.003217550595533952
06061020908,0.003433304647223307
06061021046,-0.04362648723998256
06061021045,-0.013989123205500973
06061021003,-0.024501170225950553
06061020712,0.00434364537307163
06061020806,-0.018142109860375226
06061020713,0.010739752942476562
06061020714,0.0035016478238637516
06061020715,-0.007748598719711378
06061020710,0.008094236616305255
06061020711,0.0034078296003634163
06061020717,-0.03294895373216962
06061022400,-0.04178574317205598
06061020604,0.0013332908525044273
06061020606,0.003693096931348014
06061020605,-0.005486663674775772
06067008211,-0.006698718286881953
06067008145,0.01135293477173286
06067008203,-0.005774292349202633
06067008204,-0.0017972026882528132
06067008206,-0.00177666958114556
06067008208,-0.016922852336597898
06067008207,0.0014253591063701676
06067008209,-0.06199147609012451
06067008404,-0.07583007031816875
06067008403,-0.01879192610251577
06067008505,-0.0680115239505259
06067008506,-0.03931137245437708
06067008510,-0.009673054185550072
06067008509,0.0008795534497022943
06067008402,-0.010397128373946306
06067008501,-0.001924270842412664
06067988300,-0.07761081324358335
06067008210,-0.04174603078222734
06017030701,0.0025229162366544123
06017031700,0.006065801015489638
06067008512,-0.014090362679520204
06017030706,0.002602912535837392
06017030710,0.004709639282687835
06067008507,-0.2329475234312136
06067008508,-0.004786684490405499
06067008504,-0.011016271201016482
06017031100,-0.173654108356284
06017031000,-0.002286402359512196
06017030902,0.008571814750944966
06017030709,0.004209180600013734
06017030901,0.00258520492045572
06017030801,0.004564633981579608
06017030601,0.0013753886328603715
06017030605,0.007296040594845224
06017030606,0.0017357987906103786
06061021901,0.016966638634264616
06061021802,-0.02224990016037448
06061021902,0.010899812169095854
06057000106,-0.003439630892458927
06061022002,0.002037807309878658
06057000107,-0.013927905465975691
06057000102,-0.03898439829544999
06057000702,-0.07828188122262522
06057000602,-0.0659531881786361
06057000504,-0.045055341288250464
06057000601,-0.02321432362053806
06057000701,-0.1041299822820426
06061022013,-0.15730119125176667
06061020200,-0.06242766700045759
06017030604,-0.03262232683550456
06017030603,-0.05596969397791393
06061022014,-0.493950987688071
48485013700,-0.013989536722857132
48487950300,0.0015710809589654549
40141070500,-0.0037515220136927485
48485013503,0.0035723758587977647
48485013504,0.0031151291543876844
48485013502,0.0012706097966296835
48485013202,-0.04079581682416493
48485013100,-0.009275827419851864
48485013800,-0.001656589472255163
48485012401,0.006196623209655963
48485013600,0.003452845953542787
48485012900,0.006172960465412933
48485013000,0.011896583249228022
48485012700,0.004471362894028731
48485012600,0.0018633116788046673
48485012202,0.001346785450023263
48485012100,0.007298273464161174
48485012402,-0.012890516571089704
48485012800,-0.0036369237061229624
48485012302,-0.004261926141580227
48485012301,-0.02491601175019608
48009020100,0.011527073610015403
48009020200,0.009889967556705955
48077030302,0.005314107880093656
48337950401,0.05765976261690489
48097000100,0.015303722710063476
48097000200,0.045160883349850994
48337950100,0.023648257436628232
48337950600,-0.0010216810120109898
48337950300,-0.007192471441529923
48337950200,0.008356242601465932
40085094300,0.012449794634157584
40085094200,0.015706379827083845
40085094100,0.011344127101491217
40019892502,0.010861067937065448
40019892801,-0.020773532395040907
40019892802,-0.0024796665912732553
40019892900,-0.019082229332763
40019893100,0.0014141708950112044
40019892601,0.006106367790586615
40019893002,0.005893135703555711
40019893001,-0.001712991825684762
40019892602,-0.0017561830374911483
40019892501,0.017233469521651154
40019892301,0.013250486378968848
40019892302,0.01491065483357442
40019892400,0.010774987909984931
40067371600,0.013187997260802137
40067371800,-0.038045196444788904
40067371700,0.0016125274644231019
48077030301,-0.001779478839120734
48077030200,0.0018417429995452375
48485011500,0.012370292306596056
48485012201,0.011135081150142214
48485012001,0.005709288084309393
48485011901,0.013610624911562688
48485011800,0.009280503592262936
48485011600,0.0018246438289449647
48485011700,0.005899263926448966
48485012002,0.006729034152110177
48485011902,0.0068738709851029305
48485010700,0.009030821416870364
48485010800,0.008515797247909466
48485010900,0.01027636492965665
48485011000,0.009796583312992446
48485010200,0.010785245703188768
48485010100,0.0063328478444166164
48485010600,0.009296799785397583
48485011400,0.007675846502426673
48485010400,-0.013641273286837039
48485011300,0.00246362436115794
48485011100,0.01041419842976185
48485013201,-0.004153025786110659
48485013401,-0.15147710035243817
48485013300,-0.0036043176561304908
48485980000,-0.2614812384319207
48485011200,-0.0183622561857232
40033871200,0.0016958702572169458
40033871100,0.0018890816648818272
40031002003,0.015206953648817877
40031002004,0.015328574396666928
40031002005,0.021972875483231385
40031001902,-0.0036488757552773456
40031002301,0.0031158182173124014
40031000402,0.005163587540606994
40031000403,0.0014485954981419908
40031000405,-0.004077260465406938
40031000404,0.0018168196822755962
40031000300,-0.001230871400180836
40031000504,0.0023014004446844255
40031000503,0.003763904218939602
40031000506,0.008320336825678117
40031000505,0.006099362972501701
40031001600,0.0024220276935112937
40031001400,0.018491884176183793
40031001500,0.005598420083934069
40031002500,-0.04409438740717437
40031001700,0.009696608790122612
40031001901,0.007166430595737648
40031000100,-0.009759141765342726
40031000800,-0.0017404805484145616
40031001100,-0.00496713403594424
40031000900,0.005355728193584622
40031001000,0.0029667670779281673
40031000700,0.004932616327991873
40031000600,0.013200791269237486
40031000200,0.003704177611909213
40031002406,0.007887389589944022
40031002405,-0.0071559350796695075
40031002201,0.016308476317224204
40031002403,-0.03833167963771361
40031002101,0.008759800831025937
40031002102,0.008619729986705495
40031002001,0.008416607027383873
40137000901,0.006005725220834191
40051000701,0.013316267340170567
40137000600,-0.011503438411339915
40137000300,0.001974372458950239
40137000800,0.001594120700219684
40137000200,0.0036979642123496454
40137000400,-0.004025785937938255
40137000101,0.00032354092649185257
40137000102,-0.002292107487659161
40137001100,0.004845044852685502
40137001000,0.008279057261193242
40019892200,0.0026367867779024225
40019892100,-0.0034585658782698477
40099790702,-0.02002629283872777
40099790701,-0.012683060096915999
40049681900,0.011852320986020237
40049681400,0.005348280621243323
40049681500,0.007386299940869763
40049681300,-0.0019504952841451352
40049681200,0.004612883028836967
40049681600,0.011777347826945086
40049681700,0.008379225461180473
40137000902,0.004595609833938886
40049681800,0.008059471410414912
40087400203,0.012269153316402777
40087400201,0.006860136921118093
40087400400,0.004930827888716348
40027202405,0.010526868751066131
40027202600,0.013407633850988135
40087400300,0.0021329019583260942
40027202501,-0.017459418998277822
40027202502,-0.012316160313196944
40027201303,-0.015968660093055725
40027202404,0.011113173784874808
40125501103,0.00685778284265275
40027202407,0.014618348650971204
40125501003,-0.09273440673728978
40027202406,-0.34535383858272983
40027202403,-0.1210110893267076
40027201404,-0.024810946862478152
40027201405,-0.016795890813285162
40027200604,-0.04770692690232877
40027200603,-0.03697997622032023
40027201403,-0.013314103616584281
40027202201,-0.027817068874055342
40027202208,-0.017986801779805328
40027202207,0.0019336036973559953
40027202203,0.0023345923670296527
40027202105,-0.03639695907055142
40027202104,0.0017704414628705407
40027201604,-0.18733723189678508
40027201611,-0.35698935595433434
40027202205,-0.1860374888802911
40027201607,-0.21725316703785358
40027201610,-0.31929962032614967
40087400106,-0.17677473195141624
40027201513,-0.0013962687068497463
40027201514,0.0006484056980990346
40027201508,-0.007835669367064453
40027201000,-0.003612027695383606
40027200900,-0.006789278143312777
40027201512,0.013429030621635479
40027201511,0.005374795041057022
40027201505,0.006576015483062574
40027200300,-0.01861001382656128
40027201509,-0.012689436207228776
40027200800,-0.0064902393096369455
40027200700,0.019960202646540526
40027200200,-0.022229041489408508
40027200100,-0.12232720048043733
40027200400,-0.015296148565058645
40027200500,-0.0015256021210454142
40027201202,0.057621542108927136
40027200602,-0.00198957670068904
40027201302,-0.01384350636050406
40027201201,-0.03762629314220114
40027201204,-0.07787026647902343
40027201205,-0.08854391455558414
40027201103,-0.00969418408854545
40027201102,-0.017227477508858672
40027201104,-0.004314886961278934
40087400204,-0.0194374965185532
40087400103,0.004169306553981395
40087400104,0.005398434862877897
40051000801,-0.046365691263022465
40051000906,-0.1488736433378684
40087400105,-0.11810850313799025
40051000905,-0.12860128919606612
40051000904,-0.05081501866848331
40051000902,-0.0940448180200276
40051000901,-0.03248584288979167
40051000802,-0.08988616892270192
40051000100,-0.02097330289922123
40051000400,0.008763836433909534
40051000501,0.009200866372980183
40051001000,-0.002576512323300783
40051000502,0.015799193108627617
40051000600,0.004018596912276281
40051000702,0.012469854116071329
40015162101,0.014832483228662605
40015162300,0.023403914387974095
40015162200,0.011026307535099984
40015161900,0.010479997779268065
40015162102,0.007976904487777364
40015162000,0.01344136518323234
40149965400,-0.0032647209511586115
40149965100,0.012446056470097618
40149965000,0.010679476414568552
40075963700,0.006471626151795605
40075964200,0.004630049092928205
40075963600,-0.0031303913006353067
40015161800,0.009442982515891596
40031002202,0.024480433878407103
40031002302,-0.0032614269086282733
40031002401,-0.221744898844978
40141070100,0.003321985091885851
40141070400,-0.007705458978301643
40141070300,0.0027735882259983954
40141070200,0.003927527448105532
40065968100,0.004852055415677126
40065968200,-0.0008741507239761885
40065968400,-0.0015475758253804908
40065968600,0.006447222418228513
40065968500,0.001409839805242659
40065968800,0.005544487507371529
40065968700,0.008195213202571303
40065968300,0.013056900126318638
40055967200,0.016056611411536657
40055967100,0.012444084419886457
40009966800,0.0035719020251414628
40129960000,0.004164538353723204
40009966200,0.004637700713637293
40009966100,0.0014520486854566043
40149964900,0.00366252293178458
40039960401,0.008910653564760201
40039950800,0.011657068143739954
40039960402,0.005526131143447448
40039960701,0.010706302751175803
40039960702,0.009142199842202702
40039960600,0.007873178648516459
40039961000,0.009239231783265179
40043959200,0.016555917000127866
40043959300,0.0034440791543721054
40011958700,-0.0066006795479589386
40043959100,0.0060441575527720864
40093955200,0.004608701215963568
40045952800,0.008386768203254083
40045952600,0.009413412048837994
40153953200,0.002041621528128597
40153953300,0.005407945238862271
40153953500,0.0035317926431127737
40153953400,0.011187269910168914
40059952100,-0.018076691726281208
40059952200,-0.021262815020378953
40151954201,-0.002671777081596312
40151954300,-0.01832659948187488
40151954202,-0.0019466338720925311
40153953100,0.006433005780028044
40151954400,0.013038321409394905
40003956000,-0.026310976518655306
40047001604,-0.005061416321363213
40047001603,0.004229720938832693
40047001602,-0.0014388371479825282
40047000601,0.01607170084220332
40047000602,0.00535441319585035
40047000702,0.005216415576890261
40047000701,0.008343261854201846
40047000102,0.011483180493449666
40047000200,-0.014597234484491612
40047000101,0.004191211170548558
40047001401,0.009518185068548648
40047001301,-0.010233987197150619
40047001302,-0.009528636627739166
40047001402,-0.011378977469958928
40053956400,-0.07919242889725098
40003955600,0.0041787943513819995
40003955700,0.016106264838275382
40071001302,0.00893101436806197
40071000202,0.002613282509960663
40071000100,-0.013365311296510746
40071000201,-0.00888257482975741
40071000400,-0.021300346638639847
40071000500,-0.005833851800747389
40071000600,-0.003803520870105744
40071001100,0.0026895328696292203
40071001301,0.007085865252044691
40053956500,-0.03862111148726035
40047001100,-0.029165856945093202
40047001500,-0.017142964946762162
40103957100,0.002840963061344745
40103956600,0.007223213168688625
40103957000,0.004248067961471608
40103956900,0.0017379296739166374
40119011001,-0.036129958489774516
40119010201,-0.07075836632078844
40119010102,-0.06378634993571394
40119010502,-0.04426353818622379
40119010501,-0.09341618044551947
40119010503,-0.16411351011224046
40119010400,-0.017987562253372596
40119010300,-0.010425688298657684
40119010202,-0.004539207705094487
40119010901,-0.07737960143505315
40119010902,-0.06642897884942564
40119010800,-0.08734784323559774
40119010700,-0.05847562062229816
40119011002,0.013694186448889398
40083600600,0.010962804460996494
40083601000,-0.1062391852399644
40083600101,0.01041877208794716
40083600501,-0.021664104454621746
40083600700,-0.010696238469354111
40083600200,-0.046371540343550455
40083600300,-0.07896904617455464
40047001200,-0.006461455028125277
40093955100,0.0017280782643069358
40093955300,-0.002247708136600521
40011958600,0.004740641024569602
40011958900,-0.0080738742240427
40011958800,-0.011553268817330162
40073958200,-0.0038148553142326874
40073958100,-0.007454117232935724
40073958300,0.008803701432805075
40073958400,0.010696162339934971
40017300201,-0.06270920397146881
40017300202,0.003673759900944879
40011959000,0.002008975153146881
40017300100,0.006624970043016882
40015161601,0.013022506868439657
40015161700,0.014282706018580473
40015161602,-0.020356943940881153
40017300701,0.004478897466138123
40017300600,0.005160993140024198
40017300500,0.0026436789204759585
40017300300,0.006842693572284695
40017300400,0.008429281731037668
40017300702,-0.00953366639747627
40017301408,-0.5540858613288091
40017301409,-0.3360847751885328
40017301407,-0.2806680438532885
40017301301,-0.31840405390138893
40017301010,-0.1580318836284158
40017301011,-0.2838598974281265
40017301410,-0.2323304201838915
40017301406,-0.3915518360488012
40109108603,-0.358783228685468
40017301012,-0.09730454188369618
40017301013,-0.27310996809339094
40109108604,-0.3236828130497171
40027201700,-0.3811048219528535
40027201801,-0.27286889068935144
40109107212,-0.4857452041120367
40027201903,-0.5247235250907342
40027201902,-0.43448035270256424
40027201904,-0.4111919124424009
40109107224,-0.5710077702246412
40109107206,-0.3713679518730773
40109107207,-0.36649358781060454
40027202006,-0.49468069512102353
40027201802,-0.39121868941133464
40027201609,-0.21689140381335
40027201612,-0.39264152074143543
40027201603,-0.03520179806129384
40027201602,-0.15096122132208434
40027202005,-0.144326236971356
40027202004,0.005440372382814577
40027202102,-0.02212832089556614
40027202106,0.003116079277334203
40027202107,-0.1030076385400239
40027202008,-0.11123046799998541
40027202007,-0.24371411542256782
40027202002,-0.4339512531509865
40109107302,-0.4828829698445068
40109105400,-0.6334095193440636
40109107306,-0.39175398321599053
40109107303,-0.4668764524213748
40109107401,-0.3759190916390165
40109107405,-0.37376774264511786
40109107404,-0.4072807747223729
40109107809,-0.10438718717847092
40109107801,-0.25665529366249296
40109107807,-0.24568988699738709
40109107808,-0.11744755116660732
40109107804,0.006001573101219505
40109107810,-0.12269121220607856
40109105300,-0.49316053484547806
40109107305,-0.5758811817262557
40109104800,-0.49235294035592275
40109103900,-0.5168401665715612
40109104700,-0.4415664916877829
40109104600,-0.46190977332347427
40109104100,-0.4237600277688619
40109104300,-0.5466486011305398
40109104400,-0.454272878940279
40109105500,-0.5574152959840502
40109107218,-0.46119892485308445
40109105000,-0.5041319621562507
40109104500,-0.5050865016881725
40109104900,-0.4683815107019539
40109107223,-0.5782211379095086
40109107219,-0.4786451365240221
40109107225,-0.5785079589336806
40109107226,-0.41578051519668013
40109107222,-0.440655848981658
40109107220,-0.4507827939958168
40109107221,-0.3892401331033589
40109107214,-0.4319116209871092
40109107216,-0.46282915445999373
40109107217,-0.477447133516435
40109107104,-0.5822088884750651
40109107103,-0.5232688957705973
40109107215,-0.43016459193343365
40109107213,-0.4421773701486374
40109107101,-0.8606837501104522
40109107001,-0.6027456189106575
40109104200,-0.612498370191338
40109105600,-0.5767509089553073
40109107002,-0.4927758805584961
40109102200,-0.5383019794100088
40109105907,-0.4652616925557803
40109106916,-0.4309221954723733
40109105906,-0.44434077627664537
40109105905,-0.45027330608985106
40109106906,-0.44220359558283795
40109106602,-0.40710394391532656
40109105903,-0.38185194750889007
40109105904,-0.44022888180513337
40109106601,-0.4130674663303367
40109100900,-0.4787342731315536
40109102100,-0.4473660472757186
40109102000,-0.43475423754104037
40109101900,-0.3041620380074291
40109101000,-0.22456376686664636
40109100201,-0.3886395413391797
40109100203,-0.4058679245392194
40109100202,-0.3844807138587838
40109100800,-0.3492796099878837
40109100300,-0.35544817633709913
40109109300,-0.37683695867117706
40109101200,-0.29120485767251403
40109101100,-0.42142052650691564
40109101800,-0.22858731361887835
40109109400,-0.20984766145011174
40109980006,-1.0057007319514617
40109102500,-0.3629423654015333
40109103200,-0.35183051067355886
40109102400,-0.3145139040050192
40109102300,-0.44873769127845947
40109103300,-0.4145801537409636
40109109800,-0.4750459703981305
40109110000,-0.4732533198460289
40109109900,-0.47860607712751735
40109980007,-0.5215010724550275
40109980009,0.118059044809106
40109109700,-0.5506317900939695
40109109600,-0.3815586586062135
40109980008,-0.4607780743406472
40109980005,-0.7124317350084147
40109109500,-0.4639615760837146
40109107805,-0.08425466150172717
40109107806,-0.19216296539575473
40109107900,-0.6114611783450119
40109105202,-0.24596422430512396
40109105201,-0.30066341786633866
40109101300,-0.46391853486650336
40109101400,-0.3259570648476434
40109100400,-0.28028110821576024
40109101500,-0.29307225051540775
40109100500,-0.2799371737688745
40109105101,-0.3346778758294773
40109106200,-0.39582619658831264
40109106100,-0.3399964365848328
40109106000,-0.7241145388961481
40109108301,-0.45553109832665284
40109106302,-0.24426591051478358
40109108309,-0.216284705092376
40109108404,-0.21752389667640926
40109106303,-0.3255466313394276
40109106403,-0.29813973825763573
40109106301,-0.23345882126070155
40109100100,-0.4147746358711911
40109980003,-0.2486193046246987
40109106503,-0.3454680939260024
40109106502,-0.33823172991477823
40109106501,-0.22252354670401348
40109106401,-0.17212957498902104
40109106402,-0.2679286856090103
40109106609,-0.3421290053168615
40109106611,-0.28101842913341546
40109980002,-0.5634806693178445
40109106610,-0.2932952900122622
40109106606,-0.41719838461086933
40109106607,-0.40259942654628467
40109106608,-0.33831065710769287
40109108508,-0.2658940472511655
40109108507,-0.23479954218122553
40109108403,-0.29003383608764066
40109108402,-0.26108247971373066
40109108514,-0.18348907344769222
40109108521,-0.1612712610521634
40109108515,-0.28233057408282947
40109108513,-0.2761399068011985
40109108525,-0.27388266149254237
40109108526,-0.21185568325225018
40109106708,-0.2666938234788543
40109106704,-0.5052733570284214
40109106709,-0.2708744891514179
40109106710,-0.18301738292982483
40109106705,-0.3507558447286176
40109106706,-0.42866883834841685
40109106702,-0.4955727560740639
40109106804,-0.4829212731012861
40109106803,-0.3876366415334316
40109106802,-0.48799387277150014
40109106801,-0.42496495751885055
40109106910,-0.33235853085871947
40109106914,-0.3715110528768628
40109106902,-0.40749817875350974
40109106907,-0.4917857639834903
40109106917,-0.3103211403992697
40109106913,-0.35883283027197527
40109106909,-0.49720552307835786
40109106912,-0.36474943458046316
40017301006,-0.4188292212536692
40017301001,-0.4366612230601654
40017300904,-0.344996932641891
40109106911,-0.5752118857737087
40109106903,-0.4266013418190776
40017300902,-0.021185177387316314
40017301100,-0.1105644759600439
40017300905,-0.2138916170203567
40017301015,-0.12298426564807752
40017301014,-0.256930467085272
40017301003,-0.26497578131602084
40017301302,-0.26541478984561917
40017301202,-0.07113047766397126
40017301201,0.006614432218472717
40017300901,-0.18528471205174457
40017300806,-0.13473970053524545
40017300804,-0.09548321511262775
40017300803,-0.3244655281322578
40017300805,-0.1138059145815558
40017300802,-0.09599472499236553
40109108524,-0.11858482049482018
40109108523,-0.17450164497112924
40109108530,-0.16079546897970687
40109108529,-0.14355339297794753
40109108536,-0.12248810033216084
40109108538,-0.07683387117121523
40109108527,-0.12346965111905288
40109108528,-0.11481290824374857
40109108534,-0.10138959113939217
40109108535,-0.05092750465168573
40109108532,-0.06241970556038339
40109108533,-0.05420358584952753
40109108222,-0.09938590845075831
40083600802,0.010309206372569445
40083600402,0.013653714725061182
40083600903,-0.004058849187477856
40083600401,0.007771265789984175
40083600801,0.0086817951913994
40109108223,0.02232484973551821
40109108106,0.01702458568197819
40109108107,-0.006986431030161751
40109108114,-0.007315235584933626
40109108113,-0.0014207889153446903
40109108203,-0.022530840681060205
40109108208,-0.0011413514227426183
40109108207,0.01100991230579755
40109108201,-0.02149974973157031
40109108204,-0.020632606230026197
40109108217,0.010415788054050896
40109108216,0.014946951274263539
40109108229,-0.0007786536031431884
40109108224,0.008132878932435516
40109108230,-0.009376969990380905
40109108232,0.002629612245600098
40109108231,0.01592078917616331
40109108228,-0.06348879217312667
40109108225,-0.22091643685772216
40109108227,-0.19936618767166697
40109108226,-0.05105598180424514
40109108531,-0.03332314463873523
40109108235,-0.06812270091971598
40109108237,-0.11646043276608074
40109108236,-0.14242903658026596
40109108233,-0.04579168821306142
40109108234,-0.11841641155167408
40109108215,-0.156489991333983
40109108238,-0.16542798392838404
40109108323,-0.1656998786144459
40109108326,-0.03942207566574576
40109108325,-0.07647469082173855
40109108324,-0.061575062449086664
40109108322,-0.07320648957328456
40109108321,-0.11557470974652584
40109108520,-0.1055874971267366
40109980004,-0.2686631732756505
40109108537,-0.1744129703883908
40109108506,-0.19779080294146034
40109108307,-0.24443164233671244
40109108310,-0.133674721373673
40109108314,-0.08270155196183678
40109108302,-0.23570695968780678
40109108318,-0.10438081844332424
40109108317,-0.08091605586936705
40109108304,-0.013994408619310795
40109108319,-0.27613591488884337
40109108320,-0.350655509793521
40109108109,-0.14942998456201978
40109108110,-0.4175898159492133
40109108101,-0.5367132737148106
40109109205,-0.2842719800423853
40109108900,-0.6939392806758962
40109109203,0.01081746154724808
40109109204,0.0131587539514382
40083600502,0.005780142330779173
40109109202,-0.312491281412979
40109109001,-0.24618850650397822
40109109003,0.007926003832710627
40109109004,0.008154088048646962
40109108804,-0.5633394566950696
40109108005,-0.2560192612979506
40109108803,-0.9451453087559873
40109108010,0.011439340348312009
40109108003,-0.06582599731237007
40109108011,0.019732211217489082
40109108008,0.012362022308579745
40109108007,0.0028612224439505674
40109108006,-0.004070728457318365
40109107705,0.009327032922867106
40109107707,-0.03641009056087827
40109107706,-0.033037627436371675
40109107703,-0.007593582045963313
40109108009,0.010375481521427601
40109108807,0.007861396700674955
40109108706,0.009801609185468846
40109108806,0.008401704165694059
40109108805,-0.03299960491710113
40109108802,-0.03670076921773798
40109108711,-0.04615707393020462
40109108712,-0.8325529003617685
40109108713,-0.7874877897320497
40109108710,-0.032987121831547006
40109108707,-0.09892630276242573
40109107608,-0.0648449796135995
40109107605,-0.06483365193520817
40109107704,0.003182622601896579
40109107601,-0.07488325103442373
40109107604,-0.03347142391810378
40109980001,-0.462073923632778
40109107406,-0.3292849949666486
40109107407,-0.9389242734992785
40109108701,-0.7275005860183008
40027202301,-0.6332334006162976
40027202302,-0.8245551836262897
40109108708,-0.03500605534704266
40109108709,-0.43648042550196503
40125501005,-0.015349486738917742
40125501006,0.008317666229953138
40125500800,0.005296571092412594
40125500700,0.007213154527876554
40125500600,-0.0013056126988145508
40125500500,0.0061965823228898815
40125500400,0.0015583882774357913
40125500301,-0.0033371415188189965
40125500901,0.003502730311436952
40125500902,0.006961694637609862
40081961500,0.007555896025282852
40081961401,0.022850344697878857
40081961402,0.015344976035480882
40081961300,-0.002074750736760058
40081961700,0.011579815285510749
40081961100,0.008373078066014412
40081961600,0.014739256690043945
40037021000,0.008675460393195548
40037021101,0.014706562092748277
40107080700,0.025349919281774914
40107081000,0.005409277674975811
40107080900,0.010242279979676196
40107080600,0.024348966570184136
40111000901,-0.00701186536179293
40111000902,-0.010994374955882921
40091779900,0.019822892336796533
40091779601,0.03018282008441437
40111000800,0.0014610649362348268
40111000100,-0.03980533053670123
40111000700,-0.008352199318934599
40101001600,-0.017609561893223866
40111000601,0.002691608526272908
40111000602,0.001485084889764805
40111000200,-0.007141624123307625
40111000400,-0.0013307604210632258
40111000300,-0.0033785160156572106
40111000500,-0.0006321531061449063
40037021102,0.012803180921391086
40037020604,0.01912016859953041
40037020707,0.016960531136565513
40037021202,0.0021536357043228493
40037020602,0.009095845216018568
40037021600,-0.003577398233985164
40037021401,0.0012425385614590599
40037021402,0.006048253550355051
40037021300,-0.001232603301614866
40037021201,0.0018084148709727938
40037020101,0.0010536345254231368
40037020102,0.009593216523542631
40037020103,-0.0018962120298990225
40143006712,-0.3722424618430321
40143006713,-0.14348648234786315
40143006701,-0.10491337633993612
40143006711,-0.09107771101412178
40143007642,-0.1758109901594503
40143007608,0.00027938585689595794
40143006801,-0.0037887233859448047
40143006804,-0.01170623024037263
40143007644,0.0017467487579722846
40143007643,-0.0021608445167268426
40143006803,-0.01668776179371639
40143008700,-0.027703027478522345
40143007611,-0.0002369429186479334
40143007641,-0.09793055184658668
40143007612,-0.08423293261532926
40143007650,-0.0975602275223221
40143006703,-0.11606765254140661
40143006710,-0.06062600377218489
40143006709,-0.04219063632846787
40143007707,-0.02222385016142897
40143007706,0.003918681283326608
40143007703,-0.050327866371688706
40143007705,-0.06035599835782138
40143007704,-0.05423661676302755
40037020603,0.009786268500424966
40037021500,-0.0018466098855426114
40143007803,-0.02632307690807342
40143007533,-0.040769020909389456
40143007801,-0.0713400246213645
40143007534,-0.04689354773943408
40143007804,-0.000899791305731162
40145030604,-0.09894493461713819
40145030605,-0.02884024080267559
40145030601,-0.02939717955787159
40145030511,-0.04806024801323133
40145030603,-0.050360200663027696
40145030505,0.0062894937410909405
40145030509,0.022098170303317274
40145030512,0.0047173777281547
40145030510,-0.014663563972580514
40145030508,0.016453198050736112
40145030502,-0.01712936619436113
40145030506,-0.07762585815538223
40145030507,0.0031400788116404356
40143009021,0.004415615032160248
40143007416,0.014090970390721238
40143007408,-0.11497799394597781
40143007402,-0.05983257694580979
40143007415,-0.02814058063907835
40143007414,-0.009107416917086214
40143007417,-0.12707255021769975
40143009020,-0.01516373404756842
40143009019,-0.007968817239650969
40143007409,-0.005449547543966147
40143007412,0.0013588260463189795
40143007413,-0.001784177004775812
40143007519,0.0014003300219870363
40143007518,0.005267576504598647
40143007530,-0.0349819383432297
40143007529,0.002578678868814694
40143007507,0.0014177375756169214
40143007525,-0.00863206636516925
40143007510,0.00304233385320592
40143007503,-0.007794820416028131
40143007526,-0.004165479901830147
40143007511,-0.028394585100630483
40143007512,-0.002096960363821034
40143007522,-0.011047853680510387
40143007535,-0.002998398411142561
40143007536,-0.04173877732564723
40143007523,-0.011847600432908776
40143007532,-0.0177601537982671
40143007531,-0.01994166680094483
40143007652,-0.002105359928684719
40143007636,-0.00541924653748461
40143007651,0.004758552534075963
40143007520,0.0036642803213884786
40143007655,-0.0031354987664329844
40143007656,-0.01121821942220104
40143006708,-0.002229418591253518
40143007638,-0.002234456186740555
40143007653,0.0013604581258878571
40143007654,0.004314145875696564
40143007634,-0.019198700946669825
40143007649,-0.007523970977130244
40143007631,-0.0024576770737383914
40143007632,0.008576573023087992
40143007647,-0.0007750774404382126
40143007633,0.006677580181517418
40143007629,0.0041868450569912796
40143007630,-0.00619216775145827
40143007528,-0.029248474321984495
40143007645,0.003912813550681523
40143007527,0.00550415638967096
40143007639,-0.0007420702731218483
40143007619,2.4020568563290338e-05
40143007646,3.3517949315581735e-05
40143007411,-0.020133052276503992
40143007410,-0.027010411745535284
40143006907,0.0021642028393937386
40143007617,-0.029813347326480222
40143007616,-0.002875359297619383
40143006903,-0.0010038632444207653
40143006902,0.002335586814226058
40143007615,0.0018095387019976352
40143007648,-0.0033934878253878238
40143007614,0.009247203559350638
40143007613,0.0018689265242965813
40143006901,-0.003971960756231748
40143005200,-0.00960369584671962
40143004000,-0.27118209236307117
40143007000,-0.06768756531335324
40143008600,-0.00942828513159578
40143006905,-0.0033349006579702915
40143006906,0.021569828002178985
40143009012,-0.011179160042430327
40143009011,-0.005427319595925803
40143008502,-0.02247247275239636
40143008400,-0.01655983148662348
40143008501,-0.07193481602398297
40143007313,-0.01540668310579929
40143007314,-0.019834571090447985
40143007304,-0.03035453993668178
40143007102,-0.03216660262118599
40143007101,-0.022546289767402514
40143003800,-0.0224230567283012
40143005300,-0.03102118953074521
40143003900,-0.051239456831915234
40143003700,-0.01607084822609349
40143001900,-0.046653610040773896
40143001800,-0.06110734742703382
40143001700,-0.04489505259302394
40143001600,-0.020423046479190875
40143001500,-0.010138921847303868
40143000300,-0.001832811198583111
40143011300,-0.08224945360548172
40143006000,-0.01717765405121137
40143008200,-0.02245008135147701
40143008300,-0.08556934194115073
40143007200,-0.0071345868254219106
40143008900,-0.01304297400835255
40143007309,-0.0018312993455729173
40143007311,-0.040106879624480396
40131050407,-0.0232594390357651
40143007308,-0.05164184960651477
40143007310,-0.00680272927965086
40143007306,-0.04963394244310754
40143007312,-0.0508100499441774
40143009014,-0.013189680037044871
40143009010,-0.0018461329205531935
40143009006,-0.022294212073975632
40143009008,-0.005812654146831987
40143009017,0.008385777726033234
40143009016,0.005333817353542004
40143009018,0.005169594810970261
40143009013,-0.1875215434196731
40143009015,0.001743044918900383
40145030406,-0.028112326884226595
40145030408,-0.009928349388575567
40145030407,-0.09086731049902935
40145030403,-0.16851762861935582
40145030402,0.0066289636766235106
40131050409,-0.060368398090587055
40131050408,-0.09292998209872835
40131050602,-0.08023761644271228
40131050603,-0.04077716119886924
40131050101,-0.009516907959008404
40131050104,-0.021867076008355357
40131050202,0.003276779608528224
40131050203,0.0013641280600803387
40131050103,0.004296120332409408
40131050105,-0.007380692364420795
40131050601,-0.01944284300522035
40131050405,-0.015548981049436531
40143005810,-0.02097877902448819
40143005811,-0.09744451212348026
40143005809,-0.046584261280199046
40143005812,9.289451269955086e-05
40131050404,-0.015592431360024521
40131050406,-0.04806306797144759
40143005900,-0.16150006507109663
40143005813,-0.028089783261968877
40143005805,-0.05578970256715195
40143005801,-0.04242015871665719
40143005808,-0.10175695181737822
40143005600,-0.02191885352184645
40113940005,-0.02969781271472566
40143009101,-0.036556907355780675
40143009104,-0.060608402967400846
40143005700,-0.005143144567418597
40143007900,-0.003925335089749824
40143008002,-0.0022964188573610413
40143008001,-0.011301561807128328
40143000200,-0.022559576294889548
40143000400,0.0021799339693782376
40143000500,0.005702383994117221
40143011400,-0.0063674065693511035
40143006200,-0.00389568944980682
40143000800,-0.017338779606052433
40143000900,-0.013692280721487149
40113940006,-0.031849809654415986
40143003000,-0.2034536942013525
40143002700,-0.16529482171068288
40143002500,-0.2637127267897084
40143001000,-0.014830193674822821
40143001200,-0.06436374621867172
40143001300,-0.12874728155356802
40143001400,-0.09058548593189698
40143002000,-0.11498047975705966
40143002301,-0.3942757364900019
40143002100,-0.18133063543942646
40143003500,-0.04746577631248861
40143003600,-0.05099550532795967
40143003300,-0.12838678857634567
40143003400,-0.20279805405061974
40143003200,-0.063676996286685
40143004500,-0.016850312261127313
40143004301,-0.006241255062670645
40143004200,-0.004988477568817843
40143004101,-0.011454381891829204
40143004302,0.004012172846605804
40143005100,0.005393480208625259
40143005002,-0.006224308473857297
40143005001,0.0052979237949095145
40143004400,-0.001422399027922253
40143004900,-0.2777384676690542
40143004700,-0.05742918740175497
40143004800,-0.07596048832538552
40143004600,-0.14416707817527502
40143003100,-0.10611866540180331
40143008800,-0.11695016661628836
40143006600,-0.0844220459091417
40143006507,-0.013687144143395811
40143009403,-0.013428589871020837
40143006506,-0.012949620555686412
40143009200,-0.0601832605120472
40143002900,-0.15013249973035311
40143009300,-0.0460504891638152
40143009401,-0.03745378795033019
40143009404,-0.09779094489584425
40143009500,-0.04026576880415308
40113940007,0.015810877994022723
40117957200,0.004321763790496588
40117957100,0.00656713233734544
40117957300,-0.004469625981044596
40037020704,-0.00848073861071498
40037020705,0.021840605736508853
40037020706,0.02467939040378292
40037020900,0.008042868696511685
40037020702,0.013884121448087271
40037020800,0.020953606220503414
40119011400,0.01688300911065508
40119011302,0.0013592036272249784
40119011301,0.010371432827491197
40081961200,0.012246450037651364
40119011104,0.0018297795382355296
40119011103,0.008010088812685539
40119010600,-0.037628104853428525
40119010101,-0.05897222739833824
40119011101,-0.017526784668099586
40119011200,0.016492903969305153
40117957500,-0.0016167016969877673
40113940003,0.010365600193671123
40117957400,0.0026579408263934633
40113940001,0.001538250319259017
40113940012,0.015364631214948164
40113940013,-0.003503982010517827
40071000300,0.003432774895976916
40071001200,-0.004040423318685261
40113940011,0.021921251950463974
40147001000,0.005485851845849302
40105172100,0.012397492277068378
40105172200,0.009631321909254368
40105172300,0.012462121579358708
40105172400,0.010254192956306626
40147000602,0.004516550678245966
40147001200,0.0013415296875037563
40147000601,0.003535784525497626
40147000400,0.0016601751596747795
40147000500,0.001457778734761322
40147001100,0.0034754660811178104
40147000100,0.0013875124513265833
40147000200,-0.014509534677551946
40147000300,-0.022398094668402924
40147000700,0.0024347889140088827
40147000900,0.0025450278689244533
40147000800,-0.001408587994710509
40113940004,0.006664611548661804
40113940008,0.004027676873380626
40113940009,-0.014709217588441232
40143005500,-0.03624664996562023
40113940015,-0.010834332396588677
40113940014,-0.016496474876076146
40143005401,-0.06620750647402703
40143005403,-0.009987862361701782
40143005404,-0.03749986395977982
40147001300,0.005681250524748091
40131050802,0.004962929846449511
40131050301,0.006543303946215648
40131050801,-0.007897610525188128
40131050403,-0.02137384113818583
40131050304,-0.009080283767582221
40131050303,0.004141922431690434
40131050302,0.006098700727564965
40131050702,0.0016475387547602183
40131050701,0.001933663724031808
40097040801,0.014585513582721216
40097040802,0.020044523700385238
40097040700,0.02073788342463414
40041375901,0.08191699813804926
40041375902,0.1618194532762373
40041375804,0.042097604760233914
40035373400,0.002685592907427662
40035373300,0.003320856986737262
40035373500,-0.003933266291716486
40041375803,-0.016406492705492423
40041375805,0.07737086283960076
40115574800,0.014896915237069385
40035373200,0.0015320843807584803
40035373100,0.008034278669110276
20021958200,-0.00033257047855818534
40115574200,0.020873300911307402
40115574500,0.06353354039390671
40115574400,0.010861388086353209
40115574300,0.03229184812704604
40115574700,0.011342526992492838
40115574600,0.02323883412070584
40115574100,0.017176523633419222
20021958600,-0.00037680232199727826
20021958400,-0.0005781576817301045
29145020700,0.022696163141066518
40115574900,0.01541497824246494
40041375806,0.12979653334114524
40041375701,0.08360488093227889
40041375702,0.02084696452492031
40041375602,0.07842694470946085
29119070200,0.026125682841494975
29119070300,-0.015108026912389563
40041375601,0.08183506411088978
40041376000,0.0026358500446103487
05007021001,0.022919930412067364
05007021313,-0.011841070004565473
05143011002,0.00011528086873503137
05143010513,-0.00239395835867449
40001376700,0.016846230569440186
40001376600,0.012211643077777574
05007021202,-0.00555227367257417
05007021102,-0.0052364829284441295
05007021101,-0.046408608002574334
05007021201,-0.025583265272288505
05007021004,-0.04303593131210828
05007021003,0.012275464791576964
40041976200,0.0004923363546960551
40041376100,0.01157085671613979
40097040501,0.010204138115709747
40097040502,0.012270143399110308
40097040600,0.03800506859530807
40097040300,0.0015410486406202042
40097040200,0.002021320265865907
40097040100,0.001586995814425327
40131050604,0.0016869744522529633
40131050201,-0.002587162813703415
40131050501,0.0022147240302902707
40131050502,0.00042708957910253867
40097040400,-0.0048329803337250924
40145030201,0.031562746859184754
40145030101,0.0012200166516866554
40145030800,-0.006985013940497066
40145030300,-0.002366323111814674
40145030798,-0.01328702080084359
40145030202,0.015650975057251756
40145030102,0.002121834779031295
40021977701,0.04422195217544361
40021977801,0.023855759014143794
40021977702,0.034771485975014435
40021977600,0.015587565143542618
40021978201,0.022246942015938513
40021977901,0.015445626336537979
40021977902,-0.024590915769635978
40021977802,0.007440088972641361
40021978000,-0.009923159056580779
40021978100,0.003440463773269657
40021978301,0.04456386660068107
40021978202,0.044683621846149255
40135030201,0.04535515917379845
40021978302,0.030673336179352965
40101001401,-0.018266930664122924
40101001301,0.010977074556244549
40101000802,5.4778600783684164e-05
40101000801,0.004657305677260937
40101000901,0.00450481450307237
40101000300,-0.0038227159648332436
40101000902,0.0016103133848824403
40101000700,0.0030848004377781197
40101000400,-0.0013908920520033065
40101000200,0.006651704846696473
40101001200,0.001747821879823394
40101000100,0.0035647966874013696
40101001000,0.00201739007443295
40101001100,0.013990366365181266
40101001302,0.012049281638295814
40101000600,0.0030746845350786327
40101001402,0.007522569856525224
40091779700,-0.08759756395449841
40091779602,-0.003360431471306638
40091780302,0.054209180183299815
40101001502,0.015359268173437132
40061279200,0.01868496076172213
40101001501,0.018747889637188656
40135030202,0.011650201365980953
40135030401,0.00855154949709442
40135030404,0.0017741296719293383
40135030106,-0.06276983392016108
40135030103,-0.05095421505035237
40135030403,0.012193266366613147
40135030105,0.011083540528033942
40135030101,0.006861977442851759
40135030304,0.0014661308276616354
40135030303,-0.010610711623561586
40135030301,-0.003170833174962218
40001376800,0.021484350149356186
40001376900,0.017796894115853848
40001377000,0.013920999418160149
05033020205,-0.0037643807346055677
05143011004,0.005496414590450971
05033020207,0.03212423069510254
05033020302,-0.05075518694037424
40079040198,-0.01888309469340703
40079040102,0.007259446883036411
40079040303,0.00884533488321532
40079040299,0.00850143405786653
40079040301,-0.013881788798968082
40079040401,-0.004067340595208811
40079040302,0.0017014503157158638
40079040402,-0.011790003276025474
40079040602,0.012907523507933635
40079040601,0.012013648480864
40089098200,-0.0768696501059877
40079040700,0.002037837327707271
40127097600,-0.033640433936539094
40127097800,-0.03648249774306863
40077087300,0.014315183171734688
40121485700,0.00281685791815101
40077087200,0.007604763990932255
40077087100,0.008298783828952088
40079040500,0.009276493240630951
40061279400,0.01646410896349613
40061279100,0.010235471263071838
40061279300,0.01123424660727574
40121485602,0.040983367157003125
40121485601,0.04144377443749031
40091780301,0.1018016862668073
40091780200,0.0336554957709537
40091780100,0.03404818440617543
40121485800,0.017819435381958335
40121486000,0.0042837758745763975
40121486500,0.0014059475236704254
40121486100,0.0017112222068100132
40121486300,0.013089355402955104
40121486400,0.001578469627520486
40121486600,-0.014528837544114038
40121486200,-0.00045170647864777833
40121485900,-0.03416925134785202
40063485000,-0.004630609807158768
40063484700,0.004882263865705936
40063484600,0.020555863105503114
40063484900,0.01942565112363514
40063484800,0.014515424560831422
40133583600,0.011747534231487871
40133583500,0.002009671287010014
40133583300,-0.006734692034224656
40133583100,0.019479202845573293
40133583200,0.007440327036890066
40133583400,0.0028346657264888336
40125501105,-0.039103446938765246
40125500302,-0.0013042484314080313
40125500200,-0.0031241255411728073
40125501101,-0.028524822863605363
40125501004,-0.003758170493237892
40125501104,-0.047995483027596736
40125501201,0.010184229088621332
40133583700,0.013641178019195063
40133583800,0.009405385351155295
40125501300,0.009158780459168785
40123088600,0.003283042071899909
40133583900,0.009694096870153848
40029388200,-0.07507061524962091
40123088700,-0.017804982143004293
40123089300,0.003293402983872053
40123088801,0.0067107894017154855
40123088802,0.0025301047237755664
40123088900,0.0033366804357107833
40123089200,-0.016297609927848573
40123089100,-0.0007262730755892711
40123089000,0.003118085888199582
40123089598,0.003509170854559255
40049681100,0.006747594471490491
40123089600,-0.004789043328529911
40099790802,-0.004975490731778352
40099790600,-0.008709379596799894
40099790801,-0.005080151655169813
40069660300,0.006322172247318151
40069660202,0.00576270764203105
40005587700,-0.06997911265555223
40029388100,-0.09357989298927896
40121486800,-0.011841177894161413
40121486700,0.0035194074577843105
40005587600,-0.0980870437261197
40127097702,-0.0444593858622245
40127097701,-0.029150703610864886
40023967300,-0.35486499469639565
40013795600,-0.09351682655040827
40013795700,-0.02172030090295512
40005587900,-0.05362939481025784
40005587800,-0.07167161004164178
40013796003,0.007390329431413647
40069660198,-0.007869860789594733
40069660201,0.0025864457995103257
40019892700,-0.0011840615441021623
40095094700,0.005712446074444355
40095094698,0.011366465608218159
48181000304,-0.02240044962571711
40095094804,0.0001851677183601345
40095094803,0.025319402506200236
48181000306,-0.004395334249481863
40013796600,0.0001949899113537667
40095094806,0.0517516462671072
40095094805,0.021435156664938254
40013796004,0.04709111433626116
40013796102,0.004870553122581145
40013796101,0.006122487822828518
40013796500,0.002776619308445168
40013796300,-0.005090905684439792
40013796200,-0.00168236488804
40013796400,-0.0018140615857805522
40013796002,0.005093896968644521
40013795900,-0.13779181481292696
48181000200,-0.07517912334628618
48181000101,-0.04710367544048817
48181000903,-0.19670574369514815
48181000904,-0.033811309071752504
48181000901,-0.03976050342168917
48181000600,-0.024995357497770473
48181000700,-0.025649883192799913
48181000502,-0.037725240912175245
48181000800,-0.04406620927470254
48181000400,-0.06163446572566245
48181000501,-0.04000177859395229
48181000302,-0.025988229757900654
48181000305,-0.001740861764572531
48181001104,-0.056423202161014735
48181001101,-0.09734241609124249
48147950300,-0.15153994026723416
48147950800,-0.03821384511405532
48147950100,-0.011336725071238923
48277000102,-0.041975536345654305
48277000700,0.005432890379148193
48387950100,-0.041543297486590566
48387950502,0.01261225902413258
48387950700,-0.07824130399514992
48277000302,-0.032271713693590005
48277000600,0.01316517067168349
48277000500,0.029288428854351067
48277000402,0.011361306950743645
48277000101,-0.023987830265188668
40023966900,-0.2512063189684122
40023967200,-0.04698871220429286
40023967000,-0.14380087824611548
40023967100,-0.03012616390101122
40089098300,-0.007359589464550334
40089098400,-0.026103777167286922
40089098700,0.004954768385055892
40089098800,0.012861376124611053
40089098600,0.008785555361954847
40089098501,0.010674534496542314
40089098502,-0.011762466986967538
40089098900,0.016398072453178245
48037011602,-7.208669125484269e-05
48427950701,-0.9495864320141312
48427950203,-0.4326836235733963
48427950702,-0.507071417163222
48427950204,-0.9366921440100926
48427950202,-1.0127887483777296
48505950401,-0.5012748168284848
48505950305,-0.3568973004049664
48505950304,-0.024812468260853916
48505950303,-0.08916941186450847
48505950306,-0.03497030315111216
48505950402,-0.6143184861427297
48479001813,-0.5276420180936642
48479001818,-1.189935377572874
48479001828,-0.642561995400602
48479001827,-1.6138130957351478
48479001819,-0.5181007058247586
48479001809,-0.46094878366916114
48479001820,-0.5192635081375767
48479001822,-0.4368791083236754
48479000109,-0.6367843444593931
48479000108,-0.48390235322328
48479000107,-0.5472411318854253
48479001823,-0.4736177417959638
48479001806,-0.6261041553081115
48479001821,-0.4372228174794014
48479001824,-0.4220057550057944
48479001810,-0.7111573659927255
48479001826,-0.8273257070001514
48479001816,-0.5922598338691378
48479001825,-0.5015665812975351
48479001003,-0.4597271387904931
48479001811,-0.5183876239181895
48479000106,-0.5766132143426524
48479000105,-0.5634971834285685
48479000101,-0.5529597660293214
48479001004,-0.6017608285396558
48479000901,-0.4796621995377476
48479001101,-0.4657174638018504
48479001104,-0.4764375718420705
48479001001,-0.4723086765894804
48479001105,-0.47154366478805754
48479001103,-0.5072975184662496
48479001601,-0.6528640443736395
48479001502,-0.42517475103958635
48479001719,-0.30042663606408937
48479001602,-0.37332193984514195
48479980000,-2.0718424947104
48479001714,-0.4925690030131825
48479001725,-0.0690425696262076
48479001722,-0.28134312394396627
48479001721,-0.38370593324599156
48479001723,-0.19132787275964136
48479001726,-0.13176914936060713
48479001727,-0.11688563924461604
48479001815,-0.05372066194294733
48479001710,-0.5897823303155811
48479001711,-0.46686212669532434
48479001716,-0.491215744604497
48479001715,-0.47922993885974496
48479001724,-0.39814204341653814
48479001720,-0.46180481166465226
48479001709,-0.4380862109178164
48479001717,-0.8872278152172581
48479001718,-0.3949603349994809
48479001706,-0.4483817667002043
48479001501,-0.5429382340209348
48479000903,-0.4309083690642055
48479000904,-0.47350219653368897
48479000800,-0.4672244449515388
48479001202,-0.41819383868961935
48479001201,-0.4517569418866866
48479001300,-0.42872641247106885
48479000700,-0.41705089128018946
48479000601,-0.5733281204535189
48479000602,-0.699394213528151
48479001402,-0.5694110654630864
48479001401,-0.6242827981780952
48479001900,-0.7178117115772429
48479000300,-0.4162207047065526
48479000200,-3.0858340298567324
48323950400,-0.5496361339162623
48323950302,-0.5050686825667672
48323950601,-0.6471104178978542
48323950602,-0.6721904931035944
48323950208,-0.7480632883297681
48323950204,-0.9083644946484877
48323950209,-0.7511733708656922
48323950206,-0.5447866818105653
48323950500,-0.7539882412162471
48323950301,-0.5487327019448361
48323950702,-1.987319987654388
48323950701,-0.6146126471836346
48323950207,-0.9534140458875806
48127950202,-0.040548776281557085
48127950400,-0.0065774883044382535
48283950302,-0.028596176100898586
48283950301,-0.027806390440276045
48163950302,0.0018329148810653543
48163950102,0.011476152328948098
48163950101,0.020901057535659594
48163950201,0.019494457141972617
48163950301,-0.0051606295158275455
48507950100,0.023912186514949568
48507950302,0.0012142824051116865
48127950201,0.0026611262809357263
48507950301,0.00755036613163326
48507950200,0.001911237384751048
48463950500,-0.003444726915465295
48463950400,-0.003950313754257294
48463950300,-0.004156602657410265
48463950201,0.005513037688037249
48463950100,0.007966420685385032
48463950202,0.0017650660678388964
48163950202,0.01601737589327211
48325000801,0.016433016043216345
48325000500,0.06404178667721028
48325000301,0.09919560760213159
48325000302,0.015878230307513452
48325000200,0.019820714915235384
48019000200,-0.0006733691694455304
48019000301,0.10459814645687832
48019000103,0.013850348442594085
48019000101,0.06039882547761469
48265960800,0.017961659970553635
48265960601,-0.059473247013817176
48265960700,-0.017205897489791067
48265960401,0.0020663032138124016
48265960403,-0.0037339774991383577
48265960301,0.0016158636923358808
48385950100,-0.005254448495716745
48137950300,-0.02852630108593178
48271950100,-0.2255265093834666
48465950502,0.002385853999149952
48465950501,-0.48312469224336246
48465950701,-0.025797599332023295
48465950400,0.002009686715533118
48465950601,-0.0035324311872387115
48465950602,-0.004736545458405938
48465950301,-0.010065585651262834
48465980000,-0.07078769991367984
48465950302,-0.014859568408129025
48465950702,-0.4845891045728987
48465950203,-0.013708119573294143
48465950202,-0.0015120573309053164
48465950801,-0.5370976901584497
48465950802,-0.16231217439149248
48371950100,-0.06153990222086194
48443950100,0.04177327033685554
48105950100,-0.02033166014452345
48461950100,0.008934453478466648
48383950100,0.010684355479252845
48173950100,-0.0002214455735071829
48329010129,0.003434246308843897
48329010124,0.006101707474140584
48329010123,0.0028490089623347164
48329010128,0.0033197219192019614
48303010423,-0.008853965638977555
48303010422,-0.013883135709211812
48305950400,-0.006602797884554108
48303010601,-0.005882197126068866
48303010514,-0.006271507365484621
48303010512,0.011047684274811717
48303010511,-0.0066262960465518165
48303010506,-0.17717796941530478
48303010505,0.0001302147796191543
48303010510,-0.008171475573938571
48303010504,-0.0012583743024494245
48303001908,-0.009029800484648352
48303001904,0.002686163466560641
48303002102,-0.12425891417284524
48303002103,-0.15920716423112105
48303001907,-0.014297224193590674
48303001906,-0.007673876353821796
48303001905,-0.040681512902351585
48303001602,-0.026431924452495772
48303000503,0.05905964227462321
48303001501,-0.07615676070253866
48303001502,-0.15030651183829974
48303002001,-0.12727096291212192
48303002002,-0.09508299645884269
48303002301,-0.08719690236944316
48303002302,-0.16859260432350787
48303001401,-0.11559875407261183
48303000607,-0.16205630731547713
48303001402,-0.027378729564068748
48303001300,-0.3205586692739556
48303002207,-0.18855727755815632
48303002401,-0.1121085106761264
48303002104,-0.3136317751597212
48303002203,-0.20298535079876145
48303002205,-0.42163086926319193
48303002206,-0.2031490485432377
48303002208,-0.40393540693142593
48303002500,-0.3533742749477231
48303002402,-0.21408700575367295
48303001200,-0.418956434302922
48303010513,-0.27963020974353886
48303010700,-0.012455234574907475
48303010204,-0.24817112643573103
48303010102,-0.0013036244799307774
48303010101,-0.023268255678332746
48303980000,-2.4349927785749945
48303010203,-0.4889944544449387
48303000902,-0.3094780352272519
48303001000,-0.3325512737505156
48303000901,-0.5125360577264086
48303000100,-0.5761883991348005
48303000201,-0.28252561322072833
48303000700,-0.400453070244002
48303000202,-0.22691774777474233
48303000605,-0.03440303780334818
48303000603,-0.13237594899554042
48303000304,-0.22962800367893782
48303000301,-0.1331213037920161
48303000502,0.119310479558459
48303000501,-0.11576073949516487
48303000303,-0.09964842304303952
48303010201,-0.22955102521652015
48303010302,0.003796191831654528
48303010416,-0.028070078735963334
48303010417,-0.05618201407190383
48303000409,-0.16277909362769838
48303000410,-0.0014524755717773199
48303000411,-0.03180271522370179
48303000403,-0.01617135966193821
48303001601,-0.07970350476375718
48303001806,-0.013421935183950743
48303001805,-0.025606897274611917
48303001710,-0.018916556589333583
48303001709,-0.037911038396373054
48303001711,-0.01361112385207822
48303000402,-0.004239419566405127
48303000408,-0.006090409870517087
48303000407,-9.05095245186284e-05
48303000406,-0.0021148869830971825
48303001714,0.011923523880386852
48303001715,-0.02429853006451057
48303001716,-0.003529978573041802
48303001717,-0.00578986289673762
48303001713,-0.009446062829034835
48303001712,-0.00647726774472205
48303001708,-0.033767418599738065
48303001807,-0.058930795138169664
48303001808,-0.029984140932926687
48303001804,-0.020255537724015206
48303010502,0.0056070726045678075
48303010410,-0.00471230810309912
48303010409,-0.00013930347502820153
48303010411,0.0011634676120402029
48303010509,-0.00588706121015963
48303010421,-0.0006982547876576619
48303010415,0.0028225508426420716
48303010413,4.174870296962503e-05
48303010414,-0.0013234531404842983
48303010412,0.0012009701778933322
48303010404,-0.019873084812952548
48303010420,0.0010799414949983583
48303010419,-0.0017744532214607543
48303010402,-0.003851848076435221
48303010418,-0.042432639797011056
48303010301,0.002067096713406091
48303010202,0.00407108856498431
48107950100,0.009996448138382776
48107950200,-0.03952788818973827
48107950300,-0.07258423974727522
48303010602,-0.01858830512131058
48169980000,8.127380671773524e-05
48169950101,-0.07384808930524359
48169950102,-0.03543766398830549
48033950100,0.03697181390115517
48305950600,0.0014742063984485767
48305950500,0.005299951369220427
48115950402,-0.001738510608442632
48115950600,-0.0012383274327991823
48115950401,-0.003704354766332448
48115950500,-0.002352467429773375
48317950100,0.002581099642255301
48317950200,0.0032528365862183536
48227950802,-0.010330576436527185
48227950801,-0.001874405426256046
48227950900,-0.01104780462565991
48227950600,-0.02596008403592167
48227950700,-0.03905712959859953
48227950400,-0.009875976096877789
48227950500,-0.015748958418833465
48227950300,-0.04714571970306333
48227950100,0.003303090290702032
48227950200,0.0031595596211214244
48335950400,-0.013539196034581005
48335950200,-0.011393663536272013
48415950600,0.0038571262486978212
48353950500,-0.026196733714150218
48151950300,0.01282348096090612
48353950100,-0.03156328039913506
48353950400,-0.04199685830977267
48353950300,-0.05514624728086744
48353950200,-0.06235311588563438
48151950400,0.009244950754135287
48253020300,-0.0008104795177286698
48433950300,-0.016732542831637533
48263950100,0.014875206975606757
48415950100,0.005127622886284888
48415950300,0.0027600989727722307
48415950200,0.011374197290454172
48125950300,0.00872957517163228
48269950100,-0.12941105713644002
48275950200,0.012268578497008256
48275950100,-0.0023032743802105394
48155950100,0.02609531920726199
48023950302,0.01365030048058912
48023950301,0.00495925035173231
48447950300,-0.12521323153279332
48417950300,-0.13249987599209487
48207950300,0.014535235881807192
48207950400,0.011456460709789257
48253020400,-0.014721082048912383
48253020500,-0.0017457013893707055
48253020200,-0.004290502894517172
48441980000,-0.13397102905927694
48441010900,-0.06776285772057791
48441012000,-0.03913303563181679
48441012100,-0.07945997971970276
48441012200,-0.05861381182679657
48441012300,-0.10267352828252016
48441011600,-0.049654630725647055
48441011700,-0.14792905010709595
48441011900,-0.09561590295901208
48441011000,-0.1899004802838166
48441010800,-0.10325918571169415
48441011200,-0.10004380968111079
48441010700,-0.13085297842675458
48441010400,-0.026408022293617543
48441010300,-0.13598771419578093
48441010200,-0.11591506504293447
48441010100,-0.12604869196082513
48441013300,-0.0988821454303715
48253020102,0.17013821545826688
48253020101,0.0014824861991552844
48441013601,-0.0682713753758725
48441013000,-0.12448546341896273
48441010500,-0.02361926951119733
48441010600,-0.05238426730530245
48441011300,-0.09219357185405574
48441011500,-0.0648230099142093
48441011400,-0.07361736266009498
48441013200,-0.06915049615013553
48441013100,-0.09110608906914677
48441013401,-0.05274038944163083
48441012900,-0.17092306040302935
48441012802,-0.04370752425110728
48441012600,-0.01850786800614474
48441012500,-0.05403036475360764
48441012801,-0.08026732053354371
48441012701,-0.03259259663559333
48441013402,-0.06120237293084255
48441013602,-0.050157771801147916
48441013501,-0.013480295838148491
48441013502,-0.02349003051930132
48441012702,-0.03479394401209911
48441012400,-0.04380567104409163
48441013404,-0.06433553818194553
48059030101,0.00546413316203135
48059030102,0.00527296850676872
48059030200,-0.0013448057065922913
48133950301,0.0006482799772064825
48133950302,0.00880443944114321
48133950400,0.014885019692870594
48049950100,0.07704921949569468
48083950600,0.006539821366525353
48083950300,-0.016915475235864917
48083950700,-0.003861654380859584
48049950500,0.010901798107144554
48049950202,0.1119408840308343
48049950201,0.07660919016111387
48049950700,0.007569330302965622
48049951000,0.0069272269058967845
48049950800,0.0061102008738922395
48049950900,0.006791406826349345
48049950600,0.01088507252520966
48049951100,0.0069516390540702785
48049951300,0.00994014937579855
48307950500,-0.004094975239496646
48307950300,0.002115412327523614
48095950300,0.005027092162130221
48399950600,0.0051505224580743305
48399950500,0.003963117138315191
48399950200,0.00518643853834524
48399950100,0.00760413284313716
48081950100,-0.007545930463511949
48081950200,-0.04791458493041979
48431950100,-0.026996489515700686
48451001709,-0.009668542392295329
48235950100,0.014190526808472891
48451001708,-0.01653206376257119
48451001710,-0.011126725942781935
48451001707,-0.0018695174252711072
48451980000,-0.26704841794133377
48451001706,0.0035648448173444033
48451001303,-0.012029682663880383
48451001301,-0.00605733464285952
48451001304,0.002014198920999256
48451001401,-0.00701239498068593
48451001402,-0.022483670868274852
48451001000,0.002756654933392483
48451001102,0.003480695159610036
48451000900,-0.043963989721593225
48451000400,-0.02107796916316795
48451001800,-0.018389912659260606
48451001200,-0.0009565912356216535
48451001101,-0.00615270983241881
48451001702,-0.002209838780102851
48451000100,-0.019684688313280484
48451000200,-0.009633444644173619
48451000300,-0.021916841489495388
48451000700,-0.027097389995766125
48451000802,-0.014217970045084646
48451000801,-0.023267415292988376
48451001500,-0.019038321098044847
48451001600,-0.017128070307326708
48413950300,0.014793580265645666
48435950300,0.01663970759176161
48267950100,0.001504117017807108
48267950200,-0.007580993208090844
48327950300,0.013635584398793914
48319950200,0.020290070578575257
48319950100,0.001674810136747475
48307950400,0.004127474198798055
48171950301,0.001737910648633895
48171950200,0.014261175554695832
48265960304,0.0019429626748422304
48265960303,0.0031393587906591927
48265960200,-0.028235824549116762
48265960404,-0.033415380734459564
48265960500,-0.038083862223890486
48265960602,-0.0416465134027208
48265960101,-0.009894094193242874
48171950500,0.0015212831985254465
48265960102,-0.023450586861765876
48171950401,0.004912117485429312
48171950402,0.0035741758869567587
48031950202,0.05438983168223153
48031950101,-0.0003587469379850452
48299970401,0.0009984005699652742
48171950100,0.0037049437925295164
48171950302,0.0015071977703855952
48299970300,0.01112204993690573
48299970600,0.04914182710632367
48299970100,0.024565010990578274
48299970200,0.0003503917650286389
48299970502,0.006990773822447738
48299970501,0.05146138659676379
48053960501,-0.029149673152403164
48053960502,-0.05086395189078499
48053960600,-0.004058068158955531
48053960702,0.001707803255869294
48053960803,-0.05568677290609657
48053960402,-0.0022407001672116013
48053960301,-0.019780889194135454
48053960302,-0.003953693172050479
48053960401,0.06114770309022516
48281950500,-0.016167722496736054
48281950400,-0.01112650982972451
48053960200,0.02245745668235067
48281950303,-0.0022727169930479955
48053960101,-0.2772459147444285
48491020208,-0.6811287483387689
48491020207,-0.5223709307811503
48053960102,-0.17571668874330926
48453035900,-0.44860954702247857
48491020330,-0.5196015780627121
48491020342,-0.19764195879675456
48491020343,-0.3682895433207496
48491020331,-0.3077077275947697
48453036000,-0.11429809274404187
48453036100,-0.12075663942532563
48453036200,-0.04976568496893803
48453036300,-0.5626678921985584
48453037300,-0.16948553948356537
48453037500,-0.4558692956113749
48453035600,-0.3309177219088574
48453031400,-0.23771569635378126
48453034900,-0.03827761612875292
48453035000,-0.09822324062861443
48453001916,-0.11989211934315169
48453034000,-0.1044878264318017
48453035100,-0.09571074891939046
48453031500,-0.13642866263706524
48453033600,-0.08400742074066342
48453037000,-0.08715548671135664
48453036900,-0.04727317979398961
48453033100,-0.041082039378900856
48453037600,-0.18381949874107145
48453037400,-0.08969729431829665
48453035200,-0.19029846571378553
48453035400,-0.15004045061648097
48453036500,-0.1589157214886147
48209010818,-0.18447288876520437
48453035300,-0.313125951682796
48453036400,-0.242430991493626
48053960802,-0.030940564903098294
48053960701,0.0028175999330979484
48053960801,0.0065878179570629525
48299970402,0.023871140865686966
48031950102,-0.0220875829183814
48209010817,-0.16144285987959417
48031950201,0.10785850667493241
48209010807,-0.11546601436092443
48209010806,-0.14871705988816164
48209010809,-0.3571306959549182
48209010816,-0.14600791494184573
48209010815,-0.4355199915800886
48453036600,-0.41121771423854325
48453001921,-0.1303887401844164
48453001920,-0.21143022038907278
48453033000,-0.25105971303903
48453034700,-0.08276988040614787
48453034800,-0.07623956888263148
48453031100,-0.2537075192020859
48453036700,-0.06425172590817946
48453036800,-0.09541128190838438
48453033300,-0.17060237121102798
48209010912,-0.2291133821536877
48209010914,-0.16806398731781924
48209010913,-0.1967490259371097
48209010922,-0.15737144802535563
48209010915,-0.12742181713034903
48209010911,-0.27025418560438996
48453033200,-0.16594803393583044
48453037100,-0.20104211409646494
48453031900,-0.19322821930382933
48453037200,-0.1052801866145645
48453002438,-0.13950602035859355
48453002407,-0.2537271840405517
48453002446,-0.10903875619471176
48453002437,-0.1535072802275165
48453002451,-0.3202290571638079
48453002439,-0.3459206908803307
48453002440,-0.22588253068712338
48453002445,-0.1749183673079745
48209010923,-0.18142629634093144
48453002434,-0.31783689223039446
48453002436,-0.5284894194567791
48453002450,-0.5177321297684605
48453002449,-0.2964175318568555
48453002432,-0.3007815601933001
48453002448,-0.24018551989258868
48453002447,-0.2032043049699604
48453002315,-0.25658035069229246
48453002316,-0.22935987554016038
48453002313,-0.25718936741348536
48453002314,-0.27814169413014456
48453002324,-0.39964271922352934
48453002325,-0.46707698104329726
48453002320,-0.42676614812229674
48453002321,-0.541259542453628
48453980000,-1.0861324647287955
48453002319,-2.889651832590049
48453002452,-0.2468768856541254
48453002310,-0.5767861941838275
48453002211,-0.26409225519754487
48453002222,-0.2546257865580619
48453002213,-0.18545861502032968
48453002214,-0.31416533504741107
48453002108,-0.3321787870385776
48453002107,-0.4395447026882904
48453000308,-0.5891141932099192
48453002109,-0.39060463898918335
48453002110,-0.4189011836429334
48453002111,-0.5150126330336255
48453002327,-0.6598011912129622
48453000801,-0.4213612647338706
48453000902,-0.5207116837358029
48453001000,-0.5765885341048301
48453002326,-0.8585242232578335
48453002304,-0.3921996686109501
48453001403,-0.2778555780477832
48453000901,-0.3186877065213891
48453000804,-0.28681488361170926
48453000803,-0.26962223991007056
48453000802,-0.36890230437863913
48453000402,-0.45665083558246866
48453000307,-0.48626639936190996
48453000309,-0.4011898048025902
48453000401,-0.43696590241937805
48453000601,-0.3160521666125104
48453000500,-0.33840597740283274
48453000605,-0.3103423487236402
48453000606,-0.3282614376835509
48453000608,-0.6292565426139742
48453000700,-0.3395238248187268
48453001101,-0.8650678744494461
48453000607,-0.20810636753690898
48453001200,-0.34689076381565853
48453001605,-0.3125532308249145
48453001603,-0.3595090481507963
48453001919,-0.13746041400681408
48453001910,-0.1822076843614686
48453001602,-0.26166441408494645
48453001923,-0.3089623906930099
48453001911,-0.28281443730589184
48453001922,-0.22849658602653228
48453002004,-0.3220826272942299
48453002007,-0.25454396083167996
48453001304,-0.31526270570982895
48453001312,-0.4584909269894667
48453001309,-0.46488622490874804
48453001310,-0.4407320280908544
48453001311,-0.3950818198480292
48453001102,-1.323849593287349
48453001103,-0.7326344407850842
48453001401,-0.39147513234958287
48453001402,-0.32972045567731667
48453002307,-0.23084634558966577
48453002322,-0.2732749787748628
48453002323,-0.3758930562440761
48453001308,-0.3639562170904592
48453001307,-0.3563468245769683
48453002403,-0.43755755802117113
48453002411,-0.4245163771557013
48453002412,-0.47019485611485956
48453002413,-0.2763212830182007
48453002430,-0.5152874058883301
48453002442,-0.4276626322945214
48453002441,-0.4881023062566539
48453002419,-0.49111050444306925
48453002443,-0.3191444727105332
48453002422,-0.2922838877611962
48453002424,-0.35815376079050587
48453030400,-0.2955162958327847
48453002409,-0.3905404953195618
48453002410,-0.3920512188182972
48453002444,-0.36030006275062443
48453002003,-0.46927169679350683
48453002002,-0.5017324502491189
48453002006,-0.22530898824701176
48453030300,-0.3607571970837671
48453032100,-0.2785014352271837
48453030900,-0.252669327374865
48453002423,-0.25403568666353654
48453031800,-0.19791919292204407
48453031700,-0.2404739428972963
48453031000,-0.22450418893401936
48453031300,-0.19127947027187783
48453033500,-0.1954442484133292
48453033400,-0.17619805622927354
48453031200,-0.13208084186224406
48453032000,-0.22105885970121975
48453001914,-0.14434207743320687
48453001915,-0.2379826811454373
48453001917,-0.10546509588118724
48453001918,-0.15789495324380182
48453033900,-0.29026659851727077
48453032900,-0.14743866075516396
48453001912,-0.16332043507847438
48453001913,-0.1278869391014607
48453001604,-0.2406503096971939
48453001606,-0.3263926167597647
48453000204,-0.3645286598377347
48453000101,-0.34630715372571885
48453000206,-0.4177339456856386
48453000102,-0.16760765088864443
48453030600,-0.16055092121734812
48453001501,-0.38764148025151834
48453032300,-0.2376710114651367
48453032200,-0.11863077058802243
48453030700,-0.11067494520539445
48453030000,-0.1045977391870824
48453030200,-0.1380171688362249
48453030100,-0.11649956953629934
48453030800,-0.1330714867210106
48453032800,-0.059731128215609955
48453031600,-0.27733069445606423
48453002500,-0.13739918343257046
48453032700,-0.1969533685341284
48453032600,-0.11300529381453991
48453033800,-0.1160062729695098
48453034500,-0.06391413641031271
48453034600,-0.19027259874050015
48453030500,-0.10050065400964359
48453035800,-0.19136644769742445
48453035700,-0.12784469325614095
48453034400,-0.1348337969553103
48453034300,-0.13681827898041315
48491020404,-0.265400506578599
48491020333,-0.258908336234374
48491020334,-0.35147632193391243
48491020356,-0.3532589449489433
48491020355,-0.28356701327920486
48491020336,-0.31313426307311665
48491020326,-0.2433810187461986
48453035500,-0.114108867395975
48491020353,-0.2421953782468526
48491020354,-0.22039721379352434
48491020337,-0.17619315292721396
48491020338,-0.2258548604351036
48491020321,-0.4543561222916748
48491020323,-0.19448250013564597
48491020325,-0.6094098379462235
48491020319,-0.254164097985431
48491020351,-0.362985184557939
48491020352,-0.17517919179612024
48491020327,-0.35887530077365204
48491020335,-0.3497166386788618
48491020349,-0.3416274019663164
48491020350,-0.14519388278381623
48491020347,-0.1877367973251423
48491020348,-0.23458339146479928
48491020346,-0.3020933658262863
48491020606,-0.24273515410261928
48491020310,-0.2010248564689111
48491020345,-0.10700412885568751
48491020509,-0.1456669241159138
48491020517,-0.23489778438016098
48491020508,-0.08188211508219184
48491020516,-0.08299978339646177
48491020311,-0.13644387305888692
48491020408,-0.36333675355938866
48491020403,-0.30574425989566756
48453033700,-0.13861158872084034
48491020405,-0.2681185405722921
48491020406,-0.31939299742965643
48491020410,-0.25460602298584134
48491020409,-0.3577476463293566
48491020411,-0.2203834207193289
48453034200,-0.2780724548504212
48453034100,-0.21440400282555058
48453042000,-0.21829689694666216
48453043000,-0.2554366418846581
48453045100,-0.2174728671825496
48453042300,-0.2023444620382025
48453045500,-0.18945373045190386
48453045700,-0.24938987757533038
48491020513,-0.42565236958930147
48453045600,-0.19158075711105477
48491020512,-0.5518854707230958
48491020511,-0.5527816930841136
48491020503,-0.31332080083036473
48491020507,-0.23436913352514294
48491020515,-0.25207254775479926
48491020505,-0.23582540649454747
48491020514,-0.23153155578935952
48491020608,-0.10613914678935954
48491020607,-0.127750013231476
48491021514,-0.08145910206451172
48491021513,-0.1339959313003985
48491021502,-0.3770586527951256
48491021503,-0.5064790002962333
48491020602,-0.34478047536424405
48491020704,-0.38163185992635923
48491020701,-0.43189576362147974
48491020707,-0.20484658584065674
48491021517,-0.30879727225372033
48491021518,-0.06998416035115534
48491021515,-0.08131305057139823
48491021516,-0.2117621816428516
48491021512,-0.21068222391926933
48491021506,-0.3224488265259041
48491020818,-0.09807284757282092
48491020815,-0.13199371015150035
48491021511,-0.1959671996447461
48491020706,-0.1166039071376744
48491020711,-0.17090113898333342
48491020713,-0.2601605631349708
48453046100,-0.12100810027373349
48453046200,-0.1852551296346183
48491020712,-0.24037004792582017
48491020709,-0.38031560975684586
48453046400,-0.1936195815401211
48491020710,-0.17098434149744596
48453042700,-0.26036703079189544
48453042600,-0.35203899449148324
48453046500,-0.34054257823647116
48453044100,-0.28081235009394573
48453044400,-0.36503948632874555
48453044500,-0.3665187729155374
48453042800,-0.2631003308385716
48453046300,-0.41092580468003903
48453044600,-0.22711144015444376
48453044700,-0.416187171169325
48453045000,-0.15881627978857182
48453044900,-0.22169271651548364
48453043800,-0.2796631649580482
48453041500,-0.3818357301669889
48453044000,-0.2738305706858667
48453043700,-0.23095254674875065
48453043900,-0.22741862836928306
48453044300,-0.1980303744689264
48453044200,-0.13823743299442917
48453042900,-0.203495542413699
48453042100,-0.25621936563934483
48453042200,-0.3136272344391614
48453045200,-0.2534315252654987
48453041300,-0.18191477861885957
48453032500,-0.16433545740152333
48453041400,-0.22597020375960342
48453045300,-0.2613462488729259
48453032400,-0.2466912271811032
48453045400,-0.294778672461242
48453040700,-0.29266128470394964
48453040800,-0.30901321260891446
48453040900,-0.3964882264213073
48453041700,-0.2894843175793525
48453041800,-0.21743227014372843
48453041900,-0.3175322104422327
48453041200,-0.263453591617122
48453041100,-0.3237271542247252
48453041000,-0.4579137805837292
48453041600,-0.391840815320389
48453040300,-0.40350759436368605
48453043200,-0.4847772648677031
48453043100,-0.5667944128324461
48453040600,-0.3022535685399732
48453040100,-0.40558296601761945
48453040500,-0.42619535608386233
48453040400,-0.28355340378730465
48453001504,-0.4918354747030531
48453001505,-0.5114919754807017
48453040000,-0.4899682302504317
48453001503,-0.5148115896724117
48453000205,-0.4513200479179149
48453000305,-0.5107861630449338
48453000203,-0.39746080365791303
48453000302,-0.42589454522307124
48453000304,-0.5307165256705287
48453002106,-0.5008473962284032
48453002104,-0.5172515244886609
48453002105,-0.6047547894077647
48453043400,-0.3248368076839465
48453043300,-0.3722339393658277
48453040200,-0.2535320836023055
48453002113,-0.3933096948665478
48453002112,-0.3854755807151088
48453002201,-0.3256158649280818
48453043600,-0.3743222969525426
48453043500,-0.24455694345630707
48453002221,-0.2495734154201451
48453002220,-0.3070527782441811
48453002218,-0.31307561893365676
48453002217,-0.292617802906611
48453045900,-0.43759945318060345
48453042400,-0.18406079969709413
48453044800,-0.30224039942233183
48453047000,-0.2974711674250041
48453046900,-0.05667003631630686
48453046800,-0.04761892588904762
48453046600,-0.15294735841566473
48453046700,-0.08000589535628844
48453046000,-0.2219453510455024
48491020814,-0.15282030817323938
48491020816,-0.19884617939720417
48491020817,-0.2571691214929223
48491020820,-0.15197203895796918
48491020811,-0.08880863499583977
48491020810,-0.22424771120841686
48491020819,-0.2069019576761545
48453042500,-0.13067459158835476
48491020808,-0.5033010616568321
48491021000,-0.39629211200164144
48453045800,-0.7730969984579361
48021950202,-0.39744680497766816
48021950201,-0.14013425050549877
48021950101,-0.20957556354618195
48453002219,-0.30368887019318014
48453002215,-0.24812587216599546
48453002216,-0.37564808174956416
48453002453,-0.54064386395617
48021950803,-0.6065617422949289
48021950805,-0.14256671659185785
48021950303,-0.07202802812533524
48021950301,-0.12253511750220605
48021950403,-0.09487320495169699
48021950402,5.661001295812271e-05
48021950401,-0.11637534052195728
48021950506,-0.021994875281357528
48021950505,-0.01142232265984032
48021950504,-0.007809558073330863
48021950503,-0.02049316584793754
48021950602,-0.008767505544236753
48287000300,0.003722605552257474
48287000400,-0.006305563433756755
48287000200,-0.01451231415363451
48051970202,0.002009023924594857
48287000100,-0.12593341195364194
48021950102,-0.07862009553098151
48491020900,-0.5010419707555483
48331950300,-0.06616743346197343
48331950800,-0.1400746952215528
48331950700,-0.027278679126545177
48331950402,0.0037877481606642966
48331950100,0.004446159037044581
48331950401,0.0027557106261786235
48027023402,-0.03707893347289177
48027020800,0.007398241387773248
48027020900,0.007542820909985393
48027021304,0.006846960878700676
48027021000,0.005331228564558798
48027021102,0.014096620033317738
48027021101,0.008364904839808816
48027021302,-0.0012232674871160709
48027021301,0.00469166082641565
48027021305,0.0038448539685275117
48027021400,0.003966296432763458
48027021502,0.0026846821221500495
48027021501,-0.0030958267002680964
48027021203,0.005509526340005127
48027020301,0.0029593375323400187
48027021702,0.008802925706681312
48027021602,0.011460925343198484
48027021601,0.0050904060006121896
48027021801,-0.011482154075273063
48027021802,-0.005210532374036374
48027023406,-0.0015563642113505661
48027023405,-0.007062725627339533
48027023404,-0.18419896801726737
48491021300,-0.6963112529284374
48491021203,-0.3280853005222929
48491021100,-0.3429023021345725
48491021201,-0.30167234166910156
48491021202,-0.30909864778107826
48491020813,-0.3633214030355147
48491020812,-0.44245920870851074
48491021602,-0.5502901549781529
48491021601,-0.458369889940548
48491021603,-0.31681935673089506
48491020117,-0.06873384675668051
48491020118,-0.08014315450916182
48491020115,-0.12582529992498154
48491020116,-0.11748756474733367
48491020106,-0.2733396742649399
48491020113,-0.3080009863747634
48491021404,-0.18786917769623576
48491020822,-0.3547033434389973
48491020821,-0.2911414168333679
48491021509,-0.06039998392123418
48491021407,-0.21994076881623836
48491021405,-0.221181846216348
48491021406,-0.287927846699943
48491021510,-0.10902154404807018
48491020609,-0.12535040870740838
48491020123,-0.3918217445734342
48491021402,-0.5028838179542063
48491020121,-0.3984359586388754
48491020111,-0.4448468315775944
48491020114,-0.44358023637399974
48491020108,-0.3248155485674008
48491020109,-0.26663119021698595
48491020122,-0.341615996560503
48491020124,-0.41474747294118797
48491020604,-0.27080888875569836
48491020340,-0.3636505096506224
48491020339,-0.29157666134798566
48491020341,-0.3585677893076191
48491020332,-0.2849914254582082
48491020344,-0.12493314133172725
48491020329,-0.27373056454151107
48491020120,-0.3541966924475417
48491020205,-0.5361064512679172
48491020119,-0.15574122886994174
48491020203,-0.22641832576313958
48491020206,-0.6984761260625619
48491020201,-0.7456702544384329
48027023302,-0.01568740746585902
48027021906,-0.00300672016948993
48027021908,-0.011091733074692628
48027021907,-0.025049226682722657
48027021905,-0.009088816632526303
48027021901,-0.015814979541915956
48027022001,-0.017786649912836405
48027022406,-0.006972507769318389
48027022407,-0.013263659139001701
48027022402,-0.007879416558173835
48027022504,-0.030300867274281596
48027022403,-0.006936041880420324
48027022405,-0.007817134726695053
48027022503,-0.00807125074254148
48027023110,0.00019738729905609834
48027023001,-0.028488879586371245
48027023109,0.00024117338995220493
48027023116,-0.007077110778406105
48027023118,-0.01065344749968661
48027023117,-0.002700673878451936
48027023301,-0.025154819912904886
48027980002,-0.5132154770685642
48027980001,-0.029342117528671895
48099010504,-0.03246371849996328
48099010502,-0.019616733467637284
48099010501,-0.003621629574602163
48027023201,-0.025004092463671204
48099010503,-0.14917722050268845
48027023202,-0.0528490394203075
48027023113,-0.0028214198213469908
48027023112,-0.003299164526869039
48027023111,-0.015205064312707382
48027023115,0.0031994951063682425
48027023114,0.00030242785202783356
48027023203,-0.012572190132006326
48027023104,-0.004135130974351302
48027023103,-0.0008078839621763214
48027023002,-0.004261714550299437
48027022501,0.007639803617844058
48027022401,-0.0031565918230010695
48027022600,-0.003824865742209884
48027022900,-0.0019989000460413618
48027023500,0.0016266905402759105
48027022801,0.004229852778349993
48027022101,-0.006306890242035077
48027022103,-0.002881106904675075
48027023204,-0.019655886506326836
48027022105,-0.013585994768290532
48027022104,-0.03255442782188625
48027022200,-0.02562183462820339
48027022300,-0.017504392002668824
48027980003,-0.02593724319744419
48099980000,-0.025233606600522103
48099010300,-0.017163327915178946
48099010101,-0.01410891272824107
48099010202,-0.00941593612206228
48099010201,-0.10975245568279227
48099010400,-0.002879025549937779
48309004000,-0.0031764173671815455
48309003901,-0.013530544645427727
48309003902,-0.029784463197412375
48027020101,0.006655062348705304
48027020204,0.012418909232513018
48027020203,-0.007195815095730036
48027022002,-0.015356270089819421
48027020201,-0.01856783943868081
48027021701,0.004922528635401753
48027020401,-0.025931367080239486
48027020302,-0.0018865148218641557
48027021201,0.0044548702938050685
48027021202,0.015524322385937747
48027020702,-0.030066678764508567
48027020600,-0.07466465889978814
48027020701,-0.08264347978921124
48027020500,-0.041427569223970576
48027020402,-0.004668131833038606
48309003802,-0.001068127696638731
48145000200,0.005585251292320851
48145000500,0.0041155740029865705
48027020102,0.0067486822705692465
48145000700,0.005800955403700613
48145000400,-0.009077651316494831
48145000800,-0.0029733138189059582
48145000300,-0.02336158094988441
48309003601,0.0030672336193164444
48309003602,0.0015516381192293206
48309001800,-0.025517261311461724
48309001700,-0.019915785680477555
48309000100,-0.04020849289656103
48309001500,-0.01331531178297212
48309001402,-0.0015732941048645082
48309001600,0.006040819663169772
48309003000,0.003123049907940486
48309001100,-0.002343554776211701
48309002800,0.02675143055394025
48309000900,0.00967205753845323
48309001000,0.0050977243369437885
48309001300,-0.005242842669604438
48309001401,-0.01617474408892048
48309001200,-0.009670144993099775
48309000598,-0.007710679808095537
48309000700,-0.0003168731946865611
48309000800,0.0023072355667098973
48309002498,0.007968053271566813
48309002700,0.00696848007146234
48309002302,-0.0030553015784481243
48309004300,0.005630256913665279
48309002100,0.012588793820066302
48309000401,-0.05216050578283301
48309000402,-0.06945546346098856
48309000300,0.0314955317770224
48309000200,-0.0030872960902783154
48309001900,-0.02161745628962633
48309002000,0.007791658707851553
48309003701,0.00838252212180638
48309003710,0.0031852627546478406
48309003703,0.0073611163416888985
48309003709,0.009137731713492036
48309003712,0.012556761234739738
48309003708,0.003732497265312844
48309003801,0.004242157683421062
48309002900,0.012605863098484642
48309002504,0.009910194358479136
48309003711,0.02088700111958667
48309002503,0.0153601685301895
48309002501,0.021453119703309965
48309002600,0.026520536008003706
48309980000,-0.04495180924681244
48309004105,-0.0029504228052324244
48309004102,0.001422622909247031
48309004104,-0.002224069261046917
48309004202,-0.004281286532921161
48309003402,0.007550252304838467
48309003300,-0.036601450124028385
48309003200,-0.0056896433001532975
48309003401,-0.0014056048470199945
48309003500,0.003251170247345625
48217961400,-0.02196580463712543
48309004201,-0.022650216888515658
48217961100,-0.027977776804991812
48217960800,-0.02451144003238594
48217961000,-0.02512236260667266
48217960900,-0.04601782307354011
48217960700,-0.020900320617308107
48217960501,0.015497489503925361
48217960600,0.019195398661667373
48217960200,-0.0010884095377806803
48035950300,0.014928888154963698
48035950600,0.03774819275258949
48217960400,0.023884497398673182
48217960502,0.024067754785748907
48035950700,-0.006205075442969036
48035950400,0.008276460270458641
48035950500,-0.03398845912744536
48035950200,-0.049615792072921605
48035950100,-0.013961931536330636
48143950700,-0.03226854428818078
48143950302,-0.018598610170670056
48093950400,0.00555336863621055
48193950200,-0.004169628715345516
48193950300,0.004210660902567867
48193950100,0.0036920543069839315
48099010102,-0.019775034035742454
48099010601,0.0015903945470285552
48099010804,-0.006392733469476574
48099010803,0.0013698335315132236
48099010802,0.0021309623085552427
48099010702,0.0024346734424453616
48099010701,-0.012828371677719483
48099010603,-0.0012514079888834462
48281950304,-0.01359448517705495
48099010604,0.0013440469478059637
48281950100,0.001988454017522785
48281950302,-0.0014843170410354107
48333950100,0.013763256907667856
48333950200,0.015099699791118585
48411950100,-0.01276376076100027
48411950200,0.012444162466860007
48049950300,0.009353200168479093
48049951200,0.00839561644606538
48093950200,0.01297397706879454
48093950300,0.00501954739624829
48093950101,-0.0251565226357683
48093950102,0.003631474898893343
48133950500,0.029976436663247376
48133950202,0.031063473261970273
48133950201,0.003722437743872796
48133950100,0.031042040986950133
48143950301,-0.021375618739943744
48143950203,-0.03612402776173307
48143950204,-0.012796526400515436
48143950100,-0.01781497125409156
48143950600,-0.07009376742383436
48143950501,-0.046607143879207114
48143950402,-0.036347267347304354
48143950502,-0.07041489455835565
48143950401,-0.0312249214765243
48143950201,-0.03510991013665676
48221160302,-0.10155439990731226
48367140603,-0.0720139538455237
48363000100,0.03088262852336217
48363000401,-0.008955557963297167
48363000300,-0.011307764827563314
48363000402,-0.0137286216597329
48363000900,-0.018720167931550367
48367140601,-0.07174286345305231
48367140502,-0.05784972398842471
48363000600,-0.008975956333437757
48363000700,-0.010409208482731871
48363000800,0.0017023586345013596
48363000500,-0.03892633297864205
48237950500,0.00863933486851241
48503950401,0.004881913492466932
48503950500,-0.008352173737943646
48503950600,0.005129646727056765
48363000200,0.013656915654965586
48429950300,-0.004396089171089371
48429950500,0.015506893603539122
48429950200,-0.000658474486868001
48503950402,0.006689590814626346
48503950200,-0.0040462628932561905
48009020300,0.0060541370573928294
48009020200,0.013944251939385942
48337950401,0.016226447304356725
48077030302,0.011514445807226192
48237950100,0.00953889133527033
48237950300,-0.0012571749557651905
48497150405,-0.032062828308675115
48497150404,-0.029267325917890524
48497150300,-0.019470328091433703
48497150500,-0.013108246106531293
48497150201,-0.0023041900461022316
48497150202,-0.03690926680408278
48497150101,-0.018886534423929575
48337950600,0.00641773755346165
48337950402,0.00680295103717561
48337950502,0.0016448334166659561
48337950501,-0.0008261331519152982
48337950200,0.022912508077727392
48337950100,-0.00308594998846544
48097000200,0.004370990114106854
48097000100,0.002118233017259468
40085094200,-0.02407059847812918
48181000304,-0.05778616604395325
48181001103,-0.022601060916506058
48181001104,-0.058283028588077254
48181001902,-0.062090691111969784
48097000701,0.03327703255039208
48097000600,0.00757816969100625
48097001100,0.00881036325181439
48097000400,0.0053611262009826
48097000500,0.016883001397509593
48097000900,-0.0010193033615463868
48097000702,0.0012728155055907809
48121020203,0.0011887910096671636
48121020204,-0.0088241073884884
48121020207,-0.005811646377571655
48121020405,-0.026687905098550006
48121020208,-0.018115654752743522
48121020206,-0.012285400445739933
48121020800,-0.14586870086690548
48121020900,-0.00322564961344756
48121021000,-0.09264874568914319
48121021100,-0.14182800622677427
48121020700,-0.05476500405006844
48121020403,-0.06299419945035034
48121020402,-0.21079267688735026
48121020404,-0.18718751129555966
48121020504,-1.1633195314735216
48121020205,-0.2891300893283331
48121020506,-0.26552911161312065
48121020505,-0.20673302502584556
48121020507,-0.01263523438679625
48121020508,-0.00720651477772958
48121020601,-0.2480387422335408
48121020604,-0.5382121182688601
48121020603,-0.06488659854764667
48121021202,-0.09243351107615853
48121021301,-0.0880961296915191
48121021203,-0.7003224432820123
48121021204,-0.34679520924340623
48121020605,-0.7669719024271514
48121021414,-0.06393544635309767
48121020131,-0.0036488866492237954
48121020130,-0.02425068311930244
48121020136,-0.004033712562775982
48121020137,0.0011732434437498858
48121020122,0.08173670172389719
48121020116,-0.013357086023170157
48121020121,-0.0038680098233106557
48121020118,-0.016062358918606398
48121020117,-0.013862711774434766
48121020129,-0.03961730061745296
48085030306,-0.034391546419790205
48121020123,-0.0824760909529143
48121020128,-0.08529023422019906
48121020124,-0.13674838858124885
48121020125,-0.06466698156854042
48121020135,-0.013277701872614976
48121020134,-0.007127990432879291
48121020133,-0.005541963076943247
48121020109,-0.003796013826803329
48085030304,-0.016756002383841867
48085030519,-0.11156986892083304
48085030403,0.0016593307661084138
48121021526,0.009180565841551466
48121021538,-0.041474770498370755
48121021900,-0.016701855813825044
48085030407,-0.038729379396082744
48085030406,-0.053228249285601784
48085030409,0.0039583045585692145
48085030410,-0.003864225297385601
48085030505,-0.46894890112577015
48085031657,-1.0642940781084689
48085031659,-0.5221835329685642
48085031672,-0.8505246965283584
48085031671,-0.18399168244229624
48085031670,-3.202748198878294
48085031669,-0.2997500363623233
48121021626,-0.1659609479051969
48121021532,0.011350758982909371
48121021533,0.008572201669249817
48121021800,-0.017524065527720505
48085030504,-0.20347648467754995
48121021522,-0.0010791582159049903
48121021531,0.005749110121990262
48121021520,0.002669654195156911
48121021655,-0.02675513786703925
48121021530,-0.0017241746963286776
48121021521,0.0061103984790902045
48121021516,-0.007104034169121049
48121021518,-0.014329420645596853
48121021534,-0.009777791911584807
48121020127,-0.0045550733793038554
48121021536,-0.005773706671954589
48121021535,0.0010556958647249424
48121021540,-0.0019551765351823254
48121021539,-0.006104676354031053
48121021528,0.013115217897284537
48121020112,-7.108198012280997e-06
48121021529,0.010872920263245673
48121020111,0.005512835978899408
48121020110,0.009424203664358123
48121020132,-0.0010776583118769418
48121020120,0.001819954678244997
48121020119,0.0019011741574014246
48121020126,0.004138938750794484
48121021537,-0.01152665183908401
48121020115,-0.024009482082129288
48121021415,-0.12325172277027874
48121021412,-0.15883294622369182
48121021419,-0.21995011018252478
48121021421,-0.03765058616868465
48121021413,-0.002824823136667065
48121021411,-0.03441870590974779
48121021410,-0.06336462037481147
48121021513,-0.018762854032491776
48121021514,0.040267042361512156
48121021720,-0.0004356810089285268
48121021715,-0.2787117060880975
48121021505,-0.23226078969941938
48121021502,-0.4753825482546066
48121021517,-0.09960060952519213
48121021645,-0.1488324240050471
48121021646,-0.1295736926286351
48121021649,0.0017186304855178005
48121021620,-0.2030687553366033
48121021738,-0.6510146391083644
48121021619,-0.6026525578237936
48121021735,-1.1226961032648668
48121021736,-0.24622342213637793
48121021737,-0.2562363166555971
48121021732,-0.25076814705459993
48121021734,-1.0694826980817709
48121021739,-0.7311236598897657
48121021618,-0.6225120406823963
48121021745,-0.5593346966818491
48121021744,-0.5763503284645155
48121021743,-0.40883064960292737
48121021716,-0.3221603401155624
48121021717,-0.3214626503794241
48121021721,0.0018692350107751355
48121021722,0.017441277729470153
48121021724,0.0009633194443660793
48121021742,-0.26573198109796314
48121021729,-0.0899326135966321
48121021725,-0.0036223751118915804
48121021726,-0.0015992115451311725
48121021727,-0.030776092718505576
48121021730,-0.24910641126845834
48121021723,-0.3078937819007621
48121021741,-0.33905564174178937
48121021731,-0.28527317830755694
48121021740,-0.3747800913352357
48121021733,-0.2797596116398484
48121021728,-0.2502473922885606
48113020000,-0.053731260437479604
48439113716,-0.003815613254371277
48113014126,-0.03384914004495225
48113014157,-0.03142141816269865
48113014120,-0.027268021569149536
48113014119,0.008043010928664291
48113014135,0.022370261840581336
48113014134,-0.07608351985234973
48113014123,-0.04345008892746284
48113014121,-0.029943582699600436
48113014132,0.001697687301808808
48113014156,-0.012494782807015888
48113014155,-0.006752856273108213
48113014128,0.011921337713885741
48113014142,0.0003109869319798586
48113014141,0.017050556818503163
48113014002,-0.11223858437949896
48113013717,-0.02174507750999563
48113013901,-0.05314638044510707
48113013902,-0.06443563207222716
48113013728,0.0032885584022237816
48113013715,-0.007190487773839059
48113013729,0.0005040569198096832
48113013718,-0.047623133052705796
48113020700,-0.09081326360274954
48113013721,-0.008209771764440179
48113013720,-0.003709929620124239
48121021611,0.0075250736276657165
48113013719,-0.01581736012720198
48113013716,-0.02318280822710883
48121021621,0.007669843787606745
48121021622,-0.020979416419830664
48121021612,7.392098379751906e-05
48121021630,-0.0032956912492701027
48121021650,-0.09986412608619441
48121021654,-0.21634083056944636
48121021644,-0.03579131643267247
48121021652,-0.03842407271383704
48121021643,-0.046525096728264714
48121021653,-0.03679287048021976
48121021651,-0.0137479354845884
48121021639,-0.004238347957974801
48121021640,-6.876306821188902e-05
48121021633,0.015942258528498864
48121021631,-0.039002651155618615
48121021613,0.012467635278122073
48121021615,0.010196771001424895
48121021614,0.010974060395574522
48121021638,0.01968741960498917
48121021637,0.020063684241034878
48121021616,0.015560852765276368
48121021634,-0.0222844438046586
48121021635,-0.001524834321348169
48121021641,0.013825961668844087
48085031711,-0.014852827879127378
48085031721,-0.024012316643126107
48085031722,-0.025705543790807674
48121021632,0.016754763789896033
48121021648,-0.06111431334528958
48121021647,-0.10882461152257472
48085031645,-0.15049150393665023
48085031647,-0.295550022500639
48085031668,-0.1652843282237397
48085031646,-0.2807901646568879
48085031667,-0.27501497942605935
48085031649,-0.16873565220214345
48085031723,-0.1001847387024753
48085031724,-0.006573370116466829
48085031713,-0.02500260844337185
48085031715,-0.14500659006472458
48085031717,-0.1708106999417282
48085031716,-0.19527104447348126
48085031708,-0.16223839097358284
48113013621,-0.10216037867104603
48113013620,-0.1561417759360365
48113013611,-0.13499584139621137
48113013627,-0.08495740768887378
48085031706,-0.016099156211793413
48085031704,-0.03319426245779043
48121021642,-0.025317768664335754
48113013722,-0.08397708233645455
48113013725,-0.08232964087288534
48113013727,-0.22550523723338153
48113013726,-0.0936791208130443
48113013808,-0.041684358323332574
48113013807,-0.04172074320877543
48113013805,-0.26536663186948306
48113013806,-0.1599140817202941
48113013626,-0.20350172116316584
48113013625,-0.22274852803866396
48113013628,-0.2154097351547006
48113013624,-0.1365910886736676
48113013622,-0.11983710193117175
48113013630,-0.06800046299599641
48113013629,-0.03209740018716745
48113013631,-0.06647943502645348
48113013615,-0.09379541440704738
48113009604,-1.0721727286432792
48113009603,-0.7735311026735227
48113013500,-0.11930550774892379
48113013400,-0.12063736008302203
48113007605,-0.36187177466031384
48113020600,-0.07104648447976557
48113007601,-0.043762515258376156
48113009500,0.002680896514013091
48113009402,-0.05439417553660214
48113009401,-0.014252137331235912
48113009802,-0.00920002427858553
48113009702,0.005581475709625683
48113009607,-0.08982120741264893
48113009609,-0.1210788446987048
48113009608,-0.7511021882157456
48113013804,-0.4004164823759859
48113009605,-3.125137566275411
48113009611,-0.1463704700104475
48113009610,-0.16797424382775816
48113014001,-0.3274683174336475
48113014209,-0.24435053736778406
48113009900,-0.0649608041905349
48113009701,0.002413344870552802
48113009803,-0.05731553846073786
48113009804,-0.12553220264690101
48113007205,-0.0644907736052319
48113007204,-0.029020711814306942
48113007203,0.07170502226586836
48113014204,0.021003465014166334
48113014701,-0.00810927772870396
48113020100,-0.020744114946139258
48113014704,-0.0028608804073046077
48113000407,-0.02590341290087784
48113000409,-0.07487614074810903
48113010001,-0.06446026501861966
48113010003,-0.09212113822556822
48113980100,-0.07134415481528747
48113000410,-0.051771760808237054
48113007206,-0.0862836380272573
48113007302,-0.04497997373175007
48113007102,-0.05202234536548485
48113007101,-0.05624493463173828
48113007301,-0.664596068619596
48113019501,-2.58424077315664
48113019502,-2.1985681627016804
48113000606,-0.025393707330653298
48113000607,-0.09883673360869279
48113000608,-0.11254859879668891
48113019800,-0.14876593853468353
48113000609,-0.04094548672532053
48113000610,-0.07342976709875053
48113000408,-0.03316132545487348
48113000611,-0.08514967411090928
48113000503,-0.09292394633816257
48113000405,-0.26258635836838806
48113000401,-0.11901390242132265
48113000502,-0.15359484203423546
48113000501,-0.1103407704229393
48113000605,-0.07795243866966145
48113001801,-0.008589027255310383
48113001802,-0.07917032717010217
48113001705,-0.22022173012001411
48113001902,-0.30106237680116227
48113001901,-0.2276973723290553
48113002100,-0.5224215430028902
48113003102,-0.6316070358734426
48113010002,-0.1838016647836491
48113010102,-0.1914747061701042
48113010101,-0.15507132179857214
48113020500,0.002602147363854062
48113004300,-0.06638362572317863
48113004202,-0.048018139340218355
48113004400,-0.027968493138079302
48113005200,-0.07742247912833558
48113004500,-0.017579455115512795
48113005300,-0.0400471145163475
48113005100,-0.2614317623477128
48113004600,-0.02208556585723197
48113005000,-0.3035195226737869
48113004800,-0.039632808386571766
48113004700,-0.07852020846205059
48113004201,0.001646194220735272
48113002001,0.00019263213503904547
48113002002,-0.004246128144962946
48113021000,-0.002990754964597128
48113005500,0.0014869801262563935
48113005400,-0.01522672620198966
48113005600,0.0007642564139062535
48113005700,-0.016810345468411144
48113005901,0.0006248276613203937
48113011202,0.0017780839691702124
48113005902,0.012977059825810999
48113011002,-0.003735151451869685
48113011103,0.004006103174325277
48113011003,0.02267487747323294
48113011004,0.00867981050454917
48113006100,0.04329719282917472
48113006301,0.008236124157770086
48113006002,0.0023009533037964157
48113006001,-0.0015814486842855623
48113006200,-0.01758407580295696
48113006302,-0.02983305609655884
48113006401,-0.015014165582484902
48113006502,0.003614325963933703
48113006402,-0.008216601752170804
48113006501,-0.0038268007352336205
48113010805,-0.003725433826702513
48113010809,0.0003072541220786122
48113010804,-0.0034580175851080357
48113010806,0.03012432443174904
48113010904,-0.024085337963701502
48113010903,-0.001803791413633421
48113010807,0.017748914122765223
48113016534,0.009877546318395256
48113016536,-0.007839928541039196
48113016535,-0.006571169208780876
48113016533,-0.012007909489718355
48113010808,-0.01174536403803765
48113010701,-0.001035483207406256
48113010704,-0.013437317602739925
48113006701,-0.012543311819064182
48113019900,-0.013010086184356999
48113006702,0.008619297674900526
48113006800,0.011495180142596522
48113006900,0.030081293029119764
48113010500,-0.05623634207117538
48113010601,-0.05143035667205058
48113010602,-0.01319113086767433
48113015101,-0.026337648996851662
48113015002,-0.03443652590903996
48113015208,-0.054553528440566525
48113015207,-0.029851867491021023
48113015306,-0.0038866205579877544
48113015304,-0.015040244316132486
48113015700,-0.03235287489080116
48113015600,-0.002753414789940797
48113021200,-0.0425852112365831
48113016521,-0.012591133798232193
48113016409,0.011316131388584158
48113016421,0.018360818451872974
48113016407,0.007841399355130261
48113016301,-0.011497987903179312
48113015900,-0.007115447138388037
48113016302,-0.022576974770250065
48113016201,0.007537076087827593
48113016100,-0.032041313944794626
48113016406,0.0019242947960992991
48113016203,-0.004985030481911793
48113016204,0.0037971930550632768
48113016419,0.0022430616955633293
48113016420,0.0020987163762792287
48113016414,0.002732884844570205
48113016418,0.0016412930409525866
48439111536,-0.038121428175240196
48439111572,0.005756175606495887
48439111538,-0.014557011850350599
48439111571,-0.011117182532241001
48439121908,0.015734249827029898
48439113007,0.0019543735537784594
48439113006,-0.019533752652008383
48439121907,-0.01020849860475307
48439121904,-0.0066707074990041615
48439113005,0.00390271041024655
48113016001,0.0001434070357872124
48113016002,-0.0032762374464738596
48113015500,-0.021339340472700533
48113015403,-0.11595769592078822
48113015404,-0.07308670033315362
48113015406,0.006636675136914204
48113015405,-0.06511494311495918
48439113003,-0.012808887792282548
48439113004,-0.011301264449803073
48439113116,0.017256137748598212
48439113122,-0.012763150874781078
48439113121,-0.02935461473388165
48439106518,-0.1421912397958121
48113014147,-0.011749673436542882
48113014161,0.021243732804699697
48113014140,-0.08272045591150876
48113014139,0.016400547005945766
48113014154,0.007410846151707874
48113014153,-0.007074058930828341
48113014148,-0.07388923150486942
48113014407,-0.003177978816286324
48113014408,-0.005706092015353511
48113014410,-0.052463194305859426
48113014409,0.02923626466402648
48113015303,-0.027265481305019885
48113015305,-0.003834389198433435
48113014405,-0.007411749330136705
48113014406,0.0018450598812192614
48113014501,0.00921604022379445
48113015202,0.008297998920169929
48113015205,-0.023163070969852206
48113015206,-0.006436943584281384
48113015102,-0.04839303447384696
48113015001,-0.04218247220253512
48113014903,-0.006763388502188663
48113014603,0.013075811240726928
48113014602,-0.032505213586947156
48113014502,0.0022414255717587745
48113014308,0.03689585700000585
48113014601,-0.0246946368527005
48113014203,0.006806897965544831
48113014205,-0.00334406809411379
48113014317,0.04055700904768128
48113014318,0.0017494311250420883
48113014310,-0.08881959115410118
48113014316,0.0075817072723547135
48113014315,0.01638111487273004
48113014306,0.006957448198174567
48113014309,-0.03514515976686068
48113014146,0.012645565051431738
48113014145,0.02995550764564442
48113014160,-0.02535352849183392
48113014319,-0.033194489542562475
48113014320,-0.006262666684202951
48113014158,-0.25892183320120454
48113014314,-0.009835727871336323
48113014313,-0.14154630420905234
48113014208,-0.24254231312303537
48113014207,-0.1956122222199618
48113014144,-0.023943771217997126
48113014138,-0.026160099307443948
48113014152,-0.03391026905429145
48113014143,-0.10307003642693024
48113014130,-0.11784716457693861
48113014149,0.020331643188660833
48113014124,-0.27894476025346515
48113014150,-0.3408157119522646
48113014151,-0.5265660016066653
48113014159,-0.652878428539719
48113980000,-0.13588457522643427
48439113709,-0.03241485567724875
48439980000,-0.03445058107740557
48439113520,0.0023626547158299323
48439113519,0.0025608652507120365
48439113633,-0.005700808115884276
48439113622,-0.04142032225315009
48439113632,-0.6070512779457202
48439113635,-2.3461403291404337
48439113636,-2.3270345066092357
48439113958,-0.11583440631823327
48439113634,-0.23867505277516765
48439113640,-0.43815129431740457
48439113814,-0.7377417851417428
48439113210,-0.07973764693127816
48439113218,0.006198510127841871
48439113611,-0.003690794053385413
48439113639,-0.11789508065811277
48439113625,-0.027758523669943594
48439113626,-0.04312373605835695
48439113630,-0.07515692662185938
48439113618,-0.10410719975095924
48439113629,-0.03743229364558849
48439113607,-0.008748088889810539
48439113612,-0.003798832552348971
48439113222,-0.04838347180129278
48439113403,-0.02009568207529694
48439113613,0.006395700072856884
48439113404,-0.015249944680763943
48439113408,-0.05496539243475837
48439113410,-0.4586183245014617
48439113409,-0.4763153470443374
48439106525,-0.15699127810428112
48439113407,-0.06290317180142849
48439113619,-0.1217290393269573
48439106524,-0.18937386038555742
48439113512,-0.008954025148714387
48439113511,-0.020275954327815766
48439113637,0.022195945901430203
48439113624,0.003909293092290557
48439113623,-0.009549927000183166
48439113638,0.004831922703625976
48439113628,0.022695973563586415
48439113514,0.0031133686624358575
48439113509,0.0031740538256957032
48439113516,0.0003974284440583683
48439113517,-0.04802766766649645
48439113522,-0.19686774515758854
48439113521,-0.002838383007471661
48439113510,-0.031213771191498402
48439113513,-0.046374172604783666
48439106523,-0.16057223741629997
48439113120,-0.04643770157128521
48439113119,-0.01058547754650592
48439113115,-0.012528242757001599
48439113109,-0.03424464398871988
48439113104,0.00034957787733593324
48439113110,0.0023888180463185766
48439113102,-0.10871305018901001
48439113107,0.003942053761058368
48439113117,-0.013330257313016212
48439113112,-0.024355351383043223
48439113118,-0.056065431496145346
48439121704,-0.012873646526048312
48439121703,0.010541384347505074
48439121605,0.006495173868780619
48439122300,-0.028496340466495754
48439122200,-0.016396506640187943
48439121702,-0.08162871446683705
48439122100,-0.009321901502360223
48439122002,-0.009853002332822918
48439122001,-0.00234618684522556
48439121906,0.0021726641941671766
48439122901,0.0018132140671724595
48439122902,-0.009472933389692129
48439121905,0.007451583246972348
48439111556,0.04429365812140396
48439111557,0.015426522767976066
48439111570,0.003213640559736006
48439111569,-0.018496251296358047
48439111522,0.005720048800872414
48439111558,0.021834089494459377
48439111525,-0.00832239674073796
48439111516,-0.02089654411831436
48439111559,0.016310030353221056
48439111526,-0.24793904319291338
48439122702,-0.02030724245846886
48439122701,-0.006738016357683757
48439122802,-0.009929629564431032
48439122801,-0.004559791429066955
48439122401,-0.05046647838349683
48439122402,-0.026041695692880125
48439122500,-0.710899145349672
48439111505,-0.2198406212831132
48439111506,-0.680185015142233
48439122600,-0.6034211743389332
48439111552,-0.06907246469282809
48439111553,-0.14128848465381963
48439111530,-0.07589482905215576
48439111545,-0.0758221921710941
48439111529,-0.19793695473007028
48439111546,-0.12508434372365634
48439111531,-0.7950067976361107
48439121610,-0.1526541840132171
48439121608,-0.5376076897701059
48439121606,-1.0739053170481667
48439106513,-0.27168397697500024
48439106512,-0.1794219245460098
48439106514,-0.14409048827916368
48439121612,-0.21239264803849656
48439121614,-0.5490493336051401
48439121613,-0.42711189274778727
48439121615,-0.08499967962558386
48439113108,-0.14916465230855908
48439106509,-0.2403614313262193
48439106521,-0.4146281702111888
48439106526,-0.22226422353569608
48439106522,-0.30640376137778835
48439106515,-0.13887610995260571
48439110301,-0.03738129966326549
48439101201,-0.18314617382138226
48439101401,-0.31031389163373524
48439106507,-0.26698178131052575
48439101402,-0.39556276177205096
48439101403,-0.41641331479295296
48439106502,-0.2526882809442923
48439106520,-0.12359140536714948
48439106519,-0.18139133403839908
48439106503,-0.2197413078475901
48439101301,-0.36509060122420167
48439101302,-0.3761557981512896
48439103602,-0.31162951640261477
48439121609,-0.832025674823498
48439121611,-0.9365187489052863
48439106400,-1.0096649518988896
48439106101,-0.6911663526865434
48439106102,-0.9210118267405736
48439111103,-0.3314012693667955
48439106201,-0.23637483416519645
48439106300,-0.3874218106284314
48439106202,-0.548453318105122
48439103601,-0.4184571154819092
48439103702,-0.3747588403795349
48439103701,-1.1838450282009079
48439104604,-0.9231971987074934
48439104601,-1.342165190437823
48439104602,-1.1051646510453201
48439104603,-2.844601982666367
48439111104,-0.6510159081629046
48439105902,-0.3533501168226556
48439104605,-0.41897451849007733
48439104504,-0.33033730617471985
48439105901,-0.365326733591229
48439104702,-0.4004327084202182
48439104503,-0.3907098346079063
48439104502,-0.31550203728321224
48439104505,-0.28312285023711725
48439103800,-0.2724073167537191
48439123500,-0.2766785473699725
48439123600,-0.24527939574838953
48439123302,-0.5323439082428796
48439101700,-0.21722173936207034
48439123100,-0.28238798428884504
48439103500,-0.5879765912564906
48439101500,-0.5492210328355343
48439101202,-0.33381698722730335
48439110302,-0.07862066339281734
48439100101,-0.37173871770676903
48439100102,-0.34978955897888364
48439123200,-0.3887569767548011
48439100202,-0.41890332269086983
48439100201,-0.4032553817699098
48439105009,-0.4435910062919128
48439105008,-0.12222111880866635
48439105007,-0.10628373415716069
48439110205,-2.1669558241755933
48439110206,-1.235669970751154
48439110103,-0.006117684842335022
48439110204,-0.8923558154921256
48439104900,-0.45346198633243917
48439110202,-0.22954523202211147
48439110102,-0.01437939995005088
48439110104,-0.005986737559314048
48439113206,-0.006600676503966089
48439113302,-0.03766730789726724
48439113301,-0.012291995181319652
48439113217,0.0034564214184760467
48439113213,0.009338904129405572
48439113223,0.0033046080368836312
48439113221,0.00047945302670816364
48439113216,-0.05506032579315531
48439113810,0.0017243481872618576
48439113212,0.004727763466092622
48439113811,0.007368523102268184
48439113920,-0.33722297692441616
48439113803,-0.10980356213982898
48439113808,-0.0097588644625612
48439113809,-0.004066915766052376
48439113214,-0.026146727552460093
48439113215,-0.05436782358795475
48439113207,-0.11705872779824278
48439113813,-0.7365701597904074
48439113815,-0.07175830749065396
48439113816,0.0015738967764931456
48439113812,-0.5887972891733222
48439113948,-0.8257373131114059
48439113950,-0.5229189333563088
48439113949,-0.09205784890062854
48439113935,-0.07163706930351368
48439113934,-0.15977414980015975
48439113936,-0.15186803104975494
48439113938,-0.16300813179627505
48439113946,-0.12972437861381303
48439113947,-0.042197246376921196
48439113919,-0.8429028175603668
48439113917,-1.2571421127380746
48439113918,-2.097436357279698
48439113916,-0.32189645913598125
48439113925,-0.26551390811816744
48439113924,-0.2628660385937714
48439113923,-0.24475503255893988
48439113930,-0.1418261738895269
48439113931,-0.1342713771849222
48439113937,-0.15350750307092742
48439113933,-0.23418188360287906
48439113932,-0.1236041434301296
48439113944,-0.4741893632681447
48439113939,-0.16245259956291724
48439113940,-0.14142978156958824
48439113942,-0.6184755974322056
48439113941,-0.31163167192955954
48121020312,-0.0911054878123293
48121020322,-0.0797655786997572
48121020311,-0.0026606829332860562
48439113953,-0.013043128998740118
48439113943,-0.4483652544556057
48439113945,-0.8989594694510703
48439113952,0.010511191081578133
48439113951,-0.006435001707264618
48439113912,0.003620670690676119
48439113908,-0.009077781251074016
48439113954,-0.036168682339461924
48439113906,-0.03282422909720942
48439113955,-0.0043496972811469985
48439113957,0.001169871781409647
48439113956,-0.027373817815166086
48439113713,-0.07832335022532676
48439113712,-0.017283446346253128
48439113711,0.011066774386322913
48439113710,-0.00036916195212778147
48439113714,-0.021232278309014606
48439113715,-0.017186458805243443
48439113707,-0.008805499877426591
48121021750,0.0023921335201381798
48121021757,-0.0010401739624843343
48121021756,-0.0401139101773486
48121021752,0.0030243948730581897
48121021751,0.0017181195401479753
48121021748,0.0063973308492873155
48121021759,-0.03363459785198969
48121021746,-0.010735004613218222
48121021749,0.0035176175322743836
48121020305,-0.0014393261483072904
48121020321,-0.013787844761542694
48121020315,-0.00660760173798783
48121021758,-0.0037672622296875294
48121021719,0.015547071342245047
48121021512,-0.0482222629725456
48121021755,0.0016635569095697017
48121021754,-0.0022971877352497092
48121021423,0.005071701411709599
48121021422,-0.6075638827429457
48121021420,0.0017999940851764903
48121021418,-0.19925812629353523
48121021417,-0.019550446562790987
48121021416,-0.01858165605804544
48121021305,-0.01855245855972709
48121021306,-0.16616828351571855
48121021307,-0.22579970694217266
48121021304,-0.23356946004153806
48121020316,-0.05551113235323163
48121020318,-0.10279247075673269
48121020310,-0.02015773750996356
48121020317,-0.030455432658312208
48121020314,-0.038878926420092455
48121020319,-0.1166369948715873
48121020313,-0.06486622552332104
48497150606,-0.13761538594090483
48121020320,-0.16574156727356074
48439114113,-0.16253839405888534
48439114111,-0.1330941673547173
48439114112,-0.11063186948646714
48439114105,-0.09495583715280653
48497150603,-0.12718357339289177
48439114203,-0.09830699476998972
48367140413,-0.03860434833304828
48497150605,-0.01943425729417782
48497150607,-0.04260696077625358
48497150103,-0.01098559843492955
48497150104,-0.007105592150826949
48497150403,-0.01759112527062951
48497150402,-0.02332857169957335
48367140410,-0.030043341452655706
48367140403,-0.008953219190708666
48497150604,-0.019581067785972954
48367140409,-0.022060914302278113
48367140408,-0.028976735204595712
48367140416,-0.015338500080127106
48367140415,-0.020305723824122872
48367140411,-0.019280941049018487
48367140504,-0.05387962395035497
48367140503,-0.032750292120441726
48367140101,0.006144589849800278
48367140202,-0.0117480067025333
48367140201,-0.022201756682098436
48367140102,-0.012707770157417477
48367140300,-0.0041406419936405245
48367140708,-0.016255086836942483
48367140711,-0.04215848953020293
48367140712,-0.045027325241453586
48367140714,-0.017452400151423214
48367140707,-0.1078952970724496
48367140709,-0.037531746059244954
48367140713,-0.18425210877552378
48439110907,-0.026129368954843368
48439105206,-0.226161114503659
48439105204,-0.18604612277875854
48439110807,-0.34615653622832065
48439110806,-0.2530284340611513
48439105207,-0.23908429258227876
48439110703,-0.054219648054654665
48439110805,-0.3255998094205643
48439114207,-0.21613377704431458
48367140414,-0.01786484414692715
48367140412,-0.04079955277386142
48439114205,-0.09641109491380598
48439114204,-0.09448563796940583
48439114206,-0.10028773941122812
48439100601,-0.4157803813249329
48439110401,-0.336591177298179
48439106600,-0.4110834960445762
48439114011,-0.18787786381427518
48439114010,-0.19032781349669128
48439114009,-0.2268528903973514
48439106700,-0.3593304446143555
48439114107,-0.6416539891810672
48439114108,-0.757154496401383
48439114106,-0.2907593749880978
48439114012,-0.15849467945011952
48439114014,0.011566317873490554
48439114015,0.003056548862182116
48439114110,-0.133626519691881
48439114109,-0.08179740504950234
48439114003,-0.04301214065155454
48439114006,0.006368683266660696
48439114013,-0.1395499050143615
48439100505,-0.2556860388214514
48439110402,-0.10700728038826837
48439100506,-0.4048749075604269
48439100300,-0.4196601106914571
48439100401,-0.3601743419166634
48439100402,-0.34884592024504346
48439100800,-0.3441751623132856
48439100900,-0.36150576950623803
48439123700,-0.24845868018360354
48439123301,-0.379620323361078
48439102000,-0.38739188532295477
48439102102,-0.29647531189605103
48439102101,-0.2114462590823084
48439102700,-0.27163828653016064
48439102202,-0.20583604356038643
48439102201,-0.21419509928869115
48439110500,-0.16835224864526938
48439100700,-0.2528234884723005
48439100503,-0.3709747767669155
48439100504,-0.2781626576893473
48439100602,-0.3719576233754832
48439110705,-0.03744502681605546
48439110704,-0.10025782910153197
48439110706,-0.08713017053100408
48439123001,-0.1464158099886295
48439110600,-0.10648029023588912
48439123002,-0.17443639269409889
48439102401,-0.3338978153330113
48439105405,-0.18276119528139462
48439105407,-0.1790402412054568
48439102402,-0.3492587039945848
48439102301,-0.7546230547042083
48439105201,-0.23484102458594439
48439105203,-0.29725747439761036
48439110901,-0.146441821965744
48439102302,-2.4231572765225753
48439110905,-0.4759561993950968
48439105519,-0.18824727520806073
48439105408,-0.15289335968769913
48439110903,-0.08753643051863105
48439105513,-0.4509354587866946
48439105514,-0.33453123478733904
48439105505,-0.2641128538260261
48439105404,-0.20572488021854443
48439104202,-0.298495287558443
48439102500,-0.3147699707075029
48439102601,-0.32389253668238377
48439102602,-0.3260490405233834
48439105403,-0.27942740672000466
48439104301,-0.32060027756550635
48439104203,-0.3489981883943427
48439104204,-0.3036890232342867
48439104302,-0.21950183774900872
48439104100,-0.21494340078308277
48439104400,-0.29319479639258195
48439104701,-0.3450931344845949
48439104803,-0.38433746266839125
48439104804,-0.34425072799415646
48439105600,-0.28114743050834157
48439104802,-0.35516516379698426
48439105800,-0.3884519657919861
48439111003,-0.11534531384573007
48439105701,-0.29351542265393465
48439105703,-0.2643555834945802
48439105706,-0.24494119251625412
48439105705,-0.2175418038940751
48439106006,-0.23428488107732634
48439111020,-0.24064622076875103
48439111019,-0.2623554540278824
48439111026,-0.1718062939307482
48439111025,-0.21858671199972757
48439111024,-0.23900198654234467
48439111023,-0.1572174752919003
48439111033,-0.13837550513297525
48439111032,-0.11562853534035565
48439105516,-0.19154932959959994
48439105515,-0.1769273463229213
48439105511,-0.2336729383146791
48439105512,-0.23445708114662425
48439105502,-0.2563943434687676
48439105503,-0.21276889320338832
48439105518,-0.10820396375678143
48439105517,-0.15752609023656206
48439105520,-0.7519535532664967
48439111031,-0.07008854590954736
48439111018,-0.0929961789956135
48439111022,-0.010361368433922104
48439111021,-0.07200352317121246
48439111027,-0.1252494962146799
48439111028,-0.09484769134625179
48439111029,-0.03598485261995997
48439111015,-0.015351679922255057
48251130216,-0.0025359034987094166
48251130217,-0.010771605069324357
48251130205,-0.0035914529538906715
48251130218,-0.017151150346129906
48251130215,-0.024934103703405135
48251130214,-0.05195387860215468
48251130210,-0.05668009688683055
48251130213,-0.2050935066430499
48251130212,-0.13767604845949571
48251130100,-0.05611111370481174
48439111010,-0.052386409697768976
48439110906,-0.1482441300340665
48439110809,-0.0029010749974441394
48439110808,-0.1083153479049551
48367140710,-0.04136115820476753
48367140604,-0.03985896732804976
48221160218,-0.023677846684572654
48221160216,-0.0839401806497638
48221160215,-0.11637703521727902
48221160100,-0.04921501872029848
48221160206,0.003134764810177309
48221160211,-0.005837108260840194
48221160214,-0.00689556144443473
48221160213,-0.0006624889070204037
48221160204,-0.016329244160650788
48221160217,-0.017036436929006846
48221160210,-0.005808188696123573
48221160212,-0.037023040702269444
48221160303,-0.05856629097823224
48425000200,-0.13970929518275527
48425000101,-0.059794793917419674
48425000102,-0.05459632842127803
48251130604,-0.05337169865062437
48251130602,-0.054806675434072534
48251130302,-0.05745152018493831
48251130700,-0.021716815606615245
48251131100,-0.03471106054999419
48251130800,-0.05991713778817435
48251130304,-0.05047945614310114
48251130900,-0.09041213174002005
48251131000,-0.033624391979726484
48251130603,-0.09528464682835347
48251130502,-0.08815713387086607
48217960100,-0.028853130712248962
48251130413,-0.06922372678310333
48251130417,-0.1848211470028735
48251130414,-0.1100200803307029
48251130501,-0.09446494934549457
48251130303,-0.06703983229753291
48251130415,-0.1857649006203002
48251130416,-0.11825023000491294
48251130406,-0.048663512462070055
48251130405,-0.06127668196225102
48251130219,-0.03254627880910434
48251130211,-0.038209760215103014
48251130220,-0.020989393422434298
48251130222,-0.01970333727884848
48251130221,-0.0027458467771952974
48439111030,-0.037570867076780874
48439111204,-0.10622638793001873
48439111203,-0.2062407972458875
48439106005,-0.34260402284556524
48439106002,-0.2142396412060643
48439106004,-0.1443167041313711
48439111202,-0.1194976745530215
48439111102,-0.03518288844255671
48439111405,-0.03895131119692076
48439111410,0.003459747937756723
48439111411,-0.014615467406469539
48439111317,-0.12568662830949617
48439111306,-0.08586904744402983
48439111307,-0.0476169780145428
48439111318,-0.15347222467842822
48439111408,-0.12330950427519795
48439111532,-0.20767786268058328
48439111534,-0.22523182514756415
48439111402,-0.12485978199749416
48439111409,-0.04257638032588013
48439111533,-0.15352651770005277
48439111407,-0.023862378115075356
48439111406,-0.3586553970881277
48439111551,-0.31614808147155204
48439111568,-0.003178454292365928
48439111567,-0.08355944656144693
48439111544,-0.01712056845244553
48439111543,-0.01650577300652002
48439111541,-0.026160707521185468
48439111540,-0.04661764197236454
48439111542,0.005305759909827144
48439111560,0.0065335702510915805
48439111514,-0.04832045240504203
48439111513,-0.040830712152913014
48439111561,-0.0011958236993562766
48439111562,-0.016402243557325467
48439111316,0.0004830201079334387
48439111319,-0.013225580083065347
48439111315,-0.6475158776130694
48439111311,-0.34301690074749014
48439111304,-0.37674859999432925
48439111308,-0.05932739086797478
48439111312,-0.031692585954724954
48439111309,-0.03700487087570763
48251130418,-0.30773738651990723
48439111314,-0.011457444144497118
48251130412,-0.07039972172493482
48251130419,-0.21666494112840667
48251130411,-0.11842026094268814
48139060802,-0.030965557670064096
48139060801,-0.014273264263706136
48139060702,-0.011478284991415835
48139060220,-0.011873093094241702
48139060704,-0.09798447854429033
48139060803,-0.07088500173771113
48113016525,0.0015697466078007107
48439111320,0.0007133270610918841
48439111565,-0.1607473735931219
48439111564,-0.13350501722126357
48439111566,-0.2123537587099266
48439111563,-0.014032849673742204
48439111554,-0.02693293203835516
48439111555,-0.04931005021992894
48113016417,-0.2035799836163849
48113016410,-0.07426123437601553
48113016415,-0.029572333588420974
48113016416,-0.08208061512056494
48113016522,-0.008344321387561719
48113016412,-0.006823537694988276
48113016527,-0.0035897167208439463
48113016526,0.007214251356641445
48113016528,-0.00352551614051517
48113016519,-0.0052432504958070695
48113016511,0.0028082656251481844
48113016529,-0.0007511074907629038
48113016530,-0.007558597438275822
48113016629,-0.01639272983301059
48113016626,-0.012560228005615352
48113016615,-0.003822936867675716
48113016524,-0.015015363066239271
48113016616,-0.008912129804063768
48139060216,-0.17238207622914903
48113016623,-0.2552980760893998
48113016632,-0.16093707282360442
48113016633,-0.0012434829739388438
48113016631,0.0013703466958973594
48113016624,-0.014037052652825031
48113016630,-0.008655664582362745
48113016636,-0.005272844073617313
48113016532,-0.01388332655876463
48113016513,-0.0016415774708836372
48113016531,0.004581419088039973
48113016518,0.0046565794744532745
48113016516,0.007864259077350678
48113016517,-0.003699101679500621
48113016607,-0.007468480493295594
48113010905,0.0047507162621640035
48113016635,0.010927385299478853
48113016638,3.743133794773627e-05
48113016637,-0.0038218698833941585
48113016617,-0.0013083173520648066
48113016618,-0.061977949672114466
48113016619,0.02038527495088209
48113016610,0.004917435543291827
48113016634,-0.007954752897672213
48113010906,-0.0027210096028861715
48113011101,0.018336923784729526
48113011104,-0.0034532115443402086
48113011105,0.012302423946873744
48113011201,0.0017028537587531476
48113016805,-0.05515350932384733
48113016627,0.0016067355409174135
48113016620,0.005912740243252449
48113016621,-0.009891767368411693
48113016628,-0.008589869973076066
48113016622,-0.04260119943778333
48139060206,-0.012694151360927074
48139060219,-0.008132876120895454
48139060209,-0.013881857436834696
48139060215,-0.01995558063423336
48139060221,-0.014317152207166384
48139060211,-0.031732920787266035
48139060602,-0.10455594126236734
48139060601,-0.052583746782549526
48139060212,-0.0012374249625297365
48139060300,-0.009970788829797645
48139060500,-0.4107926265291275
48139060400,-0.07047575409515175
48139061100,-0.12716026019635282
48139060900,-0.06608049580748591
48139061000,-0.05827733074870225
48139061200,-0.028685959133133328
48349970301,-0.060305200823138755
48139061500,-0.009283712555941848
48139061401,-0.00790713856411408
48139061600,-0.017676626945460745
48139061402,-0.016654233249009314
48139061300,-0.018724040186464633
48139060217,-0.008618329232827767
48139060106,-0.12820793965963162
48139060103,-0.03437520355541071
48139060218,-0.022691626877907517
48139060207,-0.009076665213369563
48113016803,-0.08460653359049677
48113016802,-0.20090349016465492
48113016806,-0.02590669507661844
48113016707,0.00013432337026082037
48113016706,-0.002959857818314369
48113016704,-0.006852880906631166
48113016709,-0.007927080914286854
48113016708,-0.004299351953736145
48113011300,0.002690178775087172
48113016711,-0.002723524999591727
48113016710,-0.005006573052848717
48113016902,-0.06884140829251223
48113016903,-0.07863118065646309
48113017102,-0.06682714490412246
48113017006,-0.07251725029269626
48113017005,-0.05647582961497046
48139060104,-0.06286497439777305
48139060105,-0.10393776988606493
48257050801,-0.03266097716568271
48257050802,-0.07443699853209364
48257050701,-0.04554243902712678
48257051000,-0.060977061958572845
48257051100,-0.0782245091225914
48257051202,-0.025723308553624973
48257051302,-0.044280973240458196
48213950700,0.018111912418478204
48139061700,-0.011198703753019977
48349970100,-0.009001402363587752
48349970200,-0.06617693733206859
48213950802,0.08287977384006057
48213950604,0.005721333041315588
48213950603,0.14569870751598557
48213950801,0.07855785395877554
48213950905,0.04394108084092127
48213950601,0.07476942887163007
48213950500,-0.009266103519932617
48213951102,0.058566869968435964
48213950904,0.07635908941995159
48213950903,0.10419988916848785
48213951000,-0.004079431316724145
48213951202,-0.0029011682767106153
48213951201,0.003903387466849984
48213950400,0.0011625311453829605
48213951300,0.0015522230573448833
48213950303,0.02917802141364661
48213950301,0.009958882789296668
48467951001,0.007283276974715012
48467950601,0.0018004415531341156
48467950700,-0.02183321968139368
48467950602,-0.002126303070727806
48467951002,0.00968510327916288
48257051201,-0.07169435209197055
48257051301,-0.08097884207926939
48257050703,-0.07101669229520771
48257050704,-0.07767789099292269
48257050602,-0.033462529975792764
48257050401,-0.024445421225465076
48257050601,-0.0334172190913165
48231961501,-0.07148172318057283
48231961600,-0.19528701909281823
48231961700,-0.15842247108807042
48467950500,-0.006653891247825425
48467950400,-0.00864446321878386
48467950300,0.008640358152566214
48379950102,0.008046399784145224
48379950101,0.020187315290332644
48379950200,-0.023108002019541697
48223950200,0.00646348971556718
48231960700,-0.08235309643160088
48231961000,-0.045813659596891064
48231961200,-0.3030405968181933
48231961102,-0.22592273106255326
48231961503,-0.14078103759862162
48231961101,-0.22082502508516716
48231961300,-0.090491845268239
48231961502,-0.05637952090529398
48231961401,-0.05491835068704726
48231961402,-0.06829085940923423
48231960900,-0.02718018280515999
48231960800,-0.060736568475746835
48085031102,-0.08955939677756385
48085031101,-0.08493131892261835
48085031006,-0.06241046207510638
48085031008,-0.08188331143084338
48085031308,-0.018994487764140974
48085031320,-0.007869071069175535
48085031321,-0.0016816231538099285
48397040103,-0.07862241380398556
48397040104,-0.013735896432101843
48113018144,-0.009156816673216326
48397040101,-0.07503166717098779
48397040201,-0.37539639106505673
48397040202,-0.1891247185916127
48397040203,-0.08703562955208748
48397040407,-0.21748056083405914
48397040404,-0.20981447144039692
48397040406,-0.06609773457824838
48397040410,-0.002246289356201379
48397040405,-0.014121575193766974
48397040403,-0.03618790563005424
48085031202,-0.03572615313514754
48085031201,-0.05202196505211304
48397040411,-0.005798684560035393
48397040412,-0.06669657854584188
48397040409,-0.04981148886601669
48397040408,-0.1533154420032797
48397040513,-0.157657599827208
48397040514,-0.1965132434707985
48397040509,-0.1158416478218558
48257050402,-0.007089749037395633
48257050300,-0.03368289373645084
48257050500,-0.03805914774250027
48257050204,-0.014027934988632137
48257050210,-0.02069070360419411
48257050209,-0.011537787754989186
48257050213,-0.017068482507056313
48257050212,-0.010664781870709336
48257050211,-0.0259009106611997
48257050215,-0.014184706745784129
48257050214,-0.03989858759747417
48257050208,-0.016405687772194696
48397040511,-0.01637731570359717
48257050207,-0.0019692600797345627
48397040508,-0.09274965568775176
48397040503,-0.14377878923546533
48397040512,-0.15641407376108019
48397040305,-0.26869246038146655
48397040304,-0.15958345948458383
48397040303,-0.15946266692727484
48397040507,-0.1270947444974091
48397040510,-0.07939513825199647
48397040301,0.008822825338441791
48113018149,-0.002399126950472082
48113018150,-0.012819068742554493
48113018140,-0.014090072430365475
48113018134,-0.011195131130754423
48113018135,-0.034514611832705246
48113018145,-0.04059148845457472
48113018147,0.004846396787942322
48113018146,-0.0013249254987404448
48113018133,-0.03803097068811018
48113018156,-0.0022332932702613635
48113018121,0.003241295209858679
48113018203,-0.0016992172601502289
48113018204,-0.0038824127202480366
48113018105,0.001631141127669879
48113018801,0.0056018957166209336
48113018802,-0.08644474318653989
48113018900,-0.01025180137928642
48113018600,-0.00681033599769717
48113018700,-0.015510865877963763
48113018300,0.0017372696237104562
48113018401,-0.13054956247477037
48113018402,-0.09643810726699603
48113018111,0.009508773976099196
48113018206,0.0025401618051188145
48113018205,0.007500501903828264
48113018110,0.007483797845737908
48113018148,0.004934193363561481
48113018128,0.00594913904764182
48113017808,-0.0022196204386587264
48113018129,-0.020588338359848878
48113018130,-0.02567068399757509
48113018126,-0.0693788236770011
48113018127,-0.07753306802295969
48113018403,0.008748279744457523
48113012601,0.006267615049114435
48113012604,0.0016081788758241441
48113012603,-0.01743467864581494
48113018001,0.002200295903119735
48113017819,0.011007787837183402
48113018002,0.0028690874905217623
48113012501,2.258879938677808e-06
48113017900,-0.0036366817264349596
48113017806,-0.0009380327554187963
48113017820,0.0015485708196170652
48113017815,-0.025648950583426745
48113017818,0.0002063015730901957
48113017817,0.01216836938636406
48113017812,0.013369291367476778
48113017811,0.01293003290335854
48113017814,0.004432722737183514
48113018138,-0.004506775085898157
48113018132,0.0016416389804134945
48113018137,-0.0009523315754923514
48113018141,-0.023112785575500075
48113018142,0.007609750125780895
48113018159,-0.0030143082302651154
48113018158,-0.03435444592725945
48113017706,-0.08666996457706228
48113017312,0.0060617292586971384
48113017311,0.008556644462983992
48113017400,-0.017821216336091954
48113017308,-0.03813239821143208
48113017310,0.0018172082770061995
48113017307,0.015634414937695955
48113017309,-0.002255306634169773
48113017313,0.0013098656917546387
48113017008,-0.01804975043011802
48113017007,-0.0019576346280757084
48113017009,-0.014434865591064473
48113017010,-0.006341326487421694
48113017315,-0.05146098739958911
48113017314,-0.05447055555962882
48113017201,-0.0022432439083504532
48113017204,-0.0018941426033030867
48113017101,-0.019880325238276143
48113011604,-0.029468927370245538
48113011702,-0.018034411023452608
48113011801,-0.008941669029933562
48113011802,-0.028354616274926664
48113011901,0.012878358109531671
48113012000,0.016854625272173504
48113017605,0.004924820065675788
48113011902,-0.013119456595477266
48113017604,-0.0021754827196883383
48113017203,-0.0019849285505682
48113017500,-0.020147917270705945
48113017606,-0.012621430626154673
48113017704,-0.037603012668209854
48113017705,-0.00915652254853972
48113017703,-0.009007349381264941
48113017816,-0.0038559637221077365
48113017602,-0.009314057534332506
48113012101,0.030929825691679
48113017805,0.012936472753775172
48113012102,-0.009788758927984649
48113009001,0.00918866504788348
48113008500,0.003294414773898392
48113012207,0.024649616992726463
48113012206,0.013784327503202746
48113008402,-0.006440339405737624
48113008401,0.014900371929917784
48113009101,0.02188184065357037
48113009103,0.031242814873168153
48113009105,-0.008725014505962303
48113009104,0.01482264328937078
48113009002,0.010526072671760601
48113009204,0.0075596215258157025
48113009203,0.004643506040263306
48113009202,-0.018823602917619357
48113009301,0.001674142765069797
48113011701,-0.01510781596286907
48113011603,-0.02185004444732659
48113011601,-0.021017736091318465
48113020200,-0.03499449517989371
48113009304,0.0034060466634678868
48113009303,0.007623132548409792
48113008701,0.0016880742813378136
48113008705,0.006911038135036581
48113011401,-0.003760128655879528
48113008704,-0.03176056584862019
48113008802,-0.048777057961391465
48113008703,-0.06593282009291121
48113008604,-0.021373143394855784
48113021100,-0.050883864953336445
48113008801,-0.009426864947923722
48113020900,-0.06354217268760705
48113011500,-0.08103257373710654
48113020800,-0.09722973859763276
48113003700,-0.0765128107062559
48113002703,-0.03696351082644356
48113002500,-0.052147049448729915
48113002400,-0.08874607730285655
48113001502,-0.14149686905569858
48113002200,-0.30063086760256824
48113020300,-0.0722507794331617
48113020401,-0.23645529014511557
48113020402,-0.09467878888960804
48113003103,-0.22330043386564025
48113001602,-0.37290995110311825
48113001703,-0.08988673168422755
48113000704,-0.06424521294752579
48113000703,-0.024172665773427915
48113000802,-0.35776851736006576
48113000801,-0.4479478633347034
48113001601,-0.4394045911838288
48113001503,-0.357212649153813
48113001504,-0.26796036941946966
48113000902,-0.3965506383455205
48113001002,-0.16517321073205282
48113001001,-0.02073679871033572
48113001101,-0.1969242204810451
48113019600,-0.07165064001604901
48113000706,-0.02112079080157682
48113000901,-0.14815709058981616
48113000705,-0.0493668891297878
48113019700,-0.40190788564392965
48113019400,-3.1766837082275394
48113007906,-0.3188602305006638
48113019301,-0.49238038347767865
48113007912,-0.014980246056591394
48113007909,0.01833899801414546
48113007913,0.005848506300474539
48113007914,-0.02135767945116243
48113019302,-0.03510414490084786
48113000300,-0.028484961155719753
48113000202,-0.04069765944449927
48113000201,-0.02702307440037531
48113007903,-0.006676551287463016
48113007910,0.01532969482175104
48113007915,-0.007866672874137837
48113007916,0.07031059184705057
48113007809,-0.25581870489049785
48113008000,-0.10313669399132643
48113007902,-0.11997763036159903
48113000100,-0.2346797993412517
48113001102,-0.027752369968195523
48113001301,-0.0607935441215053
48113001400,-0.16668515415356763
48113001302,-0.09316179038145696
48113001204,-0.0633822022266162
48113001203,-0.04490148971680866
48113001202,-0.18431658985333124
48113012208,0.01684054366387243
48113008102,-0.05267738848945382
48113008101,-0.05151341612731486
48113012209,-0.011808673785655574
48113012212,0.007190665835385536
48113012213,-0.006638989828065659
48113012211,0.0343426519061204
48113012210,0.01110908905439523
48113012302,-0.02946235316170774
48113012301,0.0002331644081452405
48113012400,-0.00578018926247262
48113008200,-0.03531404882282597
48113012502,-0.0033482686997202693
48113012702,-0.0018116068260863136
48113012701,0.001984787710351405
48113012801,0.012476811821165421
48113012802,-0.01621093557448859
48113012900,-0.031696052121064695
48113013013,-1.7350702861118017
48113013008,-0.9309128668609077
48113007827,-3.482696401817094
48113013009,0.01491961423661441
48113018506,0.016852637382429446
48113013005,0.002003738574019969
48113013012,0.0013447771280354509
48113013011,0.04385272198073419
48113013007,0.023871515565671464
48113013010,0.029462055592921553
48113018501,-0.020184581793362147
48113019046,0.0020165308901911134
48113019013,0.008344519064957439
48113019047,0.01597005262407466
48113019032,-0.03156934095577969
48113019033,0.0020884146320332302
48113019044,0.013670920006660484
48113019045,0.019007417256947687
48113019018,0.010499926548540275
48113019019,0.006893601620420062
48113018505,-0.006007779315146235
48113018508,-0.009458038269021229
48113007834,-0.047908113258682355
48113007835,-0.2974729950640267
48113018507,0.007713192659531248
48113019035,0.041392185208835246
48113019034,0.008648924630867874
48113019041,-0.019128766316183335
48113019016,-0.24955521911408127
48113007829,-1.5818465554895442
48113007828,-1.1183997308392735
48113007805,-0.2485537837955671
48113007810,-0.505512604176479
48113007825,-0.7832439313769448
48113007824,-0.1740091753289826
48113007826,-0.421568327561762
48113007821,0.08101609581800026
48113007833,0.056546790465598545
48113007831,0.19054692497764458
48113007832,0.14262552351439137
48113007819,0.07571183875888632
48113007830,0.10157800915656212
48113007815,-0.14755866371096932
48113007812,-0.1004348334857792
48113007823,-0.30191513468692466
48113013107,0.03529715898416968
48113013106,0.005840939644667332
48113013104,-9.121943329266658e-05
48113007822,-0.00484715425851263
48113007801,0.0026310531687378487
48113007701,-0.35164746376067335
48113007702,-0.6402171642265629
48113007604,-1.8019323100324323
48113013102,-0.009048214888313031
48113013300,-0.24117840976983868
48113013101,-0.12088442638251376
48113013202,-3.706260312939573
48113013201,-0.9248733690891691
48113013608,-0.0841782471410616
48113013606,-0.013451888689287634
48113013609,-1.8001534378862114
48113013607,-0.9785203920340033
48113013610,-3.284268442891494
48113019208,-0.13740966427764434
48113019212,0.06878359670775767
48113019214,-0.1303388666453358
48113019213,0.03450959147222743
48113019040,-0.03324292054186678
48113019202,-0.07375877446218158
48113019101,-0.08704111783135163
48113019203,-0.07861378209388961
48113019215,-0.05889166451863989
48113019205,-0.06948190393290563
48113019216,-0.014985324196886585
48113019211,-0.021895753016429154
48085031814,-0.0535071936742291
48085031813,-0.4809601712910196
48113980200,-0.20320671781648686
48085031812,0.012864188594955542
48085031719,-0.11274383376286756
48085031720,-2.3990044935031793
48113013618,-1.1940999572563609
48113013605,-1.152338803816972
48113013619,-0.012179840009578558
48113013617,-0.018919236588277353
48085031718,-0.03720485291060702
48085031709,-0.2115731273885615
48085031621,-1.0011424106874915
48085031655,-0.9513806051462046
48085031654,-0.958227025775187
48085031675,-0.957310627639588
48085031676,-1.1055543896934221
48085031625,-0.4071308168912764
48085031681,-0.3864211450407995
48085031682,-0.27715561417568624
48085031613,-0.23332368275904602
48085031627,-0.34871615996345234
48085031626,-0.3373729840501063
48085031624,-0.3107142930657625
48085031807,-0.32212719700100956
48085031811,-0.17868722435590356
48085031806,-0.09030962456420502
48085031809,-0.19178715113300493
48085031810,-0.04522219833341429
48085031904,-0.7566844495002529
48085031623,-0.1757796007414617
48085031808,-0.40486623559944507
48085031622,-0.2304183152704321
48085031629,-0.29079365122488987
48085031628,-0.26015913091026666
48085031611,-0.34791950421801365
48085032012,-0.5860217364076457
48085032013,-0.351314299889155
48085032008,-0.3125237996311649
48085031421,-0.17151303030583867
48085032015,-0.4761836023013931
48085032014,-0.5157801281393622
48085032003,-0.546115919993269
48085031902,-0.5125965859303703
48085031903,-0.058914771240434274
48085031901,-0.2661054205040375
48085032018,0.01913845047414319
48113019031,0.012793211085090605
48113019037,0.007414410934984745
48113019036,-0.00871053901436225
48085031816,-0.03768738916260064
48113019052,-0.0867534405848622
48085031815,-0.010863089866082715
48113019210,-0.02615313781703866
48113019053,-0.05886166679372108
48113019039,-0.021301980228551745
48113019102,-0.07028114144756545
48113019024,0.005566001508692384
48113019023,0.0013310878072532405
48113019028,0.019658813881922817
48113019029,0.10102390427411892
48113019020,0.019245435931377494
48113019048,0.02154298231469088
48113019049,0.014728337391721844
48113019026,0.0046295520297531915
48113019025,0.0015218790904534647
48113019027,0.007462205159766042
48113019042,0.0025634946258127106
48085032019,0.002021139275117882
48085032017,-0.004997000384335742
48113019050,0.008008768230184024
48085031334,0.003988514850300322
48113019051,-0.005615703539443764
48113018151,-0.0021409706976405762
48113018152,0.00024432657328946387
48113018120,0.002836540030912846
48113018157,-0.02000614635661805
48113018143,-0.02689596464139915
48113018155,-0.015881479185762527
48113018154,-0.009929555869240264
48113018153,-0.007322941741953833
48085031336,-0.0028703686467617655
48085031331,-0.005430717335526325
48085031332,-0.0021193824064017937
48085031322,-0.004586696462362687
48085031319,0.0015737091626442019
48085031323,0.0013514039804188418
48085031318,0.006423172409250458
48085031330,-0.002693281231259167
48085031326,-0.007472818081577027
48085031329,-0.0018618443156550807
48085031335,0.005404442470492113
48085031333,-0.14586128407220028
48085031327,-0.01609445751466379
48085031328,-0.012026284202998429
48085032016,-0.03585892116653125
48085032010,-0.2816431573424315
48085031325,-0.3007425036639437
48085031324,-0.2768164224083556
48085031411,-0.027915365988312874
48085031425,-0.024587086228889703
48085031423,-0.01820924082693768
48085031424,-0.0846754363279825
48085031512,-0.09019910822342292
48085031508,-0.07985359252557432
48085031413,-0.011802004471498396
48085031504,-0.024515523246438888
48085031414,-0.02579739339913644
48085031408,-0.04349732142041528
48085031314,-0.01382973641308887
48085031419,-0.03746507689068766
48085031420,-0.05099798165895063
48085031007,-0.04540885553026555
48085030902,-1.525696784262042
48085030802,-0.047187208145785094
48085030903,-0.04774294130212244
48085031412,-0.0374644636842911
48085030606,-0.012738960544729745
48085030801,-0.02263332717045479
48085030607,-0.00582493939975842
48085030545,0.017183611290449458
48085030544,0.014133768828404204
48085030549,-0.07625385251263506
48085030515,-0.0409806821817095
48085030534,-0.0015979847262359058
48085030531,0.0014625286618865849
48085030529,-0.0045259167935071745
48085030517,-0.046199525810105516
48085030516,0.0020369926136713985
48085030540,-2.3164925276714023e-05
48085030543,-0.006478531243173035
48085030542,-0.10796805403151999
48085031417,-0.009823527676654464
48085030541,0.006560300856922392
48085030550,0.01424092234266858
48085031418,-0.019518897015360318
48085031507,-0.1433460753400947
48085031511,-0.08975087524711452
48085031422,-0.05892343656170736
48085031510,-0.14185403452637219
48085031632,-0.18337091931844687
48085031635,-0.23883244629461087
48085031633,-0.21107300503314344
48085031634,-0.2750767781204691
48085031630,-0.20812085494057386
48085031631,-0.25155169545787326
48085031509,-0.09441513872951957
48085031415,-0.013924359034127084
48085031416,-0.012061480288820878
48085031665,-0.08660437434241255
48085031639,-0.1442431529809349
48085031679,-0.11614790125169253
48085031641,-0.09966661444203016
48085031666,-0.09251130159720905
48085031642,-0.17422390432075197
48085031643,-0.22912149289068756
48085031636,-0.3873846984968683
48085031678,-0.4582506839509578
48085031677,-0.417777598041913
48085031664,-0.7191962121162371
48085031674,-0.6712615153508773
48085031673,-0.27131210503343317
48085031663,-0.7717737138907093
48085031660,-0.6710296196081578
48085030506,-0.17917813352602574
48085031661,-0.9770657350586502
48085031662,-1.3468814675345024
48085031680,-0.6311170986626431
48085030507,-0.37244236878286496
48085030532,-0.46118682291484536
48085030509,-0.0758251913690962
48085030405,-0.03410139369104537
48085030404,-0.0025093632289805616
48085030510,-0.8549279411844586
48085030533,-0.9143788043767895
48085030511,-0.1533033606692769
48085030512,0.0047558732358569614
48085030538,0.00010089700611283874
48085030536,0.002442424187750243
48085030521,-0.5685149365107323
48085030518,-0.032887275133873094
48085030520,0.0059271273086357774
48085030303,-0.0026465407633143845
48085030302,-0.10843604166355292
48085030524,-0.00880756780902979
48085030537,0.002359425929898325
48085030539,-0.0036499543478418417
48085030525,0.0054667158606929315
48085030546,0.006011993455086009
48085030547,0.01062908234105246
48085030535,0.006435449181250772
48085030548,0.003941666801776661
48085030301,-0.004291176695934464
48085030307,-0.0767085265116292
48085030202,-0.04199704186963561
48181001803,-0.02161226330958165
48085030204,-0.06197495345731725
48085030205,-0.06374841553263796
48085030207,-0.05087033339213455
48085030201,-0.03881114118624565
48085030206,-0.05400942613195824
48085030701,-0.030790470187601133
48085030604,-0.01714112336239723
48085030605,-0.007758523365259247
48085030609,-0.001748687524475314
48085030608,0.0027547046872654023
48085030702,-0.03948637173540228
48085030901,-0.0322497055802322
48085031003,-0.03592008428991943
48085031005,-0.04995418384302849
48085030101,-0.035434887173921306
48085030102,-0.04617714130672415
48147950702,0.005908122330363721
48181000102,-0.022178143142176122
48181001802,-0.009310836973360843
48147950300,-0.0024467436758785696
48181000101,-0.0838414664830614
48181000600,-0.09525678902745438
48181001400,-0.3121250971023172
48181000903,-0.33121575024797567
48181001200,-0.627509130404087
48181000904,-0.36239692251417915
48181002000,-0.42299889155427994
48181001300,-0.4360745049988532
48181001700,-0.4713050053018957
48181001500,-0.5359150768419478
48181001801,-0.19515355563015585
48181001901,-0.12201185850738434
48181001101,-0.1812998142958305
48181000302,-0.07273605842044022
48181000901,-0.034924551834465786
48181000800,-0.01819274261327101
48181000700,-0.042015772038730366
40013795900,-0.12962639400998505
48147950800,0.006909505271378532
48147950100,0.004718595840109997
48147950402,-0.0009276359921371858
48147950401,-0.023366152296627085
48147950600,-0.0028617368358900544
48147950500,-0.002338408381390301
48147950701,-0.003990494944727365
48231960300,-0.026166113886179627
48231960400,-0.04925314617817236
48231960200,-0.05975484163306986
48231960500,-0.04468105928715388
48231960600,-0.032567256224442724
48231960100,-0.07771759715727197
48223950301,-0.0012283566914542067
48119950200,0.0064536503571739606
48119950100,-0.005360774229620336
48223950100,0.009142593944829799
48159950102,0.001483271821258191
48277000301,-0.04472754313921762
48277000402,0.006371751339365041
48277000500,0.008526423867919087
48277000600,0.008627642521094981
48277000401,0.008082879694587906
48277001000,0.007145368274744782
48277000800,0.004087979584198811
48277000900,-0.016990510097233742
48277000200,-0.02130135564129379
48277000700,0.006014449984007662
48277000102,0.006867252521252341
48277000101,0.026994876431967362
48277000302,-0.025172089140427407
48387950700,-0.0072114220968426766
48387950100,0.009318896138238612
48387950502,-0.000620303294673382
48387950501,0.005093332882912341
48387950600,-0.006199841702068816
48449950100,0.006919926930676396
48449950301,0.008898804764081038
48449950400,0.007507140503667218
48063950101,-0.010435714116394356
48459950102,0.013927212106462267
48459950101,0.008493626799859943
48459950200,0.009812234776004236
48459950400,-0.02429222183273419
48459950301,-0.0011468134408923756
48459950302,-0.0038040753637002527
48063950102,0.003621881235697284
48063950200,-0.022129482718379893
48449950700,-0.012434171504372073
48449950800,-0.008114539090247792
48449950500,-0.006214900088022222
48449950302,0.0016500138372549486
48449950600,-0.00857154309732995
48449950200,0.032861540859925646
48159950200,0.0058333335056412194
48159950101,0.12147306609658629
48159950300,0.0771271716167056
48499950200,0.01106746877680374
48223950700,0.010519842174702348
48223950600,0.004975628148668816
48223950302,0.0016087447662717943
48223950500,0.003356910227377316
48223950402,-0.0061943187346593254
48223950401,-0.005041082739197384
48223950800,0.009479916068619464
48499950303,0.033694544192119105
48499950402,0.026968365898013
48499950304,0.03693069954061268
48467950200,0.007441479624862753
48499950401,0.001277558783009603
48499950700,-0.06720813982198731
48499950500,-0.03425761321649823
48499950301,0.008662508961221869
48499950100,0.014822212789643836
48499950602,0.004578021904363435
48499950601,-0.12452100104562244
48423001502,-0.9772600097624489
48423001701,-0.8691696977606438
48423001702,-0.8622799445158238
48423001407,-0.5862329988298949
48423001605,-0.8226836268936385
48423001606,-0.9105368252095163
48423001408,-0.6265581743047268
48423001404,-0.710071420280644
48499950800,-0.07142384528064404
48423001405,-0.539518687935265
48467950100,0.004653870439894102
48467950801,-0.003401367906877302
48467950802,-0.04774167349483126
48467950901,0.001139964789038583
48467950902,-0.17143899639834514
48423001406,-0.6261758660164707
48213950101,-0.0030914767212828365
48213950202,0.006822869264890064
48213951401,-0.2787813958205423
48213950201,0.004323108714587178
48213950102,-0.211943818742686
48213951403,0.021755298762082518
48423001912,-0.7785355229053058
48423001915,-0.4872871146717754
48423001916,-0.27290512442313675
48423001906,-0.37935236875352196
48423001913,-0.7423396719542679
48423001602,-0.5884873135085533
48423980000,-1.391350804100878
48423001607,-0.6375045405727149
48423001608,-0.6743314995848269
48423000100,-0.4823584322657947
48423000400,-0.42730529819604635
48423000700,-0.3971420939471766
48423001917,-0.32385604448210026
48423001911,-0.2720718379623843
48423001910,-0.17740761954649953
48423001909,-0.23306800632660446
48423002004,-0.27623980423605654
48423002006,-0.2692083104590903
48423002010,-0.3250377193156696
48423002003,-0.22976990696683475
48423001803,-0.22251200410509375
48423001300,-0.38007074302780985
48423001200,-0.3861441056525866
48423001101,-0.348497688072842
48423001102,-0.3062909440155994
48423001000,-0.30062240296619724
48423000800,-0.3506542363134323
48423000500,-0.2781041339944802
48423000202,-0.37319446405057366
48423000201,-0.4279167973943017
48423000300,-0.4899391962514563
48423000600,-0.5399297773168444
48423000900,-0.35095791439912205
48423001807,-0.5271259704545139
48423001806,-0.5961661052258688
48423002009,-0.5887004274481116
48423002011,-0.5597256673876234
48423002012,-0.2678602327505806
48423002013,-0.5139387017221386
48423001914,-0.5021274735799495
48423002200,-0.6782043469335042
48423002102,-0.8426024996364576
48423002101,-1.123493941770822
48423001804,-1.1994830761914932
48423001805,-1.2625491727365157
48423001501,-1.1224099910734984
48459950502,0.009704077299890231
48459950501,-0.05628758940546942
48459950600,-0.005700466390541727
48183010201,-0.04750605444517403
48183010402,-0.023744947130855204
48183010401,-0.019916303915743356
48183010202,-0.02531106534853499
48459950700,0.0034298999303651284
48183010100,-0.01955594264434507
48183010700,-0.025869903399438496
48401950300,-0.023672709168424892
48401950200,-0.017016204712431097
48401950502,0.014006522205274114
48401950400,-0.0062981731135717065
48401950501,0.014745324407435964
48401951100,0.019238767793161707
48401951000,0.018771772955431462
48073950100,0.0033225927633671083
48073950801,0.012861076917456877
48073950900,0.012287476737394814
48073951000,0.015281056191416786
48347950200,0.0098197217289538
48005000104,0.0021878217704038093
48005000102,0.01701531153280126
48455950100,0.005670655842719388
48225950600,0.01520881425155541
48073951100,0.010512997356715143
48225950102,0.02042862769982569
48225950500,0.02521553660338477
48225950300,0.0026908755199974935
48225950400,0.0011276206475121348
48225950200,0.022903104151584978
48225950101,0.04665282713210138
48001951002,0.00676908710468742
48001950800,0.01212670244516606
48001950600,-0.0016665452088942493
48001950500,-0.0017131690337299859
48001950700,0.0071912514071382095
48001950902,0.005697131434822855
48001951001,0.007642639304468339
48073950802,0.030813627503111625
48073950302,0.03028884192644548
48073950700,0.04889310190322176
48073950600,0.003810896745842937
48073950301,0.007472126236820141
48073950400,0.006493646950525844
48073950500,-0.0027424225171634965
48073950201,0.004326806153118255
48073950202,0.011929799731453253
48001950100,0.014047715389330915
48213951402,-0.08291024697916925
48213950302,0.007919169128371841
48213951101,-0.006854128891875793
48001951100,0.007437611352989206
48001950901,0.004236221323622477
48001950401,0.01846910920591742
48161000900,0.017336542860484812
48001950402,-0.0055307423054959
48161000102,0.008206883523918731
48161000200,0.008098550438495888
48161000300,0.013115415733068021
48161000101,-0.016830709556957184
48213950902,-0.011673640193839093
48349970600,-0.02447572102045155
48349970701,-0.10208459290171701
48349970901,-0.07355890909008128
48349970800,-0.12441929435601909
48349970902,-0.07268403631842241
48349970500,-0.10427675100052963
48349970302,-0.05807526146078265
48349970400,-0.08963950367414503
48349971000,-0.12255062733233343
48293970100,0.010032071225064942
48293970400,0.002291503110786003
48293970200,0.0066747950044041245
48293970500,0.006770240992319014
48293970300,0.006191669566836054
48161000400,-0.0423156518070205
48161000700,0.006963331577073806
48293970700,0.030057815128940887
48293970800,0.04381640025220583
48293970600,0.005923097908412179
48395960100,-0.02821983602772571
48395960300,0.009022724159586559
48289950202,-0.0014345987775647006
48289950201,0.013731141172536186
48161000600,0.0065635894260015065
48289950101,-0.019536833625788893
48289950102,-0.006107851241558063
48289950301,0.007178840456309649
48289950302,0.008581221513078767
48313000100,-0.01930234384977863
48313000400,-0.09770286216784924
48313000200,-0.04464069667967619
48185180302,-0.029061603364873033
48185180304,-0.01623024863172991
48185180303,0.001392064385401137
48041002009,-0.0011555094228991266
48041002016,0.0025579283724725486
48041000106,-0.0019810903687682425
48313000300,0.0014714500158568562
48041000103,-0.0027669310951499307
48395960400,-0.01498502604951191
48395960200,0.0001335973117161029
48395960501,-0.026753936095533275
48395960502,-0.012821900949461059
48331950500,-0.0018346692550890004
48051970100,-0.04147491004257385
48041000206,0.0025515993592577406
48041000207,-0.021467595445409993
48041000205,-0.0350082954014886
48041000301,-0.0033149432435372614
48041000302,-0.012435787355689874
48041000104,-0.0060566638841674705
48041000108,-0.00236747329069904
48041000105,-0.01189670905814402
48041001302,0.0062068361259350275
48041001301,-0.011499473186639613
48041001902,-0.003970710580863731
48041002022,-0.01440077825142275
48041000107,-0.007052996724771015
48041001901,-0.003303898108857125
48041000402,0.009364422355747954
48041000401,-0.055134774713807067
48041000501,0.0032343629504831667
48041000502,0.004190293318544954
48041000603,-0.001088105927601031
48041000700,0.001438973974099379
48041000900,0.002872259275980065
48041000606,-0.004431144704316138
48041000605,0.002653459957292471
48041000204,0.005344870456622129
48041001001,-0.041059057111233865
48041001002,-0.08244536319003515
48041000800,0.0001856537452763259
48041001102,-6.454527487525796e-06
48041001101,-0.007130940514994102
48041002100,-0.06555193484227123
48041001608,0.0015100480815390671
48041002017,-0.06254568493285557
48041001401,-0.12635683673035414
48041000203,-0.0014121408396128698
48041980000,-0.563724994227152
48041002023,0.009726326443139255
48041002024,0.014378357437055879
48041002006,0.002016259512431633
48041001804,0.003231881514190418
48041001801,0.0019777274679720906
48041001604,-0.0014598686756552713
48041001803,-0.0015741298663804106
48041001605,0.0014050213781936767
48041001606,-0.0044728932057902775
48041001607,-0.01908491306706869
48041001303,0.0014419354665102199
48041001703,0.0013558017971300896
48041001704,0.02374892126830861
48041001702,0.0030422287188894143
48041002001,0.00614465172767449
48041002019,-0.001013907780045316
48041002025,-0.001255452416076705
48041002026,0.004707242297586633
48041002020,0.003807780058990855
48041002018,0.0016261578345428324
48041002021,-0.010218615827795666
48041002014,-0.023840119727330043
48051970400,-0.004436914750285027
48051970300,-0.01014534868481454
48051970201,-0.0005680471676768785
48051970501,0.002686578459325817
48051970502,0.00314778669213749
48477170501,0.009443135569539404
48149970100,0.002837446149018781
48477170400,0.007472887844452327
48477170202,-0.006105193932152407
48477170502,0.011785521478259259
48477170201,-0.013976216696598778
48477170100,-0.016946172277971728
48477170300,-0.0011832745076997657
48477170601,0.015353448295865374
48473680303,0.00349396351007567
48473680502,0.0016597990375911737
48185180400,0.012254761652137961
48477170602,-0.009078293323406577
48041002011,-0.0014657481342558857
48041002010,-0.001518867636366627
48185180201,-0.04240158245896023
48185180101,-0.014525269365129214
48185180202,-0.009535609340324703
48339694601,0.006496999514243571
48339694602,-0.0034274925729046333
48339694603,0.00026046294493035417
48339690300,-0.00365775393863802
48339690204,-0.001127384933631518
48339690203,-0.0016740078414194896
48185180102,0.004963609764612008
48473680602,0.004336319280037208
48473680601,-0.020140227969138908
48473980000,-0.0024268574034017492
48473680301,-0.009803454753463212
48201556000,-0.02535961744765137
48339690101,-0.006136401260421738
48339690205,0.0062205256000318725
48339690102,0.004299451944100755
48201555600,-0.000999861554118351
48201555501,-0.019380679443612797
48201554806,0.00857580955426288
48201555404,-0.04829594106286151
48201555401,-0.025591473740851668
48201555403,-0.040185857445740505
48339690408,0.003065534858022018
48339690207,0.005034868824374353
48339690206,0.0016481958988547557
48339690405,0.0017904778504928723
48339690403,0.0026025936377792585
48339694502,-0.014657630301806
48339690404,-0.0011062136851798666
48339690406,0.003131973809541935
48339690407,0.001996578007948318
48339690604,0.0014657771378138538
48339690606,0.004656047223443692
48339690605,0.001423413042659427
48339690608,-0.0029882790047440055
48339690607,0.0025964332477955254
48339690609,0.004120258987300504
48339690501,0.0016090803152536744
48339694503,0.0014342125284979351
48339690502,0.001981000254108947
48339690503,0.001667281722072561
48339693301,-0.005426508967569464
48339693302,-0.030387782043029478
48339693303,0.006055892614495938
48339693402,0.00046013833190055057
48339693304,-0.0017152170072889986
48339690701,-0.01350250093717021
48339690610,-0.0009507806923586253
48339690800,-0.0033795205168617513
48339690900,-0.0015303643113639687
48339691000,-0.005217553871019307
48339691100,0.0013891605827628711
48339691201,-0.0067150179457322046
48339690702,-0.02192576997487131
48339691700,-0.1823002005679483
48339691500,-0.01898070805377143
48339691601,-0.07143054527582582
48339691602,-0.017280866784415195
48339691402,0.0031134914578823444
48339691401,-0.002674132906637005
48339691302,-0.003098666819333843
48339691202,-0.021512767803837284
48339691301,0.001436766541755687
48201555305,0.001483290795806449
48339690603,0.001593807980896638
48201555303,0.00012977641302346733
48201555304,-0.0025267178809505867
48201555301,-0.007589665485974717
48201554902,-0.018921180695278858
48201554907,-0.016773607419396538
48201554908,-0.0026683542569097465
48201554803,-0.016343070328149738
48201554809,-0.0060016411572324
48201554804,-0.033417664744571016
48201554904,-0.002926357714142777
48201554905,-0.01929645018948989
48201553801,0.0026541200005434982
48201554906,0.0014798037448508624
48201555002,-0.004604686874851827
48201555101,-0.0075736550016046195
48201555200,-0.04735348820283286
48201555102,-0.0044358592938019805
48201555001,-0.005726863091233752
48201553403,-0.003783678149961938
48201553404,0.0015771178983478241
48201553401,0.0014974721763712008
48201553405,-0.0037565891547439367
48201241302,-0.006796990996494086
48201241201,0.0033573547732679305
48201241202,0.0015102762150751177
48201241101,-0.001568451671275947
48201241400,-0.009213723924380546
48201241301,-0.03318018376937872
48339691403,0.00798074106535386
48339691900,0.0037104221337557197
48339691801,0.006644398467377141
48339691802,-0.004828870297498681
48339692004,0.001422888885057498
48339692003,0.003826567661607077
48339692006,0.0015980488464311376
48339692005,0.001381807777308989
48339692007,-0.0016797954494253181
48339692008,0.0015137664837583244
48339692010,-0.004373294236641741
48339692009,-0.0037056600163968313
48201241103,0.0019976901195852283
48201241105,0.0016012096895143561
48201241104,0.0014921373111808193
48201241002,0.0015745059199284471
48339692304,-0.0011819587269231743
48339692303,0.0021701229999405466
48339692402,0.0027127944335431997
48201251200,0.003706317220889592
48201251300,-0.00208505287385394
48201251402,-0.004897586755332535
48201251503,0.0012421915246143653
48201251401,-0.006987045578347067
48339692401,0.0021329708990983397
48339692502,0.0029732951791935323
48339692605,-0.05963908369919278
48339692604,-0.05113880017381295
48339692302,-0.007531733768079742
48339692301,-0.0251799203414907
48339692601,0.01083794193584315
48339692701,0.00898558571687665
48339692603,-0.019067886623494283
48339692702,-0.013120816402900071
48339692900,-0.002300569593490549
48339693001,0.006135843855594505
48339693002,0.005195457119860056
48339692201,0.006951686121169642
48339692202,0.00220917800134497
48339692103,-0.0013127611225448328
48339692102,-0.053313960424732264
48339692101,-0.06665933794020588
48339693202,-0.053732673109946075
48339693201,-0.01621311147871301
48339693102,-0.0010293558252695305
48339693103,-0.011291317580607516
48339693903,-0.006610308358556421
48339693904,-0.002147975752391322
48339693902,0.003825179937815353
48339693104,0.0040195771267276985
48339693901,-0.0038036468584304647
48339694103,0.007706785610000957
48339694104,0.004869855757093481
48339694001,0.007036327403558482
48407200106,0.008507332518137642
48339694002,0.008271002476538947
48407200107,0.015517319996654129
48339694107,-0.0018778054071193998
48339694205,0.031813911975795306
48339694204,0.038368115088621604
48339694203,0.015117258925312769
48339694106,0.003314311488239877
48339694105,-0.013660677515698324
48339694209,-0.04713731497958937
48339694208,0.004084245577604029
48339693800,-0.004036234587615716
48339693502,-0.021051950032498684
48339693401,-0.07548187901952205
48339693503,-0.015323987153611034
48339693501,0.012677076592506126
48339693600,-0.011911737526942297
48339693703,-0.0017346148484034666
48339693702,-0.0011781552515124833
48339693701,0.01630131550849028
48339694401,0.012311550978720933
48339694307,0.01113639768425645
48339694207,0.025202814699726496
48339694206,0.02690128361638205
48339694210,0.027204009256431017
48339694304,0.01946948681237249
48339694306,0.021069845358726136
48339694308,0.02972572188872337
48339694309,0.021191916129016324
48339694305,0.020323009393898493
48339694402,-0.003221914433160975
48339694403,0.01482268149556254
48339694501,0.012292583893997854
48339694303,0.012288985359955297
48339694700,0.017137190515412428
48471790301,0.0023198674283931536
48471790302,0.0058850616408683745
48471790800,-0.03920553776541966
48471790500,-0.04251305250993237
48471790600,-0.043559969506562005
48471790700,-0.013979720578786789
48471790102,0.01117063009385379
48471790401,0.007999225464971352
48471790402,0.003814750542898741
48225950700,0.02107154491600328
48471790101,0.011834821310839164
48455950400,0.026395739850268093
48455950500,0.006818963552633495
48455950300,0.029496262777698443
48407200301,0.0745647107586753
48407200302,0.06544099714903165
48471790103,0.018037798103127257
48471790200,-0.0019148326279072798
48407200201,0.03759219642132118
48407200202,0.056323655136943485
48373210204,0.0534033368160724
48373210203,0.0060432588416724055
48373210302,0.045239462960721406
48373210206,0.05002420218735936
48373210205,0.08457859508786941
48373210301,0.03277253382557965
48455950200,0.032689483134557086
48373210402,0.009352082188137273
48407200103,-0.07197966850078102
48407200104,-0.10673811064089139
48407200105,-0.011603609617693076
48291700100,-0.011562525084383544
48291700200,-0.0385218478532938
48291700303,0.0021067755828537652
48291700500,-0.044181880204158766
48291700400,-0.014008753384628595
48291700301,-0.009734883606998732
48339692803,-0.02499799277799726
48339692804,-0.07256083371879105
48339692802,-0.03350000986047934
48291700302,-0.045620234592604225
48339692501,-0.0030155658825562082
48201251501,0.0030586729370230092
48201251504,0.006714501766935083
48201251505,0.025426201003527073
48201250901,0.007369095963203252
48201250902,0.0346030695649603
48201251600,0.012678964654411692
48291700900,-0.01228565916739982
48167721403,-0.006630844101273115
48201341502,0.009496250240059304
48201341501,-0.021554332927549692
48201343700,-0.007787881236031322
48201340203,0.00143995215265532
48201340302,0.0036433401355767054
48201341400,0.009949357025882462
48201341204,0.012719034091196985
48167721502,-0.021363227060667275
48167721401,-0.0027784413281221306
48167721205,0.0014188447785168506
48167721501,0.0034966491897943063
48201341203,-0.020017298511176014
48167721302,-0.007936652848920587
48167721301,-0.00520602287304937
48201341201,-0.024115883242943767
48201341302,0.014823303473626905
48201341304,0.006400740064663676
48201341303,0.00581931008798958
48201340400,-0.00925254483150827
48201340501,0.0032822591619282885
48201340600,0.0015002953282525755
48201340702,0.0028545605554170517
48201341002,-0.0008320029657770979
48201341001,0.005038083477623701
48201340701,0.004893087061385509
48201340502,0.009960049734238793
48201341102,0.01651174853220012
48201341101,-0.00872358448108631
48201350803,-0.01812197475521514
48201350801,-0.0014555997359879925
48167720200,-0.006488189627741812
48201350603,0.0014668985110210158
48201350601,-0.006203631281516903
48201340900,0.006351204132819337
48201340101,-0.026582721654499125
48201340201,-0.0825795165053661
48201340800,0.0037594430194702495
48201340301,0.0006674497136055865
48201340202,-0.009037959966596495
48201342001,-0.0012536915732181669
48201342002,0.012094996488773857
48201323702,0.010517040510624237
48201324000,0.006049109799941541
48201323701,0.015027925972490662
48201323900,0.01913579005430617
48201323802,0.004764661600523285
48201323100,0.009603146710616173
48201323200,0.005065932755007632
48201322600,0.007389514514239625
48201322702,0.0015508294598998865
48201322701,0.006620260734198573
48201342400,0.010985864239406045
48201342500,0.00877067149332604
48201342700,0.005474369748518242
48201342300,0.015044602673723087
48201342200,0.011401492774488875
48201342100,0.010225663401211709
48201343000,-0.014166461246530888
48201342900,0.0042302733094516515
48201343100,-0.016016336999592665
48201343200,-0.06204230828375516
48201343302,-0.011601622098947844
48201343301,-0.008919205964847122
48201342801,-0.023213150147056986
48201342802,-0.01407602563593923
48201343601,-0.023536813145389412
48201253300,-0.005043228460143164
48201252500,-0.004476445263594364
48201233104,0.003402723075776472
48201233103,-0.011216244515751006
48201233101,0.005551305879765061
48201233002,0.00022560058560631353
48201233003,0.006585002911794492
48201252305,-0.00170401417147573
48201252304,0.004034752121027723
48201233105,0.0020415587285178404
48201252400,-0.0028268243270105726
48201252306,-0.0029386297346299935
48201252303,0.00020352426367345076
48201252202,0.0015538217456984244
48201252201,-0.0016293574103043687
48201252002,0.003615692489400197
48201252100,-0.01729493406970528
48201251902,-0.08227182881004827
48201252901,-0.11153559582253902
48201252602,-0.0530218861600118
48201252601,0.008453046009564848
48201253502,-0.03619897615583984
48201252902,-0.02783037085058622
48201253000,-0.02553051050802785
48201253202,-0.013886606455108348
48201252800,-0.12164983003993574
48201252700,-0.1623302321890257
48201251800,-0.5554057989186312
48291701000,-0.16688373860363626
48201251702,-0.05217122364709147
48201251701,-0.23017136362465868
48201251904,-0.02581324305388609
48201251903,0.0123147323340921
48201252003,-0.026955844343067893
48201250405,-0.0009461000394525557
48201250702,0.011541217657026967
48201250404,0.004823491287450068
48201250403,0.010646382808096665
48201250801,0.01888734471658039
48201250802,0.01651348702299184
48201251000,-0.011407520008079701
48201250500,-0.005020646747229814
48201250406,-0.0010921752261875341
48201250305,-0.829932757229566
48201250602,-0.009954650885703124
48201250701,-0.012651838324703242
48201251100,-0.007098420785443902
48201240904,0.0059441754933367156
48201240903,0.007166203502830896
48201241501,-0.032144824105952687
48201250601,-0.008111705540692911
48201250201,-0.017743291150287832
48201250202,0.010322092116883536
48201250101,-0.0516614292193953
48201241502,-0.01668488614699943
48201232201,-0.012947330475174565
48201222701,-0.004816911832184671
48201232202,0.00195945071494945
48201232203,0.001783410145734364
48201250303,-0.00850279883166229
48201250304,-0.2284430058954153
48201250102,-0.5015545327847714
48201250306,-0.7668413509005487
48201250407,-0.48899076258783936
48201250408,-0.22678564006126078
48201252001,-0.017083384345496604
48201232303,-0.0014890708848650947
48201231200,0.005110535136127414
48201232304,-0.0006180039367959227
48201232305,0.0019880919262046347
48201232306,0.006823577669412344
48201232404,0.007454589328848715
48201232403,0.0026688617974478177
48201232405,0.0037159677739096253
48201232402,0.004177378305979347
48201232901,0.003039694155026135
48201232902,0.010370410714546991
48201233001,0.012275508459460249
48201233200,0.006049033521556461
48201232801,0.005064747456430454
48201232704,0.0066933277449091454
48201232802,0.00035704679859643504
48201232701,0.004534695864628666
48201232600,-0.002863278108345603
48201232500,-0.03140816198308491
48201231100,-0.0035728368181526613
48201231000,-0.010520400266767566
48201230900,-0.0666051775628799
48201211700,-1.188184291210228
48201212400,-0.16901909360020007
48201211900,-0.012180532097914497
48201211600,-0.045612180077701264
48201230200,-0.13542995778597222
48201230800,-0.016838741573876253
48201230300,-0.05433566908201126
48201230600,-0.24338495051410797
48201230700,-0.03488813818921824
48201231600,-0.016388196516939648
48201231500,-0.0021909982173325053
48201231400,-0.0017618629626750537
48201231300,-0.001368439217516895
48201231900,0.00027982687501059263
48201232000,0.0017234346018947177
48201231800,-0.02565168752496611
48201232100,0.0027053554740794792
48201223002,0.0018515374908136728
48201222200,-0.006187915071750243
48201231700,-0.03202239659664256
48201222100,-0.019971663838632615
48201221900,-0.0009920265077294436
48201222300,-0.03856304614650627
48201221702,-0.019663251818941727
48201221701,-0.034833199431134054
48201221800,-0.014577236471878379
48201221200,-0.008908087406114994
48201221301,-0.43458921405331685
48201221302,-0.04237280802951447
48201221100,-0.10291525618533992
48201220900,-0.9566624008789762
48201221000,-0.09683937773993437
48201222000,0.00014162363556020663
48201230400,-0.2545711277865661
48201230500,-0.33204643258551486
48201220701,-0.5234575683199272
48201220702,-0.05695841325795779
48201220800,-0.10154859470869769
48201220100,-0.08294665835992754
48201230100,-0.17698307004527375
48201210900,-0.08690957933266623
48201211000,-0.08717047891292243
48201211200,-0.17865830163606422
48201211102,-0.11280181528177761
48201211302,-0.13456836172768916
48201211101,-0.09988235904991308
48201210800,-0.0950311857042416
48201210700,-0.07512089202181621
48201210600,-0.05644734441132211
48201210500,-0.08347773655227644
48201210400,-0.12171586864499559
48201510301,-0.11396959247837081
48201510302,-0.10451236884963973
48201511400,-0.16354219205188786
48201511600,-0.14597904614033919
48201220200,-0.09696609871602524
48201220300,-0.06755603081079817
48201220400,-0.7181944024078483
48201220600,-1.0076749468200958
48201220500,-0.36777982903624906
48201530501,-0.41325453200488876
48201530400,-0.15683407734540714
48201530502,-0.4850507466735593
48201530600,-0.5980413641751493
48201530300,-0.10399145146910772
48201511502,-0.11733672391899716
48201511302,-0.08874432038671035
48201510400,-0.09591828835110534
48201510500,-0.21646570151181643
48201511301,-0.17325205809607683
48201511501,-0.23941491293226758
48201511202,-0.23506596080020903
48201511100,-0.21320894821742892
48201511003,-0.08558041123201217
48201511004,-0.1452598824928995
48201511201,-0.197875580107638
48201510901,-0.24398470483198537
48201510902,-0.25870567733029026
48201511001,-0.08531376125877461
48201530101,-0.040591711876940106
48201531100,-0.21603820235088428
48201530200,-0.15638057385031226
48201531000,-0.22456792980460172
48201530900,-1.272439574970662
48201531700,-0.5311622423646496
48201531800,-1.1429743514146242
48201533200,-0.026765150092518494
48201530800,-0.5819275903073993
48201530702,-0.3132081572030563
48201221400,-0.4041339678582557
48201221501,-0.022328269059782434
48201221502,-0.014105507138132852
48201530701,-0.012231731930644881
48201533301,-0.030209701325889574
48201221602,-0.018959206577396283
48201222401,-0.017462523017758552
48201221601,-0.002536698699248779
48201533600,-0.022605361519122798
48201533500,-0.005181630230694376
48201533302,-0.017898612243676084
48201533401,-0.002815020427070053
48201533402,-0.020041946853136688
48201533803,-0.0037151019446054934
48201533702,0.008640199271318622
48201533701,-0.0032252256918166478
48201550500,0.0023579211550843514
48201550404,-0.00324099051911145
48201550403,-0.03776991334814668
48201550201,-0.02952849135495434
48201550101,0.025741204015502166
48201550202,0.003955180684543548
48201550102,0.045418504397131826
48201240102,-0.016949341614928868
48201240600,-0.0022535534021352922
48201240506,0.020447264262064745
48201240503,0.010758444164607275
48201240505,-0.04488108762989594
48201240101,-0.014549001622406695
48201240504,-0.0122109972061138
48201222601,-0.008486800259584657
48201222602,0.006154801585716567
48201222501,-0.019849698755423487
48201222504,-0.0029429473820398993
48201222505,0.004932016635600227
48201222502,0.002665025779311451
48201222402,-0.02850137306579
48201222800,-0.03629338121510503
48201222900,-0.011086605670279064
48201223001,0.00024375298428508597
48201223100,-0.028791325655244407
48201222702,-0.0017091245137587547
48201241503,-0.06518687942136045
48201240400,-0.20656482713103527
48201980100,-0.06940392459699121
48201240905,0.011713078975426809
48201240906,-0.001623884276047766
48201241001,0.002730448268932956
48201240802,-0.0018894540126008334
48201240803,-0.025835668049860108
48201240705,0.0014983946791068126
48201240706,-0.6617653584363679
48201240707,-0.4550022741475122
48201240703,0.0030382228790220593
48201550303,-0.05254647418104193
48201550308,-0.017951808125547
48201550406,-0.006082032160336868
48201550306,-0.009080788843477808
48201550305,-0.016345867396582135
48201550307,-0.08161056747390524
48201550304,-0.00786329368331437
48201240704,0.00013576903769491668
48201553300,-0.0055490477230214965
48201240804,-0.06928252889050251
48201553202,-0.001549981980578632
48201553201,-0.004975169172188333
48201553101,0.0038478337493680816
48201553102,-0.027323500827028113
48201553002,-0.003062067132255918
48201553500,0.0018612072819355972
48201553602,0.001871868798770683
48201553601,0.0031804245575752913
48201553700,0.0034691453975751844
48201553001,0.0036049010169675235
48201552902,0.004989167024615371
48201552901,0.005098129904942614
48201551201,-0.008520245181924475
48201551101,-0.0020345572174047277
48201551102,-0.007443972930612604
48201550405,-0.012959530256336645
48201550407,-0.0017997412676566613
48201550603,0.0032198969058341766
48201550800,0.003372112355113563
48201550601,0.0003535290503810615
48201550602,0.007922664669460549
48201533802,-0.007404671366178173
48201533804,-0.012942307835856152
48201534001,-0.013769235142729316
48201533904,0.0017584063515780572
48201533903,-0.0042193474840467714
48201534002,0.0016238276350877493
48201534102,0.0018226614019567506
48201533902,-0.0016869340466244339
48201534003,0.0023621407946186153
48201551300,0.016370032163659697
48201550700,0.008466338851044527
48201550901,-0.006679527348196733
48201550902,-0.01823948573750904
48201551000,-0.017594017847093087
48201551202,-0.0216241465068545
48201551400,-0.03203420888161244
48201552701,-0.023230052072883506
48201534101,-0.0013623598733285957
48201534201,0.002365365005545856
48201551502,-0.0016819264735272728
48201551601,0.003601424985820459
48201551703,0.0031024729108255116
48201551705,0.005051357624911526
48201551602,0.0074774551318425786
48201552501,0.003478740646240292
48201551501,0.001631401676498985
48201552502,0.001686640343231429
48201552603,0.006260362121937251
48201552604,0.00029712589127663157
48201552602,-0.012754285053817295
48201554701,0.01730098170091958
48201554202,-0.002366765824209493
48201554201,-0.011916405643283202
48201552702,-0.006654519159127327
48201552801,0.005622196450462946
48201552802,-0.03447374735326492
48201554002,-0.003522866618961734
48201556100,0.00237395997661253
48201554001,0.004760377848337787
48201553804,0.003300715271169802
48201553803,0.0061248029614832614
48201553901,0.0024192692444314325
48201554104,0.0020582062733833072
48201554103,-0.003410126998974995
48201554808,0.0016978517415956029
48201554805,0.0016305171063723859
48201554807,0.0015519499111078614
48201555505,0.0014795566717688495
48201554702,0.009166579410828041
48201554301,0.001024219554992498
48201554600,-0.004099073023262155
48201554502,0.004681223711579141
48201554404,0.0015459059047449168
48201555504,0.0018099644495026366
48201555503,-0.0014576388571605698
48201554501,0.0045039667964746725
48201554406,0.0017285575383671995
48201554405,0.00010204721286249875
48201554407,-0.03527794842702124
48201554408,-0.01833243373314951
48201554409,-0.020085023103955477
48201543007,0.0014741946674053689
48201543006,-0.001988331088229628
48201541006,-0.00604411895913643
48201541007,-0.003696844428847909
48201541008,0.002661776208818885
48201541009,0.0015689016326571551
48201541004,0.01020980975401402
48201541005,0.0023464284292102127
48201552103,0.040427404981034705
48201552200,0.004915823545787542
48201554410,0.012464405260420384
48201552301,-0.00497279972339554
48201554302,-0.003614303446448315
48201552304,-0.008598981510156353
48201552303,-0.014508780415219618
48201552402,-0.011402636003591843
48201552401,0.027705493093387434
48201552102,0.06209375573249301
48201552101,0.045156679400273556
48201552002,0.014261751390045565
48201552003,0.004828534635259859
48201552004,-0.007491868593657078
48201551902,0.022174208552344844
48201540800,0.0016398213393387074
48201540700,0.001058833726411043
48201540602,-0.0017120752765294924
48201540601,0.013180901015860419
48201540502,-0.8463164983426693
48201540504,-1.0139657975441732
48201541401,-0.059159817049568054
48201540503,0.014914713520528925
48201541203,0.00866793031848507
48201540901,0.010399254992909165
48201540904,-0.0036603800201389196
48201540903,-0.0034771398809043132
48201541100,-0.003760437731856113
48201541205,-0.008403572874035824
48201541204,-0.007802302808889099
48201541206,-0.005741983458816194
48201541207,-0.0012196843802581023
48201543011,0.0018492057498692815
48201543010,0.0021172171845405983
48201543009,0.0001654454775264901
48201543008,-0.003166581185895203
48201542107,0.008728736711273529
48201542108,0.007751288489606717
48201542106,-0.025346917654570852
48201542105,-0.26978416815478096
48201542103,-0.1521511856478323
48201541500,-0.03876873952618347
48201541302,-0.009418911982528332
48201541301,-0.021543865332982692
48201541404,-0.008105390117206726
48201541402,-0.07179752664058066
48201541403,-0.06393723859721906
48201541603,-2.681817848987304
48201541701,-0.1615041613769073
48201541604,-1.0026985657964609
48201542104,-0.2760092844646992
48201542002,-0.0009906621586180937
48201542001,-0.001810432145423539
48201542003,0.0017372742556064726
48201541902,-0.002024550822667407
48201541901,-0.01681157818739277
48201542004,0.005481944659457565
48201541801,-0.005185490880910947
48201454505,-0.0069232486571554775
48201541802,-0.009127773765888025
48201541703,-0.00787222615611364
48201541702,-0.13325901124687872
48201450500,0.0054568482890588795
48201543202,-0.27875929266619637
48201450402,-0.031039298729892095
48201450302,-0.1013857547329163
48201450200,-0.052906519350686056
48201543201,-0.3080668466923853
48201522402,0.004525609984788535
48201450100,-0.07535428889874965
48201522302,-0.01772751836736835
48201522301,-0.051878852044837886
48201522201,-0.012582010145727478
48201522202,-0.004085979596190041
48201522401,0.0059294782625790125
48201522101,0.003247115185626444
48201522102,0.004915945356261671
48201521501,-0.044995538247418296
48201522002,-0.022551016231426767
48201522001,-0.042089929542211496
48201521900,0.006385418147510219
48201540200,-0.0715036542128668
48201540101,-0.05588886779193819
48201521800,-0.6743366971395208
48201540102,-0.019423305723155378
48201551901,-0.013071569447440387
48201551704,0.0047481234638960135
48201551702,-0.0010756852635598261
48201551800,0.019958219118553312
48201534204,0.010818022520856316
48201534205,0.007407674974312482
48201534203,0.014299618140243688
48201521701,-0.6200944614551682
48201521600,-0.374884310544653
48201532301,-0.26139423951900764
48201521702,-2.648260794388028
48201532302,-0.2968979240384181
48201532400,0.0035945863383508225
48201532504,0.0026234819027533855
48201532503,0.004872849779319633
48201532502,0.0016299176518837712
48201532900,-0.006239463924706444
48201532600,-0.004736144171209285
48201533000,-0.03361622386589305
48201533100,-0.005152382271029359
48201532800,0.004646943688685267
48201532700,0.004222582289413508
48201532003,-0.012997874759825596
48201532200,-0.18964440772256674
48201532102,-2.775611808435828
48201532101,-3.0143375233803216
48201532004,-1.5230028005478369
48201531900,-0.8139203320890516
48201531600,-0.3099056105113501
48201531200,-0.19283644249918414
48201530102,-0.042445777620083586
48201531300,-0.07748099728209829
48201520501,-0.07330946536698696
48201520400,-0.07973035344139619
48201531400,-0.032787915328343666
48201531500,-0.06752612873588293
48201520502,-0.051626328579678075
48201521401,-0.0726545969349428
48201521502,-0.0652315104090907
48201521300,-0.17828794088569544
48201521402,-0.042629597910024505
48201520601,-0.12169077875549089
48201520603,-0.02676583972002771
48201520700,-0.04128300295469144
48201520604,-0.03764308239840961
48201521201,-0.09953206698265271
48201521202,-0.14184339919104028
48201521100,-0.08763212997278708
48201521000,-0.03591428267805469
48201430500,-0.04531817706491685
48201522500,-0.03467298301752651
48201520200,-0.08796149142071658
48201520302,-0.13911805878158362
48201520301,-0.10206335148461235
48201520100,-0.12442360949207917
48201430101,-0.07651781057227586
48201431701,-0.038498059838632984
48201411302,-0.013108446665148996
48201431804,-0.10357620452921998
48201431803,-0.05232858448559853
48201431702,-0.007195646202110741
48201431505,-0.011109094054896029
48201431506,0.010529541283534529
48201431600,-0.038644378880414366
48201430102,-0.0321171647684339
48201430200,-0.025616523939295394
48201430300,-0.03731516308600888
48201430400,-0.010247622117333603
48201431204,-0.11872928861560098
48201431503,-0.2599504078428298
48201431504,-0.051059870930641925
48201431302,-0.06945489343420337
48201432003,-0.1890815293191826
48201432706,-0.3146926389005132
48201432005,-0.41268069205153834
48201432006,-0.5752392052408946
48201431303,-0.4167308037389546
48201431304,-0.2802960927289063
48201431203,-0.11335595646162644
48201431206,-0.25429495734387775
48201431205,-0.4308202192675149
48201432101,-0.18888967762331674
48201432102,-0.04956150434522663
48201432600,-0.06025862054913925
48201432803,-0.006082292814916377
48201432804,-0.12707028646601587
48201432705,-0.2897758191893327
48201421203,-0.08037237184362762
48201421204,-0.03769257194542783
48201421206,0.0027702394331935716
48201421205,-0.1679181016633327
48201421401,-0.18650454305279454
48201421402,-0.046561196149719805
48201421103,-0.07405895014915605
48201421502,-0.06122270804550209
48201421104,-0.29556742300257993
48201432704,-0.16566735730311455
48201431401,-0.1592279110105426
48201431404,-0.19862021721166864
48201431403,-0.08908050937625955
48201431801,-0.06159430876839378
48201432004,-0.19719983043778977
48201432703,-0.08644478217054036
48201431901,-0.39886317222445633
48201431902,-0.12677148457812965
48201411600,-0.03705444240448272
48201411700,-0.02605468244708472
48201421101,-0.043286903760158243
48201421000,-0.03605703314946061
48201412700,-0.06643090105853636
48201412800,-0.023218767487243643
48201421501,-0.08579863490690508
48201421602,-0.06259372957834333
48201420900,-0.03323044056996169
48201421802,-0.011550198380029986
48201421801,-0.125223759239671
48201420800,-0.017967621054091193
48201412901,-0.000687089400994585
48201420300,-0.011342879550356127
48201420700,-0.09695981963052738
48201420400,-0.04383328209642044
48201420600,-0.1727631562180976
48201420500,-0.5757177303096284
48201422100,-0.17854492305835956
48201422000,-0.0425893549993328
48201421900,-0.028718821450503
48201422501,-0.00267321698680212
48201422502,-0.007671739378486852
48201422302,0.001688540065026282
48201422404,0.0021549701360937513
48201422403,-0.00400333158615908
48201422406,0.0026889281859295037
48201422405,0.011511893414873645
48201423303,0.044702326944794674
48201422304,0.0018461216950109668
48201422303,0.005931438647287818
48201423401,-0.0034928629368931076
48201423304,0.0185110003766034
48201423301,0.002095907623068577
48201423001,-0.012095847234300326
48201422800,-0.020607490590825995
48201422601,-0.004596028695725179
48201421700,-0.029226284720273027
48201422602,-0.01926269410210743
48201422701,-0.03478885988609122
48201421601,-0.043709060684629535
48201421403,-0.10687965970833899
48201421301,-0.4108775764676843
48201421302,-0.12710211940927224
48201422702,-0.03682756384630495
48201432805,-0.07715855956414745
48201432806,-0.1049489378774707
48201433300,-0.04157104164991163
48201432904,-0.017969810460451215
48201432903,0.003440433689993325
48201433007,-0.005777454364865262
48201433003,-0.07411138529578826
48201433201,-0.06217284025093742
48201433202,-0.05342593834865479
48201433505,0.0003078767298461745
48201433504,-0.014173702156351253
48201433400,-0.0339527076928147
48201422900,-0.014547307065948731
48201423002,-0.012330424714840353
48201423204,-0.04005333944408596
48201423402,-0.003076529573095864
48201423203,-0.030344027518129788
48201423500,-0.008928668136061874
48201423201,-0.023419127604635062
48201423100,-0.023614701517272442
48201433602,-0.043382758817808266
48201453300,-0.025791675149986495
48201433601,-0.045958497474642035
48201440101,-0.04730566557468595
48201453401,-0.019037540883880037
48157671900,-0.026533363172848837
48201453403,-0.0015362850376144073
48201453404,0.003038715410555471
48201453405,0.009349022556020988
48201453604,0.0028370703332805548
48201453603,0.012038765153678098
48201453202,-0.004186905708476996
48201433507,-0.015455894015455652
48201433506,-0.00295784838804238
48201433503,0.04631015672225608
48201453201,0.01795226164639886
48201453100,0.007725086890669482
48201433100,-0.019284521987540812
48201452300,-0.03247962964884749
48201453001,0.0060820312258974465
48201453002,-0.003675364884465683
48201452402,0.005582174906624508
48201452401,-0.01791399558866396
48201452101,-0.006755762071319591
48201451004,-0.004174110356940274
48201451003,0.001222861299304701
48201451006,-0.024200576661917623
48201451005,0.008712873411651988
48201452102,0.0076552819886266605
48201452103,-0.0015997611830123283
48201452203,-0.037365768731146685
48201452204,-0.12078037093180924
48201450900,-0.1597538574155355
48201452202,-0.02251022227315006
48201433005,-0.09057758075021258
48201432402,-0.3791146480091667
48201432401,-0.20963615747019038
48201433004,-0.07085283325596703
48201433006,-0.009581261263286147
48201432901,-0.029591547133232365
48201432502,-0.15042724219345593
48201432501,-0.12190984887393869
48201432200,-0.07379573255236149
48201431102,-0.032847887245702326
48201432301,-0.04521067326207391
48201432302,-0.34407648760895315
48201432303,-0.3503619403401935
48201431001,-0.03429827381795469
48201431002,-0.035351625069318784
48201430900,-0.043179768474382846
48201431101,-0.021785456031541375
48201430600,-0.04380054113177113
48201430700,-0.06964238173496787
48201430800,-0.045644555990250454
48201450801,-0.028028402996334797
48201450804,-0.14796318467675784
48201450803,-0.027164615068505687
48201451100,-0.03168193764211741
48201450700,-0.0001951419823645149
48201450301,-0.08003969374675604
48201450401,-0.00844496035380565
48201450600,-0.007871017173049156
48201451502,-0.0021508737486348635
48201451401,-0.0019330532386048751
48201451302,0.0031580798167096056
48201451200,0.0003402443269581028
48201451301,0.009293091539225803
48201452002,-0.025957565287726136
48201451902,0.008110440676956616
48201451904,0.001137057439766799
48201451903,-0.00015784353502298806
48201452001,-0.007975841952234126
48201451406,0.015277540640910792
48201451407,0.005584035384498597
48201451405,0.013344771260808089
48201451700,0.005531599752080679
48201451800,0.0009875563321697103
48201454303,0.0034397053437592497
48201454305,0.013356057902211812
48201451606,0.011904869395780424
48201451605,0.0703634205227696
48201451404,-0.0010203453346623909
48201451603,-0.005945555502467891
48201451604,0.010151950736772967
48201451501,0.003980250070264368
48201454400,-0.0016093106779083135
48201454504,-0.003934468725105089
48201454503,-0.011224568994356705
48201454502,0.0014319518589371058
48157673007,0.004109896036122533
48201454302,0.00016483490886383498
48201454304,0.008006920068392952
48157672602,0.0023983512916966043
48157672603,0.001489793673256654
48157672604,0.0018316379175739826
48201454200,0.001649929102541035
48157672905,0.0012872327492387857
48157672907,0.0014712472185633499
48157672904,-0.004221565450899462
48157672701,0.002189111790204718
48157672703,-0.008145380976604725
48157672303,0.0022097255106130823
48157672304,-0.011765490416618932
48157672402,0.002398154780598392
48201453902,0.007858780708944978
48157672401,0.007399703530451847
48157672500,0.005690886251751719
48201454000,0.0054784793855114765
48201454100,0.0024153197445320384
48201452601,0.00015381799195458672
48201452703,0.004858284618451336
48201452602,0.0041496822556507905
48201452702,0.009570789703613003
48201453901,-0.0013314212959405053
48201453701,-0.006646965664205643
48201452701,7.938416160766541e-05
48201452502,0.00317854409279114
48201452801,0.005921793645418977
48201452802,-0.026389967137569817
48201452501,0.02690985014044752
48201452900,-0.02649244362651184
48201453702,0.0022076669332698274
48201453601,0.0007252200160833665
48201453501,-0.02063327035389178
48201453502,-0.042376085192759275
48201453800,-0.043557403562004604
48157672004,-0.03621501321659119
48157672002,-0.0027507480517017994
48157672003,-0.006229004800103317
48157671700,0.003373673648543195
48157671602,-0.0011937894858696607
48157674002,0.0029346023380809215
48157671601,-0.0016720706075885913
48157674001,0.0018340557649407594
48157673902,0.0057600243290666115
48157672201,-0.03244168267300969
48157672100,-0.0023148201682869516
48157672202,-0.00963214694609153
48157672306,-0.0006814656814333703
48157672305,-0.0063021650317435195
48157672702,-0.014674840524885853
48157672801,-0.02405675214973399
48157672802,-0.027288759467565035
48157672901,-0.019742370533891634
48157673700,-0.021505601616642913
48157673801,-0.0034226743022101637
48157673802,-0.003422046313294257
48157673904,0.0013186617657866074
48157673903,-0.0008066412911412523
48157674601,0.004944470552743944
48157674701,0.002412428899398857
48157674604,0.00638650207995185
48157674603,0.005490889559421862
48157674401,0.002557814906315392
48157674200,0.0029733139041259547
48157674100,0.0013734594123350533
48157674403,0.004290656508716149
48157674402,0.0018835602955028547
48157674602,0.0013038911294104608
48157674404,0.001959574125610265
48157674507,-0.0038965013809584607
48157670904,0.0019868986647255246
48157670903,0.0019005469497062602
48157671002,-0.005179261244732357
48157671001,0.0017966786352340272
48157674301,-0.0013981044099794673
48157674302,-0.0006790751965345683
48157671502,0.0013439121718426266
48157671501,0.0014010525206311973
48157671402,-0.011760481864463265
48157671401,-0.013304578526780582
48157671800,-0.003286332698150171
48201440102,-0.004063728196204101
48201423600,0.002292015074819722
48157670500,-0.0045920166772503365
48157671200,-0.002590211030234051
48157671300,-0.0032608195118582145
48157671102,-0.008397003455901322
48157671101,-0.024458988570067647
48157670603,-0.017826432258081885
48157670300,-1.0751779884775081
48157670602,-0.06836703624793264
48157670400,-0.005376445825319455
48157670604,-0.006975590942192222
48201422200,-0.0040059028838243
48201330303,-0.00876826606757834
48201330302,-0.11138811269639441
48201330301,-0.08075895692721559
48201330200,-0.33071017669622566
48201330400,0.0015636899024202059
48157670202,-0.10675069702054837
48157670201,0.011071538431841357
48157670102,0.0032092027254246353
48157670700,0.0009156089038648352
48157670902,0.006542738139791673
48157674508,-0.0010095316215048044
48157670804,-0.009647331962276868
48157670803,0.0030006440794985894
48157670802,-0.0018680849041794716
48157670801,-0.002369003319229108
48039660613,0.00375283004507322
48039660604,0.0006783781787889407
48039660611,0.0067890679020022986
48039660612,0.003983851760712363
48039660605,0.0024518015560814612
48039660603,0.007673228301375196
48039660606,0.010534421189830777
48039660607,0.007382395720864375
48039660616,0.002144748492007113
48039660706,0.004094659889839787
48039660707,0.0020518989579057156
48039660705,0.0037834707184472424
48039660803,-0.0008140869442581223
48039660501,0.006459291273756199
48039660609,0.003980985480785184
48039660704,0.00392320736809137
48039660610,-0.0020246676832251474
48039660703,0.015287456370228311
48039660608,0.003301297351816882
48201330801,0.006887118741375968
48201331603,0.0036082804774398413
48201331602,0.0074092374647918065
48201331604,0.005689511329423
48201331501,0.010543162675521411
48201331502,0.0055599907659743
48201331300,0.0048343248073587485
48201330102,0.006724779259399256
48201330901,0.007410581030353386
48201330802,-0.003973477482586812
48201330902,-0.02427868938457501
48201330700,0.004483589493530166
48157670101,0.0031904494694437457
48201330600,0.009119874227873588
48201330500,-0.001880843128141454
48201330101,-0.04604652895660247
48201420200,-0.04488922585099485
48201420100,-0.20117713406537863
48201334102,-0.08444397896162366
48201334101,-0.04455242210905689
48201314301,-0.10172659379175109
48201314402,-0.08023409660751761
48201314005,-0.2456363348924004
48201313902,-0.11366992974415385
48201314003,-0.20416794159607654
48201314004,-0.30823378953783476
48201314001,-0.16662438075434374
48201412201,-0.10341958863241785
48201412202,-0.10910187344164965
48201314401,-0.04439415453928885
48201413203,-0.04362623288885502
48201413100,-0.04496690429476084
48201413205,-0.09724457517167692
48201413206,-0.13017140824365425
48201413204,0.008466593447318111
48201413301,-0.07879561647489809
48201314302,-0.07309290672043649
48201413302,-0.049953045959560606
48201412902,-0.04485421965328906
48201413000,-0.06049024717375642
48201412500,-0.08848822879977153
48201412600,-0.07880019846597441
48201411801,-0.08731175037868025
48201412400,-0.08118914193020825
48201412300,-0.1113753965566115
48201411504,-0.29803150576676624
48201411802,-0.1352976101027418
48201411503,-0.1595566219277752
48201411001,-0.03646323496619515
48201411507,-0.15193118496394353
48201411506,-0.2673239632020892
48201411505,-0.04166332581478155
48201411301,-0.2775961373449981
48201510802,-0.20444961326139927
48201510602,-0.36563221936439927
48201411200,-0.049198794674660984
48201411400,-0.07103975841856208
48201411100,-0.07777452837403682
48201410401,-0.034263355697722625
48201410300,-0.059933728131905964
48201510803,-0.15977852504209383
48201510801,-0.24575803578531696
48201510601,-0.5146355279122872
48201510702,-0.22533968810745011
48201510701,-0.33936490723779
48201510202,-0.34129786156127306
48201410202,-0.21327892842527435
48201410201,-0.12473909000180439
48201410402,-0.09109666894245214
48201410501,-0.07479705342707713
48201410704,-0.04705012220037483
48201411901,-0.15389618133640176
48201410900,-0.1021862876457657
48201410705,-0.14415131300428483
48201410703,-0.06510234844826404
48201410802,-0.040929802465634206
48201410801,-0.10967140147064477
48201411002,-0.16056229434517177
48201411003,-0.11950095088066981
48201412000,-0.1423494669971826
48201980300,-0.11248446777592175
48201411902,-0.14294584523532455
48201313102,-0.2548165192808467
48201312601,-0.2508389333444218
48201312602,-0.3221116016538498
48201312603,-0.20911602619440228
48201313000,-0.05296645132363369
48201312902,-0.06817602891723143
48201312901,-0.11058097801715758
48201312800,-0.17762258426753522
48201312700,-0.11875363226387131
48201312400,-0.2255007558809503
48201310200,-0.4905652695008783
48201312300,-0.46942544406486597
48201312501,-0.38297091336077865
48201312502,-0.22983218240472927
48201410706,-0.13367395943791793
48201410502,-0.17241969097403215
48201410602,-0.2625905778085682
48201410601,-0.2576922102781848
48201410102,-0.20824356792250584
48201410101,-0.2691283039239249
48201510201,-0.1940073948455203
48201510100,-0.3148156108574739
48201980700,-0.5481228650341214
48201212300,-0.14072924495537564
48201100001,-0.46136303006416113
48201310101,-0.24571296384292743
48201310102,-0.4426169357168598
48201980200,-0.44217302440117756
48201211400,-0.3620093798390986
48201211301,-0.08761618323523102
48201310400,-0.07513068596632397
48201310600,-0.30242569590302737
48201312200,-0.2574864283483735
48201310300,-0.16745730041581347
48201980400,-0.19904022404241925
48201312000,-0.1913426049365203
48201311900,-0.5498846348065143
48201311800,-0.819338085192195
48201332200,-0.026227496281972573
48201313400,-0.04369901069950809
48201332100,-0.036164961116148836
48201313500,-0.03781351591430035
48201313300,-0.06882104737795441
48201313201,-0.11926001054567933
48201313700,-0.07912200429690366
48201313202,-0.08587598157197107
48201313101,-0.2338452256777926
48201313901,-0.15944202357490156
48201313801,-0.09242196217280896
48201313802,-0.10411976174608809
48201313600,-0.04126555148784064
48201331100,-0.06671454712902788
48201331200,-0.0634148271305427
48201331400,0.020460187917766808
48201331800,-0.22175617688960014
48201331900,-0.04623538077782233
48201332000,-0.03351114629743283
48201332300,-0.027638477697787857
48201332400,-0.07588641179222685
48201331700,-0.24610106181540015
48201333600,-0.6677928444643644
48201332600,-0.8269870697871233
48201332500,-0.5372474220888829
48201333204,0.02922753105134401
48201333203,-0.03972974209575668
48201320602,-0.029610879669627332
48201333201,-0.057358436759339326
48201333205,-0.13125068962458736
48201333501,-0.08102637289159353
48201333502,-0.05339670429922525
48201333100,-0.14227606995059566
48201320100,-0.043603341462997935
48201320202,-0.024969218806100413
48201320601,-0.021052663643496325
48201320201,-0.049812130380758476
48201311502,-0.19681924068764403
48201311501,-0.21427685251154577
48201311300,-0.23311747281996106
48201311702,-0.4028062566083757
48201311600,-0.1038083344505011
48201332900,-0.299195266530059
48201333000,-0.11329424199887607
48201332800,-1.0127226600198291
48201332700,-1.1504021557803443
48201311701,-0.9967340379679777
48201310700,-0.8553961347493249
48201311200,-0.2801048702602803
48201311100,-0.05446129529735863
48201310900,-0.33236064579646646
48201310800,-0.7153617032100725
48201310500,-0.3825895528726579
48201311001,-0.28188120038831166
48201211501,-0.03444425708191957
48201211502,-0.26181860963115433
48201311002,-0.050031158150367405
48201212500,-0.23638899704223484
48201233600,-0.05083549494646694
48201311400,-0.1774199358520948
48201324200,-0.1591623459434549
48201233703,0.012573982736628457
48201233701,-0.04130322144968991
48201233702,0.0018573689434410708
48201233502,-0.001983148309404769
48201233400,0.001620067147420958
48201233501,0.007689368667801227
48201232703,0.008828404918190546
48201233300,0.007630912977930253
48201324102,-0.016835985022154942
48201322800,0.0044574475539348605
48201322900,0.002803229091681025
48201323000,0.009146475174251302
48201323300,0.015623792803244066
48201322100,-0.0007824058961364163
48201324101,0.00508677287535651
48201322200,0.0036589032737535327
48201322000,0.03873597675597959
48201321900,-0.009910861379508609
48201320500,-0.022573892237529248
48201321800,-0.078344222070336
48201321600,-0.008610045908435547
48201321401,-0.03778853370349586
48201321700,-0.02572836273067832
48201320700,-0.07483061696756987
48201320800,-0.105549491986285
48201320901,-0.03331112295115814
48201320902,-0.058099696973708134
48201321402,-0.026927790876149743
48201321301,0.016828269485112297
48201321500,-0.01886038578391543
48201323400,0.008226154643924394
48201323500,0.010918650471520745
48201323801,0.003178842256292885
48201323601,0.0053426505085423185
48201323602,0.0015356237040562366
48201321200,0.008953653258476788
48201321302,0.007566840302282812
48201321102,0.0035960969568448924
48201321101,0.0126787837248522
48201340102,0.005997621896118737
48201350500,-0.023076526521648412
48201350400,-0.0015366866551680583
48201334002,0.0017423462895608938
48201334003,0.0038831872659241635
48201350300,0.0014661572686770806
48201350201,0.004852396822469063
48201350202,0.002317667471027597
48201333904,0.007674091683907808
48201333903,0.006479236788446911
48201334001,0.005195488921230815
48201321001,-0.011893051414725249
48201321002,-0.008434154120558956
48201333301,-0.03747939108132771
48201333302,-0.07439822771276638
48201333905,0.0019930849102273132
48201333802,-0.00532683616305232
48201980000,-0.24949493908440998
48201333700,-0.22193017355263667
48201333801,0.0035550562708230155
48039660504,0.00914828770260209
48039660401,0.0018471853378927141
48201333906,0.00494770729155926
48201350104,0.004604331352895552
48039660403,-0.0008655894417808391
48039660301,-0.004764625971541966
48039660402,0.0013544417222561356
48039660503,-0.022523373081588666
48039660502,0.0015350302723399732
48039660804,-0.0016255942224029066
48039660806,-0.006002726080714456
48039660805,-0.00503744619757999
48039660902,-0.0021360934251446403
48039660302,-0.005665064303420779
48039660303,-0.0026853165757483115
48039660100,-0.006109634355343575
48201350103,0.0015015850856508147
48201350102,0.001525849980400322
48201350101,-0.023217225159212186
48201350604,-0.009062556266062585
48201350700,-0.013108896225032765
48167720100,-0.01720559104802863
48167720301,-0.019890090255238958
48167720302,0.011033325498072106
48167720400,0.006779655473234966
48039660200,0.004974994236133628
48039660901,0.006336782014654107
48039661000,0.005014720871009199
48039661300,0.005346545460033552
48039661502,0.0047316787467902004
48039661400,0.002519819318762892
48039661200,0.0064549920591644655
48039661100,0.016572103593051876
48039661601,0.006047332320571998
48039661602,0.009143659122015492
48039661800,0.003643109976613431
48039661501,0.0033340443320162318
48039660708,0.00532638444444839
48039660615,0.0018348538369323574
48039660614,0.0017754886255941743
48157674505,0.0014421404985027657
48157674506,0.0014647896758011216
48039661902,0.002822686615362805
48157674504,0.0042018408393940734
48157674503,-0.01655852602121616
48157675503,-0.005021735196622834
48157675600,-0.035526362776417825
48039661901,0.0091766242441907
48039662100,0.010087024585849272
48039662000,-0.004775739692695758
48039662900,0.009896194511711007
48039662600,-0.0017200117270149513
48039662800,0.0020441382274097642
48039663000,0.01701725633786121
48039662500,0.00401124114692233
48039663100,0.0014444461431647963
48039663200,0.0032489769605586385
48039663400,0.0015854684140541929
48039663300,-0.0038443324317233196
48039663600,-0.008851567498204732
48039663500,0.0021102997330869826
48039663800,-0.01022985237698145
48039663700,-0.0018497250610926262
48039663900,-0.012410202054884176
48039664000,-0.013476856082990922
48039662300,-0.008453769297240364
48039662200,-0.07800256233807182
48039662400,-0.05234167210425411
48039661700,0.004063985326547074
48039664200,-0.017388604546242137
48039664100,-0.021085153150580967
48167723505,0.008580322367694938
48167723504,0.0019075773745896411
48167723503,0.0034242185459489316
48167723401,0.004927589841473825
48167723403,0.0029698905718346076
48167723402,0.009646189826218036
48167720605,0.005402983424453273
48167720505,-0.027590343731402827
48167720504,-0.006179193908961474
48167720506,-0.021164623728373542
48201350804,-0.00412138880939115
48167720501,-0.0010852935358415606
48167720509,-0.0009720702674888865
48167720510,0.0042145905798843
48167720508,7.10367034694543e-05
48167720512,0.002253891059305385
48167720507,-0.021049620613887477
48167720602,-0.036911143218237366
48167720703,-0.004329380849688831
48167720604,0.0008217924583268719
48167720511,0.0038151245086079683
48167720702,-0.005014073662357931
48167720701,-0.012414025148527184
48167721204,-0.006059510231184975
48167721206,-0.007068564948841321
48167721209,-0.035712473474176894
48167721203,-0.0017330091371757879
48167721101,-0.15232146449664663
48167720800,-0.09265409898592591
48167720900,-0.11597882554728715
48167720601,-0.016680845327815615
48167720603,-0.018353770475183055
48167723300,0.013805462386045821
48167721901,-0.01789098182728195
48039990000,-0.010181770068391648
48039664300,-0.02434057803669386
48039664400,0.0033781171964498476
48039664501,-0.011822881566543323
48321730503,0.030454514575717868
48321730303,-0.0033811351413647072
48321730301,-0.003780184833351725
48321730302,0.01326114328722133
48321730400,-0.002689047768018549
48321730700,-0.005716254690970163
48321730502,-0.0044436301547176125
48321730600,-0.011351430990482138
48321990000,-0.0006473590320469221
48057990000,-0.017318250419671943
48057000502,0.039669460817186614
48057000402,-0.013410876997897659
48057000200,-0.006723456589931581
48057000100,-0.008235551171860141
48057000401,0.05333050947256851
48057000501,0.0036925884999061977
48057000300,-0.0005012744833065811
48239950100,-0.0647123347198546
48239950300,-0.020676906560347565
48469000800,-0.013728645710251688
48239950200,-0.015151555741130196
48285000100,0.009523890698451859
48089750200,-0.0012013176874472588
48481740901,0.005497539761777682
48481740902,-0.0010434823173280554
48481741100,-0.005068905299813117
48481741000,0.01441538165387116
48481740800,-0.004735580365959604
48481740700,-0.004836120174896198
48321730100,-0.0052755350120956244
48321730204,-0.0013922272364357206
48321730203,0.007459109252633149
48321730202,0.01086074095255445
48039662700,-0.005280597924307148
48481740600,0.001606805258220276
48157675701,-0.04720774255531531
48157675702,-0.05796624357884181
48157675501,-0.008525760542998827
48157675401,-0.019187879022095254
48481740500,-0.0014279499029898352
48481740400,-0.02656358056522898
48481740200,-0.039866879011920035
48481740300,-0.05423486952063911
48481740100,-0.008875156242660165
48015760100,-0.000923272720717807
48015760202,-0.003749708144683275
48157675800,-0.006195136658563872
48157673300,-0.030205387121830882
48157675402,0.005660979347648282
48157675300,-0.006937529253637792
48157675000,0.0002580206498369634
48157675200,0.0037427491705689835
48157675502,0.0030338772268236895
48157674702,0.0027713492479669475
48157675101,-0.004586360921309781
48157675102,0.004725771307388259
48157674800,0.0044854384432064225
48157673401,0.001961541551208128
48157674900,-0.012930890904823994
48157673600,0.027714617491355238
48157673502,0.005583291221326646
48157673501,0.010026380061886265
48157673402,0.0033692890391252553
48157673109,-0.0010378311040847603
48157673104,0.011511495437132691
48157673403,0.013072772025557122
48157673404,0.010096783363455927
48157672903,0.0034167318028049997
48157672906,-0.0030812597728527786
48157672902,-0.040987916250003045
48157673106,0.01719834487345316
48157673008,0.015035529111449912
48157673010,0.049602538076946645
48157673009,0.01356940061306832
48157673006,0.0028280720003232155
48157673004,0.0029329002000884996
48201454902,-0.004225913875338111
48201454901,0.0026086571100258525
48201454700,-0.038412344538894125
48201454801,-0.06220804071119132
48201454802,-0.07717535602808984
48201455104,-0.01154537815341535
48201455102,0.003584913137494552
48201455103,0.0016891166026743757
48201455000,0.028568674514080142
48157673005,0.03599489866212191
48157673107,0.017284875314865854
48201455300,0.005401310354771532
48157673103,0.019293868390850066
48157673113,0.031129878503492553
48157673105,0.026666426752372324
48157673112,0.0298681863521742
48157673110,0.0020528220745252386
48157673111,0.005406680769208992
48157673108,0.004843728742104955
48157673201,-0.0012877320371452927
48157673202,-0.011921437933868512
48473680202,-0.008121770536124654
48473680100,0.0013821082057364695
48201542800,0.006278139563258608
48201542902,-0.05884903381102029
48201542700,-0.01096937712741748
48201542600,0.0035320013803676865
48201542500,-0.002774864295530817
48201455200,-0.029610363923333965
48201454600,-0.002944318120581865
48201542402,-0.005231401707446154
48201542401,-0.007479086551220112
48201542305,0.00170546296029139
48201542302,-0.0037248140384665666
48201542303,-0.002600337482996622
48201542304,-0.0010824022183980662
48201542901,-0.004374575997180717
48201542202,-0.18480374176451758
48201542203,-0.0843735790320127
48201542201,0.009901517841536209
48201543004,-0.0018569460774203225
48201543005,-0.021246873364044933
48201555703,-0.0012475489761080239
48201555701,-0.0011791377708652013
48201555704,-0.0034652998210131943
48201543100,0.0005438340366585061
48473680302,-0.011983137178514059
48473680501,-0.011170964814699647
48473680201,-0.01356740574924188
48015760201,-0.0069278647735703976
48015760301,0.0015885600521414796
48015760502,0.003169504924325892
48015760501,0.014357739350347187
48015760400,0.015400826534736397
48089750400,0.005812672121529238
48015760302,-0.0022832065782796146
48089750100,-0.012021421940665907
48089750500,-0.004149964066741672
48089750300,0.004255350692016286
48149970700,0.0013373591167464773
48149970200,0.004218361228534458
48149970301,-0.0062689327789672246
48149970302,-0.010498140313915272
48149970400,0.0043109536490684155
48021950700,-0.0089483783662808
48021950601,0.0015016951323819838
48149970500,-0.0050536325260506325
48285000300,0.0030604485832597655
48149970602,0.005232117362547696
48149970601,0.006966209351703069
48285000200,0.009644812014266885
48285000500,0.008028028783469462
48123970100,0.006155001111700614
48123970300,0.007531904529673327
48123970201,0.014836734930458891
48285000600,0.0050951968126538814
48285000400,0.001462367427088659
48177000300,0.0022959834772956194
48177000400,0.003374771731725998
48177000600,0.007803242977632278
48123970202,0.008648619946544799
48123970500,0.011196141450140144
48177000500,-0.004620463359834908
48187210905,0.008242541357478428
48187210903,0.0058557300277591075
48187210506,0.0030256946649493553
48055960701,-0.007813662316627591
48055960702,-0.013677700226417162
48177000200,0.004697968517805446
48177000100,-0.001751863977513446
48055960600,-0.0014372924314675736
48055960102,-0.004491851309468936
48021950806,0.010082940097542695
48021950302,-0.0261453253503049
48021950804,-0.11565777781476078
48055960103,-0.07303403194599739
48055960200,-0.025634087859999103
48055960300,-0.039621516656940976
48055960400,-0.044689907261664816
48055960502,-0.00627602565649941
48055960501,-0.01153848263657747
48209010918,-0.4569104069823797
48209010917,-0.31514039322876425
48055960104,-0.1285703407304994
48209010921,-0.09285897780957113
48209010920,-0.4180726808209577
48209010919,-0.20994986828220089
48209010916,-0.14144679568446633
48209010924,-0.30999674875670263
48209010925,-0.1841168207851579
48209010909,-0.055482611093047245
48209010306,0.0074246477021460274
48209010309,0.008710019294069777
48209010702,0.008147787752075645
48209010704,0.004466441619907097
48209010905,-0.1014066393529858
48209010812,0.04177786191284179
48209010814,0.006127674387072512
48209010810,0.029244584574636516
48209010602,0.04055045759739874
48209010603,0.05476637883091722
48091310905,0.09044531569377559
48091310903,0.07026743403776296
48209010402,0.04672297521958098
48209010500,0.03713420674689778
48209010601,0.0018616252402058864
48209010703,0.018085441680189447
48209010200,0.024617288035552118
48209010100,-0.030863405235304522
48209010401,-0.006770329474221267
48209010302,-0.007559644222127266
48209010307,-0.008792023716391073
48209010308,0.07171588030123816
48209010305,0.008020781367118352
48187210505,-0.005506960731358114
48187210508,0.11123974781981436
48187210511,0.07191430545545213
48187210902,0.0015934577160839425
48187210400,-0.04790409990984719
48187210300,-0.17867425174914894
48187210806,0.060016646871159096
48187210805,-0.02038779634006404
48187210512,0.12305678124937247
48187210200,-0.267103501932727
48187210100,-0.009851900214131269
48187210606,0.05978296049762294
48187210513,0.09218977543948315
48187210804,-0.1609279588137432
48187210603,-0.04465904005814445
48187210608,0.038890840244148454
48187210611,-0.0009742027751302451
48091310405,-0.11860839380870311
48091310401,-0.06576701185523634
48091310100,-0.10272680856866401
48091310404,-0.0451157523976182
48091310501,-0.10192473079694664
48091310502,0.06841380296241667
48187210609,0.0015828587733433507
48187210610,-0.001002312361831748
48187210510,0.14376843391464972
48187210509,0.12840663656287965
48091310904,0.22519876018001844
48091310503,-0.02387590763671766
48091310200,-0.06674197343116518
48091310302,-0.058449550789420684
48091310707,0.03583826561974858
48091310803,0.004967495950630155
48091310301,-0.034165132353317015
48091310406,-0.08391033769477083
48187210612,-0.12598276013262327
48187210718,-0.37334545935080893
48187210717,-0.3157260217762605
48187210705,-0.046734442578016754
48187210715,-0.19035808745019306
48187210716,-0.26508377168782593
48187210710,-0.01576141504149333
48187210711,-0.13392263211989547
48187210713,-0.1293419169362202
48187210712,-0.20610727233490228
48187210613,-0.04852494104975674
48187210614,-0.04175396446159942
48091310804,-0.01708288734964622
48029121909,0.04498759588661455
48187210707,-0.0014531507314866814
48187210709,-0.01462174081855757
48029121701,-0.017675591731185127
48187210706,0.0019014329716606027
48029131700,-0.09090958112110194
48029131608,0.004113298628175572
48029121601,-0.022818682040033435
48029121604,-0.009045402636678208
48029121505,0.001048740634784935
48029121605,-0.007917513519293217
48029121606,0.0049080387994814775
48029121702,-0.0016147820551806065
48029121802,0.01578540440584874
48029121804,-0.013420767193284975
48029121803,-0.006823281021288504
48029121501,0.015848132506113215
48029121507,0.009918750013246096
48029121504,0.029350970419330116
48029121203,0.009941308264245302
48029121300,0.04519423581994815
48029121205,-0.015025819910862095
48029121206,-0.0040914001669139465
48029121809,-0.011926476120296126
48029121111,0.016001620157051165
48029121810,0.01683530518317093
48029121811,0.00979471411359691
48029121808,0.010298416018604217
48029121812,0.043551211276854865
48029121813,0.06247279834079435
48029121910,0.11745472455450334
48029121912,0.1013484295277609
48091310801,0.03559189816353599
48091310708,0.21100170425108966
48029121908,0.15034203787466494
48091310703,0.205808752712232
48091310610,0.19718861827695433
48091310608,0.11622394139801835
48091310901,0.06263258442739501
48091310614,0.08594022985702128
48091310611,0.13732814858357456
48091310612,0.10404872246810898
48091310613,0.10168594159801454
48091310604,0.0732095697852291
48209010813,0.004519148159201807
48209010811,0.04202050392147527
48091310603,0.17226697947452868
48091310609,0.20563219645553946
48091310702,0.06653911929790712
48259970403,0.11655795207610814
48091310706,0.03723339756687366
48259970406,0.12825188752360264
48259970102,0.09608103371992022
48259970101,0.12983236893689176
48259970302,0.09681850358366245
48259970301,0.11056154851957214
48259970404,0.169144402526991
48259970500,-0.02667837963996454
48259970405,0.14806157224082836
48029182103,0.13329177799740685
48019000104,0.03551531577124825
48019000302,0.07138652282485455
48019000400,0.12490328821248191
48325000104,0.10962679969509542
48029980005,0.11511341400903136
48029182105,0.10055659244276527
48029181724,-0.011894900676765168
48029182106,0.1019577901054243
48029181729,0.07412228234312351
48029181726,-0.005335722409928951
48029181723,-0.011102223561063012
48029181718,-0.024456869783395327
48029181703,-0.006953503687250515
48029181720,-0.03394495176448358
48029181721,-0.03976318621182314
48029182001,0.0060116691796903805
48029181825,0.006814101230841158
48029181826,-0.000308951269616381
48029181824,0.0013458133789793752
48029181823,0.025932552720425984
48029181809,-0.035531183840333116
48029181821,-0.01994769323973268
48029181811,-0.003543400881683428
48029181822,-0.00701167058824745
48029181818,-0.0037313739334343976
48029181808,-0.0034157058118970147
48029181403,0.002070744484741616
48029181404,-0.0029058854449898817
48029181003,-0.06881133953037404
48029181100,-0.00520202150042628
48029181302,-0.017448709347211253
48029181303,-0.05379441799300752
48029181813,-0.05772118235900593
48029181301,0.00147215042048703
48029191505,0.005256272361053458
48029191503,-0.007338138656193539
48029181814,-0.026250161858479268
48029181815,-0.0035503395958868724
48029181816,0.007941327469774918
48029181819,0.00722324806945179
48029181820,-0.0027035975224391842
48029191504,0.00039148948044883
48029191807,-0.004019424597755974
48029181901,-0.09930065096284471
48029182003,0.06993961476235623
48029182002,0.03910012617155973
48029181902,0.07212770731880198
48029182102,0.09495958081724909
48029182101,0.1064035991480124
48029980001,0.030330191896576313
48029191811,0.001330759287697466
48029191813,-0.01569487966055113
48029191812,-0.028217776933547906
48029191809,-0.0726493636070029
48029191804,-0.09485964250832332
48091310705,0.15224851225870667
48029191814,-0.08502008772852454
48029191810,-0.02691745111892788
48029191808,-0.03502539148792238
48029121905,-0.015825813599526027
48029121911,0.08319312121787625
48029121904,-0.07592325748526288
48029121903,-0.04259690425350849
48029121110,0.00818648029176134
48029121121,0.017158870405710264
48029121118,0.006802641376594766
48029121117,-0.0025243167046686337
48029121116,-0.0006973398168740679
48029191818,-0.017492405197523403
48029121906,-0.013812847822411985
48029191819,-0.02598292948868612
48029191816,-0.02179227912732464
48029191815,-0.0035257885551322914
48029191806,0.0012069798201122498
48029191412,-0.002878927218819037
48029191406,-0.0015149021403373882
48029191702,-0.0017879033357000261
48029191701,0.0012082321307173305
48029192300,-0.00933346220663157
48029191410,-0.004808362974660063
48029191411,-0.00025935921526074317
48029191413,0.0018651858679103383
48029191405,0.0020281804946418393
48029191506,0.001945773691161651
48029191408,-0.01198463830027411
48029191409,-0.005275493131828476
48029181200,0.0011759741237324442
48029191101,-0.014059975588991993
48029191202,-0.013120406483951819
48029191201,-0.002937673789826701
48029191304,-0.11956961876027744
48029121000,-0.007863092762535029
48029980004,-0.06966726826905509
48029191303,-0.016065449977793786
48029121123,-0.0020223114901295027
48029121124,-0.002198152881231925
48029121115,0.0014244656031702175
48029121119,-0.015072116904326575
48029121120,-0.028589575446391416
48029121122,-0.0073079652050536265
48029121112,-0.005919685482578355
48029120901,-0.009648463360356052
48029121204,0.020633314463288623
48029120902,0.016717168329182477
48029120502,0.030494164113383942
48029120601,-0.00554687484589304
48029120503,0.01360105579818131
48029120100,-0.0028780035072877054
48029120401,-0.007078462247707612
48029120402,0.001832431929808816
48029192000,-0.012266386138967036
48029120302,-0.0002888421670686199
48029120301,-0.0003820370082712941
48029120602,-0.0038487598712910655
48029120800,0.00236069501699008
48029120701,0.005597360930460957
48029120702,-0.0016100495948937472
48029190902,0.003790491633552209
48029191005,0.003647449957585343
48029191004,0.017970868746173388
48029190901,0.009066933981657152
48029191102,-0.01759996319682073
48029191003,-0.011066757514727715
48029181001,0.001539076851338833
48029180902,0.00166179375171094
48029180901,0.0012479359309544532
48029191006,0.004104848642787566
48029190604,0.0035066370393857793
48029190601,0.004318889325289638
48029180201,0.0066851464812170535
48029180202,0.006568994055715946
48029180102,-0.002521352461682556
48029180101,-0.01081756752037686
48029170500,-0.007937323425905255
48029190501,-0.015210699571233733
48029190503,-0.0020173599019151817
48029190504,0.002785161478775178
48029190603,0.007702282494208153
48029190700,-0.002795621572045489
48029190800,-0.0031186758008264247
48029190400,0.0029878677707456296
48029190200,-0.001903357253519806
48029111100,-0.10035284603381397
48029110100,-0.18667476631986563
48029110500,-0.009777271710707061
48029110600,-0.04857196869421269
48029110700,-0.07143784392427645
48029190100,0.005361641550376033
48029170101,-4.373864486643476e-05
48029170402,0.006703336412757451
48029170401,0.004098702321578141
48029170300,0.005004051366788517
48029170200,0.011019440629062802
48029170102,0.008443340290770887
48029160200,-7.64427539847136e-05
48029160100,0.00435260733635553
48029160501,-0.0024280926197403152
48029160502,0.003131181392788404
48029160400,-0.007178814140684537
48029160300,-0.004675958048778421
48029150400,-0.018329979640803563
48029150300,-0.010555700551585407
48029150100,-0.003953781408487111
48029192100,-0.029896235535345303
48029110300,-0.042976514478541575
48029140100,-0.009610943862331505
48029140200,0.0048727325698370155
48029140300,-0.0014534001515350546
48029140400,-9.05417520373624e-05
48029140700,0.00512750321135615
48029140500,0.002684196884628848
48029130401,0.002979109033569208
48029130300,0.004358106522255967
48029130200,0.005129277624751889
48029191900,-0.017181743575447814
48029111000,-0.015021970976002896
48029130700,0.0035450186347767334
48029130600,-3.0041806910281227e-06
48029130500,-0.0034824307860542155
48029130800,0.031911852633201815
48029131100,0.04251839610410646
48029130402,0.006764560982668849
48029140600,-0.003100039054470486
48029131200,0.025904403937481932
48029141300,0.07730881744896556
48029141404,0.008893047171512344
48029141403,0.0024807190895799755
48029141200,0.013475529842042054
48029141000,0.0016658634257699948
48029140900,-0.04644746550823458
48029140800,-0.028963180429240877
48029150800,-0.010529668629758827
48029141101,0.0019551560063261184
48029141102,0.003331818373263026
48029192200,0.015749608217254733
48029141600,0.01644938169422022
48029141402,0.017125596164679117
48029151900,0.15038696270731516
48029152000,0.0844136459430532
48029151200,0.022169360002222402
48029151301,0.01683221220612409
48029151302,0.07245143838554165
48029151700,0.05150071745938088
48029151600,0.0015170561516497654
48029151400,-0.03041829097837511
48029151000,-0.04364295616233566
48029151500,-0.0155458944073
48029150900,-0.020214520876229422
48029150700,-0.02310788741986093
48029150600,-0.04076505071003321
48029150501,-0.08476499312981256
48029150502,-0.04565670636232856
48029151100,-0.008562557860783103
48029980002,0.03868442208323271
48029160902,-0.024683995239898313
48029160901,-0.022468389983869245
48029980100,0.00699070832600842
48029161501,0.09783219030243857
48029161100,0.04629661827797004
48029161304,0.08461046732055161
48029161303,-0.02553209369679513
48029161302,-0.02473925353032092
48029161000,0.055401284373906276
48029161200,0.14764743548037434
48029162001,0.14714442358766372
48029161503,0.004670930035372124
48029161504,0.04577217705999636
48029161802,0.09223722322454903
48029980003,0.01295176715210133
48029161801,0.013235616611157689
48029171903,0.004307080937606879
48029171920,0.009819654346924249
48029171913,-0.023747125536432007
48029171914,-0.0026502871348050372
48029171927,0.010340040718016138
48029171926,-0.02763248898609952
48029171700,-0.026074908081640924
48029171601,0.015183611470813778
48029171801,-0.013302245266349915
48029171802,-0.00843591651801796
48029161600,-0.0043993868865762785
48029161400,-0.00911025695747889
48029171501,0.006988686100565656
48029160702,0.004456687799425013
48029160600,0.002264153327926042
48029160701,0.005536732161392656
48029171100,0.009720488514643563
48029171000,0.005920696308328965
48029170900,0.00310396052651875
48029170800,0.0074050994409123995
48029170700,0.0016025069804308767
48029171301,0.001611254461355865
48029171200,0.0017605361527534271
48029171402,0.0021754867205268794
48029171401,0.004461514825712442
48029171502,0.006444235540944706
48029171602,0.011586543306128003
48029181601,0.006024777954443415
48029180501,0.007557855183038115
48029180503,0.0015532474754514497
48029180504,0.004434730836247159
48029180400,0.007826322250576449
48029171302,0.008143343171936494
48029170600,0.009973563816309094
48029180300,0.004968130010450611
48029180602,0.0028894168143188846
48029180604,0.004661321295012738
48029180800,0.02591908940921634
48029181005,0.03684383617581863
48029181004,-0.009541729740690421
48029180701,-0.003118830215010307
48029181402,-0.025860320400930135
48029181504,0.008323035578946574
48029180702,0.002269776200437317
48029180603,0.011325129065186852
48029181506,-0.004665643125901314
48029181505,-0.0007718022634563404
48029181503,0.004751978338622957
48029181817,-0.018008112671771763
48029181704,-0.012921300496433061
48029181705,-0.005903448732339315
48029181602,0.005608381226781218
48029181727,-0.01645396827541804
48029181725,0.0035927211036481345
48029171928,-0.010210335291760131
48029171923,-0.025710342658484882
48029171929,-0.030737481153447006
48029171924,-0.001764857113996206
48029181730,-0.016512032524820558
48029181713,-0.009586427613774526
48029181712,-0.012508406998330704
48029181711,-0.015560975754056655
48029181731,-0.026929392834486185
48029181722,-0.024323947177645563
48029181716,-0.0029416217718875306
48029181715,-0.005177253587180448
48029181732,0.005108239798309726
48029181733,-0.005278826873046075
48029172005,-0.015657141275355307
48029172008,0.022663883728834842
48029171912,0.02274526607159156
48029171918,0.016378618072973278
48029171917,0.004075000760211763
48029171916,0.030327122970670476
48029171915,0.0017891195683700039
48029171922,0.06993178805245528
48029171919,0.036604519157500306
48029171921,-0.01067627444550509
48029172003,0.013878718900333344
48029172009,0.1018823208668381
48029172002,0.15767081218206241
48029172006,0.14921075715815924
48029172004,0.15139689231962974
48325000103,-0.00543746232742245
48325000101,0.05181634388018434
48325000402,0.03802885499949797
48029161901,0.09829776038021873
48029161902,0.06711344998618282
48029162004,0.12704562983570328
48013960204,0.16369164971199401
48013960203,0.12127583955746557
48325000802,0.004760792629851856
48325000401,0.00677578086927731
48013960205,0.12862844370706555
48013960300,0.08613839341922433
48013960206,0.08205855751915812
48029162003,0.08354590899368981
48029152100,0.02529734390765478
48029152201,0.08764322016862602
48013960401,0.04821472745055763
48013960404,0.02988128378502728
48013960101,0.07591307284294671
48493000202,0.1187199416411536
48493000300,0.1057216795982621
48493000404,0.04455841615360541
48493000201,0.11941440012850688
48029152202,0.1355088127800682
48029141800,0.09709181774368608
48029141900,0.07665188078418511
48029131401,0.09614638602875852
48029141700,0.15378238942181433
48029131300,0.04217792966819391
48029131000,0.04545176312696168
48029131402,0.1343291269663459
48029131506,0.1509590486411142
48029131504,0.06160838492133971
48029130900,0.04561914411446065
48029131503,0.03189576799819459
48029121404,0.04473630220449071
48029120504,0.04632672395122218
48029121403,0.09599433889425202
48029121402,0.1495049463198927
48029121508,0.08151129371137919
48029131615,0.13661955004155865
48029131507,0.04111917349880077
48029131505,0.059093785222522614
48029131612,0.14825314581679186
48029131614,0.13159508552418675
48029131616,0.14345880993824744
48029121506,0.09844968845568339
48029131609,0.095972707178483
48029131610,0.09512085225067465
48029131606,0.14923577912973013
48029131802,0.09010347518755432
48029131601,0.021467274148266244
48029131801,-0.006030846553056358
48493000103,0.0061356225847395505
48493000405,0.0011055549825141199
48493000406,0.027664752133796086
48493000102,0.003047190881343474
48493000104,0.001700397533576251
48187210803,0.09426326299620807
48187210904,-0.01334124612787036
48493000500,-0.0004936744273620636
48493000402,0.08380566664527232
48493000600,0.06697172743945679
48255970100,0.037839742241496575
48255970200,-0.005634083343414493
48255970302,-0.004568604949958502
48025950100,-0.05040063578501247
48297950100,-0.19334532540855853
48013960102,0.0025797834996422802
48013960403,-0.0058470725677547564
48013960602,-0.012906785530571232
48013960601,0.020431573700279627
48013960500,0.02558033179644692
48311950100,-0.1968345068259259
48297950300,-0.3132378546479583
48297950200,-0.11325846774392327
48297950400,-0.23791192890942797
48249950102,0.00241293803521617
48409011200,-0.031242213012239704
48409011300,0.007827023677781117
48409011100,0.0016781450419593542
48409010900,-0.0043471465609050495
48409011000,-0.0022298205295581235
48409010700,-0.0042132513785300765
48409010800,-0.0012763342738202565
48025950201,-0.03149125772682196
48025950501,0.001964826973780342
48025950600,-0.004869125035739744
48025950203,-0.023751409224659674
48025950502,0.00020219322725025077
48025950400,0.0002269604024998046
48025950300,0.0016554000701469978
48025950204,-0.023421634685460907
48255970301,-0.00625180508640069
48255970400,0.01234468877337375
48123970400,0.0050383776220208395
48175960100,-0.03437765105806169
48175960200,-0.034976789742456174
48469001501,-0.0009685322337335545
48469001401,-0.005311970937519252
48469001402,-0.020877348399664316
48469000302,-0.0031776529137024626
48469000301,0.0002574252336385675
48469000201,0.0025296707193854452
48469000601,0.005293511925869628
48469000602,0.006537611601483812
48469000202,0.00202741001524469
48469001605,0.0023072835677513384
48469001608,0.001415998936083993
48469001604,0.0032408618970981616
48469000502,0.006662690289940121
48469001601,0.0053964009391011866
48469001503,0.008120821282388498
48469000501,0.008244666177764119
48469000100,0.002280674233914672
48469000400,0.004081315923896977
48469001504,0.0028563350234747454
48469001607,-0.005308135267451967
48469980000,-0.18555618784530342
48469000700,-0.0021575609732437666
48469001700,-0.023731003485959447
48469001300,-0.05060279759490767
48391950200,-0.02519456076248043
48391950400,-0.016100489052402273
48007950501,0.011852495618016826
48007950103,0.0006260546019718719
48007950400,-0.24312730310851324
48007950503,-0.15496084135727128
48007950200,-0.0628534634253081
48007950301,-0.04142679685723397
48007950302,-0.03969052525190201
48007950102,0.014399094533675206
48007950101,-0.05186544881917526
48007990000,-0.04498811160240056
48355005104,-0.01612431757227748
48007950502,-0.003223857215001791
48355005103,-0.015189246930964458
48409010302,0.0013747382725011682
48409010301,0.0018078302794254332
48409010201,0.005570096281300478
48409010202,-0.003013269542295494
48409010500,0.0001290917721835054
48409010602,0.0015187266216151693
48409010603,0.001962864885228033
48409010604,0.0010812395853879828
48355006205,-0.021343151080237842
48355002706,0.017291423317000208
48355002708,-0.08638397986387925
48355003003,-0.04099767055172368
48355002900,-0.11489016981654988
48355990000,-0.005993437474218476
48355006203,-0.002551243560738177
48355006204,-0.0023400368548242272
48355003004,-0.06709913683406149
48355003002,-0.06213058752037697
48355003202,-0.04177028873427456
48355003102,-0.04174527920006725
48355003101,-0.032238980475900354
48355006202,-0.001393627751135941
48355006201,-0.0033261513939898345
48273990000,1.0637886699407448e-05
48261990000,-0.0028137379385458497
48261950100,0.04337485434113382
48273020501,-0.04595309514865124
48273020401,-0.0022909372392999464
48273020502,-0.04753364461602931
48273020200,-0.05851307049372165
48355006100,0.00045617036317594596
48355006000,-0.029191908365526015
48273020101,-0.01884991782965021
48355005404,-0.027838930004881052
48355005415,-0.015710902588323184
48355005414,-0.0268906794718837
48355005417,-0.01444692224484797
48355005416,-0.015542828243789109
48355005412,-0.05727573224656811
48355005406,-0.03002218426812782
48355980000,-1.5902983642099917
48355000800,-0.03969870185700179
48355001702,-0.014840502726693352
48355001802,-0.007309078393026252
48355001906,-0.011507583036158158
48355001905,-0.021627670710131698
48355001903,-0.022383655928655505
48355002301,-0.01605118120196623
48355002303,-0.007169388418891494
48355002304,-0.029990742697295052
48355005409,-0.03542732274479543
48355005407,-0.004023998454529805
48355005408,-0.03233511907635637
48355005410,-0.03381345485238356
48355005411,-0.004339732627932287
48355003402,-0.007718768937489286
48355003304,-0.013346672737001897
48355003303,-0.050192409672106225
48355003305,-0.054050322447256834
48355003306,-0.020937954155234598
48355005413,-0.05428754249026492
48355003204,-0.03663547490596308
48355003205,0.009134970951755174
48355002707,-0.06187797072293278
48355002703,0.0003246466465414062
48355003206,-0.0467205312130088
48355002705,-0.024210180542171035
48355002601,-0.06796127687012513
48355002500,-0.020536476158516205
48355002603,-0.011556097829213047
48355002602,-0.013085002364631788
48355002400,-0.015306286837958512
48355003401,-0.004184838881196936
48355002200,-0.03159533822993586
48355002101,-0.0395949345304958
48355001400,-0.048434287141848574
48355002102,-0.02810718199743359
48355001202,-0.08134987188156198
48355001201,-0.12105774823338264
48355006400,-0.214012700251001
48355001100,-0.17861371600743664
48355000500,-0.4169249930545923
48355000602,-0.3124146503246761
48355000601,-0.05923835899480734
48355000900,-0.0712581241368839
48355001000,-0.10584276583897989
48355001300,-0.0656035276708359
48355001500,-0.04418028312071232
48355002001,-0.045111985663938994
48355002002,-0.04676083384191268
48355001904,-0.040686236503593085
48355001801,-0.016696103571692565
48355001602,-0.041154942023837994
48355001601,-0.05979141679215209
48355001704,-0.02648318256524386
48355001703,-0.02192194111319227
48355000700,-0.1466390673987381
48355006300,-0.10710096256095926
48409010601,0.001782713377603324
48355003500,-0.08658282353415198
48355003603,0.001188148024776031
48355003602,0.0016158925260641023
48355003601,0.0015482971109056012
48355005801,-0.019828904792534626
48355005804,-0.003578032905954101
48355005603,0.002104032049443127
48355003700,-0.014896821799616327
48355005604,0.004914996011039775
48355005606,0.006223419856733687
48355005605,-0.001559313340408726
48355005900,-0.02163206342660761
48355005803,0.002119964353880328
48249950101,-0.001307334722046168
48249950303,-0.02996563695134468
48249950302,-0.015003688187078201
48249950400,0.002043427123076675
48249950201,-0.0010273882016606658
48249950500,0.005288615635645937
48249950600,0.001947312097625622
48249950301,0.0015817243422076837
48273020301,-0.01473052503620435
48273020302,-0.017813982703207547
48273020402,-0.04780560131535629
48273020102,-0.02610918251386586
48249950202,0.0027544764388800526
48131950100,0.004905049884272152
48131950200,0.003403954220029662
48131950500,0.0015324461023164928
48247950200,-0.002203637240672593
48247950400,0.013036879096300814
48047950100,0.014463646655510917
48249950700,0.0034652308252791386
48047950200,-0.0016068599083450914
48215024302,0.016425473123367118
48215023523,0.0021749922319814446
48215023530,0.00233274923083345
48215024301,0.008400225187632318
48215023516,0.009311355170289033
48215023517,0.005681948107162725
48215024120,0.00298066975577314
48215024121,0.002063389087999859
48427950104,-0.7085598940623767
48427950105,-0.708902458692876
48427950601,-0.5612263425603417
48427950602,-0.610761394759971
48427950500,-0.6081501682421036
48427950108,-0.629645940935696
48427950402,-0.6846579962274105
48427950101,-0.01365736805643767
48215024212,-0.12212195452642705
48215024211,0.0022019108266063867
48215024206,-0.7406137075925255
48215024210,-0.6088522078354106
48215024208,-0.299439893070075
48215024209,-0.4827668190407902
48215024207,-0.3130184654793035
48215024204,-0.5261179947908058
48427950404,-1.2314007797726298
48427950403,-0.8351268958468532
48427950106,-0.4481426815097154
48427950107,-0.5275109919624539
48215021306,-0.8171242643696297
48215021309,-2.4671536733283963
48215020108,-1.7434000282447477
48215020406,-0.22966221078750665
48215020405,0.016789497179515295
48215020409,0.0021480737416657895
48215020408,0.003603632754785439
48215020407,0.008875724361225395
48215020304,0.0046240549112435934
48215020305,0.007155736706561828
48215020307,0.007304318437460319
48215020306,0.01216209062049255
48215020403,0.008572358124013451
48215020105,0.0025606224784316023
48215020103,0.018563470712158393
48215020104,0.02710850871637955
48215020205,0.008066208602233683
48215020208,0.005324219375438212
48215020106,0.002470531882216312
48215020107,0.004156519540560125
48215020206,0.006538933214066008
48215020207,0.007796884603559529
48215020209,0.0046640792559763024
48215024119,0.003717365873725005
48215024107,0.003075788410404133
48215024118,0.0039655770158751845
48215024108,0.005170279194174874
48215024127,0.0028735894557166014
48215024122,0.0021734662373401542
48215024123,0.003970149355965254
48215024126,-0.003524005086103746
48215024125,-0.0022411859622500823
48215024124,0.006644262939011199
48215024130,0.0056773911545794295
48215024132,0.0076147575080093895
48215024129,0.006649360862160118
48215024128,0.004812251074094657
48215024117,0.01089350650360387
48215024109,0.008732124725948712
48215020211,0.0029132090701285583
48215020210,0.005286827693854747
48215024116,0.004672920477722052
48215020303,0.0020443381830433137
48215020735,0.0041456080904463295
48215020727,-0.004840698970939851
48215020734,-0.0028583707645775053
48215020736,0.007384589444065637
48215020731,0.0005612644910544471
48215020728,0.004392808623848112
48215020804,0.00886125416847448
48215020806,0.0022687765355793796
48215020909,-0.2054931459213858
48215020906,-0.13963351291745607
48215023535,-0.2219733938480818
48215020808,0.00042120395374913884
48215020733,0.006355574700988178
48215023532,0.003454139670037033
48215020807,-0.008653716208831444
48215023536,-0.022352977707029122
48215023522,0.0005651489684161994
48215023533,0.00213243184277735
48215023531,0.00041457851191509156
48215024115,0.0042170518376657
48215024131,-0.007896607436534017
48215023519,0.00699401191165029
48215023534,0.0019980059779744403
48215023908,0.00870753647534292
48215023907,-0.051400595858673084
48215024002,-0.0011569409626422406
48215023518,0.0028772174857332575
48215024004,0.002631519407898293
48215024003,0.00943616090864088
48215024001,-0.012023894445370071
48215023601,-0.005162818988465302
48215023805,-0.002514771584712738
48215023903,0.007145558586046605
48215023905,0.0073668140381799845
48215023906,-0.07644540134932518
48215020905,-0.14414034733820172
48215020910,-0.10062687285487387
48215021704,0.0051823398546000515
48215021706,0.009041842350289448
48215023804,0.002579305496266673
48215023803,0.0033160453134471594
48215021809,0.007617757744149556
48215021810,0.008728933252898138
48215021807,0.007025405753078516
48215021707,0.005501162431543164
48215021705,0.005357706349348405
48215021803,0.004888011562951536
48215021804,-0.04951503890077225
48215022005,-0.4118283420858464
48215022006,-0.8491858939683687
48215021500,0.001785316132900951
48215021401,0.0024781100601395834
48215021406,-0.23573733000651523
48215021405,-0.361372024788618
48215021407,-0.1950369137144749
48215021600,-0.0016517117079685403
48215021703,0.0046391920948407155
48215020907,-0.01829330264142753
48215020908,-0.016581646770003455
48215021001,0.0021186402978916425
48215021002,0.004729014993856085
48215021003,0.003300241142846802
48215021100,-0.031166951138790082
48215020600,0.0033359256993681415
48215020729,0.00351724448680924
48215020805,0.0046668509563000645
48215020725,0.0021305642743070065
48215020732,0.0019746677751952364
48215020724,0.002882280801921283
48215020506,0.006643365657107666
48215020505,0.005077764284881668
48215020730,0.003475753484713829
48215020512,0.005491245988187402
48215020511,-0.013572293395582594
48215020513,-0.2550037218954476
48215980000,-0.673649020786453
48215021204,-0.601299066237337
48215021201,0.015660489524272316
48215021203,-1.0931187000794946
48215020507,-0.5361359953123122
48215020508,-0.3348471795337779
48215020510,-0.5163558451974226
48215020509,-0.5168763958339861
48215021311,-1.2170476644386006
48215021308,-2.551594592913654
48215021310,-0.5303057453859901
48215021315,-0.48319039193221813
48215021307,-0.6353273253033618
48215021314,-0.7762323730412486
48215021312,-0.7498553147757979
48215021408,-0.8547093894101272
48215021409,-0.5202152492410852
48215021313,-0.723862602978354
48215022007,-1.0978082268240608
48215022009,-1.4464029828004088
48215022011,-1.2648487810475006
48215022113,-0.6543019802990893
48215022112,-0.9043946111908097
48215022204,-0.6422029015813551
48215022203,-0.5523654497964814
48215022105,-0.5296972636836637
48215022107,-0.6267936901561832
48215022109,-0.2740575252004501
48215022108,-0.5250354420401177
48215022205,-0.5954237181330615
48215022206,-0.01865941832081803
48215022110,0.0020305007329769007
48215022111,0.004082713301726094
48215021906,0.004247697484395518
48215021905,-0.001903435292802365
48215022010,-1.1033003459026822
48215021903,-0.6310946415374076
48215021904,-0.009797995068307103
48215022008,-1.0650924398483292
48215021808,0.005661286968531803
48215023526,0.002427926515949641
48215023529,0.0018661431732108274
48215023528,0.0019153791555094693
48215023806,-0.0029558795603054225
48215023700,-0.007572722820135791
48215023602,0.006052852295913392
48215023524,0.0032976910874920077
48215023521,0.0053069139977493344
48215023520,0.002410106917268371
48215023525,0.002028841963669657
48215023527,0.002621475215195326
48215024406,0.0033960686702393145
48215024501,0.0038346550412567335
48215024405,0.0007453180179690692
48215024403,0.0006821623145432658
48215024404,0.00260430609629051
48215024502,0.009050205866785701
48215024600,0.003993148736283944
48215023106,-0.6090066448383237
48215023105,-0.8266804080553336
48215023104,-0.3940442297385892
48215022503,0.0025359597047688214
48215022402,-0.3748501347694071
48215022504,-0.1442873252149034
48215022401,-0.47423965922630973
48215022502,-0.6922302879985966
48215023103,-0.3760285600576323
48215022704,-0.9075527188962124
48215022703,-0.5527810660163485
48215022600,-0.4522244631989493
48215022301,-0.41367300109432603
48215022302,-0.4838891271303348
48215022706,-0.5542805281386941
48215022705,-0.5261262246959348
48215022900,-0.6987402521974183
48215023000,-0.7522774263860387
48215022801,-1.9918155135848412
48215022802,-1.5139667462722302
48061011903,-1.1296382246242862
48061012105,-1.0090674552064103
48061012510,-0.03149241221658768
48061012106,-0.3047509383887515
48061012511,-0.36276336005928883
48061012516,-0.3735731962937453
48061012512,-0.365219077181029
48061012800,-0.8331329919240826
48061014002,-0.3074558726700741
48061013700,-0.36210816583971656
48061013600,-0.39794321069775856
48061012514,-0.27683773666741696
48061012517,-0.2739406084763921
48061012509,-0.535898605117062
48061012900,-0.4445634591469845
48061013003,-0.4231955406130524
48061013002,-0.4348109602043877
48061012613,-0.4112672930953686
48061014501,-0.4041436029809493
48061012614,-0.4868775588328814
48061014502,-0.3581065242642507
48061013104,-0.38968206153231827
48061013106,-0.4405832306853248
48061013004,-0.47806778032913144
48061013500,-0.42213437599283843
48061013801,-0.29853219144928944
48061013401,-0.3655058847018729
48061013402,-0.33862931161806575
48061013902,-0.31593748315993964
48061013802,-0.2993915712298765
48061013307,-1.9230319121991444
48061014001,-1.1539410263163858
48061013903,-0.3950083976667882
48061013306,-0.4637906037654418
48061013305,-0.4608754816293622
48061013309,-0.4656961689721967
48061013308,-0.4511690683171965
48061014101,-0.7661012609946547
48061014103,-0.9255960370595404
48061014102,-0.804582234897987
48061012607,-0.7411756580694082
48061013207,-0.8313989845004253
48061980100,-1.08473646387087
48061013204,-0.5244446436469377
48061013206,-0.7105095702666875
48061013203,-0.6537526056807634
48061013205,-1.1953597446171371
48061014300,-0.5488310303586117
48061013901,-0.4154993505106058
48061013303,-0.6073745791786228
48061013102,-0.5882811596106641
48061012608,-0.5163711938955856
48061014403,-0.6558995800675511
48061014404,-0.6195448256761121
48061014202,-0.41886284325562073
48061012402,0.005196272418938963
48061012403,-0.07689912046146845
48061012404,-0.15734109756069053
48061012615,-0.6154383430978095
48061012616,-0.3506674291977906
48061012617,-0.4532159276566802
48061014402,-0.5719530663739891
48061012515,-0.2508847520162154
48061014401,-0.6289042843448159
48061012513,-0.4524849683227198
48061012508,-1.1933478620177675
48061012506,-0.27877011392112494
48061012201,0.008760124198596427
48061011401,0.011593600328391499
48061010103,0.009396934140628505
48061012203,0.015498316658909597
48061012202,0.012227807440729415
48061010102,0.012791923452591733
48061010101,0.012692664343811402
48489950600,-0.0030125986199230305
48061010201,0.009829237530810515
48061010802,0.017341647638077898
48061980001,-0.2148773546815418
48061010205,-0.006701252078633653
48061011302,-0.00028524044671146185
48061011402,0.013639862994051248
48061011601,0.009304587783531708
48061011500,0.011987054067060176
48061011602,0.013732413075368856
48061012103,0.06938489379818152
48061011702,0.011964949959189175
48061011701,0.025696589438045238
48061011802,0.008764894832374262
48061012104,-0.007256460236691564
48061011000,-0.0005833710104052143
48061012003,0.007611382641234605
48061011801,0.013494561999751967
48061011301,0.009639913387520363
48061011200,0.016463668992935783
48061011100,0.013004821448675988
48061010900,-0.015974461957275924
48061010603,-0.0019625832417137366
48061010700,0.01666985735923336
48061010801,0.015052774488814123
48061010602,-0.0056740581070751535
48061010204,-0.015202635853828427
48061010604,0.006118039053227098
48061010500,0.001107509434837467
48061010406,0.014294390992770661
48061010404,0.0037424532467123482
48061010405,0.010122392124130658
48061010304,-0.13178101117899954
48061012004,0.0163225724804818
48061012002,-0.25480564298766994
48061011908,-0.7164669215837487
48061011905,-0.705273716005723
48061011904,-0.6048905650633845
48061011907,-0.8397116840340629
48061011906,-0.9049462436045789
48061010303,-0.30992439069511263
48061010403,0.00016618793624224772
48061010301,0.008799635544443973
48489950300,0.00678354862470461
48489950500,0.006813400279839178
48489950700,0.008451596875231355
48489950400,0.0039490551251586715
48061012305,-0.09453501340058279
48061012301,-0.08652587123121745
48061990000,-0.27171338591609007
48061012304,-0.12709340586563272
48061014201,-0.16459142206716507
48061012700,-0.9413715967910398
