GEOID,coverage_gap_score
04027980004,0.4533587750075327
04027980003,0.4528767843556838
04019940800,0.08821978128235261
04019004425,-0.3513446356803939
04013940700,0.08916286884516308
04019941100,0.18523892325493785
04019005200,-0.04334951294011902
04013980100,0.03616464398313449
04013723306,-0.15607036424022766
04013723304,-0.46342549050867565
04021941402,0.013225663219331286
04021001600,-0.12673904877451303
04021002105,-0.8711700196971568
04021002104,-0.7349870471531335
04021002106,-0.3036191850519841
04021002107,-0.8555626942552409
04021002004,-0.7004179079485783
04021002005,-0.04267173760103771
04021001408,-0.2778067443732165
04021002001,-0.49114622507814576
04021001900,-0.5265956781200568
04021001500,-0.22241962066231752
04021001406,-0.4443532275002443
04021001407,0.004777184766274364
04021001404,-0.351438819181982
04021001405,-0.11540052663282
04021001309,-0.28188325049274476
04021001306,-0.4129179727330208
04021001403,-0.3379804731688543
04021001307,-0.2536358248866141
04021001308,-0.17111574247287115
04021001305,-0.31317336596871215
04021001303,-0.21635433685622063
04021001310,-0.0774279250215792
04021001200,-0.16389232586753733
04021001100,-0.36059563961353425
04021001000,-0.14142773127056174
04021000902,-0.06241009224593142
04021000804,-0.3474821539031301
04021000806,-0.40720002911618347
04021000228,-0.15599075224271886
04021000229,-0.38178886972985526
04021000227,-0.18324620566103006
04021000211,-0.4236301135674208
04021000212,-0.19990170931972595
04021000805,-0.3290393616324943
04021000208,-0.6157664686065858
04021000217,-0.5323590141808718
04021000226,-0.5343709210670559
04021000224,-0.42302172906201585
04021000206,-0.5282874857375441
04021000218,-0.21245911911622078
04013816901,-0.6768680434291389
04021000223,-0.6251668135185754
04013817200,-0.9168607683966671
04013817101,-0.7159580993526042
04021000215,-0.3478017049788492
04021000222,-0.4110232933567954
04021000225,-0.16534713472329482
04021000221,-0.14723075705691677
04021941200,-0.2743752486689645
04013816502,-0.5924732788689402
04013816501,-0.4211193711817077
04013816402,-0.5142901141080727
04013816005,-0.4346558864149434
04013816004,-0.3255698689069666
04013814100,-0.3316592173378454
04013814000,-0.5464057090402759
04013813600,-0.7868336673534125
04013813500,-0.8720797230148768
04013813400,-0.8116293445750795
04013813800,-0.5673526363020782
04013813900,-0.31618621754940907
04013817500,-0.5201595604061982
04013813700,-0.4313042259377127
04013813000,-0.8226084628157213
04013817300,-0.7062886277302205
04013817400,-0.6092689998546938
04021941300,-0.5221413628631951
04021001712,-0.18974869829447877
04021001709,-0.42006242972623703
04021001713,-0.19223367676022615
04021001716,-0.1697990493317057
04021001717,-0.4300690874358527
04021001706,-0.21924273323662125
04021001715,-0.40639236464657136
04021001704,-0.2614919092436049
04021001707,-0.3245692800658339
04021001714,-0.3483217698454707
04021941401,-0.05685570418489949
04021001701,0.16950295121048561
04021001705,-0.3033338131737136
04013941000,-0.6087566046538548
04013116730,-0.29357280875535907
04013116731,-0.2613712578471298
04013116713,-0.3694652655379712
04013116712,-0.5028764690880425
04013116719,-0.7106543783517094
04013116721,-0.5836046527150286
04013116714,-0.3686223364368182
04013116729,-0.4803192812664139
04013116725,-0.5653012010733716
04013116727,-0.5676174450349257
04013116728,-0.4435826265169839
04013116733,-0.647708702177577
04013116720,-0.36870435575769006
04013116718,-0.8106394138946504
04013116711,-0.5702712629279296
04013116710,-0.49636010916620005
04013116708,-1.264429369081314
04013116707,-1.4983678981722524
04013116715,-1.7225351869589325
04013116738,-0.8599709564569218
04013116205,-0.4099735561968645
04013116202,-0.48448700925601046
04013116203,-0.7918960171052435
04013116300,-0.7316442189130656
04013116400,-0.7653312127414966
04013116737,-0.509309046981182
04013116703,-0.6181969326837035
04013116734,-0.7294737883287667
04013116735,-0.4858111222531071
04013116736,-0.42587914798937954
04013116500,-0.7635564730974147
04013116615,-0.31508597596232707
04013116614,-0.40931997716322777
04013116616,-0.5185379158850737
04013116612,-0.5381486105775616
04013116617,-0.647857779683048
04013116732,-0.6075914511132544
04013116611,-0.6500017663540958
04013116619,-0.9354692820800306
04013116610,-0.35600221986747443
04013116606,-1.0460115817898106
04013116605,-0.40630803406470434
04013116621,-0.5525833822191225
04013112514,-0.6946114448338269
04013115500,-0.791643365421087
04013116607,-0.34342301920937984
04013115600,-0.469614192792558
04013115700,-0.715909436210362
04013114800,-0.8651236615439529
04013117300,-0.5479259597847901
04013114705,-0.07225870963664975
04013114704,-0.29373731965111655
04013114500,-0.5064281829269364
04013114401,-0.50539094542126
04013114402,-0.9980791155807244
04013114302,-1.0500570849142088
04013114301,-0.7592049108669099
04013112900,-1.2139143605535847
04013111900,-0.6471793593371622
04013116800,-0.6847237872646532
04013112700,-0.7663034568668845
04013112100,-0.7428204621371515
04013112201,-0.6802421767472719
04013112202,-0.5227450852307676
04013112602,-0.6083827935248599
04013112601,-0.22709927600594207
04013114600,-0.5549918849093656
04013112512,-0.4169233857401005
04013112507,-0.08775548872951142
04013112301,-0.3604170521753013
04013112402,-0.4638382218295173
04013112401,-0.5121335355907219
04013109900,-0.5651310259775795
04013110002,-0.7190812298504546
04013110001,-0.4117569968689389
04013112302,-0.49076809945588173
04013110100,-0.41415923198884796
04013109200,-0.5304212321318348
04013107102,-0.2938944248956412
04013109300,-0.6663275224364404
04013109401,-0.7298861166591063
04013109402,-0.8992275313438114
04013093104,-0.31374806324010285
04013093101,-0.05830583098559987
04013093002,-0.4321261074717704
04013093001,-0.2865201607330963
04013092900,-1.009169116227865
04013092500,-0.6229320834604456
04013092401,-0.2203394810683183
04013092402,-0.2337917026594865
04013105800,-0.6314293400581844
04013107002,-0.516224436227399
04013107001,-0.5554748448825813
04013107101,-0.5116041707386031
04013107202,-0.5703064829987361
04013107300,-0.9785257078625705
04013106801,-0.4343661744506571
04013106900,-0.4615177115814612
04013105900,-0.4893356811920752
04013106001,-0.6031534297155288
04013106701,-0.6721290983834061
04013106003,-0.5420613310411573
04013106002,-0.3817590083529557
04013106100,-0.6454768999071081
04013106702,-0.17664334996610898
04013106703,-0.7281048243275572
04013106802,-0.5676573769836537
04013107404,-0.28446946774788995
04013107403,0.08736617431238723
04013107401,-0.7496178539133992
04013108902,-0.5077167590907586
04013108901,-0.7209988242309416
04013107402,-0.16227110151475702
04013109002,-0.6037904404801443
04013107201,0.009132046307045706
04013109101,-0.42898458330085265
04013109102,-0.8407671488257381
04013109001,-0.36860327768255496
04013109003,-0.2852177627133874
04013117000,-0.717974996503134
04013116900,-0.5939772291949951
04013110400,-0.7590628822911563
04013110501,-0.6176820463412247
04013110502,-0.6911251851352689
04013110701,-0.7432431868458749
04013110702,-0.952442498099387
04013110600,-0.7753984339381272
04013108602,-0.6824287954725985
04013108502,-0.8402327785609999
04013108501,-0.719165854518953
04013108601,-0.2525271800836616
04013117100,-0.5692910833691361
04013108802,-0.4748566578398157
04013107500,-0.503875179899486
04013107601,-0.3313087941509099
04013106501,-0.4106561343170124
04013106600,-0.5717098284034438
04013106200,-0.7195641760515246
04013106300,-0.6202960794571213
04013106400,-0.4740071356103836
04013106502,-0.414897114860342
04013107602,-0.38765958120431787
04013107700,-0.7078042068796663
04013107800,-0.9089911193919015
04013105102,-0.6393535645039509
04013105103,-0.7484499115360853
04013108100,-0.7567840855110523
04013108200,-0.8582288220797774
04013108302,-0.6978007324070581
04013108301,-0.9458294147634749
04013108400,-0.6671452490761234
04013110901,-0.595497306620262
04013110801,-0.6327662657173854
04013110802,-0.5862246034245957
04013110902,-0.3542356909824948
04013111000,-0.6812961649609293
04013111300,-0.7104951072851964
04013111402,-0.39719854818939976
04013113601,-0.5579419230846716
04013113602,-0.39645881412294626
04013113701,-0.30791608646095586
04013113702,-0.472432685064606
04013113800,-0.7369822680779043
04013981000,0.004790707895893506
04013113503,-0.46590643299518336
04013113502,-0.12016700024481644
04013111401,-0.5604685934576357
04013111502,-0.9749197549281376
04013111501,-0.3471087410749039
04013111601,-0.7926428695895871
04013111602,-0.7664211009373801
04013113301,-0.47495522826758163
04013113201,-0.38835637131895007
04013113204,-0.7202605159086308
04013111700,-1.699864669436482
04013111800,-1.4184984144273007
04013113000,-1.1080522601189553
04013113100,-1.4506896565266358
04013113202,-0.6290592198117493
04013114100,-1.089062813002695
04013114200,-0.9974637794003858
04013114000,-0.9454978953647513
04013113900,-1.0117331783776196
04013117200,-0.906014170357667
04013114900,-0.9249531792305488
04013115400,-0.6002575005789007
04013115802,-0.18218975891900538
04013115801,-0.47881515214210263
04013115900,-0.414578747303607
04013115300,-0.5584617574196824
04013116000,-0.8353796816424987
04013116100,-0.82990680876001
04013115200,-0.6396996367497142
04013116204,-0.21292880545343612
04013319709,-0.2934776644075206
04013319710,-0.6281302244335756
04013318800,-0.5953117339981122
04013318700,-1.059309994528829
04013319001,-0.4453617502154782
04013319002,-0.8008963710050963
04013318900,-0.921344205704804
04013319705,-0.516312912445451
04013319600,-0.5369162331391331
04013319104,-0.7516221653520865
04013319500,-0.5651962676335927
04013319403,-0.36000527360359474
04013319404,-0.19476774848432651
04013319300,0.05746764422891369
04013319202,0.03434844525605668
04013319201,-0.1699396999963839
04013319103,-0.15344948475965034
04013319101,-0.039405786382706615
04013318400,-0.8453585606624109
04013218300,-0.20621090445177487
04013217800,-0.9332099814909807
04013217900,-0.6277641710188255
04013218200,-0.6596136636164377
04013218000,-1.0651418088693207
04013111204,-0.4663095092759103
04013218100,-0.5404463434824165
04013318501,-0.6615903553002314
04013320100,-0.8219857948080778
04013111203,0.02799051327370302
04013111202,-0.1418697652880297
04013111201,-0.717423321654506
04013111100,-0.5999104080167701
04013217400,-0.7186036897643604
04013217501,-0.42340620979175286
04013217300,-1.009631938621213
04013107900,-0.9331969427940523
04013108000,-0.7107907332124345
04013105004,-0.6020069116467478
04013105002,-0.6298335376436788
04013217001,-0.5105314810426917
04013216901,-0.4355973067512595
04013216835,-0.7515368042372765
04013216806,-0.7018063061911686
04013216902,-0.5810180625579131
04013217002,-0.4155234017431209
04013217102,-0.5120649961166085
04013217101,-0.9436566387791294
04013217203,-0.8942585870949076
04013217201,-1.580344592557004
04013217204,-0.6232850039867277
04013217600,-0.7187771146771792
04013217502,-0.29343130025182873
04013217700,-0.7657320058011369
04013420402,-0.6784675329846015
04013420301,-0.37869354656060694
04013420604,-0.6372239381095868
04013420504,-0.17152836734857177
04013420503,-0.11343482273586421
04013420505,-0.21472528529843352
04013420401,-0.03998932388097462
04013421201,-0.45596903072705885
04013421101,-0.2547040696496056
04013420506,-0.030396624950288907
04013421001,-0.1424280351171551
04013421102,-0.6105943414263275
04013421202,-0.5754447392868275
04013421303,-0.0834751881639941
04013421304,0.06222702055699944
04013422104,0.09212711163434781
04013422103,0.3452036469636609
04013422102,-0.28953176707131034
04013422107,-0.5312118277560014
04013422105,-0.6318278845919318
04013422106,-0.10216930429538804
04013421302,-0.5399003552934029
04013422002,-0.3328257859672845
04013422001,-0.4637509251648224
04013421901,-0.5250074575588958
04013421902,-0.5005251258511831
04013421501,-0.5696827316053049
04013421400,-1.16118508557018
04013421002,0.2069073513612307
04013420901,-0.4753075288947674
04013420902,-0.4272175276150602
04013421502,-0.45875720515330726
04013421601,-0.4635029693387811
04013420800,-0.3742569170980198
04013421602,-0.42214500264509547
04013421802,-0.5272651033383497
04013421801,-0.5961961301285779
04013422302,-0.40515530682451134
04013422301,-1.1096702265853025
04013422307,-0.5940838570287379
04013422309,-0.33331267024319
04013422401,-0.24615480688204022
04013422308,-0.47154218076373394
04013422403,-0.4178381397296296
04013814300,-0.5341122338213028
04013814200,-0.37943080482457003
04013811300,-0.432849253731353
04013522901,-0.7629681996625682
04013422305,-0.47650477181197043
04013422304,-0.7114839359363837
04013422220,-0.8397146441453989
04013422209,-0.4595829651292795
04013523008,-0.5310533217052612
04013523007,-0.45318971025729254
04013523005,-0.42464395329652965
04013422210,-0.9362024356669338
04013422219,-0.8145304393988618
04013422221,-0.40146321718993183
04013422222,-0.5885125065988523
04013422215,-0.32461265992590527
04013422217,-0.3703571085662506
04013422216,-0.8316132623012216
04013422203,-0.6556170474476725
04013422225,-0.6564827763984622
04013422224,-0.11557933823782413
04013422223,-0.6734487903190074
04013422226,-0.014718601718262562
04013319402,-0.5733979244753182
04013422227,-0.2761528259747951
04013422212,-0.47427903190474613
04013422213,-0.6486460377491402
04013319906,-0.7164660382508488
04013319904,-0.5878434523282305
04013319903,-0.41648121782235614
04013319905,-0.4396217432570383
04013319401,-0.6641238633710274
04013319802,-0.5625844872800251
04013319801,-0.4977058045921003
04013319706,-0.12500950587081197
04013319708,-0.6721751290207862
04013319707,-0.23066029549843248
04013320002,-0.5058937256278897
04013116709,-0.751016037110843
04013320001,-0.6217277689985303
04013320007,-0.5306815346198361
04013319902,-0.5524873256935439
04013319908,-0.08021982580282445
04013319910,-0.7979609970800217
04013810000,-0.3176724084473467
04013116717,-0.36850453196298527
04013810400,-0.48397064887762625
04013810600,-0.6143949932262835
04013810100,-0.5950163728668698
04013319907,-0.4301078819305714
04013319909,-0.7503308826363428
04013422218,-2.2195943782365792
04013422211,-0.5051383734480815
04013810300,-0.5076969003776941
04013810200,-0.5073281921465788
04013810800,-0.8937684263206159
04013810700,-0.5570094778468021
04013811100,-0.6579004781674355
04013811200,-0.9529027922787661
04013811800,-0.6510328883711767
04013811000,-0.37527151090825267
04013810500,-0.5225481422259673
04013810900,-0.2564166490929321
04013980400,-0.19908468755920117
04013941100,-1.1861855791851326
04013980500,-1.2851472079502968
04013812600,-1.0222759171871876
04013812900,-0.8243404267522114
04013812700,-0.629082131245087
04013812300,-0.43876353583604405
04013812200,-0.944876845251509
04013811900,-0.42061269473240315
04013523006,-0.625437436155445
04013523103,-0.6063164806635702
04013523104,-0.6817183057883272
04013523002,-0.8776706781142765
04013522903,-0.7523897023547694
04013812000,-0.5183827955572959
04013812100,-0.6407413809357049
04013523102,-0.5570791910583283
04013522904,-0.5081759307742765
04013811400,-0.5126570682728439
04013811600,-0.6725886551588602
04013811700,-0.30169814476424944
04013811500,-0.30380970953430564
04013814900,-0.5808628056729711
04013812400,-1.01608387795676
04013813100,-0.6169675044862964
04013813200,-0.5518644958740696
04013812802,-0.6578521826130376
04013813300,-0.7314057062415341
04013812801,-0.519298596981468
04013812500,-0.38688059154964427
04013815901,-0.5936464327085952
04013815902,-0.5504808766618917
04013816003,-0.5790527816794602
04013816002,-0.44285029149326155
04013816302,-0.6014128896427422
04013816401,-0.3441686506609605
04013816301,-0.5924066011057507
04013816200,-0.9194164817878137
04013816100,-0.8052821096600319
04013816001,-0.6451821588042856
04013815700,-0.5122272526169994
04013815800,-0.6962456159986159
04013815601,-0.6195187714608923
04013815201,-0.7705161435649115
04013815202,-0.6655321926562121
04013815602,-0.6115286972422733
04013815501,-0.9170272274733071
04013815100,-0.6529554778948432
04013815502,-0.7481361886718195
04013815401,-0.9798041085935137
04013815402,-0.741451205566797
04013815300,-0.4783894766160066
04013815000,-0.5214327789253539
04013814400,-0.5337923448927118
04013814500,-0.4549404462673803
04013814600,-0.641842057840062
04013422512,-0.3333940451908455
04013422511,-0.4892647530298093
04013422404,-0.5009111866966772
04013422402,-0.4437378466382888
04013422509,-0.520075120792045
04013422506,-0.5791822942945744
04013422508,-0.5598940259774937
04013422503,-0.35021826790693156
04013422504,-0.24064648948696685
04013422514,-0.508421665605617
04013422507,-0.7567481174666459
04013422510,-0.48868946094336185
04013422657,-0.574307840264622
04013422621,-0.3842232705859676
04013422620,-0.5054005525509174
04013422636,-0.5924929799605653
04013422638,-0.3907511082479813
04013422639,-0.2007180428678897
04013422622,-0.5221440653794355
04013422623,-0.5799248172005307
04013422656,-0.856808549301625
04013422658,-0.9144127945561334
04013814700,-0.6794032525951597
04013815203,-0.4442556906375659
04013814802,-0.5226721409227948
04013814801,-0.7834653898212325
04013422654,-0.48109286280770175
04013422618,-0.5356955207656199
04013422617,-0.3899994274197141
04013422633,-0.4094426293669367
04013422634,-0.14723465874744618
04013422659,-0.34792054985173243
04013422640,-0.7471363908890911
04013422655,-0.5674799602618867
04013422643,-0.3999449101861683
04013422651,-0.548412121464777
04013422642,-0.6247428304581621
04013422660,-0.2361244687681398
04013422615,-0.4090413764141006
04013422652,-0.5960015866261803
04013422650,-0.4223300834820766
04013422647,-1.6356023741946042
04013422648,-0.43131601415179105
04013422649,-0.32343111750473413
04013817600,-0.9611241472333498
04013522801,-0.6656925866190126
04013522802,-0.7628308706241353
04013816600,-0.7037101582012859
04013816800,-0.9880288981314834
04013816700,-0.937701339457508
04013817000,-0.8663541934929468
04013817103,-0.6397819618735358
04013816903,-0.9409851510623142
04013817102,-0.7506147288499123
04013816904,-1.5109896941401049
04013816902,-1.183075894754791
04021000220,-0.06526553926775414
04021000219,-0.08874285149835223
04021000204,-0.8396133997246128
04021000216,-0.21462881813542534
04021000316,-0.20728140280677929
04021000324,0.06285333683509059
04021000319,-0.225734504298407
04021000325,0.1607632763373043
04021000317,0.32801003739440804
04021000312,-0.24083228215971952
04021000313,-0.07809235988398135
04021000322,-0.25950654470360224
04021000323,0.16745429945121693
04021000309,0.06142980540283467
04021000321,-0.10698603965394135
04021000320,0.012830230262016224
04021000307,-0.0903629775008131
04021000311,-0.10591417510905701
04021000310,-0.042891489399444746
04021000315,-0.24932757730441127
04013420107,-1.2008312784622863
04013420108,-1.0982441704846102
04013420110,-0.4470111815728395
04013420112,-0.2602578293235898
04013420116,-0.11426853583029688
04013422629,-0.23635650598532235
04013422653,-0.04695351561559573
04013422628,0.08361652139374202
04013422630,-0.08096948180811464
04013420115,-0.027082716224506073
04013420111,-0.6598131459185451
04013420104,-0.010251730182392678
04013420114,-0.599142033432847
04013422627,-0.797281555293216
04013422632,-0.26838621782810884
04013422610,-0.8569644316714471
04013422609,-0.5112860271239458
04013422626,-0.19928571645519352
04013420113,-0.1828690033514415
04013420105,-0.898077031994805
04013420109,-0.8701072006313314
04013420211,-0.512026992393047
04013420212,-0.4047588285926238
04013420215,-0.5673415178936583
04013420216,-0.4010274449234523
04013420210,-0.5480543649950385
04013420202,-0.42126041330923164
04013420214,-0.4551921286364878
04013422625,-0.046206488093961495
04013422637,-0.12834427894141465
04013422607,-0.29164341352833806
04013422624,-0.1964323775240448
04013420213,0.22400719599816327
04013420209,-0.6203577973194729
04013420208,-0.18732625631588654
04013420706,-0.23307927538874035
04013420708,0.2158229467142022
04013420710,0.010812438351282656
04013422513,-0.3427298724796344
04013420709,0.4159702736050469
04013422501,-0.4589035303892057
04013422502,-0.4322115136298106
04013421702,-0.03597761383070518
04013421701,0.09366489985060067
04013420707,0.39510955883869264
04013420704,-0.21106367188356184
04013420602,-0.5373071331742038
04013420603,-0.38405558237072807
04013420705,-0.5353667012783189
04013420304,-1.1313332396367923
04013420303,-0.4614193337990097
04013420302,-0.3386141129352547
04013941300,-0.6698464839462751
04013420206,-0.5136573790853607
04013420207,-0.40457534980506704
04013216821,-1.0670438971359484
04013216856,-0.8600609851915655
04013216857,-0.9095457930864057
04013216820,-0.6611370823311545
04013216819,-0.9201397541463966
04013980700,0.2525834445143766
04013941200,-0.47929387790363076
04013010102,-0.8210672012658387
04013010104,-0.6342123617944209
04013010103,-0.3508290158218201
04013030402,-0.613643834921366
04013030401,-0.785549395449595
04013216822,-1.076379036727281
04013613100,-0.671189042355263
04013612500,-1.1310511176779112
04013613000,-0.9060123847426547
04013612700,-0.9208541890619846
04013613200,-0.8757740228252134
04013612900,-0.6700130385602743
04013613300,-0.7647116835825095
04013216840,-0.8671154164723911
04013216843,-1.186829837680269
04013216829,-0.674339850479966
04013216851,-1.2481442777966474
04013216855,-1.0924176366996758
04013216854,-1.4003178793278197
04013216849,-0.9653237635583024
04013216859,-0.9372617254448379
04013216858,-0.19644579193031086
04013216809,-0.894719267972594
04013216837,-0.6972534422843293
04013216833,-0.7988013879713105
04013216832,-0.9506150303634133
04013216836,-1.1105565140311204
04013216839,-1.2000457793775319
04013216861,-0.9140051334415249
04013216853,-0.8294041428847628
04013216850,-0.8205269744582876
04013216860,-0.8619131137987631
04013216852,-0.5877453567223627
04013216816,-1.1754643777268083
04013216838,-0.7014840570909553
04013216826,-0.5773920906054983
04013216810,-0.8056424605555421
04013216807,-0.7436773039626705
04013216813,-0.7652608853699433
04013216834,-0.7658361587814111
04013216831,-1.0092833385401792
04013216830,-1.0882304895081567
04013105003,-0.9097912628338375
04013103209,-1.0194390324914675
04013103205,-1.0881741388545176
04013103207,-1.2873689537717807
04013103206,-1.030324029137701
04013103214,-0.8437606070968356
04013103220,-0.6204096267161017
04013103219,-1.5600355629863971
04013103217,-1.0716878473120104
04013103212,-0.9975445596072461
04013103216,-1.3388411947823535
04013619900,-1.224030633657837
04013615201,-1.4108626406154114
04013216845,-1.6692567721266693
04013216844,-1.3647603822511842
04013216841,-0.9056899468474087
04013216842,-0.8586952545792841
04013615202,-1.4616584957104979
04013615100,-1.3441731975317948
04013615001,-0.8913225449431867
04013617001,-0.6952437365409745
04013612401,-0.37307577001204206
04013614700,-0.4886019321676456
04013614900,-0.45687975795632857
04013616900,-0.43236112391995407
04013616700,-0.6572460393560321
04013616800,-0.5094398311670342
04013619000,-0.2989845292023403
04013619100,0.25338981498843727
04013618900,-0.4933988520068113
04013619200,-0.35539715264665117
04013619400,-0.6065352893595154
04013619300,-0.6029513697413103
04013103606,-1.4244067258980708
04013103305,-0.47590145419789376
04013103304,-1.4355920089078473
04013619602,-0.5838189802795432
04013619500,-0.6607443452485177
04013617002,-0.41002661570085314
04013617100,-0.2786711077061366
04013617200,-0.6153760443899234
04013615002,-0.6143332803538515
04013617300,-0.572535933617408
04013619700,-0.720307783714161
04013619800,-0.8748380556756017
04013619601,-0.8715689194110343
04013103303,-1.505851263822002
04013103215,-1.210066201844466
04013103211,-0.7623908073127666
04013103302,-0.7420340373718441
04013103306,-0.7564756596959302
04013103501,-0.7199424694286451
04013103502,-0.7427265100500497
04013103400,-0.8171680431433537
04013103210,-0.9234488418316158
04013103208,-1.0874219650570964
04013104900,-0.7196715640394401
04013105101,-0.9611813208932611
04013104801,-0.7839515363044415
04013104802,-0.935185627605735
04013105200,-0.7277838930466404
04013105300,-0.7807483873387482
04013104600,-0.7887698757787206
04013104702,-0.7962165328614755
04013104701,-0.7400457407363563
04013103702,-0.7984962734461731
04013103701,-0.7943407493756989
04013103607,-0.6228304648575026
04013103611,-0.9478128894153565
04013103612,-0.6150692545428206
04013103604,-0.6462986782148987
04013103605,-0.7791897355688104
04013103608,-0.9721302676915161
04013104207,-1.3969923136775826
04013104100,-0.7605069475722406
04013103609,-0.20006489976905267
04013103900,-0.7037928081403304
04013104000,-0.6659731097663346
04013103614,-0.8026379742797785
04013103615,-0.516967746647438
04013104502,-0.8499977174698844
04013104501,-0.550667601235166
04013105400,-0.7823880156260176
04013105503,-0.4666184277160107
04013105502,0.09103476302145083
04013105501,-0.6709786353855838
04013105601,-0.6945109190608139
04013105602,0.10698461056357396
04013104402,-0.48950830278068147
04013104401,-0.7715708927581768
04013104302,-0.4717117707588089
04013104301,-0.7291593270722607
04013104203,-0.5551956143602265
04013104206,-0.6491779575644494
04013104205,-0.8464707492449145
04013105702,-0.4780710016047559
04013105701,-0.41434644512918684
04013092309,-0.4296010435702139
04013092307,-0.5674013100364763
04013092306,-0.7961084949429285
04013092308,-0.7418297706264206
04013104227,-0.48166143494882246
04013104204,-0.49663650423222855
04013104221,-0.713840113310922
04013104224,-0.6327033066200076
04013104219,-0.6942167064657829
04013104212,-0.5931482503429453
04013104202,-0.7314659562643212
04013104226,-1.0102891774282452
04013104225,-1.1492773040417754
04013104218,-0.9901150379620686
04013104217,-0.6550654506486395
04013104214,-1.0413248160919197
04013618100,-0.5890379990896388
04013618000,-0.6626668552566446
04013616000,-0.7153559081310538
04013616100,-0.44514930371950423
04013616200,-0.40863259103916044
04013616300,-0.36614087313401844
04013618300,-0.7614754208701408
04013618200,-0.34201498171098293
04013618500,-0.7034773320516672
04013618400,-0.4767759520007137
04013618600,-0.9508222387550771
04013618800,-0.7148712305656748
04013618700,-0.722878069478709
04013616600,-0.8317593901205735
04013614800,-0.49674495255857076
04013616500,-0.43321235254386875
04013616400,-0.3492398467367991
04013614601,-0.4924253278733427
04013614602,-0.20622817244468228
04013614500,-0.33447689356562915
04013612301,-0.8157787098125262
04013611800,-0.4575308718953133
04013614400,-0.5370748353159738
04013614300,-0.6468834446306441
04013611700,-0.74184504065732
04013611500,-0.4099996168165604
04013611600,-0.3576663915520266
04013611900,-0.5204146698879216
04013611300,-0.8984130184838937
04013612302,-0.8028033431521844
04013612200,-0.7427749700934019
04013612402,-0.6664774658351998
04013612800,-0.9675098001859365
04013612600,-0.5757382579459773
04013612000,-1.0141026187166777
04013610700,-0.420579444839658
04013610201,-0.4234447576640135
04013610302,-0.46902791560019497
04013610202,-0.5282810943595455
04013610400,-0.5158030854125698
04013610500,-0.5170444100991642
04013610600,-0.47306880455857436
04013610301,-0.4543595405490643
04013611400,-0.44407958487416593
04013611000,-0.3211744186734542
04013611100,-0.3522298696989262
04013610903,-0.4299346321553219
04013610800,-0.5890652754268966
04013040537,-0.8627337528606568
04013040536,-0.7193951483558627
04013040534,-0.6345767755483688
04013040535,-1.058174061700718
04013040539,-0.5901639337521252
04013040541,-0.510359089224325
04013040538,-1.69877244506029
04013040524,-0.5510155009466436
04013040512,-0.5898362518022429
04013040529,-0.8029841862618886
04013040528,-0.8770700509416736
04013040530,-0.528374091567953
04013040527,-0.4105117831732914
04013040525,-0.6764038767377984
04013040526,-0.6939376466543322
04013040540,-1.0349971731137928
04013061059,-0.26093404633581596
04013061062,-0.8421052064456536
04013061061,-0.750522003591729
04013061060,-0.21561604016725355
04013061031,-0.9819273248056668
04013061026,-0.5940287633075242
04013061032,-0.3177139066318273
04013061027,-0.7890827033444465
04013061033,-0.4095399281106731
04013061037,-0.7359475758528949
04013061038,-0.45737174430799793
04013061036,-0.5124123628574385
04013061044,-0.9930831588230917
04013061043,-0.7696939433291978
04013071701,-0.2445260902587501
04013092723,-0.25560405293079147
04013092724,-0.3710440850893788
04013071702,-0.802435167137637
04013071600,-0.5862597073057431
04013061042,-0.5089256105582647
04013060903,-0.35800249370218606
04013060904,-0.4055118114681665
04013071505,-0.779511488923637
04013071504,-1.1809892372849626
04013060802,-0.5927507417760915
04013060902,-1.0035177697096027
04013060801,-0.8078361437485466
04013061029,-0.6834696736930811
04013061035,-0.4355439121021491
04013060901,-0.6146786810323676
04013061041,-0.40454785224742806
04013061040,-0.5174691187036246
04013061039,-1.2163839305589077
04013061034,-0.578687373442165
04013061028,-2.1259292775727103
04013040531,-0.7842917810271623
04013040506,-0.8702416733388996
04013040507,-0.8478367862402854
04013040513,-0.7995266649510828
04013040522,-0.4401855188308758
04013040533,-0.7840761767066631
04013040523,-0.5184167871926917
04013040514,-0.6351626145828886
04013040532,-0.6688793855400782
04013610902,-0.44674632251275
04013613400,-0.4191642428485929
04013613500,-0.5485930410842907
04013615400,-0.5774345653749503
04013615300,-0.5959407369594396
04013617400,-0.8327887875718472
04013617500,-0.813214461780176
04013617700,-1.4598895180660212
04013617600,-0.515865573140365
04013615600,-0.7643192654898945
04013615500,-0.727527349515979
04013613601,-0.5048991965420617
04013613602,-0.9391084762399498
04013610901,-0.9346297506973502
04013613800,-0.44579875934996765
04013613700,-0.4393063655637385
04013613900,-0.46167996817744034
04013614100,-0.40266797426402917
04013614000,-0.47432674626789484
04013611200,-0.4427215459754963
04013614200,-0.7935139708725603
04013615900,-0.8626054348017492
04013615700,-0.6229512681146501
04013615800,-0.7056426380871591
04013617800,-0.649402909502852
04013617900,-0.7240946486561648
04013104215,-1.1263796259233234
04013104216,-0.6113576442080175
04013104223,-0.7798007612755564
04013071510,-0.7372623245290785
04013071512,-0.5954979787315838
04013071513,-0.6896409263396853
04013071511,-0.881227489118914
04013071509,-0.6479832078575383
04013071515,-0.763947837573472
04013071514,-0.6016568222875447
04013071506,-0.8110097425128067
04013071503,-1.2306929711833745
04013071516,-0.8358011095489035
04013071517,-0.7119643301989625
04013071906,-0.9077274888350881
04013071912,-0.48385291114083606
04013071913,-0.5828864480213983
04013071801,-0.7115665429258078
04013071909,-0.5693969373675767
04013071802,-0.8126894728775964
04013092708,-0.8543624681243868
04013092709,-0.7029600492216336
04013093200,-0.6923626749808732
04013071911,-0.9347942847037783
04013071910,-0.5679106112281692
04013071903,-0.7713885079851593
04013071914,-0.6843143803383019
04013071915,-0.5639511442723926
04013092305,-0.5913429372771052
04013104222,-0.8420243665686519
04013092312,-0.1347534392139185
04013092311,-0.45880004329343
04013092801,-0.6031891116201145
04013092600,-0.6259154992264799
04013092705,-0.6307109892293344
04013092711,-0.8378039212228657
04013092717,-0.5684667216000007
04013092718,-0.4409140767147972
04013092712,-0.40009510421349204
04013092713,-0.37662205819542893
04013092715,-0.509245352729262
04013093105,-0.1487099951271561
04013092802,-0.42513601449663924
04013093106,-0.4691639779466364
04013109500,-0.3770951577191355
04013109802,-0.4263995663134527
04013112504,-0.38664072269615246
04013109801,-0.37445604488865675
04013109707,0.06063227964031817
04013109703,-0.4155993765272133
04013109706,-0.25322336503705717
04013112520,-0.7566728306474604
04013109705,-0.3699323742862826
04013109704,-0.25534216505380103
04013109603,-0.45917665815787956
04013109604,-0.3740549471393807
04013109602,-0.32526897063977617
04013092716,-0.5990263335098656
04013082007,-0.574247445175142
04013082008,-0.38825095446049984
04013109601,-0.4977275129456595
04013082010,-0.5369902483695554
04013109702,-0.6092892357469333
04013082018,-0.38609529956827326
04013082009,-0.37497361003535556
04013082016,-1.6681967164104234
04013092720,-1.0321924447912947
04013092710,-0.3655487293529649
04013092721,-0.7205730119268493
04013092719,-0.37285496065335494
04013061100,-0.4911518340842247
04013061047,-0.47362159110798974
04013061046,-0.383472111767607
04013061011,-0.6528970669837917
04013061010,-0.8522172569752366
04013061020,-0.5816697426845548
04013061021,-0.643689463384482
04013061014,-0.24297447616203904
04013061013,-0.5528151706601757
04013082012,-0.30341786586666075
04013082002,-0.3420167988932332
04013082021,-1.0518106916543868
04013082019,-0.18182087874983074
04013082020,-0.2342320254940751
04013082024,-0.3283234110174307
04013082023,-0.5207938023091222
04013082027,-1.1121069626745175
04013082026,-0.5020411449184982
04013082025,-0.5971568155143677
04013082022,-0.36306745611381863
04013061015,-0.3602259489619483
04013061048,-0.7810920533724126
04013061064,-0.989028953596944
04013061063,-0.9933166859324607
04013061300,-0.5416017680228423
04013061200,-0.42363775409810533
04013061402,-0.3769540420082082
04013061401,-0.47615905662744856
04013082208,-0.8771015440498702
04013082211,-0.5406461305796672
04013082209,-0.7920117328396343
04013082210,-0.6250890110937514
04013082213,-0.3779462970570842
04013082212,-0.7446490078578716
04013082207,-1.025966755130551
04013082204,-0.6116834222341706
04013082206,-0.31924070632153134
04013082205,-0.3790265994118758
04013083000,-0.6942070528937324
04013082017,-0.29813011473736734
04013082028,-0.5017905693669195
04013112510,-0.5379582002643665
04013112524,-0.3736858672384828
04013112523,-1.3898246621765158
04013112519,-0.561164617219959
04013112508,-0.20571213322897056
04013112522,-0.26018891657640664
04013112521,0.1481817056369903
04013112502,-0.6105133762840671
04013112516,-0.49830065586449857
04013112515,-0.4253408885931871
04013112517,-0.5781137847082426
04013112518,-0.3327829969334836
04013116618,-0.6661397158084057
04013116620,-0.437376252397656
04013723307,-1.293659821011192
04013723311,-0.972860797109861
04013723310,-1.2745812749416454
04013723309,-1.1624521283771012
04013980900,-0.39210694758580134
04013050611,-0.42403838940303806
04013050614,-0.5881865707101609
04013050615,-0.6377265346779233
04013050609,-0.6229859937068101
04013050612,-0.5313724526744793
04013050613,-0.43150757616550706
04013061058,-0.7778514098287526
04013061024,-0.5068854177554956
04013061049,-0.25373454208002605
04013061050,-0.3451286612922689
04013061051,-0.4418975552678329
04013061052,-1.4644498740136933
04013061053,-0.7275108224760496
04013061054,-1.0193554485210057
04013061017,-0.3609119484840493
04013061057,-0.5610171671448277
04013061056,-1.2606425645192003
04013061018,-0.6493774764080588
04013061055,-0.5933181782278915
04013061045,-0.942665934923479
04013050619,-1.044496876681162
04013050618,-0.8350431625473236
04013050620,-0.6980525658319323
04013050621,-0.6980007648917925
04013050616,-0.22971284656123303
04013050701,-0.3820700379092622
04013050702,-0.5024515656506836
04013050617,-0.420466779663533
04013050604,-0.22991880305018325
04013040516,-0.5306172821816246
04013040515,-0.12538566604859192
04012020102,0.3679057832672749
04013050603,-0.09817888105118787
04013723305,-0.23023404725264202
04027012100,0.38648771367037926
04012020101,0.4242288432499855
04025001300,-0.8814611135369452
04015954801,0.00848638061091867
04015954802,0.40116817537303723
04005001700,-0.24913233941771445
04005002201,-0.2227691942360759
04005002302,-0.2815453745237792
04005980100,0.08225956031902143
04005980200,-0.10205262689222297
04005001104,-0.46275790962182206
04005000901,-0.34687945376201523
04005001101,-0.6136708814294398
04005000902,-0.22018368954422576
04005000800,-0.3731252902541814
04005000700,-0.21474698480901797
04005000601,-0.2619298099198846
04005000200,-0.02694880081931119
04005001201,-0.2159093746105893
04005001000,-0.09306062708556773
04005001103,-0.16158930265392782
04005001302,0.12999774255366262
04005000602,-0.16089731465470328
04005002202,-0.580600414913468
04005001602,-0.3061784757365021
04005001601,-0.6228830473655032
04025001602,-0.35922995018784
04025001703,-0.5684119743987188
04025001705,-0.504364519591847
04025001704,-0.3503533115995934
04025001701,-0.23374323448914183
04025002002,-0.19019214215412578
04025001604,-0.41242072550551756
04025001605,-0.3769811099717123
04025001601,-0.5244017666772529
04025002005,-0.4595467029956772
04025002006,-0.44243630831426356
04025002003,-0.35315222552498093
04025002001,-0.7960617004121449
04025002007,-0.7319545499900173
04025001901,-0.7872956745267514
04025001902,-0.4548658269396252
04025001803,-0.4849476076590703
04025001801,-0.3470032841149753
04025001804,-0.545302223914795
04025000207,-0.4756796719085999
04025000211,-0.5434605615454163
04025000210,-0.36213192290679136
04025002100,-0.39299055506282254
04025001201,-0.3587720388230843
04025001202,-0.33204925292669724
04025001103,-0.4354503367280208
04025001002,-0.46317588838867707
04025001004,-0.5533938754931289
04025001003,-0.6250103262421784
04025001106,-0.6304433982233637
04025001104,-0.6026050129317926
04025000804,-0.40688532982501746
04025000803,-0.5798195185814637
04025000802,-0.4944284780569354
04025000502,-0.6635800843646228
04025000901,-0.6430137056864715
04025000902,-0.6206338524209429
04025000403,-0.7214573016481645
04025000406,-0.581984567163567
04025000407,-0.8198660606105098
04025000405,-0.6408514062710977
04025000301,-0.5666575594936106
04025000404,-0.8703155321952095
04025000501,-1.2461169153133922
04025000302,-0.8655155850386049
04025000205,-0.7004634724909541
04025000208,-0.981141753214499
04025000206,-0.6843626956665627
04025000209,-0.7147023522485585
04025001904,-0.7959765340390506
04025000608,-0.6393087918552343
04025001903,-0.8047167035532397
04025000613,-0.6956870873581487
04025000604,-0.6884766379167988
04025000611,-0.9444611292134121
04025000612,-1.0455109834668574
04025000615,-1.1070757583094297
04025000614,-0.4821251641631178
04025000609,-0.6436768928016456
04025000616,-0.661653332551851
04025000617,-0.6112665365595275
04025000619,-0.4913271157227085
04025000618,-0.2771886565598555
04025000702,-0.2685196265470204
04025001502,-0.5646291007327504
04025000701,-0.38397113173589964
04025001105,-0.4014761855879312
04025001403,-0.09088183016745732
04013040502,-0.29190342483668424
04025001402,-0.22340192169825787
04013610002,-0.4058474283632181
04013610100,-0.347282744074664
04013610001,-0.255979612223097
04025001401,-0.6648852404260963
04025001501,-0.34938011467219243
04007000100,-0.19124462219902666
04007000302,-0.14015129399879106
04007000600,-0.058106054285789244
04007000301,-0.33800562716221655
04007000500,-0.19582294023174107
04007000400,-0.1923803158320913
04007000200,-0.10499834433212998
04017940100,-0.16877083585462177
04007940200,-0.05813599514769686
04017964902,-0.5844744900319626
04017964901,-0.4594080371076636
04017962502,-0.29294718066440456
04017962501,-0.22793408650692815
04017961300,-0.24934227356251487
04017964802,-0.35171389389825874
04017964801,-0.01585297337398538
04017965302,-0.06769442985840794
04017965202,-0.595066699529979
04017965201,-0.31711443071987044
04017961702,-0.3705626261927451
04017961701,-0.34066059990213987
04017965301,-0.1980164433104322
04017963800,0.19388306558136198
04017964201,-0.14572586732504708
04017963700,-0.1908687633733519
04017964202,0.010612290745350165
04017963300,0.09077973947156112
04017963400,0.23811608531243958
04017960200,0.0997993646425823
04017960100,0.03799235111502199
04017960500,0.06944709695431396
04017960400,-0.16462444528286738
04017960600,-0.25692020974946717
04005001500,0.02370510060371824
04005945100,0.3933723838892872
04017940015,0.09052936053063251
04017940014,-0.13557409182474023
04001944902,0.3440730381271887
04001945100,0.36503752688446234
04001970202,0.3024342766698879
04001970201,0.2725338149595882
04001970300,0.21720019125043494
04001970502,0.18893418144432256
04001970501,-0.295579201276525
04011960200,-0.11521628388010074
04011960300,-0.138147373384024
04009961700,0.04343294290355176
04009961500,0.1506727924188317
04009961202,-0.08888513547083098
04009961300,-0.4009407889054126
04009961400,0.20925249900463297
04009961201,-0.056299690353140294
04011960100,0.057082713434370394
04017940302,0.14082732299934617
04017940301,0.06320142246424908
04009940500,0.2691533969737415
04007940400,0.25292250531642685
04007001000,0.016726955775918814
04007000700,0.2808635315578676
04021000201,-0.13461237129353104
04021000400,-0.1198288193545741
04007000800,0.15504049842149425
04007000900,-0.04070170409868128
04007001100,-0.25556154876553205
04007001200,-0.10327330960344262
04007001300,0.09902773157705698
04021002300,0.010643979940593795
04021000808,0.22358592730870477
04021000904,-0.4314693357069022
04021000903,0.3538361624381564
04021000807,0.25590421936496194
04021000802,-0.02798393427842647
04021002200,0.10022392344609618
04021002400,0.17386971179399915
04021000700,0.10262404656616003
04009961100,0.08362166170059741
04009961600,0.12709825584593937
04003000202,-0.283550416685805
04003000201,-0.1158318015089752
04003000203,-0.40250942171986964
04003000305,-0.09134710605957516
04003000303,-0.011432251156126817
04019004052,-0.4204190508327123
04019004728,-0.8611521788118216
04019004079,-0.6621111160280091
04019004723,-0.7659708828347469
04019004729,-0.9860332681792081
04019004730,-1.6322736321043492
04019004722,-0.9220308473823998
04019004720,-1.1562817350377086
04019004724,-1.2025688215413985
04019004718,-1.5251713627373595
04019004717,-1.0601639668400122
04019004712,-0.7519311507199082
04019004711,-0.9826914800273714
04019004726,-0.9527096089686065
04019004510,-0.682226467855616
04019004618,-0.4515772011224782
04019004725,-0.6099751984201808
04019004617,-0.3163862049232293
04019004714,-0.8762379095366601
04019004713,-0.8917714665005404
04019004622,-0.7243293321220042
04019004620,-1.3010127038267874
04019004619,-1.082415761496255
04019004633,-1.0544437543780258
04019004635,-0.8070511759169632
04019004642,-0.9765833381779971
04019004636,-0.629493493591934
04019004641,-0.673232503453267
04019004643,-0.9530776714781866
04019004715,-0.5199195924465699
04019004727,-0.4841434568121482
04021000604,-0.23480921670413418
04021000603,-0.18837581797772196
04019004640,-0.8689259251594998
04019004649,-0.8195283254171304
04019004648,-0.9440656260462436
04019004430,-0.9502133726224715
04019004419,-0.3563359047834646
04019004439,-0.5190973896265695
04019004426,-0.6799353570289348
04019004440,-0.5250115243726097
04019004423,-0.48339434226402084
04019004436,-0.7275545584399624
04019004431,-1.3509326357070848
04019004639,-0.839688134550682
04019004437,-0.6278361568633044
04019004438,-0.47799625405942703
04019004645,-0.4973268919921702
04019004644,-0.4682490315391675
04019004630,-0.43217602114482184
04019004650,-1.0543670077020852
04019004634,-1.6488037743589765
04019004631,-0.5504026173032286
04019004632,-0.5948103165400838
04019004621,-0.688925890113713
04019004614,-0.8796505940998469
04019004615,-0.7659738434175776
04019004626,-0.4604406423332285
04019004628,-0.7470009373242615
04019004627,-0.6630322050280564
04019004624,-0.8160895551448266
04019004625,-0.6099877846862763
04019004623,-0.6870914822873113
04019004647,-0.7435806026576056
04019004646,-0.8542975955790785
04019004613,-0.9768020768083583
04019004418,-0.7256436143831457
04019004506,-0.7761511636354261
04019004610,-0.5853225354973097
04019004616,-0.7854444861333101
04019004512,-0.5496215229408183
04019004513,-0.2914002788617603
04019004514,-0.08387057251387521
04019004515,-0.4518548996632529
04019004505,-0.1807133542529924
04019004412,-1.3019617472367127
04019004433,-0.7615591373071697
04019004432,-0.21460949798270385
04019004413,-0.6643830095946136
04019004414,-0.6313536239746086
04019001200,-0.9194635407427337
04019001100,-1.5806214826323786
04019004415,-0.995262173658976
04019980400,-0.7140414740136841
04019002503,-0.4179315523079261
04019004407,-0.5595744999727816
04019004310,-0.5963845601445478
04019002504,-0.8342623263347809
04019002505,-0.6677280728466872
04019002507,-0.5674406498462504
04019002508,-0.5892982891208247
04019004321,-0.5409086825296071
04019004312,-0.8786684435846552
04019004311,-0.7242814642044044
04019004333,-0.767698912068467
04019004422,-0.6285839210613545
04019004404,-0.8345282848390237
04019004435,-0.7558091971194414
04019004340,-0.9995653753803955
04019004434,-0.387783569949951
04019004428,-0.4527781426862706
04019004424,-0.3752050573820228
04019004313,-0.4230891798345604
04019004339,-1.5905123644052674
04019940900,-0.8063940728375626
04019941000,-0.8245519760559532
04019004320,-0.7650629875340198
04019004322,-0.6075361917573343
04019004336,-0.7525821671152974
04019004323,-0.6050667287448674
04019004335,-0.5342011907426297
04019004114,-0.2988378225944802
04019980100,0.21694963621588825
04019980200,0.2480540555424302
04019004132,-0.671425441502632
04019004133,-0.5884913012498564
04019004073,-1.1246265556510315
04019980002,-1.6535402862136908
04019980001,-1.7721697214662404
04019004131,-0.9510143979310524
04019003903,-0.9808393044949741
04019003705,-0.8512974355010973
04019003704,-0.9567176802775585
04019003902,-1.0967596509871376
04019003901,-0.9170600016279429
04019003802,-1.0393251502760859
04019003707,-0.6142365686391388
04019003706,-0.488188197839897
04019003702,-1.3190531041172617
04019004122,-1.077578481329843
04019004116,-0.8894830161524094
04019004118,-1.0005636455088733
04019004112,-1.0210571281193395
04019004115,-0.9829583436073333
04019004110,-0.8668259833561112
04019004117,-0.7917598761179866
04019003505,-0.9444976623586587
04019003506,-1.194914993934955
04019002100,-1.1129562396349826
04019002000,-1.097726196771089
04019002202,-1.3133963346899353
04019002201,-1.3500663746128492
04019002400,-1.3121436280328145
04019003801,-1.1512694060573279
04019002509,-0.7689729130746193
04019002300,-1.0993136367485985
04019000200,-1.1830003160026037
04019000100,-1.2347621143023788
04019005400,-1.5417211803780013
04019000800,-1.163556884926829
04019000700,-1.2282071008803663
04019000501,-2.0839379002387792
04019000502,-1.3451435603590722
04019001302,-1.414341534502711
04019000401,-2.0954295645279095
04019000402,-2.1185698083084703
04019000300,-1.6108549487043438
04019001304,-0.9584603164383183
04019001303,-1.3290793480592842
04019004508,-0.5960540236528111
04019004511,-0.6644807246939671
04019002604,-0.7923829955766222
04019002603,-0.9048766915207229
04019002602,-0.9346223980850186
04019002704,-0.4048011062960467
04019002703,-0.9480029055711616
04019001400,-1.7330408060791376
04019001500,-2.104753904964047
04019001600,-1.5002370120012198
04019001801,-1.2814175468294433
04019002803,-0.9481377137422811
04019002802,-1.0484129735275014
04019001700,-0.7886388251066727
04019002702,-0.7850311776693693
04019004710,-0.6707003934015872
04019002801,-0.7813394101429293
04019002905,-0.7493789024891375
04019002901,-1.122090487609396
04019003103,-1.5125538006285442
04019003201,-1.7646424684394084
04019003202,-1.6376734385664538
04019003104,-1.521505549752536
04019001802,-1.7195868734207402
04019000600,-2.0725267983541125
04019001900,-1.2933956954788766
04019003400,-1.5260568314217289
04019003304,-1.3090509119018419
04019003303,-0.976716310731512
04019003502,-1.308402987074692
04019003302,-1.069821053983107
04019004068,-0.8694823176554818
04019004067,-0.9013214056171521
04019003002,-2.1072246088622313
04019003102,-1.6611681048966025
04019002904,-0.9401553803493758
04019003003,-0.7655589458133171
04019002906,-0.9137479890994566
04019004721,-1.0017308074408127
04019004030,-0.5864566744275945
04019003004,-0.4391910857251798
04019004031,-0.8935134646325871
04019004080,-0.7112730130281733
04019004053,-0.5172165849371114
04019004055,-0.6794250816977506
04019004047,-0.8309595277050095
04019004048,-0.8260862082921128
04019004072,-1.0343138243277752
04019004046,-0.6680887710826466
04019004032,-0.8785458228594757
04019004039,-0.8616761531532374
04019004071,-0.652744411207188
04019004010,-0.8411913931003958
04019004069,-0.4704529632785412
04019004070,-0.6091905787214188
04019004049,-0.9469902332400011
04019004077,-0.922599895786644
04019004078,-0.8967362530876494
04019004056,-0.7464451408000357
04019004058,-0.8876928179936918
04019004035,-0.785966766195378
04019004036,-0.8482705761788736
04019004029,-1.5419693975193143
04019004038,-1.434329668215345
04019004037,-1.360024333072508
04019004075,-0.8445660356757207
04019004076,-1.086844954666421
04019004008,-0.7824017607399196
04019004033,-1.56457560904309
04019003504,-0.7964826737445353
04019003503,-1.3863003946092873
04019003601,-0.7831906325232999
04019004034,-1.1547638264967104
04019980300,-1.106323990161593
04019004063,-1.0643546076374988
04019004026,-0.7350062129096996
04019004057,-0.8727426084973172
04019004043,-0.5326521865225955
04019004044,-0.6499190660343064
04019004042,-0.5414631091570021
04019004054,-0.5669677549479335
04019004050,-0.7048919286439886
04019004051,-0.5969860113742418
04019005300,-0.6722196042607395
04019004061,-0.682598698069605
04019004081,-1.1264888872152314
04019004066,-0.8024616572779383
04019004065,-0.7769896199481632
04019004074,-0.9726916571995166
04019004062,-1.3794128437596926
04019004082,-0.853603795904605
04019004109,-0.36672189207501404
04019004126,-0.9145723111954749
04019004129,-0.8127942552914342
04019004307,-0.8976396120374268
04019004128,-0.8997188814467465
04019004127,-0.33380022634106304
04019004130,-1.3178731521653186
04019004326,-1.6144369542506158
04019004327,-0.7776696424176098
04019004337,-0.43518274192934125
04019004317,-0.8013127339988908
04019004338,-0.6833868709047929
04019004332,-0.5333370821503592
04019004330,-0.6115673319674467
04019004328,-0.7867444723832715
04019004325,-0.6953864851638387
04019004316,0.0030776071072712843
04019004324,-0.9111321058587813
04023966101,-0.06426721074316008
04023966106,-0.5301980047074866
04023966107,-0.6725262569123934
04023966108,-0.672904901463879
04023966402,-0.8307285452961621
04023966401,-0.9425703234509075
04023966200,-0.8758009154267151
04023966103,-0.7724093923953678
04023966301,-0.7609732138051368
04023966302,-0.7569913474802437
04023966109,-0.5537268697286368
04023966110,-0.7306895731629933
04023966111,-0.810606758673559
04023966000,-0.3869685110516947
04003002100,-0.42552302263846353
04003002001,-0.5742514443341591
04003001900,-0.5859464108293608
04003001402,-0.20815727149516958
04003001502,-0.43824093128309005
04003001501,-0.6740507576616533
04003001801,-0.5369971941437351
04003001703,-0.5823059269341808
04003001701,-0.3999030357786246
04003001802,-0.5126192332194522
04003001601,-0.39418823408025117
04003001602,-0.5659847070787268
04003001702,-0.40617526088263395
04003001401,-0.26820021574316544
04003000304,-0.16549108969885165
04003000301,-0.41956249647029464
04003001301,-0.10582046598356329
04003001302,-0.2011046126872287
04003000400,-0.16653257510239988
04003001000,-0.6278680121247032
04003002002,-0.4474024094319368
04003001200,-0.6505123295636829
04003001100,-0.8517563999587808
04003000502,-0.6477952438447131
04003000503,-0.5936286356156766
04003000600,-0.7450316270239054
04003000800,-0.7610506167735565
04003000902,-1.493169618109512
04003000901,-2.3146583219381034
04003000700,-0.45827010643880467
04003000501,-0.639729008284968
04003000102,-0.02777695504746967
04003000101,0.011789641188419735
35023970000,0.37070745212362255
06097154100,-0.1092336595223119
06055201800,0.00123685051310413
06113011500,-0.27135879840955335
06033001302,-0.15685238950481073
06033001301,-0.5131832376060411
06033001200,-0.19275981092014544
06033000801,-0.706837555420413
06033000802,-0.730107375052795
06033000702,-0.12592713119414095
06011000302,-0.12462551061316046
06033000602,0.04829948779239766
06033000501,0.04851706573940476
06033000502,-0.39869279912503625
06033000601,-0.34774183886573673
06033000703,-0.3866467467779848
06033000704,-0.5596013131412636
06033000902,-0.20860635544330985
06033000901,-0.2673761865271566
06033001102,-0.1237470493110086
06033001101,0.0664209308697718
06033001000,-0.10340263065786123
06045011800,-0.10306785686159699
06033000402,-0.6642415650088449
06033000300,-0.11501800853427747
06033000401,-0.5304324242599484
06045011700,0.3020785367176181
06033000100,0.06995502389755774
06045010802,0.2594735813024212
06011000400,-0.1002846157044684
06021010401,-0.7151673722433712
06021010402,-0.82579903947753
06021010300,0.09239804525069523
06021010200,-0.31892349266402864
06021010102,-0.49980552936249156
06021010101,-0.5675054952191939
06103001102,-0.9583158163581162
06103001101,-0.42540365753118886
06103000800,-0.3082480220642313
06103000702,-0.400721881534878
06103000300,0.07900692685037862
06045010200,0.3832318883131953
06045010100,0.38715127211702155
06045010602,0.38825130008126635
06045010801,0.01301576598532774
06045010601,0.23527589730548823
06023010902,0.0053332645271877074
06023011600,-0.27407275266267916
06105000500,0.18312579819469843
06105000200,0.17721071211558015
06023001200,0.16567363928155848
06023010102,0.08621278253984788
06015000202,0.2457805071188707
06023940000,0.029905086488205994
06093000800,0.10673506723702196
06093001300,-0.17756901113513612
06093000701,0.19545213207250348
06093000300,-0.1029204813359682
06093001003,0.004333125957791732
06093000902,-0.16107151139702797
06093000901,-0.22286818517037055
06093001001,-0.01434461585793186
06093001100,-0.10820724315835588
06093001002,-0.36756023884395145
06089012500,0.1580718505975695
06089011801,-0.26012106035901045
06089011802,-0.45208753046238515
06089010807,-0.454820808751387
06089011701,-0.6822052004422144
06089011702,-0.7671707715003058
06089011703,-0.6200771997530936
06089011803,-0.4764006306420806
06089010806,-0.44365121738557156
06089011600,-0.34169950792042864
06105000101,0.1928008815103477
06105000102,0.24381367681431404
06089012400,0.038101827540680304
06103000202,-0.14047564063690085
06089011001,-0.4262517419262203
06089010603,-0.07866504343964634
06089010602,-0.4874851082334437
06089010702,-0.5159044126715745
06089010704,-0.5263822131267955
06089010100,-0.5362856556491568
06089010500,-0.5074927069575468
06089010601,-0.506046307396627
06089011002,-0.6938370527394878
06089012302,-0.13778824139122736
06089012303,-0.22578971249474317
06089012000,-0.5175408235842092
06089012101,-0.5195377446921496
06089012102,-0.45754548472459755
06089011502,-0.34903916224119796
06089011501,-0.43227236546361325
06089012301,-0.14859418174459302
06089011100,-0.5478949923522676
06089011401,-0.487053661860786
06089011402,-0.7264700851090355
06089011209,-0.4774063827543492
06089010400,-0.7366546119073393
06089010900,-0.5672271002285763
06089010300,-0.8172966666975184
06089010200,-0.5004222370338629
06089010703,-0.1345364138566078
06089010803,-0.5974480178356262
06089010804,-0.5480525834596918
06089011300,-0.6014864686196563
06089010805,-0.6558299041376171
06089011403,-0.6179070332178859
06089011900,-0.28768599259389205
06089012200,-0.2625973933386969
06103000201,-0.1096261750131357
06103000400,-0.24780619149781674
06103000500,-0.7049015041159938
06103000701,-0.42671473744024013
06103000600,-0.4257489752896409
06089012604,0.11639870230798817
06089012603,0.24997929448152917
06103000100,0.1257351421869208
06063000501,0.4211210134224197
06063000502,0.3515106737803618
06089012702,0.26335527334411224
06089012701,0.29790316874813044
06089012605,0.14888667824132823
06089012606,0.15262766184750043
06093001200,0.35077047191232946
06049000200,0.38553494016638734
06049000100,-0.48015495393336605
06049000300,0.22629505738612696
06035040100,0.3093563011195648
06035040303,-0.3918353970523985
06035040304,-0.5820688065933989
06035040305,0.015367108891382056
06035040200,0.34910403318415667
06035040302,-0.28909108921808035
06035040500,-0.17495215522836388
06035040400,-0.36619319277202295
06035040600,0.08406021519329315
06063000300,0.13589804495085817
06091010000,0.25425145400636984
06057000900,0.21148176376911298
06057000801,0.12589541434750057
06057000802,-0.2794040754235077
06063000202,0.1903612520405545
06063000201,0.0898280278946065
06063000100,0.10103392901367939
06063000400,0.20899252931257997
06007002401,-0.1334820571670408
06007001900,-0.46257028063041106
06007001601,-0.11603255544915397
06007001704,-0.007854537455486806
06103000900,-0.28227148394478585
06103001000,-0.3527943400918591
06021010501,-0.15987048904819862
06007001400,-0.5272978485254944
06007000404,-0.4834727791860072
06007000401,-0.49291697902501724
06007000201,-0.6195250932327765
06007000300,-0.6116213608282629
06007000202,-0.7497873876699527
06007000603,-1.3710377657480215
06007000604,-0.5117684423264157
06007000502,-0.26732148378458903
06007000601,-0.7320538940106431
06007000403,-0.5135069523775546
06007000501,-0.4891361270789576
06007001100,-1.1260919443396171
06007001000,-1.8148238841327642
06007000700,-1.4155012789771715
06007000800,-0.6746087583363207
06007000904,-0.6926826271682696
06007000903,-0.885124878042751
06007001300,-1.1005629954534077
06007000901,-0.5874569552871496
06007000103,-0.974121898322366
06007000102,-0.6492560135782085
06007000104,-0.7934884305215251
06007001602,-0.7640928624947418
06007001703,-0.5472055988028803
06007002000,-0.4706458848241424
06007001800,-0.5363311579035229
06007002100,-0.555396544192176
06007001702,-0.5198419588534835
06007002300,-0.2736992846258494
06007002200,-0.38647846655066487
06007003700,-0.3987105047953836
06007002900,-0.5882161228100462
06007001500,-0.18957856805161427
06007001200,-0.7461008451486453
06021010502,-0.24592469910247072
06011000500,-0.567933916517388
06007003502,-0.7311450313727365
06007003600,-0.48163176905508287
06007003501,-1.1712653446252812
06007003400,-0.26493439549827796
06101050701,-0.728176737305495
06101050702,-0.3763434576700928
06115041001,-0.24823896118482394
06115041002,-0.06387334687252673
06007003300,-0.17449842598887985
06007003200,-0.2473870872051417
06007003002,-0.49330134716174523
06007002800,-1.023325351851277
06007002700,-0.5157616851990294
06007003001,-0.7005685213004063
06007003100,-0.4919436964096481
06007002601,-0.29837286696337634
06007002602,-0.3111137209201934
06007002500,-0.3793072508807061
06115041101,0.2023072611879254
06007002402,0.08451271083890761
06115041102,0.2089514762821214
06057000404,-0.12313226768583975
06057000401,-0.1556509267288506
06057000502,-0.4901137007718154
06057000503,-0.3864267754622561
06057000104,-0.40880158336581585
06057000300,-0.3453528996272871
06057000403,-0.0676129555029473
06057000200,0.012583425314023244
06057000105,-0.27824228636547754
06061021801,-0.3515310443804769
06061021603,-0.4927458568673849
06061021604,-0.32699497241973036
06061021501,-0.435057403130101
06061021502,-0.4506262793793332
06061020300,-0.5080208153827445
06061020401,-0.5425182477864409
06061020402,-0.5510115741135884
06061020502,-0.3769964387799364
06061020608,-0.6884580430272663
06061020601,-0.6258899931867407
06061020607,-0.6679975526052132
06061020501,-0.3365393098901761
06061021204,-0.5455960153648748
06061023501,-1.1248795447998852
06061021203,-0.6419632060005449
06061021103,-0.7473289290018541
06061021109,-0.7676709996780752
06061021108,-0.667506433739158
06061021106,-0.6098864053789963
06061021123,-0.785956055813846
06061021122,-0.614800697249521
06061021324,-0.8275539860929952
06061021323,-0.9685050989091488
06061021130,-0.5141606339259124
06061021131,-0.6317647673721696
06061021128,-0.682881241371972
06061021129,-0.7334600783339901
06061022600,-0.8579669654419122
06061022800,-0.7500076232420871
06061022900,-0.44494151625901235
06061021034,-0.6835612475201724
06061023000,-0.6252549036698377
06061023600,-0.7015911308547382
06061023502,-0.9757262824375249
06061023700,-0.9650039949316068
06061023800,-0.8542478190641023
06061023300,-0.7942947623548713
06061021403,-1.293474781701888
06061021401,-1.4274592382048643
06061021304,-0.69738325615704
06061021328,-1.0105916358069569
06061023400,-0.8025021760723143
06061023900,-1.08468967172987
06061023200,-0.8991484913576542
06061023100,-0.621433804503926
06061021043,-1.1768274003242747
06061021044,-0.6574690988452627
06061021040,-0.7019866126155501
06061021039,-0.7705877787504929
06061021325,-0.9305579874220269
06061021326,-0.8774297795521844
06061021327,-2.031725742753832
06101051100,-0.27812643010749183
06115040701,-0.5397358607992906
06115040702,-0.5868780767772245
06115040400,-0.7429586925452578
06115040304,-0.6540201513061071
06115040500,-0.9248468981739918
06115040305,-0.9600834367410862
06115040600,-0.6879343599534362
06115040800,0.10801114471086551
06115040901,-0.3882729000778095
06115040902,-0.22594834773482092
06115040301,-0.9945631272842739
06115040302,-0.8820493518160761
06115040201,-1.0713343953493473
06115040202,-0.7759494765227753
06101050601,-0.985506367235732
06101050501,-1.0513619333692454
06101050201,-1.3046383397819377
06101050102,-1.2852246847361806
06101050604,-0.9961481030751171
06101050603,-0.9805227211716587
06101050101,-0.9136925119986719
06115040100,-0.9701788863596281
06101050202,-1.0932767919171855
06101050302,-0.9634527981239718
06101050301,-0.7794562410150153
06101050401,-0.8894368532549842
06101050402,-0.7576694873561715
06101050403,-0.5155469499342147
06101051000,-0.8716325043084737
06101050504,-0.8384810445158605
06101050503,-0.691065081316571
06101050800,-0.12537180638364184
06011000200,-0.5493384591532529
06011000301,-0.48878485127326826
06011000100,-0.23811738596617066
06113011400,-0.4152875416641101
06101050900,-0.6651717769655455
06113010102,-1.0715003979074367
06113011208,-0.9251588737400218
06113011204,-1.0050561478004303
06113010505,-1.1808489221136602
06113011203,-0.5592982393248339
06113010901,-0.508629793104896
06113010902,-0.7243017762900422
06113011001,-0.692589951422115
06113011002,-0.6632889466732794
06113011101,-1.3818428303965602
06113010800,-0.7369274373348502
06113011103,-0.5771092586725474
06113011102,-0.8404006241047751
06113011210,-0.36975554916552045
06113011211,-0.5895745383310436
06113011209,-0.5355983317294984
06113011207,-0.3401292137557481
06113010401,-0.6164507083272935
06113010203,-0.4986636333864209
06113010103,-0.486336124093184
06113010204,-0.9252574924202778
06113010201,-0.4799612686744522
06113010315,0.0898797685484887
06113010313,-0.1634611997718638
06067002200,-0.5772040361997487
06067002100,-0.41579868552368754
06067001202,-0.4353611078260654
06067001201,-0.7911063397507087
06067002000,-1.134156333705786
06067002300,-1.4480339339447046
06067002400,-1.056782865627964
06067002500,-0.22116904210343596
06067002600,-0.7793855239977815
06067002700,-0.205837450891055
06067001800,-0.39861124878630116
06067001500,-0.9049168753833681
06067001300,-1.0624131942972623
06067001900,-0.6528683838301599
06067001102,-0.8615215574155806
06067000502,-1.2104717881953264
06067000400,-1.5675454855077158
06067001400,-1.292556403539607
06067000300,-0.832633810519259
06067006901,-0.9541060873468012
06067005301,-1.155932962250322
06067000501,-0.8714124577565112
06067000600,-0.9682998569461886
06067001103,-1.7552239030359764
06067000700,-0.8561999339614621
06067000800,-0.557950561619721
06113010105,-0.8287424047241467
06113010104,-0.8278732973091556
06067007010,-0.30829528641333215
06067007022,-0.7337620378495262
06067007012,-0.3370383520209471
06067007011,-0.358264462098728
06067007013,-0.36991843882608
06067007023,-0.4107729896741683
06067007024,-0.37707837232475283
06067007007,-0.7708325975424606
06067006902,-1.3124680049993669
06067006803,-0.5772090559834948
06067006801,-0.36968475521463556
06067007001,-0.5226632419872581
06067006705,-0.5913737606906885
06067006706,-0.8432807160700664
06067006703,-0.5597422620263716
06067006704,-0.5547447429994546
06067007021,-0.9272160842594444
06067007019,-1.0867982060473595
06067007028,-1.053944168705781
06067007027,-0.721473737613442
06067007025,-0.6164834192979064
06067007016,-0.8413691444497897
06067007020,-0.8120466141325858
06067007017,-0.7973746339356205
06067007026,-1.1285082259199783
06067007107,-0.8340611155655597
06067007103,-0.9744511329513637
06067007111,-0.6397990547572346
06067007108,-0.7773515053138458
06067007109,-0.7534943594126139
06067007101,-0.9954241694056734
06067007105,-0.668883102194007
06067007110,-0.5226055605471384
06067007106,-0.810130875846724
06067007208,-0.8205444750087498
06067007204,-0.5154856616879809
06067007202,-1.1864620904391736
06067007301,-0.5652739040032071
06067007435,-1.059503029679384
06067007417,-0.7167524490339259
06067007207,-0.6087097354366617
06067007209,-1.092589645153776
06067007206,-0.48684354225084786
06067007431,-0.5350513670010171
06067007430,-0.525991209723762
06067007432,-0.5367646852761798
06061022500,-1.1119887343554677
06061021048,-0.6779505375827135
06061021047,-0.7770860800189892
06061021037,-0.5824796784069839
06061021038,-0.5742989978224995
06067008127,-0.5823765462827042
06067007436,-0.41166803107180844
06067008130,-0.43434916060753953
06067007422,-0.4775274625552804
06067007428,-0.4456223510580445
06067007437,-0.5260993423130507
06067007439,-0.4580863750140795
06067007438,-0.20209739469362306
06067007427,-0.6807134307160797
06067007426,-0.5951700603214185
06067007434,-0.9116059418365465
06067007429,-0.3190507632337433
06067007414,-0.6354098636317504
06067007416,-0.5493891126602382
06067007402,-1.6574014812347908
06067007403,-1.2067753337186273
06067007424,-0.5146685940865087
06067007423,-0.4817141491493112
06067007501,-0.7727185795238243
06067007415,-0.783850264314712
06067008131,-0.39628881047044984
06067008133,-0.5363875981308726
06067007604,-0.5191148890085485
06067007603,-0.783497156451823
06067007602,-0.7456658853771954
06067005903,-0.7223175616769544
06067007701,-0.6937200607816509
06067005904,-0.8362526972316955
06067005801,-0.8025461885422542
06067006002,-0.8249217762171068
06067005701,-1.0730517264754198
06067006004,-0.5195977491604766
06067006003,-0.5336953739034763
06067005901,-0.6647011604346377
06067007504,-0.5045967591246735
06067007503,-0.6110447609860328
06067007413,-0.5347844229571546
06067006400,-0.5974008087327556
06067006502,-0.5512328141866231
06067006501,-1.18358292405585
06067006202,-0.8787595677731734
06067006300,-1.025138481523077
06067006600,-0.919802283699003
06067006802,-0.8907002400900638
06067005502,-1.2092456136770033
06067005505,-1.1305671546499565
06067006203,-0.8280198495040381
06067006204,-0.963361750498748
06067006101,-0.9662103533366129
06067006102,-0.7256373149807978
06067005601,-0.8630832297542255
06067005605,-0.8182159047610471
06067005606,-0.5861201642883722
06067005510,-0.31528572108128905
06067005508,-1.0164222887274394
06067005509,-0.5337718682039726
06067005506,-0.9584976292965216
06067000200,-0.9262356538840988
06067000100,-1.005352093212538
06067005402,-1.0273812586449933
06067001601,-0.13947433506294857
06067001602,-0.4782653755290556
06067001702,-0.09361610439114744
06067005403,0.07280837196267453
06067005404,-0.5301798104689937
06067005702,-0.8927678497701251
06067005803,-0.6701929491151541
06067007702,-0.4904837826075877
06067008909,-0.18136187039815524
06067008702,-0.3919516924568066
06067008703,-0.39641622114343533
06067008005,-0.4605960932994918
06067008006,-0.6078284590031704
06067008008,-0.6183341675650508
06067008007,-0.6919841520620365
06067008010,-0.5755398297376246
06067008009,-0.5812906777320038
06067008912,-0.3840485432446826
06067008913,-0.3885737858425903
06067007802,-0.519143521703413
06067007906,-0.8507891495396425
06067007905,-0.6041428686472934
06067007801,-0.4720476090032635
06067007904,-0.7287312606137057
06067007903,-0.7295076450505568
06067008117,-0.6953748913865776
06067008134,-0.353865503137686
06067008135,-0.46894060426435885
06067008136,-0.5428591684011512
06067008137,-0.7568360602275019
06067008119,-0.726834478237499
06067008138,-0.8015073633280554
06067008122,-0.41855909365185756
06067008139,-0.41280524579045275
06067008144,-0.28405750050427253
06067008141,-0.6120804274161937
06067008142,-0.7295037609359961
06067008140,-0.6838189998141218
06067008120,-0.5347623299867401
06067008125,-0.38339429513783485
06067008124,-0.45847415910602846
06067008143,-0.4241878172330741
06067008113,-0.45955774147992545
06067008111,-0.534368170446686
06067008132,-0.46637270754134047
06067008129,-0.3973043490842566
06067008128,-0.5335702231313042
06061020805,-0.5998462296075979
06061020901,-0.909272875668364
06061020908,-0.8629073045083192
06061021046,-0.5171470964072038
06061021045,-0.7881182045117003
06061021003,-0.9477002803744783
06061020712,-0.6600465109349453
06061020806,-0.862125787978271
06061020713,-0.6589623696080137
06061020714,-0.5206517947796412
06061020715,-0.45722646063968003
06061020710,-0.6293193110875175
06061020711,-1.0440548597756607
06061020717,-1.450767415515082
06061022400,-1.0727874739146455
06061020604,-0.7542214448049326
06061020606,-0.5791888486140755
06061020605,-0.7479873021440144
06067008211,-0.7798467286118375
06067008145,-0.4770546469518985
06067008203,-0.5901306860865679
06067008204,-0.8294232486638173
06067008206,-0.7567813637690516
06067008208,-0.8828408460383583
06067008207,-0.5072522581190338
06067008209,-0.6096570985341033
06067008404,-0.8975158673579055
06067008403,-0.9111518743980832
06067008505,-0.35399538024742777
06067008506,-0.5540369374247955
06067008510,-0.7363349639612021
06067008509,-0.7213358055765994
06067008402,-0.6883145384565542
06067008501,-0.7548958854542345
06067988300,-0.5116954485367582
06067008210,-0.5500473273987845
06017030701,-0.5314672037080906
06017031700,-0.4887393701826872
06067008512,-0.9036764307310747
06017030706,-0.49069976298562745
06017030710,-0.4282130417413637
06067008507,-0.4147248208739905
06067008508,-0.36128357209562983
06067008504,-0.911241709591905
06017031100,0.11779808785812831
06017031000,0.005510720389612398
06017030902,-0.2069853745328092
06017030709,-0.5268407267311442
06017030901,-0.16670321796935722
06017030801,-0.3526457282197022
06017030601,-0.3868909263843994
06017030605,-0.051548277775034415
06017030606,-0.09099645466709116
06061021901,-0.1579593804721065
06061021802,-0.4376602504372325
06061021902,-0.25013870267163507
06057000106,-0.2351892661597924
06061022002,-0.12705462168204873
06057000107,-0.3181498464019431
06057000102,-0.4812283083024111
06057000702,-0.27389966465608634
06057000602,-0.4930592613322916
06057000504,-0.48143701643355213
06057000601,-0.3180701294217305
06057000701,0.03692085286851705
06061022013,0.213790319390187
06061020200,0.03337329909104781
06017030604,0.07226910048033042
06017030603,0.16912041990440785
06061022014,0.08530537186892158
48485013700,-1.1568020744424183
48487950300,-0.5027874598193872
40141070500,-0.4441137886013859
48485013503,-0.7278368062959262
48485013504,-0.7875619198228473
48485013502,-0.6742854078912881
48485013202,-0.7632414273540796
48485013100,-0.6415769115911266
48485013800,-0.8602655715100733
48485012401,-0.6782443795993528
48485013600,-1.322210732694145
48485012900,-1.1699950190780104
48485013000,-0.4878183248529638
48485012700,-1.839360690338326
48485012600,-1.2793145989461228
48485012202,-0.9863644865562364
48485012100,-1.1548577330604277
48485012402,-0.8358565843376479
48485012800,-0.9817126785688322
48485012302,-0.5436390011685155
48485012301,-0.941275409125053
48009020100,-0.2752018529157693
48009020200,-0.3381275055497081
48077030302,-0.7166986050916697
48337950401,-0.2233289645244059
48097000100,-0.11488265485032323
48097000200,-0.044161678994622436
48337950100,-0.26197208810548295
48337950600,-0.1076021360061161
48337950300,-0.8342754130385929
48337950200,-0.3288044579075618
40085094300,-0.1929030631740432
40085094200,-0.13450521103361385
40085094100,-0.4344332023101715
40019892502,-0.38156044726566374
40019892801,-1.1445384650148427
40019892802,-0.7637560468437745
40019892900,-1.3890525999562588
40019893100,-1.5134378540725506
40019892601,-0.6322669613701276
40019893002,-0.9299612371699749
40019893001,-0.8257041180072375
40019892602,-0.6900074421451383
40019892501,-0.42584347617683715
40019892301,-0.5794770721660958
40019892302,-0.7089685286294289
40019892400,-0.45325289826698834
40067371600,-0.22253577653555673
40067371800,-0.3114981626477991
40067371700,-0.21102955019027378
48077030301,-0.6169093291445092
48077030200,-1.0753958572949338
48485011500,-0.5202916012030139
48485012201,-0.8032425675856685
48485012001,-0.7839739667480234
48485011901,-0.7253105443605519
48485011800,-1.0088179276062073
48485011600,-1.0471891204943253
48485011700,-0.8503393338414624
48485012002,-1.0620237746092076
48485011902,-1.0574016220940345
48485010700,-1.6491158971008695
48485010800,-1.994506017055052
48485010900,-1.1931900104621822
48485011000,-1.0552445717771914
48485010200,-1.2715154891672102
48485010100,-1.3323578591082244
48485010600,-1.149630239528882
48485011400,-0.7390990871397337
48485010400,-1.0320855269729863
48485011300,-0.5153051660850647
48485011100,-0.9037907273384759
48485013201,-0.813113059392021
48485013401,-1.026550501283376
48485013300,-0.6585879109627898
48485980000,-1.0702568892761135
48485011200,-0.7762366176376909
40033871200,-0.4269553117631499
40033871100,-0.29693013662921325
40031002003,-0.361001238391602
40031002004,-0.44145236459420867
40031002005,-0.42473103964624465
40031001902,-0.9052938246675238
40031002301,-0.5790645202740681
40031000402,-0.48499814955057097
40031000403,-0.4485402317321936
40031000405,-0.4411284317057503
40031000404,-0.6467482675872438
40031000300,-0.43358662409935433
40031000504,-0.3672979245826319
40031000503,-0.26341637099658227
40031000506,-0.5437193569605008
40031000505,-0.39425939075726846
40031001600,-0.696185680210084
40031001400,-0.2515991681128353
40031001500,-0.527755172840143
40031002500,-1.224445176945759
40031001700,-1.006179872680768
40031001901,-0.4059420914615014
40031000100,-0.16132174445001954
40031000800,-1.2808204065380622
40031001100,-0.7458373468635628
40031000900,-0.5474801797369854
40031001000,-0.5539689111978112
40031000700,-0.4332190896610613
40031000600,-0.38179628034689583
40031000200,-0.5460194786726658
40031002406,-0.15836113750934827
40031002405,0.040796974550352805
40031002201,-0.3690560040540634
40031002403,-0.20972303302513767
40031002101,-0.7826829666736845
40031002102,-0.2908509445115551
40031002001,-0.44557044555101977
40137000901,-0.11657327199846294
40051000701,-0.13707921175507665
40137000600,-0.5430285617766835
40137000300,-0.9278129198377667
40137000800,-0.20878399704271314
40137000200,-0.20071221036659243
40137000400,-0.38980585406797896
40137000101,-0.3666745708990583
40137000102,-0.23717294962749122
40137001100,-0.07716117362425826
40137001000,0.11310008088277944
40019892200,-0.3175016922258849
40019892100,-0.13648815579682969
40099790702,0.022245256487966554
40099790701,0.037700830828967635
40049681900,0.020760274813651884
40049681400,-0.022356161390586403
40049681500,-0.2597783094319709
40049681300,-0.4232836419059987
40049681200,-0.017588513958647953
40049681600,-0.02529891022534127
40049681700,0.035297277083147144
40137000902,-0.04207416450658496
40049681800,-0.10955414081556519
40087400203,-0.20290938568897532
40087400201,-0.14352325298402951
40087400400,-0.07063414834765355
40027202405,0.09673645920676899
40027202600,-0.25042742534498624
40087400300,-0.5969223536718791
40027202501,-0.42167845400265813
40027202502,-0.3725017014809478
40027201303,-0.0838117974468896
40027202404,-0.20388335463492238
40125501103,0.02344550361618672
40027202407,0.015445253532962258
40125501003,-0.17229918176163245
40027202406,-0.26245521611015893
40027202403,-0.188259450919638
40027201404,-0.38028508397522764
40027201405,-0.5077480567804912
40027200604,-0.007100719022340709
40027200603,-0.03662053816298798
40027201403,-0.36544313744327045
40027202201,-0.4761717907611415
40027202208,-0.6651154910867115
40027202207,-0.7240750474390215
40027202203,-0.3569805442997813
40027202105,-0.5052429447266937
40027202104,-0.26473608590368475
40027201604,-0.40133252785906454
40027201611,-0.7062747798365943
40027202205,-0.6298975084409603
40027201607,-1.0407081078926188
40027201610,-0.8661324695186506
40087400106,-0.66521887602572
40027201513,-0.48775902195640014
40027201514,-0.4328191070599825
40027201508,-0.24733530694785286
40027201000,-0.4771268563808308
40027200900,-0.32596229355816897
40027201512,-0.24784470785492813
40027201511,-0.4179408607775492
40027201505,-0.5042746957766548
40027200300,-0.6839305978320802
40027201509,-0.6450835361300677
40027200800,-0.3827542268143438
40027200700,0.05131833689496315
40027200200,-0.5765794858992379
40027200100,-0.9742938926662894
40027200400,-0.6038894933397037
40027200500,-0.8006478563084499
40027201202,-0.2837886138740905
40027200602,-0.36938752170569
40027201302,-0.07321068964760434
40027201201,-0.3934474803123834
40027201204,-0.2885610762703991
40027201205,-0.604116205164646
40027201103,-0.6927127813115235
40027201102,-0.8667586374801449
40027201104,-0.5963751781989209
40087400204,-0.44590319971986037
40087400103,-0.3290671599729356
40087400104,-0.36430164809768123
40051000801,-0.12499439674910102
40051000906,-0.15093823507207677
40087400105,-0.6395845125334696
40051000905,-0.2787328039159448
40051000904,-0.17153787428413317
40051000902,-0.10378860724205169
40051000901,-0.0028777548165854344
40051000802,-0.16274292900221876
40051000100,-0.14396796422557084
40051000400,-0.5819447280027612
40051000501,-0.6530877926683564
40051001000,-0.5707103492834306
40051000502,-0.3746276799476891
40051000600,-0.2889988114126145
40051000702,-0.2118245896798372
40015162101,-0.32673570488939924
40015162300,-0.0300263856653405
40015162200,-0.44167983708570724
40015161900,-0.22458109367517856
40015162102,-0.43010891358402836
40015162000,-0.19724617149861
40149965400,-0.26077574007292426
40149965100,-0.32533505703291576
40149965000,-0.2822431719616705
40075963700,-0.6597717372737014
40075964200,-0.2919367136319493
40075963600,-0.5118129994732316
40015161800,-0.26336011461680686
40031002202,0.11524778581717987
40031002302,-0.08998856925996611
40031002401,0.26944774396376125
40141070100,-0.4800394772086305
40141070400,-0.35821085342156733
40141070300,-0.4586406995782286
40141070200,-0.4043755839172879
40065968100,-0.17561237511412855
40065968200,-0.03392342567951748
40065968400,-0.2048524539671422
40065968600,-0.657810504485233
40065968500,0.09762985694635218
40065968800,-0.14965661381591241
40065968700,-0.4016482361640302
40065968300,0.133046338203444
40055967200,-0.23694981948040802
40055967100,-0.3164065150106271
40009966800,-0.3194817845894512
40129960000,-0.11423795256980047
40009966200,-0.24969457252841057
40009966100,-0.2807910176176237
40149964900,-0.2525182710544382
40039960401,-0.4789835117983101
40039950800,-0.41964124058211405
40039960402,-0.6841605383687499
40039960701,-0.48542310985017617
40039960702,-0.34896498720615876
40039960600,-0.3919453561060978
40039961000,-0.4095315562023077
40043959200,-0.2501365569609538
40043959300,-0.03830766033636477
40011958700,-0.08910167663438781
40043959100,-0.08681005838040956
40093955200,-0.1609520630635478
40045952800,0.10331281093864376
40045952600,0.01415383555458544
40153953200,-0.09856212851822338
40153953300,-0.3398881470010591
40153953500,-0.0511279864076872
40153953400,-0.42401255079131916
40059952100,-0.17829464709206327
40059952200,-0.466515206534316
40151954201,-0.4663902701177989
40151954300,-0.21667543084734983
40151954202,-0.3854794114313179
40153953100,-0.10381297346812053
40151954400,-0.3036353058899138
40003956000,-0.28793186267956883
40047001604,-0.5490461586419071
40047001603,-0.43561909533343557
40047001602,-0.38701399830182837
40047000601,-0.649508731607781
40047000602,-0.6127934657644643
40047000702,-0.8182775215315586
40047000701,-0.9570388528227223
40047000102,-0.6877329518903926
40047000200,-0.5834478405530954
40047000101,-0.854830025310364
40047001401,-0.9153719174853634
40047001301,-0.5528684927841021
40047001302,-0.7328546294342689
40047001402,-0.4004275907712893
40053956400,-0.1993160321398335
40003955600,-0.1697061001422014
40003955700,-0.45102891974832526
40071001302,-0.3275664936951614
40071000202,-0.6508596005710617
40071000100,-0.7677390166029996
40071000201,-1.2350231061693906
40071000400,-0.9160549509064497
40071000500,-0.4312463192657714
40071000600,-0.3084660382365115
40071001100,-0.276013003894626
40071001301,-0.4152815302348517
40053956500,-0.24559176187540285
40047001100,-0.4081651246101471
40047001500,-0.43633732580397794
40103957100,-0.10339739789954168
40103956600,-0.03059150491013304
40103957000,-0.40048501996335206
40103956900,-0.3875681756577188
40119011001,-0.2377428039961776
40119010201,-0.11743270817918414
40119010102,-0.20640851903785032
40119010502,-0.40897664431400255
40119010501,-0.4627483911882565
40119010503,-0.7102519554204694
40119010400,-0.3423184701214611
40119010300,-0.45635666132186825
40119010202,-0.04790979643199245
40119010901,-0.2398308553916319
40119010902,-0.44856691384274666
40119010800,-0.6854797466516042
40119010700,-0.6436153039036079
40119011002,-0.17787742447648575
40083600600,-0.039817907919092996
40083601000,-0.822913638067593
40083600101,0.00797706852362093
40083600501,-0.20147137144598798
40083600700,-0.17796535957056353
40083600200,-0.7213986149312513
40083600300,-0.5124888710629294
40047001200,-0.2655282282033888
40093955100,-0.2094317308140494
40093955300,-0.3282818312318613
40011958600,-0.26076879446072737
40011958900,-0.24176959294204894
40011958800,-0.21664489456492914
40073958200,-0.38264854027480677
40073958100,-0.3612196283772068
40073958300,-0.34152002632842804
40073958400,-0.37924236215401624
40017300201,-0.5826371574775226
40017300202,-0.28796291273657876
40011959000,-0.13647983626656834
40017300100,-0.050641230640533524
40015161601,-0.2590427950894325
40015161700,-0.6053477063400355
40015161602,-0.24507732866799753
40017300701,-0.3183477869472141
40017300600,-0.39638962749261364
40017300500,-0.6557418306966838
40017300300,-1.0179888047493353
40017300400,-0.47947188709380567
40017300702,-0.38507857267977913
40017301408,-0.6611555150567238
40017301409,-0.48309524217578803
40017301407,-0.7637801446398668
40017301301,-0.7125520944655653
40017301010,-1.200903471124209
40017301011,-1.567879785849888
40017301410,-0.43123725112007705
40017301406,-0.5840385740206092
40109108603,-0.7443470757353637
40017301012,-1.12841241646012
40017301013,-1.1316974597885794
40109108604,-0.8969531924693896
40027201700,-0.8060166993275834
40027201801,-0.8919697248643981
40109107212,-0.7376450112094376
40027201903,-0.8224566539151641
40027201902,-0.8421321216821773
40027201904,-0.669486365013548
40109107224,-0.8087818026611029
40109107206,-0.6175753637509388
40109107207,-0.6471115861757433
40027202006,-1.2673458273005525
40027201802,-0.9448667547886769
40027201609,-0.8505776861078527
40027201612,-0.9767934089366292
40027201603,-0.4165874047675985
40027201602,-0.3950824009141243
40027202005,-0.6835521100255445
40027202004,-0.5896893028521193
40027202102,-0.3147971113679024
40027202106,-0.42049552306525917
40027202107,-0.44696515614405774
40027202008,-0.4730521299402539
40027202007,-0.588617238384283
40027202002,-0.8179302328225115
40109107302,-0.8181486261333173
40109105400,-1.1433120542698714
40109107306,-0.70194832620107
40109107303,-0.8577421438958163
40109107401,-0.9902549770128808
40109107405,-0.8247670363795871
40109107404,-0.6999986457581436
40109107809,-0.21965660759179945
40109107801,-0.2640423063510258
40109107807,-0.8245851893527923
40109107808,-0.42458788692131266
40109107804,-0.7061331504298018
40109107810,-0.7853291374714784
40109105300,-1.0386043417497024
40109107305,-0.9788529083242478
40109104800,-1.356608928768477
40109103900,-1.6291991831725279
40109104700,-1.2416086176749443
40109104600,-1.3690141762316375
40109104100,-1.561964306522458
40109104300,-2.190367960421966
40109104400,-1.9381048612182834
40109105500,-1.706505864151489
40109107218,-1.2973517137937558
40109105000,-1.2636576121224767
40109104500,-1.3181939677835968
40109104900,-2.1177088554678116
40109107223,-0.9905666772976487
40109107219,-1.410307083203358
40109107225,-0.8910315590513301
40109107226,-0.7210881697111465
40109107222,-0.70943261057078
40109107220,-1.5522669067109467
40109107221,-0.8318156090922433
40109107214,-0.7890489304142019
40109107216,-0.9420976938379586
40109107217,-0.9316204657341162
40109107104,-0.9011499887651837
40109107103,-0.6208285509406725
40109107215,-0.8079716641919783
40109107213,-0.6087050343524307
40109107101,-1.0591650084409336
40109107001,-1.243779610317521
40109104200,-1.2232362641151653
40109105600,-1.1062697917848938
40109107002,-1.0273871133216437
40109102200,-0.8402099292765938
40109105907,-1.2986771691201349
40109106916,-0.8946725077370087
40109105906,-1.0417892318809505
40109105905,-1.231502134460253
40109106906,-0.9693181371684755
40109106602,-0.8456730099774495
40109105903,-1.0137840971091023
40109105904,-1.1417150219771912
40109106601,-0.8470262708373988
40109100900,-1.208842574081943
40109102100,-1.6223999323975358
40109102000,-2.10607074101119
40109101900,-1.9152827290087555
40109101000,-2.2464364577709355
40109100201,-1.7754935087994759
40109100203,-1.2707646912370638
40109100202,-1.2144431646122418
40109100800,-1.5078065891195376
40109100300,-1.5276247542730728
40109109300,-1.56493701111811
40109101200,-1.0348961014519689
40109101100,-1.4903985355716867
40109101800,-2.362994487355653
40109109400,-1.6917673963153397
40109980006,-2.350897376805706
40109102500,-1.5298906290192358
40109103200,-1.7073380627410633
40109102400,-1.4283414866411501
40109102300,-1.9357807512980194
40109103300,-2.267595438744198
40109109800,-1.6931854386130176
40109110000,-1.0871407883467017
40109109900,-2.0338064747083746
40109980007,-1.1856022066824525
40109980009,-0.7008413343714752
40109109700,-0.8215835676099501
40109109600,-0.49302988986573526
40109980008,-0.24100566087407654
40109980005,-0.29993427032409614
40109109500,-0.9600739985298368
40109107805,-0.5056730035960108
40109107806,-0.6225483396460515
40109107900,-0.9093932823036024
40109105202,-0.6932039271553401
40109105201,-0.9890499368037882
40109101300,-1.3266853346527203
40109101400,-1.224900119603631
40109100400,-1.0188056747649041
40109101500,-0.7290213085740083
40109100500,-1.0868919922894735
40109105101,-0.9191132988853409
40109106200,-0.8079099357283538
40109106100,-0.9876835588034296
40109106000,-1.0310454628738925
40109108301,-1.020824756967872
40109106302,-0.859824367691759
40109108309,-0.7198770857786068
40109108404,-0.8240571622470851
40109106303,-1.2590528722611791
40109106403,-1.154970021664822
40109106301,-1.6104527020561095
40109100100,-1.2029976407686502
40109980003,-0.6347534244956068
40109106503,-0.8687895152276058
40109106502,-1.0162007149714682
40109106501,-0.7471359838737266
40109106401,-0.8119831640173687
40109106402,-0.8328477622737185
40109106609,-0.4613936835296321
40109106611,-0.7429739059948374
40109980002,-0.6145750639913373
40109106610,-0.666522988763619
40109106606,-0.6799019396407401
40109106607,-0.8740072060041117
40109106608,-0.7925763624981305
40109108508,-0.8383315075779909
40109108507,-0.7023572277825438
40109108403,-0.8967579524468658
40109108402,-0.7544107948984005
40109108514,-0.9035957430292516
40109108521,-1.0619771474288962
40109108515,-0.906816776474189
40109108513,-0.7661377565735217
40109108525,-0.5611006288087219
40109108526,-0.7189379528129564
40109106708,-0.6102273775464573
40109106704,-0.49353055025911624
40109106709,-0.8340064937915328
40109106710,-0.637585637244783
40109106705,-0.7786144166628611
40109106706,-0.734697286505772
40109106702,-0.8050430180238098
40109106804,-1.4551679890486602
40109106803,-0.9248259654159253
40109106802,-1.5008604742327587
40109106801,-0.8536715430045422
40109106910,-0.7871215667038298
40109106914,-0.891598590376706
40109106902,-0.9676735186315895
40109106907,-0.8425639283639781
40109106917,-0.8759091649237745
40109106913,-0.6837712267529416
40109106909,-0.7828252100312217
40109106912,-0.5568613912400717
40017301006,-1.0233084507984611
40017301001,-1.0402308425603617
40017300904,-1.354089080050068
40109106911,-1.0860157259745828
40109106903,-0.7213723210231124
40017300902,-0.5349288828863606
40017301100,-0.6612251341755648
40017300905,-0.7872628006009168
40017301015,-1.6645305236930659
40017301014,-0.9069637617346629
40017301003,-0.995772019395489
40017301302,-0.735840326835502
40017301202,-0.2233239640386406
40017301201,-0.527304332946183
40017300901,-0.7860605745031473
40017300806,-0.8332772677165723
40017300804,-0.994679022373403
40017300803,-0.6306887137436598
40017300805,-1.3736597806942865
40017300802,-0.9364120859200469
40109108524,-0.8712702079005104
40109108523,-0.7454075274883892
40109108530,-0.720899190051341
40109108529,-0.6565856641626817
40109108536,-0.7625580440211955
40109108538,-0.8005107449100217
40109108527,-0.567901021897486
40109108528,-0.6235005708151956
40109108534,-1.6454169917778299
40109108535,-1.3491368957606555
40109108532,-0.9690515195251682
40109108533,-0.05824968037478641
40109108222,-0.5768133153586005
40083600802,-0.24749435693404742
40083600402,-0.22212240402875671
40083600903,-0.2532949021123261
40083600401,-0.3468087854750393
40083600801,-0.4549051898480061
40109108223,-0.44069984907449977
40109108106,-0.5752647666604787
40109108107,-0.8872672165774195
40109108114,-0.2630976339848754
40109108113,-0.22448065333146017
40109108203,-0.4393158069777085
40109108208,-0.36443880182721344
40109108207,-0.10883074742096784
40109108201,-0.3522171974735443
40109108204,-0.27400883621375416
40109108217,-0.2506582380616973
40109108216,-0.4917164445843433
40109108229,-0.6254034136234492
40109108224,-0.6761709919594375
40109108230,-0.460622852584478
40109108232,-0.4315801479035133
40109108231,-0.5931074906811543
40109108228,-0.724161863739981
40109108225,-1.0554237020270896
40109108227,-0.319692178040985
40109108226,-1.0407286856175486
40109108531,-1.3943606370756307
40109108235,-0.5520416728906737
40109108237,-0.8384535986377388
40109108236,-0.7392061978022154
40109108233,-0.777713456206983
40109108234,-0.7165706838476628
40109108215,-0.5653710107997505
40109108238,-0.7147604650216216
40109108323,-1.020603111396867
40109108326,-1.3467874792687946
40109108325,-0.6870853740919023
40109108324,-0.9479844222917431
40109108322,-0.6562542530531426
40109108321,-0.3776184488525579
40109108520,-0.8300542465908706
40109980004,-0.44774932880372603
40109108537,-0.8232249008586047
40109108506,-0.9739931656443809
40109108307,-0.8627498649662149
40109108310,-0.59840276317193
40109108314,-1.0729641038347837
40109108302,-0.6546559360021227
40109108318,-0.6831453786339906
40109108317,-0.4401420600532399
40109108304,-0.5143060696691414
40109108319,-0.6089923974509955
40109108320,-0.8750906075498847
40109108109,-0.5090567217835962
40109108110,-0.8448773444317355
40109108101,-0.8517965896866708
40109109205,-0.4236008542919053
40109108900,-0.6576533346840556
40109109203,-0.6305513995335954
40109109204,-0.7247280462523904
40083600502,-0.3214104716207192
40109109202,-0.14313855287707852
40109109001,-0.1098493994631878
40109109003,-0.15525293154283354
40109109004,-0.12314551222278139
40109108804,-0.8635834569071439
40109108005,-0.43095076825651396
40109108803,-1.408796326512599
40109108010,-0.3857362884955395
40109108003,-0.6597730800369971
40109108011,-0.5400547662859787
40109108008,-0.498052403463899
40109108007,-0.429240679867721
40109108006,-0.707551403444741
40109107705,-0.47572946500156427
40109107707,-0.6170130844908897
40109107706,-0.5501505402092772
40109107703,-0.5416886444894483
40109108009,-0.6352761189593774
40109108807,-0.5448533582687269
40109108706,-0.7595115594579882
40109108806,-0.2872459088727265
40109108805,-0.5426764981500996
40109108802,-0.629267676877286
40109108711,-0.2927689742866159
40109108712,-0.7972677317771261
40109108713,-0.9357743396565448
40109108710,-0.5194287246568868
40109108707,-0.6088088575890724
40109107608,-0.6688912150553974
40109107605,-0.6838314442003509
40109107704,-0.591911020554878
40109107601,-0.7237988846822583
40109107604,-0.5337402711227547
40109980001,-1.0906820848897565
40109107406,-0.8873257874517975
40109107407,-1.3213460115610463
40109108701,-0.6626604792587378
40027202301,-0.6047283437435242
40027202302,-0.5522277673582521
40109108708,-0.30048964717655113
40109108709,-0.45845897064314217
40125501005,-0.03587701676786628
40125501006,-0.08005861218915691
40125500800,-0.24019760781804372
40125500700,-0.20003725339340142
40125500600,-0.6713301722231871
40125500500,-0.2547383048951203
40125500400,-0.7370226654839316
40125500301,-0.38505557526978385
40125500901,-0.2013464144834229
40125500902,0.055171542555987135
40081961500,-0.23367040324846028
40081961401,-0.22359269723994574
40081961402,-0.13669367836745475
40081961300,-0.18337023544675637
40081961700,-0.4300942679400293
40081961100,-0.3131429151675855
40081961600,-0.43343449991544847
40037021000,-0.2833003963156855
40037021101,-0.06630811774489742
40107080700,-0.18275046335589043
40107081000,0.023576092660709255
40107080900,-0.21888348778842173
40107080600,0.010499884365318336
40111000901,-0.179860774448384
40111000902,-0.21663963780470594
40091779900,-0.10525963935645777
40091779601,-0.1220091039942846
40111000800,-0.1610507749724933
40111000100,-0.47796359776924147
40111000700,0.029988907491305603
40101001600,-0.13411377246779876
40111000601,0.10945734557187595
40111000602,0.04207580792810874
40111000200,-0.6156555736728838
40111000400,-0.5179064794535347
40111000300,-0.6626465775469851
40111000500,-0.2025670128314158
40037021102,-0.06085143602404557
40037020604,-0.30456310083563487
40037020707,-0.023037075807774518
40037021202,-0.46727759691461995
40037020602,-0.5768253741180432
40037021600,-0.19576936299066533
40037021401,-0.3110656819754861
40037021402,-0.5355950896344168
40037021300,-0.6905390767689493
40037021201,-0.19395608260097646
40037020101,-0.09535099226626123
40037020102,-0.0692350813158552
40037020103,-0.2832771112222162
40143006712,-0.8014971634315845
40143006713,-0.24388030469258834
40143006701,-0.43726146869217325
40143006711,-0.17557803667622363
40143007642,-0.30689892076362535
40143007608,-0.40529220477638106
40143006801,-0.622989249257194
40143006804,-0.39095641683977395
40143007644,-0.3023677809869568
40143007643,-0.13065199570085914
40143006803,-0.3175598655278247
40143008700,-0.4301992967041772
40143007611,-0.4567883418603568
40143007641,-0.46560632986859846
40143007612,-0.35195485402901217
40143007650,-0.2891245711144154
40143006703,-0.5581339430851485
40143006710,-0.39360402638184216
40143006709,-0.4853144049930187
40143007707,-0.2633022445887371
40143007706,-0.4133160938601942
40143007703,-0.45327235513693853
40143007705,-0.5267631954781936
40143007704,-0.48152940654412796
40037020603,-0.24495854881681497
40037021500,-0.165122428753777
40143007803,-0.807788032378598
40143007533,-0.18129484809886623
40143007801,-0.29440630727353084
40143007534,-0.023246430351492126
40143007804,-0.01966085865401285
40145030604,-0.024699834998407173
40145030605,-0.03588625179802595
40145030601,-0.032387322287334874
40145030511,-0.2841787158394743
40145030603,-0.034422619407414326
40145030505,-0.22223146057603296
40145030509,-0.7497921036084656
40145030512,-0.488398671584975
40145030510,-0.2261428677244841
40145030508,-0.14464712138602115
40145030502,-0.24512415595938036
40145030506,-0.5134404142867031
40145030507,-0.2588213757233845
40143009021,-0.17053719303362827
40143007416,-0.27555589439322253
40143007408,-0.07988457194838565
40143007402,-0.6831865415292496
40143007415,-0.22056848588986125
40143007414,-0.3067922291187264
40143007417,-0.4593757081383304
40143009020,-0.4316093629954877
40143009019,-0.9117385095423401
40143007409,-0.34922755406373696
40143007412,-0.3886085242151406
40143007413,-0.2660513382362691
40143007519,-0.2667088430567918
40143007518,-0.5004862752152268
40143007530,-0.24512950040350334
40143007529,-0.13606691485354044
40143007507,-0.16839965376613467
40143007525,-0.1690700941504404
40143007510,-0.3086768329201237
40143007503,-0.31377532535866526
40143007526,-0.24106900453213678
40143007511,-0.1356911537980577
40143007512,-0.17780681193739295
40143007522,-0.15787046914416403
40143007535,-0.12150939958073659
40143007536,-0.25817271552211357
40143007523,-0.1740473064693862
40143007532,-0.36867832779998494
40143007531,-0.4946622437304681
40143007652,-0.35882874602416254
40143007636,-0.26190688381607713
40143007651,-0.2979480147765824
40143007520,-0.31793663067729766
40143007655,-0.23298296262461396
40143007656,-0.3996821790047803
40143006708,-0.44607239963170736
40143007638,-0.4268252161380053
40143007653,-0.3092334629960235
40143007654,-0.2559258485627086
40143007634,-0.5561008727406871
40143007649,-0.33490647551488567
40143007631,-0.39919746479755513
40143007632,-0.4768954383959171
40143007647,-0.26062642373940625
40143007633,-0.44855378245498667
40143007629,-0.1437496852928108
40143007630,-0.15894617093041197
40143007528,-0.34545958177532743
40143007645,-0.29411706264858617
40143007527,-0.154309317166875
40143007639,-0.0971509630535248
40143007619,-0.3828485736741014
40143007646,-0.06127230876604866
40143007411,-0.452481591451554
40143007410,-0.31336527023137084
40143006907,-0.3598029646890568
40143007617,-0.21438269339491278
40143007616,-0.40583804279773006
40143006903,-0.49934312483900367
40143006902,-0.5344289615257711
40143007615,-0.4831061650391329
40143007648,-0.2995712819061508
40143007614,-0.3304529787373861
40143007613,-0.5908952043098404
40143006901,-0.44699264394801375
40143005200,-0.495763705668851
40143004000,-0.77048403667429
40143007000,-0.6118089926920282
40143008600,-0.5852736675925173
40143006905,-0.41469378953299196
40143006906,-0.25587995447508316
40143009012,-0.24993875068039245
40143009011,-0.06270466944716599
40143008502,-0.481171182238443
40143008400,-0.4732885245065658
40143008501,-0.3744402500626117
40143007313,-0.1736826278356375
40143007314,-0.29167418885192026
40143007304,-0.36876314569386964
40143007102,-0.5117174028917636
40143007101,-0.6028023640749155
40143003800,-0.7761433710803218
40143005300,-0.5548761506821042
40143003900,-0.7911669221207317
40143003700,-1.394956749690841
40143001900,-0.6202104753106714
40143001800,-0.8006403985667069
40143001700,-1.033104136409663
40143001600,-0.6651310081570078
40143001500,-0.7835464884165303
40143000300,-0.5828009230597868
40143011300,-0.5776944816937669
40143006000,-0.5963131365017571
40143008200,-0.3569817369818542
40143008300,-0.4538554010362941
40143007200,-1.0154560038793412
40143008900,-0.5478956206884718
40143007309,-0.4149226044939877
40143007311,-0.32239595848939906
40131050407,-0.06693166676572594
40143007308,-0.2428602762834644
40143007310,-0.3589150464706016
40143007306,-0.2843092172098881
40143007312,-0.26878885649261725
40143009014,-0.11782209833157106
40143009010,-0.007670875664077673
40143009006,-0.19348056856687892
40143009008,-0.30530496843333
40143009017,0.030179944509908165
40143009016,-0.3623810782187787
40143009018,-0.49731973161051624
40143009013,-0.6887943759049606
40143009015,-0.24984883635159294
40145030406,-0.35451301172179606
40145030408,-0.46271995008887595
40145030407,-0.41687354576318714
40145030403,-0.19076467513783124
40145030402,-0.10289863598039735
40131050409,-0.1037204853016338
40131050408,-0.25026300240927246
40131050602,-0.22123390521793834
40131050603,-0.18030608860676878
40131050101,-0.5294776364146232
40131050104,-0.5823857791070607
40131050202,-0.6554649251162288
40131050203,-0.3709873537583198
40131050103,-0.21110854073941143
40131050105,-0.4169167833657914
40131050601,-0.1935554535663991
40131050405,-0.21414989292408462
40143005810,-0.2891901465694599
40143005811,-0.481259163805169
40143005809,-0.4126704472283722
40143005812,-0.19743346977836332
40131050404,-0.2576193696366531
40131050406,-0.4568625923629911
40143005900,-0.37381245057548246
40143005813,-0.08015344133483605
40143005805,-0.4017880844658431
40143005801,-0.3518019841875887
40143005808,-0.5036463372078931
40143005600,-0.17990632401869544
40113940005,-0.10848501663779725
40143009101,-0.2619088781505331
40143009104,-0.5351730222012256
40143005700,-0.33553501409831665
40143007900,-0.3047421637324751
40143008002,-0.20421277444291625
40143008001,-0.291656240733332
40143000200,-0.6468205930443827
40143000400,-1.1310425430414368
40143000500,-0.6823845057637974
40143011400,-0.6342061263994496
40143006200,-0.624579056725833
40143000800,-0.3764553025971183
40143000900,-0.5712407606437867
40113940006,-0.36932354554735514
40143003000,-0.5835606194215057
40143002700,-0.66828165219472
40143002500,-0.9199793423284022
40143001000,-0.36604266908757604
40143001200,-0.5576137845353696
40143001300,-0.5706810867973457
40143001400,-0.757833282466423
40143002000,-0.7600858327258555
40143002301,-1.0395088129556673
40143002100,-0.5070990333736565
40143003500,-1.0299353089237444
40143003600,-0.8688957732320363
40143003300,-0.6588793602163387
40143003400,-0.7472600783609933
40143003200,-0.6927805073307121
40143004500,-0.6660341386741606
40143004301,-0.4887067033745095
40143004200,-0.6077093050400382
40143004101,-0.42023672630980374
40143004302,-0.7619227315910077
40143005100,-0.3398736729086476
40143005002,-0.5568985922673019
40143005001,-0.7260818532662463
40143004400,-0.7907335314454446
40143004900,-0.5981874952624195
40143004700,-0.6214345723728887
40143004800,-0.5939175442801697
40143004600,-0.5046825096799163
40143003100,-0.6600869165401962
40143008800,-0.271347764910274
40143006600,-0.40918717466456966
40143006507,-0.04755879814506771
40143009403,-0.2655464380821547
40143006506,-0.15983288614031632
40143009200,-0.31502680917282677
40143002900,-0.370405778958894
40143009300,-0.42835355793169283
40143009401,-0.29814598389297486
40143009404,-0.26228589087756576
40143009500,-0.06321818001946808
40113940007,0.06316632721908916
40117957200,-0.016063815119014127
40117957100,-0.04791327817653984
40117957300,-0.13842546004515496
40037020704,-0.16532422309108077
40037020705,-0.06700895013382288
40037020706,-0.004065845217866791
40037020900,-0.23776748692442218
40037020702,-0.09884887624245237
40037020800,-0.10542997607081613
40119011400,-0.24687198540731986
40119011302,-0.33121802675487966
40119011301,-0.2724684141096489
40081961200,-0.24334220034297402
40119011104,-0.1634132783848766
40119011103,-0.11825711027752814
40119010600,-0.42522430722316085
40119010101,-0.30904041842836166
40119011101,-0.17814234660245196
40119011200,-0.025757390268658784
40117957500,-0.18382321113384742
40113940003,0.13332461678913726
40117957400,-0.06363105101807455
40113940001,0.11601877898351393
40113940012,0.1034880787660677
40113940013,-0.1515505159564826
40071000300,-0.39285006815917134
40071001200,-0.28931414728651644
40113940011,0.2835839409076823
40147001000,0.08483927222609508
40105172100,0.3011462600284799
40105172200,0.30239654222876056
40105172300,0.19337700006625075
40105172400,-0.12966255278352545
40147000602,-0.43882729047053354
40147001200,-0.3071657010490086
40147000601,-0.1790720974001453
40147000400,-0.416612833782412
40147000500,-0.4112428250108027
40147001100,-0.024872047948343044
40147000100,-0.4669039717890908
40147000200,-0.3360837321787945
40147000300,-0.48623033504729896
40147000700,-0.6756929126605513
40147000900,-0.4496528415981555
40147000800,-0.5244776551722102
40113940004,0.22349608634721102
40113940008,0.3059069534986332
40113940009,0.10986851386254215
40143005500,-0.17844400994825838
40113940015,0.017765706690725906
40113940014,-0.03270492293803969
40143005401,-0.6534714071850803
40143005403,-0.7078156251864529
40143005404,-0.40237668301006163
40147001300,0.055738649416801005
40131050802,-0.062018540763932595
40131050301,-0.024351250317192246
40131050801,-0.08319688988416411
40131050403,-0.07882384614808584
40131050304,-0.3518606631722873
40131050303,0.11225492721920413
40131050302,-0.07011247286438008
40131050702,0.036112451071107735
40131050701,-0.18954173915631078
40097040801,0.09819827903097324
40097040802,-0.014098895027413162
40097040700,-0.035040223139950095
40041375901,0.08337884241501764
40041375902,0.14739616596851693
40041375804,0.007829661353250812
40035373400,-0.23503273292098534
40035373300,-0.10918752978245659
40035373500,-0.027890140697040003
40041375803,0.01612070060538039
40041375805,-0.010258565220891896
40115574800,-0.1258930179557395
40035373200,-0.0812029598371367
40035373100,-0.032703566155498534
20021958200,0.13820164175471478
40115574200,-0.5327070539072591
40115574500,-0.7735116529957051
40115574400,-0.7413316406642005
40115574300,-0.2563911773515169
40115574700,-0.2368377147805191
40115574600,-0.2184916853506773
40115574100,-0.21273710847158017
20021958600,0.2385657286581719
20021958400,0.24341744374625324
29145020700,0.1095425609950602
40115574900,-0.0178455217063251
40041375806,0.06335395540239414
40041375701,-0.12839562074735938
40041375702,-0.2148688669042606
40041375602,-0.06706884461300502
29119070200,0.2565277498168903
29119070300,0.10589108938034941
40041375601,0.0507254530888791
40041376000,0.16262826604672606
05007021001,0.10582092810174111
05007021313,-0.5586938732969364
05143011002,0.11377924341794891
05143010513,0.07553681053663196
40001376700,-0.1792635125405501
40001376600,0.017861512374787943
05007021202,-0.46208427760062354
05007021102,-0.5256915176405615
05007021101,-0.5945640698709407
05007021201,-0.6136944083021896
05007021004,-0.09758058494631043
05007021003,-0.2019310521485726
40041976200,0.1285690357935566
40041376100,0.20557949388631774
40097040501,0.09079713293323542
40097040502,0.10617675597307187
40097040600,0.07720810940419438
40097040300,-0.08643842928060043
40097040200,-0.38739205830501816
40097040100,-0.4419527896158629
40131050604,0.035529722190382376
40131050201,-0.2410295723256301
40131050501,0.056920021795483895
40131050502,0.04225335657016283
40097040400,0.034195351783648215
40145030201,0.04100088518371783
40145030101,-0.1908044731732975
40145030800,0.0557799473955788
40145030300,-0.21642334675445785
40145030798,-0.11848689246469271
40145030202,-0.13372552022474948
40145030102,-0.3901612202099167
40021977701,-0.11956909825551362
40021977801,-0.25284387645855005
40021977702,-0.11070161211591703
40021977600,-0.22428343287841424
40021978201,-0.19540492489990968
40021977901,-0.2449384839078382
40021977902,-0.3862409869634742
40021977802,-0.43749640430488324
40021978000,-0.46859016188512864
40021978100,-0.4242268140847227
40021978301,-0.23171707090289004
40021978202,-0.20520646184484198
40135030201,-0.18033027168561888
40021978302,-0.17208978323960816
40101001401,-0.11616431366659814
40101001301,-0.269876884188609
40101000802,-0.42360028549748874
40101000801,-0.46325896891712576
40101000901,-0.4950349943005732
40101000300,-1.1591569257239336
40101000902,-1.3229260251377561
40101000700,-1.2589074243992981
40101000400,-0.8640489195117702
40101000200,-0.6826595335575723
40101001200,-0.6248296285664638
40101000100,-0.5794642766503153
40101001000,-0.38339846257368587
40101001100,-0.319257444792721
40101001302,-0.3451733101678869
40101000600,-0.658834920269027
40101001402,-0.05427633867667421
40091779700,-0.4337608871867908
40091779602,-0.19654906364865607
40091780302,-0.2054578612111037
40101001502,-0.21316640709021228
40061279200,-0.32603976798433054
40101001501,-0.20162535772223275
40135030202,-0.15880752402865728
40135030401,-0.20091239611248612
40135030404,-0.16377887418264805
40135030106,-0.13259392539838327
40135030103,-0.15651854513066615
40135030403,-0.18825814507780947
40135030105,-0.17080227311766924
40135030101,-0.3146495553131522
40135030304,-0.3825686908566997
40135030303,-0.5245172173852124
40135030301,-0.08274584787337701
40001376800,-0.06248682270830458
40001376900,-0.14279095488224952
40001377000,-0.051766695022321854
05033020205,0.06625694255731869
05143011004,0.1961377954939717
05033020207,0.20166929495368233
05033020302,0.15323389947657975
40079040198,-0.01688619088212857
40079040102,0.035300010812420304
40079040303,-0.014585649890390469
40079040299,0.0003399803812322447
40079040301,-0.016523184038909303
40079040401,-0.24330984451781112
40079040302,-0.013160872557252373
40079040402,-0.2898480278122907
40079040602,0.009653906365926723
40079040601,0.014774598373499924
40089098200,0.10148400542487244
40079040700,0.173624524922111
40127097600,0.21686036604953068
40127097800,0.12440511838806351
40077087300,0.012901542144203438
40121485700,0.06709274420787237
40077087200,-0.13675597454109303
40077087100,-0.12172647561493388
40079040500,0.07575514750872189
40061279400,-0.3970339485016955
40061279100,-0.21054464405325946
40061279300,-0.28935471430042453
40121485602,-0.07445341954395113
40121485601,-0.2935387359150322
40091780301,-0.2278920651848278
40091780200,-0.20590144926230644
40091780100,-0.09493535279373923
40121485800,-0.013233368634825854
40121486000,-0.19964135757908144
40121486500,-0.5687356638455615
40121486100,-0.3830152567766987
40121486300,-0.05314164826585585
40121486400,-0.8060983056461127
40121486600,-0.10550249945245882
40121486200,-0.6561845724369362
40121485900,0.0519692621997977
40063485000,-0.14279726269449738
40063484700,-0.2481961667909709
40063484600,-0.22373718890980646
40063484900,-0.49957820349051585
40063484800,-0.39451556880332017
40133583600,-0.2958626353028694
40133583500,-0.6177978901975034
40133583300,-0.21916321165946312
40133583100,0.004750246302546305
40133583200,-0.07174186975275762
40133583400,-0.219054074533033
40125501105,0.006562908454163593
40125500302,-0.5844802938001128
40125500200,-0.6576097641292948
40125501101,-0.16240463080138734
40125501004,-0.07448409271280573
40125501104,-0.07283978160734705
40125501201,-0.03912543941882549
40133583700,0.07462825270997571
40133583800,0.19420681750203173
40125501300,-0.031960410489889284
40123088600,-0.04126511976235482
40133583900,-0.01639045626198923
40029388200,0.041224834156077896
40123088700,0.13814454101877296
40123089300,-0.3707218732366547
40123088801,-0.05385617603892637
40123088802,0.008073322862638848
40123088900,-0.3173555893928845
40123089200,-0.46149036737672644
40123089100,-0.5172942744132435
40123089000,-0.09294508915197569
40123089598,0.046293221327583386
40049681100,0.0512791991042083
40123089600,0.1236965291944947
40099790802,-0.06267732251277307
40099790600,0.03398771201627176
40099790801,-0.34085866778948787
40069660300,0.05838144464105282
40069660202,0.010825025582343398
40005587700,-0.1282976660194173
40029388100,-0.25526355923669797
40121486800,0.007822858553420752
40121486700,-0.12795511747118343
40005587600,0.011827229896955413
40127097702,0.08818944697509806
40127097701,-0.14231899877606807
40023967300,-0.5280618111493685
40013795600,-0.2819702633530023
40013795700,-0.26797299805534713
40005587900,-0.04210362843535862
40005587800,-0.10806832403517308
40013796003,-0.28068215747712943
40069660198,0.010210922482486704
40069660201,-0.09416739426068808
40019892700,-0.8587891710203457
40095094700,-0.26762483038656565
40095094698,-0.12032630914827863
48181000304,-0.016547825682075724
40095094804,-0.12888202427618645
40095094803,-0.15172213372041843
48181000306,-0.1432678745758767
40013796600,-0.2624242703776415
40095094806,-0.1117553047716562
40095094805,-0.1566692120487009
40013796004,-0.02049722727003676
40013796102,-0.3941321582083988
40013796101,-0.4873191049315768
40013796500,-0.44523306559023845
40013796300,-0.9423169007332759
40013796200,-0.684753910468757
40013796400,-0.392267583359092
40013796002,-0.4288830577131829
40013795900,-0.14499927132636195
48181000200,-0.34873500568692456
48181000101,-0.7095562308299859
48181000903,-0.5818421872301229
48181000904,0.04830190743340692
48181000901,-0.533147335125335
48181000600,-0.5568238743232833
48181000700,-1.08491181316964
48181000502,-1.1100480349054518
48181000800,-0.6469102450820685
48181000400,-0.6012876726123684
48181000501,-1.1797489160993384
48181000302,-0.4083951883204061
48181000305,-0.09362178321829087
48181001104,0.12057026609897772
48181001101,-0.16162875339405985
48147950300,-0.10778623614017097
48147950800,-0.15255438088402287
48147950100,-0.18194016988912007
48277000102,-0.20669416875880545
48277000700,-0.1612503919568203
48387950100,-0.07765241952058276
48387950502,-0.14417909016707878
48387950700,-0.29180652060519335
48277000302,-0.30173389118773863
48277000600,-0.22690755886206426
48277000500,-0.137280930607262
48277000402,-0.16993452834477196
48277000101,-0.2471726399426418
40023966900,-0.3071515436136038
40023967200,-0.47230983668612186
40023967000,-0.4011618819540366
40023967100,-0.4902868729004804
40089098300,-0.016135873057321615
40089098400,-0.19428331876299978
40089098700,-0.4947771476362375
40089098800,-0.346820827613736
40089098600,-0.45501769127465463
40089098501,-0.2047994803858195
40089098502,-0.10707292357200832
40089098900,-0.08402575643642916
48037011602,0.3440870812772484
48427950701,-1.9571342148699478
48427950203,-0.6942863493813167
48427950702,-0.9827038369079925
48427950204,-0.6852673106566873
48427950202,-0.6722974537529364
48505950401,-0.8776088717568111
48505950305,-1.0193521046380025
48505950304,-1.5621011629529349
48505950303,-1.1277588969859258
48505950306,-1.0034874125238429
48505950402,-0.35041931174945673
48479001813,-0.5637221356082762
48479001818,-1.241924149810464
48479001828,-0.9173488097163698
48479001827,-1.052022725034593
48479001819,-1.1505472372578118
48479001809,-1.2205552200378356
48479001820,-0.67994981793582
48479001822,-0.7894215121063547
48479000109,-1.6472949315078773
48479000108,-1.0705658969989513
48479000107,-1.7944404125797764
48479001823,-1.138027242116901
48479001806,-1.8397517454866383
48479001821,-1.0309672712074316
48479001824,-1.0279949003804028
48479001810,-1.320492748831874
48479001826,-1.245779236398215
48479001816,-0.951237352028759
48479001825,-1.0216920891345236
48479001003,-0.9639158551104734
48479001811,-0.8517544964210025
48479000106,-2.2646649246980983
48479000105,-1.759829217801644
48479000101,-1.917748685901023
48479001004,-2.0709365617759463
48479000901,-2.26729965214706
48479001101,-1.7701615864637503
48479001104,-2.271610170768998
48479001001,-2.2579818652255654
48479001105,-0.493562817422703
48479001103,-1.766333678241343
48479001601,-1.3793834566097198
48479001502,-2.2344924073824437
48479001719,-0.8133502463744642
48479001602,-0.9739845510904087
48479980000,-1.8606234887366049
48479001714,-0.8964263824165642
48479001725,-0.6395873418070803
48479001722,-0.8311470046162176
48479001721,-0.6125294876916532
48479001723,-1.042385156309286
48479001726,-1.1689864641122667
48479001727,-1.2594324352992192
48479001815,0.042791210440121054
48479001710,-0.5407138460433272
48479001711,-1.0767146750331136
48479001716,-1.0878451034061876
48479001715,-1.405987715226984
48479001724,-0.786299828747823
48479001720,-0.7413541993100848
48479001709,-1.0241945652228623
48479001717,-1.1620253646450864
48479001718,-0.9283954873575249
48479001706,-0.9831215871731575
48479001501,-1.2675707062696575
48479000903,-2.1417020336626975
48479000904,-2.2687001187565077
48479000800,-1.6751130698317491
48479001202,-1.231630287474643
48479001201,-1.78415732455803
48479001300,-2.2493322836405474
48479000700,-1.974029699871708
48479000601,-2.2763994617040506
48479000602,-1.2603170657021867
48479001402,-1.6578682438209498
48479001401,-2.2618453802802683
48479001900,-2.307382586598368
48479000300,-1.8534289401681932
48479000200,-2.58401803821482
48323950400,-1.0433522092069365
48323950302,-0.8071351132890933
48323950601,-1.2559197300273421
48323950602,-0.916566469847361
48323950208,-0.8605265603616981
48323950204,-1.010847497641691
48323950209,-0.8022638044197654
48323950206,-0.7391018909102542
48323950500,-1.2649767795392355
48323950301,-0.7602201966090788
48323950702,-1.0209866594250254
48323950701,-0.3484773825992802
48323950207,-0.5089141230941652
48127950202,-0.09745192272363101
48127950400,0.08103591326318899
48283950302,0.30869935237055035
48283950301,-0.6414127616227407
48163950302,-0.04785979067795444
48163950102,0.02240092848271435
48163950101,0.059280615409656345
48163950201,0.05659610739092469
48163950301,-0.055994952872218964
48507950100,0.2575098415270405
48507950302,-0.8361085968847557
48127950201,-0.6730302669987459
48507950301,0.1164183464189762
48507950200,-0.04723834806164069
48463950500,-0.5142121158156783
48463950400,-0.41836268863578613
48463950300,-0.7743208791703631
48463950201,-0.11812405739258053
48463950100,-0.061297350933405485
48463950202,-0.1277931028714039
48163950202,0.07273211441115346
48325000801,-0.04408128679492775
48325000500,-0.05408082232628457
48325000301,-0.09002203921470714
48325000302,-0.260012450814588
48325000200,0.1780816887973575
48019000200,0.06659510075795402
48019000301,-0.12180671887014305
48019000103,-0.10757015143793955
48019000101,-0.09316079480871914
48265960800,-0.08967108656597464
48265960601,-0.68904661597163
48265960700,-0.16335634042494943
48265960401,-0.16191039663521778
48265960403,-0.1888430823128082
48265960301,-0.056638543376824495
48385950100,-0.08115853299170876
48137950300,-0.04142725261041269
48271950100,-0.18925057413528204
48465950502,-0.21526759673065834
48465950501,-1.3576330191654553
48465950701,-0.8621782662438384
48465950400,-1.1941461920773462
48465950601,-1.8157507814255447
48465950602,-0.9598658332298604
48465950301,-1.1890245665428663
48465980000,-0.2584785217425942
48465950302,-1.1797374046318272
48465950702,-1.238718869084447
48465950203,-0.719355691567448
48465950202,-0.6853210027197774
48465950801,-0.46463099269740105
48465950802,0.07322943282363632
48371950100,0.2696168481694215
48443950100,0.44712899928466765
48105950100,0.39877292844255424
48461950100,0.4026930978638744
48383950100,0.4351687394624094
48173950100,0.4392729687999327
48329010129,-0.3771992397564362
48329010124,0.04588716582997813
48329010123,-0.516009708553456
48329010128,-0.5636212670401849
48303010423,-0.12306675965573416
48303010422,-0.31148902570747794
48305950400,-0.4840087546557803
48303010601,-1.1831989902256905
48303010514,-0.20105846563901378
48303010512,-0.9691967679656166
48303010511,-0.5218426923132393
48303010506,-0.7991166619729072
48303010505,-0.9582297492343955
48303010510,-0.9575629336870365
48303010504,-0.7597176631506913
48303001908,-0.9060690582997616
48303001904,-0.7614604391792672
48303002102,-1.1572325174764726
48303002103,-0.9602890604253446
48303001907,-0.9045687385614012
48303001906,-1.6166440545144258
48303001905,-1.2422045878291648
48303001602,-1.4341338177600949
48303000503,-0.2899878487023872
48303001501,-1.5600059844837875
48303001502,-1.8115668508095413
48303002001,-1.9424777113572638
48303002002,-1.3190489140203079
48303002301,-1.1836196176660148
48303002302,-1.3460125369050158
48303001401,-1.1433173113092867
48303000607,-1.3143488051492502
48303001402,-1.4739283246190027
48303001300,-1.047700354109759
48303002207,-0.7820538559850727
48303002401,-1.026671412860666
48303002104,-1.5344875683156567
48303002203,-0.9477836933768387
48303002205,-1.1409678084860233
48303002206,-1.2062665437770232
48303002208,-0.7893378529089647
48303002500,-1.1994114669628066
48303002402,-0.8113420513793962
48303001200,-1.0249261598004606
48303010513,-0.6207914147168673
48303010700,-0.44242164984066784
48303010204,-0.5384055305017269
48303010102,-0.5308776399147375
48303010101,-0.29919048970940987
48303980000,-1.6946357161734742
48303010203,-0.8430714001259129
48303000902,-1.185473940801235
48303001000,-1.1923559592657276
48303000901,-1.0806547316802169
48303000100,-1.2217445928339496
48303000201,-1.1505304566289356
48303000700,-1.332439330078918
48303000202,-0.9598972771638055
48303000605,-1.0164265879214174
48303000603,-1.0356741010253516
48303000304,-1.5458205280296577
48303000301,-0.8515809197717895
48303000502,-0.35707229769765164
48303000501,-1.0735803234599295
48303000303,-0.6604914177600743
48303010201,-0.5460355401437536
48303010302,-0.8948970913905449
48303010416,-0.45359938353613033
48303010417,-0.6978434049242016
48303000409,-0.9313850178997127
48303000410,-0.6150437417280818
48303000411,-0.7979272452086142
48303000403,-1.0904919647255977
48303001601,-0.6860191643409408
48303001806,-1.8250758328157222
48303001805,-1.3364511636589371
48303001710,-0.9001033662557943
48303001709,-0.9042805742893207
48303001711,-0.5692732980143033
48303000402,-0.9628460166694327
48303000408,-0.8183252392385119
48303000407,-0.5901630645433158
48303000406,-0.8715756599653932
48303001714,-0.6739549049902126
48303001715,-0.8599296497508292
48303001716,-0.7564661299327423
48303001717,-0.551022686775579
48303001713,-0.9887223137513523
48303001712,-0.9922734093449392
48303001708,-1.1765424956143722
48303001807,-1.257938042260814
48303001808,-1.2657270375084548
48303001804,-0.8947424994677977
48303010502,-0.6193763079337888
48303010410,-0.5985538715334452
48303010409,-0.6282797279792387
48303010411,-0.5770388105774673
48303010509,-0.5332705033294673
48303010421,-0.5342243023879891
48303010415,-0.48235606256851615
48303010413,-0.8059457092616922
48303010414,-0.7279711178738663
48303010412,-0.47098181186216476
48303010404,-0.6198909471999254
48303010420,-0.6831524568161035
48303010419,-0.5763682817390176
48303010402,-0.7219313242874886
48303010418,-0.13626478265769404
48303010301,-0.5866093848942565
48303010202,-0.3180098702486935
48107950100,-0.3377681749250999
48107950200,-0.621171211848142
48107950300,-0.3566667997256462
48303010602,-1.3779832807881909
48169980000,-0.04964142602051267
48169950101,-0.21245574376071502
48169950102,0.11840283692022885
48033950100,0.447730166707001
48305950600,-0.18602844607696492
48305950500,-1.1797085099768367
48115950402,-0.44059081431637426
48115950600,0.2080525190986223
48115950401,-0.6380828884991192
48115950500,-1.0708229229350068
48317950100,0.0484494686283832
48317950200,-0.15365301633314898
48227950802,-0.5140292790774542
48227950801,-0.3099522555557117
48227950900,-0.23260227397650446
48227950600,-1.0478250877887136
48227950700,-1.1444144732487782
48227950400,-1.1990277472406738
48227950500,-1.7502362383489414
48227950300,-1.122035018551692
48227950100,-0.16862271816431804
48227950200,-0.10517160493382582
48335950400,0.012557568471919477
48335950200,-0.3119925200191807
48415950600,-0.5095386728684648
48353950500,0.013944261427927214
48151950300,-0.09223950411154282
48353950100,-0.047399423567257654
48353950400,-1.2762592493851783
48353950300,-0.919455704246508
48353950200,-1.3006519444240476
48151950400,-0.17314141063328273
48253020300,-0.5244937620116449
48433950300,-0.16167171374949416
48263950100,-0.029127067175036526
48415950100,0.010664541365999505
48415950300,-1.2073441440193458
48415950200,0.39219326376894503
48125950300,-0.18750880404240433
48269950100,-0.11450244402491966
48275950200,-0.45021006615620884
48275950100,-0.31002257325316973
48155950100,-0.019957761367811057
48023950302,-0.3095939862903418
48023950301,-0.733286831549862
48447950300,0.10518080972074403
48417950300,0.2748310468044017
48207950300,-0.3388208810791157
48207950400,-0.3513779640504585
48253020400,-0.8520411485611443
48253020500,-0.4511135683693762
48253020200,-1.329625268452376
48441980000,-0.5461423518907252
48441010900,-0.638370730403251
48441012000,-0.5582612663721845
48441012100,0.1800952178506694
48441012200,-0.8401329529797228
48441012300,-1.1784752231953988
48441011600,-1.3660043858034854
48441011700,-1.2585187950047907
48441011900,-1.417352139871971
48441011000,-1.6559876156397226
48441010800,-1.2403924457652153
48441011200,-1.0417919384513301
48441010700,-1.4718511523706548
48441010400,-1.0642566112667442
48441010300,-0.7412401409660219
48441010200,-0.685816746492102
48441010100,-0.9657293832698781
48441013300,-1.2799372150721458
48253020102,0.13111718350831525
48253020101,-0.1720279334849559
48441013601,-1.052046153365311
48441013000,-0.2097811914702096
48441010500,-1.0376520300093102
48441010600,-1.4470000555280513
48441011300,-0.992025208550361
48441011500,-1.0319564065458209
48441011400,-1.2663229894849577
48441013200,-0.9679014013624015
48441013100,-0.8809499996364983
48441013401,-0.39855050798759534
48441012900,-0.48017571474784815
48441012802,-0.5059513917194844
48441012600,-0.7810418392064331
48441012500,-0.878661398698938
48441012801,-0.3991567962566896
48441012701,-0.5184293129734692
48441013402,-0.5891156419089177
48441013602,-0.3519188792710949
48441013501,-0.13630971726862476
48441013502,-0.39230623242597334
48441012702,-0.45948593803092036
48441012400,-0.6421833051741858
48441013404,-0.9554079342553115
48059030101,-0.478346155414045
48059030102,0.0029962786913489445
48059030200,0.05247176997375112
48133950301,-1.3044275466503115
48133950302,-0.6186078457525311
48133950400,-0.42669719988511745
48049950100,-0.2050288317554106
48083950600,-0.2421146803156295
48083950300,-1.068828067019566
48083950700,-0.2623080208952091
48049950500,-0.36602486967198006
48049950202,-0.10559608085865715
48049950201,-0.14197729088750496
48049950700,-1.4089806815025923
48049951000,-1.0112156112528008
48049950800,-1.5427279033087207
48049950900,-1.3768265623714986
48049950600,-1.0097756658843342
48049951100,-0.6643029349999089
48049951300,-0.4266518327815508
48307950500,-0.14578818530366067
48307950300,-0.7809512523608501
48095950300,0.10336877100458504
48399950600,-0.2173522555465628
48399950500,-0.32848475386480036
48399950200,-1.0354772680205113
48399950100,-0.07556444506749141
48081950100,-0.10822185112368847
48081950200,0.20813231632570905
48431950100,0.38618158205334496
48451001709,-0.13996315217489813
48235950100,0.3671032022706585
48451001708,-0.45814302595115025
48451001710,-0.16110124480452756
48451001707,-1.2647594917214446
48451980000,-0.9081866439332996
48451001706,-1.4893149169886537
48451001303,-0.9470816888212834
48451001301,-0.971530028846465
48451001304,-0.8608442919220677
48451001401,-0.7605087805830418
48451001402,-1.215042143345174
48451001000,-1.6250438476552245
48451001102,-1.499640839838332
48451000900,-1.141293035650705
48451000400,-1.2160089258648135
48451001800,-1.2762067517798403
48451001200,-1.5666169924576057
48451001101,-1.1057606017544628
48451001702,-0.5286399152363683
48451000100,-0.7523900511043768
48451000200,-1.021710739405375
48451000300,-0.7804355240816039
48451000700,-1.1232262104932473
48451000802,-0.6908046290234325
48451000801,-1.033189807496418
48451001500,-0.6494688658709143
48451001600,-0.23748406449414916
48413950300,0.37378005443839624
48435950300,0.17287347866602093
48267950100,0.08804051456114473
48267950200,-0.5689792464739216
48327950300,0.04269101725957508
48319950200,-0.14125797743054228
48319950100,-0.53495515780462
48307950400,-0.12998388264045369
48171950301,-0.3422748677423519
48171950200,-0.08920161687958766
48265960304,-0.0675711310687994
48265960303,-0.3038221260887163
48265960200,-0.5492134332780373
48265960404,-0.4374016579149507
48265960500,-0.6022523931221861
48265960602,-0.8357133503803468
48265960101,-0.21973821106416205
48171950500,-0.37128113650070216
48265960102,-0.2625609579844855
48171950401,-0.49894977595340073
48171950402,-0.6309984799664392
48031950202,-0.16514225549220796
48031950101,-0.11870531753654531
48299970401,-0.4599236301720046
48171950100,-0.3491788756769718
48171950302,-0.4166043030814559
48299970300,0.007578912481902575
48299970600,0.009199819052157178
48299970100,0.022249814407100298
48299970200,-0.49490940048309306
48299970502,-0.20467184607523597
48299970501,-0.17620037838486322
48053960501,-0.7239038782047507
48053960502,-0.5580440240554415
48053960600,-0.4941814102948607
48053960702,-0.6373150589506572
48053960803,-0.17800939812005195
48053960402,-0.3024460802454283
48053960301,-0.6550629757537594
48053960302,-0.5315416954090497
48053960401,-0.11981566077219198
48281950500,-0.7693709849429233
48281950400,-0.6124954716414873
48053960200,-0.14306020618140128
48281950303,-0.10720041313254265
48053960101,-0.06105657736877266
48491020208,-0.9986145755073528
48491020207,-1.2897827441478495
48053960102,-0.4156125949481464
48453035900,-0.8688988720330192
48491020330,-1.0499726461875172
48491020342,-1.227489157134607
48491020343,-0.8312062483130016
48491020331,-0.8396515571276634
48453036000,-0.616210064090613
48453036100,-0.7456092446176433
48453036200,-0.7492331919958318
48453036300,-0.8040530768487648
48453037300,-0.8034648053724409
48453037500,-0.8367616739109952
48453035600,-0.8253637325885426
48453031400,-0.8580361054513097
48453034900,-0.7861796423901086
48453035000,-0.9399353812976494
48453001916,-1.0106241892678884
48453034000,-0.9265992299327928
48453035100,-0.9083365342307056
48453031500,-0.993332838569572
48453033600,-0.9946773447730768
48453037000,-1.1855668202907181
48453036900,-0.8113099385691115
48453033100,-0.6911097137663778
48453037600,-0.824002970919214
48453037400,-0.7789475499386602
48453035200,-0.7799256233426717
48453035400,-0.8659603936658767
48453036500,-0.8570399448215031
48209010818,-0.4086808901077835
48453035300,-0.6084886182139239
48453036400,-0.7469150983917143
48053960802,-0.36137611031899924
48053960701,-0.7192954861372963
48053960801,-0.6780339595699519
48299970402,-0.5485428763403051
48031950102,-0.09421450915705122
48209010817,-0.6925618605976598
48031950201,-0.24074247589771405
48209010807,-0.49169183916047976
48209010806,-0.6994468580009559
48209010809,-0.8417392522033248
48209010816,-0.8674388351756147
48209010815,-0.7324022861581756
48453036600,-0.8893837352654521
48453001921,-1.333120840270613
48453001920,-1.2617179062796628
48453033000,-1.02707553103416
48453034700,-1.0656821594187913
48453034800,-1.1007614299506283
48453031100,-0.8882346895485218
48453036700,-0.9387172687504114
48453036800,-0.8323542690631041
48453033300,-0.8276778711595332
48209010912,-0.7096552909688257
48209010914,-0.8917706881041676
48209010913,-1.07460268359295
48209010922,-0.9115648614244704
48209010915,-0.7583480523933005
48209010911,-0.7620588063668788
48453033200,-0.7442561282096438
48453037100,-0.8662134366653335
48453031900,-0.9808291690570955
48453037200,-0.8952773721858897
48453002438,-0.9273287374399878
48453002407,-0.9943339007350626
48453002446,-0.8970981617730471
48453002437,-1.1962995624010475
48453002451,-1.0377288547651453
48453002439,-0.7176972260002205
48453002440,-0.9907037089665639
48453002445,-0.8188784395678662
48209010923,-1.0680176370214398
48453002434,-1.0712541063882015
48453002436,-0.9047985752779061
48453002450,-0.8613066149526223
48453002449,-0.890982538582262
48453002432,-1.2232701218126603
48453002448,-1.0425019054001412
48453002447,-0.9235303338147436
48453002315,-0.46012469960805935
48453002316,-0.3565464176383752
48453002313,-0.7422572909263264
48453002314,-1.0401758449899063
48453002324,-0.6831802832096249
48453002325,-0.9824334869125575
48453002320,-1.2198471984320962
48453002321,-0.8921170835156986
48453980000,-1.286912732698186
48453002319,-2.841234049985876
48453002452,-0.998414225067818
48453002310,-1.1077902974732485
48453002211,-1.1971407695668828
48453002222,-0.7359723219518004
48453002213,-0.7430924642732639
48453002214,-0.9722031979402582
48453002108,-0.9519343936825758
48453002107,-1.0349931294521557
48453000308,-1.200560474964171
48453002109,-0.9715131534366368
48453002110,-1.0211205268232673
48453002111,-1.0481248289794611
48453002327,-0.5927524246597607
48453000801,-1.0068276191791532
48453000902,-1.806218467812913
48453001000,-1.6709320110792418
48453002326,-0.46486911259121577
48453002304,-0.8332482721312854
48453001403,-0.8361146215602456
48453000901,-1.3706073298003767
48453000804,-1.3056653499681838
48453000803,-1.390122980423322
48453000802,-1.0511514203409345
48453000402,-1.3244608053875249
48453000307,-1.2040086459813775
48453000309,-1.3539451430692666
48453000401,-1.5097901597576722
48453000601,-0.8565436312387185
48453000500,-1.1022043104688584
48453000605,-1.061240440388676
48453000606,-0.9246581639653453
48453000608,-0.7990901237280165
48453000700,-1.6619096904919177
48453001101,-2.2074426138227357
48453000607,-0.952293592216551
48453001200,-0.7910293083968355
48453001605,-0.9808854261546991
48453001603,-1.0850998498415227
48453001919,-0.712990323581737
48453001910,-0.8900233813160728
48453001602,-0.8181217901524458
48453001923,-0.904649676118703
48453001911,-1.0827327802092452
48453001922,-0.8565612229803885
48453002004,-0.6441806185050527
48453002007,-0.5051268704024019
48453001304,-0.9086886126814253
48453001312,-1.3660464018691598
48453001309,-0.7950724702549484
48453001310,-0.8456173712081599
48453001311,-0.6452789885567743
48453001102,-1.7098145491020333
48453001103,-1.29977583471187
48453001401,-0.9694803933890209
48453001402,-1.006171928032955
48453002307,-0.6484667831450647
48453002322,-0.3672684560437727
48453002323,-0.7747841397327677
48453001308,-0.6954679080731904
48453001307,-0.7574379428802692
48453002403,-0.7200679440448787
48453002411,-0.9805761375320362
48453002412,-1.198132528574542
48453002413,-0.9867828522177247
48453002430,-0.6101139216349072
48453002442,-0.8664225728343595
48453002441,-1.0633418845247902
48453002419,-1.2170815518034326
48453002443,-1.2330576719560558
48453002422,-1.1522789425339328
48453002424,-0.9118419333203187
48453030400,-0.9688862864907839
48453002409,-0.9946225365134115
48453002410,-0.9170063837003727
48453002444,-0.9603805464789783
48453002003,-0.8272316036002586
48453002002,-0.795079115627837
48453002006,-0.46253087011993266
48453030300,-0.769050127965526
48453032100,-0.9138790292913332
48453030900,-1.1455526610187987
48453002423,-0.9210905898144619
48453031800,-1.021450012533686
48453031700,-1.0425204366295089
48453031000,-1.0399981179099227
48453031300,-0.943553906193289
48453033500,-0.7956809081096704
48453033400,-0.8622387383338458
48453031200,-0.9724963782983331
48453032000,-0.8211570272995826
48453001914,-0.9573419851740995
48453001915,-0.9864942005667686
48453001917,-0.7629327321800053
48453001918,-0.6903887188997881
48453033900,-0.9565679793193186
48453032900,-1.1052959849092048
48453001912,-1.026096875505827
48453001913,-0.878766360067471
48453001604,-0.9683798355009373
48453001606,-0.34541338648039577
48453000204,-1.3318131071410118
48453000101,-1.1091248159364504
48453000206,-1.1666095825738043
48453000102,-0.7844141804610483
48453030600,-0.7418364345813976
48453001501,-1.2713979887143085
48453032300,-0.6720617971374602
48453032200,-0.5843478547916592
48453030700,-0.7121730537938668
48453030000,-0.8615296247567448
48453030200,-0.579119044591055
48453030100,-0.6450214760883981
48453030800,-1.0092306464120608
48453032800,-0.5329710168020504
48453031600,-0.8846437057658705
48453002500,-0.8091583824914402
48453032700,-0.749164660771198
48453032600,-0.6767689861301388
48453033800,-0.7502390298973589
48453034500,-0.7135910685249626
48453034600,-1.6212228263582722
48453030500,-0.8446809674410731
48453035800,-1.1066715621597112
48453035700,-0.752085813558893
48453034400,-0.9225118120883113
48453034300,-0.740107449235838
48491020404,-0.8965345199633228
48491020333,-0.6967651871495472
48491020334,-1.1963815392303374
48491020356,-1.0117261374946098
48491020355,-0.9304012098587355
48491020336,-0.8781732633304344
48491020326,-0.7269060263620306
48453035500,-0.5170119811672564
48491020353,-0.9368433895282712
48491020354,-0.904808501811938
48491020337,-0.7358664300636346
48491020338,-0.861656470969403
48491020321,-0.6848959018921541
48491020323,-0.7797249415294651
48491020325,-0.8670615600079018
48491020319,-1.0750368500679799
48491020351,-1.0522366110969987
48491020352,-2.0826702150621816
48491020327,-1.0865490563744062
48491020335,-0.8884687667627048
48491020349,-1.202000220242147
48491020350,-1.0385743814113955
48491020347,-1.197211556244185
48491020348,-1.6380456875003868
48491020346,-2.119109933266196
48491020606,-0.8226822776852664
48491020310,-1.0067624092784742
48491020345,-1.0268065818369505
48491020509,-1.0567978025755398
48491020517,-0.8476942717266511
48491020508,-1.1956237005721833
48491020516,-1.2070741514410845
48491020311,-1.2932183446737153
48491020408,-1.1637245340170113
48491020403,-1.2328007140741117
48453033700,-0.5550023147842955
48491020405,-0.9298279647904144
48491020406,-0.9639199559321523
48491020410,-0.7641595493437869
48491020409,-0.9355745515301146
48491020411,-0.7884134322680202
48453034200,-0.7245618424383775
48453034100,-0.6653108778647359
48453042000,-0.7420149460544814
48453043000,-0.6501674667690645
48453045100,-0.5410622446565315
48453042300,-0.7865835727930377
48453045500,-0.7293934581410761
48453045700,-0.8246167398516904
48491020513,-0.7620841023386331
48453045600,-0.5320526621698991
48491020512,-0.878494838087375
48491020511,-0.9788990244413982
48491020503,-0.9627965087832391
48491020507,-0.8673658245899293
48491020515,-0.9411184392767112
48491020505,-1.374225777918599
48491020514,-0.8975842840367538
48491020608,-0.7274853916427733
48491020607,-0.7972278802442556
48491021514,-0.9102333986850875
48491021513,-1.8221216497101396
48491021502,-1.2576525535529817
48491021503,-0.9509451847415576
48491020602,-1.1201184285519925
48491020704,-1.0266753443805539
48491020701,-1.0577245534307125
48491020707,-1.0603840905848585
48491021517,-0.6887717470731465
48491021518,-0.6284562733598832
48491021515,-0.710449176043775
48491021516,-1.335891121354839
48491021512,-1.1249779212325859
48491021506,-1.4780355976413762
48491020818,-0.9432513719635289
48491020815,-0.48601954676532716
48491021511,-0.9567675012040416
48491020706,-0.6001598803910881
48491020711,-0.7469939160458432
48491020713,-0.760004330115279
48453046100,-1.2024032521582442
48453046200,-0.9100680092056666
48491020712,-1.0949264923071542
48491020709,-0.8912223868334508
48453046400,-0.8172443222981356
48491020710,-0.7845608735265089
48453042700,-0.9491072969208124
48453042600,-0.7968253155689666
48453046500,-1.0162442867807289
48453044100,-1.1302514253217943
48453044400,-0.9161199178310784
48453044500,-0.9326009870629338
48453042800,-0.8367553103229018
48453046300,-0.8966243954615805
48453044600,-0.9387308180903983
48453044700,-1.0427492470792434
48453045000,-0.6275705352803879
48453044900,-1.0669073586210955
48453043800,-0.4932889894891909
48453041500,-0.7471653446329787
48453044000,-1.3191253057961152
48453043700,-0.9634248545043655
48453043900,-1.414393760560701
48453044300,-1.0588204030944153
48453044200,-1.0242392222580994
48453042900,-0.7183336604415969
48453042100,-0.9015376942364475
48453042200,-0.7392831484778994
48453045200,-0.7772264373267934
48453041300,-0.9109121860572625
48453032500,-1.2228753572922015
48453041400,-0.8167940728850602
48453045300,-1.6681763181917884
48453032400,-0.7362526653375032
48453045400,-1.7087488915500795
48453040700,-1.0531029826093516
48453040800,-1.1645074550936667
48453040900,-0.6905091124477469
48453041700,-1.0388349918700075
48453041800,-0.9561048051944261
48453041900,-0.8329300518738627
48453041200,-0.9386879529269765
48453041100,-0.7184079123833075
48453041000,-0.8835985127350561
48453041600,-0.9865751077894812
48453040300,-0.9621326754643342
48453043200,-0.551482029984172
48453043100,-0.8891645871159957
48453040600,-0.7001664436867525
48453040100,-0.8038533893607448
48453040500,-1.0341467025562996
48453040400,-0.9239933588362571
48453001504,-1.233192572958257
48453001505,-1.32809858761383
48453040000,-0.9137872338453863
48453001503,-1.274424474156878
48453000205,-1.0232087427913787
48453000305,-1.2607340299783902
48453000203,-1.359555405866778
48453000302,-1.4455425507079664
48453000304,-1.4178179927479202
48453002106,-0.8714548310834085
48453002104,-0.9834542777427392
48453002105,-1.4043389483064783
48453043400,-1.1197318330203851
48453043300,-1.1601939084247792
48453040200,-0.6990848667905444
48453002113,-0.7108889655537562
48453002112,-0.7995032392567636
48453002201,-0.8570821590055453
48453043600,-1.0581660313037005
48453043500,-0.7404350217844565
48453002221,-0.8877346585461328
48453002220,-0.8609758273574853
48453002218,-0.6814364253464646
48453002217,-0.8766370935843618
48453045900,-0.9091589178503074
48453042400,-1.0045198573586347
48453044800,-1.2566728057507615
48453047000,-1.2999887740196776
48453046900,-0.9520935244538994
48453046800,-0.6327477090414657
48453046600,-0.5269533421436595
48453046700,-0.7121014366562353
48453046000,-0.6985064053262349
48491020814,-0.5494196867002131
48491020816,-0.7342746283075643
48491020817,-0.9983214395414043
48491020820,-0.7846164468221098
48491020811,-0.6432739995082621
48491020810,-0.7192947407485796
48491020819,-0.7987184436164305
48453042500,-0.7661098882283703
48491020808,-0.9851535154690055
48491021000,-1.1600208680368098
48453045800,-1.1659837377915858
48021950202,-1.19859824006446
48021950201,-0.5007842124174123
48021950101,-0.4172732090929768
48453002219,-0.9277432972246153
48453002215,-0.9123702953923079
48453002216,-1.2564327496918257
48453002453,-1.0602296911677322
48021950803,-0.36941942244038883
48021950805,-0.27389307144646946
48021950303,-0.40606723877281603
48021950301,-0.568150210963599
48021950403,-0.5498491904338099
48021950402,-0.3568411313419738
48021950401,-0.6548669623420876
48021950506,-0.4727168266172515
48021950505,-0.4054092963230468
48021950504,-0.35922977812475343
48021950503,-0.2567091512043236
48021950602,-0.26205877407639333
48287000300,-0.15882159814378238
48287000400,-0.3213878895816922
48287000200,-0.01956436427256832
48051970202,-0.20114385181839273
48287000100,-0.03289191724299368
48021950102,-0.26041395291854086
48491020900,-0.48811568881479445
48331950300,-0.13305776470280897
48331950800,0.03747438090529995
48331950700,-0.4704106490089644
48331950402,-0.43140643834241915
48331950100,-0.20858194716675377
48331950401,-0.5811245064517903
48027023402,-0.11226516344490702
48027020800,-0.7619247717027261
48027020900,-0.8705034094010999
48027021304,-0.7547091377640254
48027021000,-1.7371306134969922
48027021102,-1.3240152267931697
48027021101,-1.10723708347069
48027021302,-0.7235792752727479
48027021301,-0.5042805563303816
48027021305,-0.70995134525932
48027021400,-0.4695579668590774
48027021502,-0.5439361981608646
48027021501,-0.7267218923367196
48027021203,-0.7035024497788
48027020301,-0.7339549502618274
48027021702,-0.6779427961158724
48027021602,-0.3513669045245868
48027021601,-0.6056437679785751
48027021801,-0.5740025045631656
48027021802,-0.4743433064060117
48027023406,-0.3811885170194043
48027023405,-0.47712455625986583
48027023404,-0.5446217318068928
48491021300,-0.35210500101403847
48491021203,-0.7907234796596886
48491021100,-1.4944423265957818
48491021201,-0.9793513536832088
48491021202,-1.0236977300908012
48491020813,-1.1276834100813837
48491020812,-1.2075413204748038
48491021602,-0.7185486849610181
48491021601,-0.9450256635627644
48491021603,-1.015577800188769
48491020117,-1.1788771888988574
48491020118,-0.7449120597715084
48491020115,-0.8071391905037261
48491020116,-1.0964372309802144
48491020106,-1.0006161854278592
48491020113,-0.8922346614076694
48491021404,-0.829197713756382
48491020822,-0.9280297336521119
48491020821,-1.1279466537385878
48491021509,-0.91575013251161
48491021407,-1.0918209771550877
48491021405,-0.9740694465939421
48491021406,-1.1639896053162841
48491021510,-1.2066837611044547
48491020609,-0.7166554655455255
48491020123,-1.0598033832771865
48491021402,-1.2394270237518357
48491020121,-1.0253671638938227
48491020111,-1.0360768238791145
48491020114,-1.131033494837921
48491020108,-0.9030348032562648
48491020109,-0.6167586007210644
48491020122,-0.9743779012844465
48491020124,-1.1998441549746484
48491020604,-0.9921230041268672
48491020340,-1.0736661011534805
48491020339,-1.230344896916457
48491020341,-1.0152750081618638
48491020332,-0.7100523020779668
48491020344,-0.617311373392792
48491020329,-1.0337570929323454
48491020120,-1.1092998652063102
48491020205,-1.1746120629844197
48491020119,-1.1015200942683254
48491020203,-1.5404008338299524
48491020206,-0.3342493241167986
48491020201,-0.7090810909524029
48027023302,-0.54715006252378
48027021906,-0.7067322359387915
48027021908,-0.6024070889261018
48027021907,-0.7002869614404859
48027021905,-0.8339760505291182
48027021901,-0.9373524898626677
48027022001,-0.44117016157442945
48027022406,-0.9336014974619902
48027022407,-0.8424215165010112
48027022402,-0.8000190221292658
48027022504,-0.7495562061340454
48027022403,-0.9681161577070931
48027022405,-0.7557374758485471
48027022503,-0.8510955508288565
48027023110,-0.5045444762103042
48027023001,-0.7142211446606128
48027023109,-0.6036283945255876
48027023116,-0.7407475116296192
48027023118,-0.5932239288257601
48027023117,-0.6405269918699991
48027023301,-0.25571668823218285
48027980002,-0.22899411950887086
48027980001,-0.683138220657866
48099010504,-0.6453206135366685
48099010502,-0.548549419612657
48099010501,-0.4892876780470613
48027023201,-0.5117054211750309
48099010503,-0.6601015270242709
48027023202,-0.6410996087945858
48027023113,-0.7688110181329008
48027023112,-0.7878151862755732
48027023111,-0.7368266284399623
48027023115,-0.628695367726607
48027023114,-0.7236655394346792
48027023203,-0.7154510961868735
48027023104,-0.9258072843383514
48027023103,-0.7934838308903969
48027023002,-0.8553504738455024
48027022501,-0.9941742375689924
48027022401,-0.8175047832335213
48027022600,-0.9704493052040248
48027022900,-0.8860167939743453
48027023500,-1.2043206631447105
48027022801,-0.8631359050452939
48027022101,-0.8888143488546031
48027022103,-0.7957667854731375
48027023204,-0.9969483312060312
48027022105,-0.5252159537003709
48027022104,-0.836901107223788
48027022200,-0.8430733704035169
48027022300,-0.7609743349256948
48027980003,-0.6431964366082007
48099980000,-0.0485891045584587
48099010300,-0.16445589492679075
48099010101,0.04790240051165254
48099010202,-0.28008526438580494
48099010201,0.04395992543834722
48099010400,-0.033908148564671295
48309004000,-0.5685119648662386
48309003901,-0.7529180125647761
48309003902,-0.6923292078084626
48027020101,-0.43609243052476476
48027020204,-0.14325389358708207
48027020203,-0.40026215815356175
48027022002,-0.2373731933335956
48027020201,-0.5628589102835848
48027021701,-0.3774499540154776
48027020401,-0.9900168018097099
48027020302,-0.838553724021992
48027021201,-0.7705028284689425
48027021202,-0.8909753896008892
48027020702,-1.2992848847449725
48027020600,-1.1961511320728238
48027020701,-1.1414411814722298
48027020500,-0.9567812111642018
48027020402,-0.6480568096512863
48309003802,-0.44902933440567827
48145000200,-0.31027872206668666
48145000500,-0.25082435752607535
48027020102,-0.26244199699687676
48145000700,-0.29188399547815574
48145000400,-0.44037078506378813
48145000800,-0.36888583038686756
48145000300,-0.5677005213091831
48309003601,-0.7432650871738316
48309003602,-0.51982707857962
48309001800,-0.7430330018639301
48309001700,-0.88614658958501
48309000100,-1.4122065995342612
48309001500,-1.1869347080003818
48309001402,-1.0518277843774908
48309001600,-0.9979480921172588
48309003000,-1.2912892165419518
48309001100,-1.7731728693174311
48309002800,-0.6255692889638437
48309000900,-1.9927559676330324
48309001000,-1.2022488998153815
48309001300,-1.5261510048729088
48309001401,-1.3152105616989027
48309001200,-1.1835566044854933
48309000598,-1.2985627443644792
48309000700,-1.5834259762769254
48309000800,-1.3470722520618634
48309002498,-1.1248485824142298
48309002700,-1.231330528544994
48309002302,-0.975383763918036
48309004300,-1.3516591863497551
48309002100,-1.0172998985186692
48309000401,-1.004267132896988
48309000402,-1.0385400590016167
48309000300,-0.7297998444912881
48309000200,-0.7546615382651957
48309001900,-0.9599961566170392
48309002000,-0.4515941035921218
48309003701,-0.6561031089793571
48309003710,-0.7777382094669478
48309003703,-0.6264612913237732
48309003709,-0.8075793425939073
48309003712,-0.9344892639023048
48309003708,-0.8483111222304988
48309003801,-0.6840742651082565
48309002900,-0.802787246765788
48309002504,-0.8318598777211972
48309003711,-0.9430540174391373
48309002503,-0.9674990548618003
48309002501,-1.1027056252987284
48309002600,-0.8105417621474523
48309980000,-1.0382188076545167
48309004105,-0.9382220466778978
48309004102,-0.5862194927881018
48309004104,-0.8919944257327961
48309004202,-0.7282701565929758
48309003402,-0.7723505165137665
48309003300,-0.5388068127376736
48309003200,-0.8400963383660784
48309003401,-0.6184914116392703
48309003500,-0.4571046077689152
48217961400,-0.671394642273146
48309004201,-0.8138139498530449
48217961100,-0.6785616657924266
48217960800,-0.61341617383081
48217961000,-0.8052715255284176
48217960900,-0.8223339255380113
48217960700,-0.710882174752806
48217960501,-0.434347715338808
48217960600,-0.804784031931856
48217960200,-0.4593971404035927
48035950300,-0.23738539413391435
48035950600,-0.0888882353281614
48217960400,-0.45990597183211723
48217960502,-0.2872271117446622
48035950700,-0.2866315675595252
48035950400,-0.19134124875615866
48035950500,-1.2530995776156464
48035950200,-0.4900814007946838
48035950100,-0.00684648308434201
48143950700,-0.12289463316855442
48143950302,-0.20318083029170936
48093950400,-0.15548338014666152
48193950200,-0.36656969875520584
48193950300,-0.7263420769771906
48193950100,-0.19999978734332252
48099010102,0.14461065182526375
48099010601,-0.7769633199915558
48099010804,-0.8277038449393398
48099010803,-0.6207950664804491
48099010802,-0.6203125101017165
48099010702,-0.7717452137593441
48099010701,-0.8079798176623476
48099010603,-0.8712937942782113
48281950304,-0.12837327685835362
48099010604,-0.23311865546731309
48281950100,-0.047109927102790015
48281950302,-0.18517246552528818
48333950100,-0.3053382016092031
48333950200,-0.18823393534220262
48411950100,-0.7824286828286793
48411950200,-0.10529109284034319
48049950300,-0.317617412360241
48049951200,-0.8827562113385888
48093950200,-0.29009775183806924
48093950300,-0.7276576262654176
48093950101,-0.7277626215588268
48093950102,-0.2470880980972766
48133950500,-0.24535916718034065
48133950202,-0.528034320809528
48133950201,-0.5224181122002864
48133950100,-0.3672915414635192
48143950301,-0.13335089094040922
48143950203,-0.22113684414604795
48143950204,0.17931228508883248
48143950100,0.211021609770556
48143950600,-0.5483778014306692
48143950501,-0.36224464198186
48143950402,-0.43190299724225417
48143950502,-0.7375795526965978
48143950401,-0.4748962364853371
48143950201,-0.015096918738481891
48221160302,-0.2786316575520847
48367140603,-0.4891460380567224
48363000100,-0.16847036587334466
48363000401,-0.6116134943007607
48363000300,-0.26500808996770764
48363000402,-0.5139909726891796
48363000900,-1.094815457366438
48367140601,-0.506131879274568
48367140502,-0.29707654592247373
48363000600,-0.3978277566908749
48363000700,-0.6943117635250347
48363000800,-1.3114747391850667
48363000500,-1.1175148712394338
48237950500,0.11715440230199728
48503950401,-0.32449971260931704
48503950500,-0.8505241791887272
48503950600,-0.7679781266645311
48363000200,-0.046264484327662045
48429950300,-0.2707216776638917
48429950500,0.23182393300807658
48429950200,-0.410350768993929
48503950402,-0.10394309609854915
48503950200,-0.04247494355310459
48009020300,-0.03500865732911238
48009020200,-0.10125795952717279
48337950401,-0.568104908429679
48077030302,-0.2624366328729109
48237950100,0.10162581689329407
48237950300,-0.4980175947145297
48497150405,-0.09137101207216847
48497150404,-0.043586640990026175
48497150300,-0.01865050524329212
48497150500,-0.46082144812821974
48497150201,-0.781704515386244
48497150202,-0.45935652127841187
48497150101,-0.16837485044254183
48337950600,-0.2088887399079031
48337950402,-0.4527227140903709
48337950502,-1.1867675908882016
48337950501,-1.1457366676506264
48337950200,-0.06394032662470532
48337950100,-0.2730137580037033
48097000200,-0.16233199582317231
48097000100,-0.48202567648903866
40085094200,0.13245084048044647
48181000304,0.12804304355594495
48181001103,-0.34921127208267216
48181001104,-0.16380303098710122
48181001902,-0.19470110072336594
48097000701,-0.1595361383864501
48097000600,-0.8010725221045754
48097001100,-0.6873261107533912
48097000400,-0.8777603643501368
48097000500,-1.1786761433678514
48097000900,-0.4670757167575155
48097000702,-0.05822419587830922
48121020203,-0.8475164624944038
48121020204,-0.7115465513230337
48121020207,-0.5229906736409682
48121020405,-0.9056713515223153
48121020208,-0.8455938544098303
48121020206,-1.3488213995130298
48121020800,-1.222458094205942
48121020900,-0.8720924415701935
48121021000,-0.9096100295879255
48121021100,-0.9113951978149668
48121020700,-0.9764517342401038
48121020403,-2.025464436470256
48121020402,-1.66744721945918
48121020404,-0.9522321624711689
48121020504,-1.7058893371343378
48121020205,-0.645488369655276
48121020506,-0.6623526182605292
48121020505,-0.950589635740238
48121020507,-0.7531022084096816
48121020508,-0.47764938849307714
48121020601,-0.8929262587447864
48121020604,-0.8643374589238786
48121020603,-0.6231739702554193
48121021202,-0.7284270659036444
48121021301,-0.5430192494268675
48121021203,-1.5123836850191026
48121021204,-1.763440767972751
48121020605,-1.3833575928729724
48121021414,-1.1039052470590753
48121020131,-1.0502687506489585
48121020130,-2.007678228146233
48121020136,-1.3265567697340168
48121020137,-0.9021816239549363
48121020122,-1.9751070812033216
48121020116,-1.3702722397639264
48121020121,-0.9921157616442666
48121020118,-0.5264992987706147
48121020117,-0.8386974552627517
48121020129,-2.018080085341554
48085030306,-0.9367517803461831
48121020123,-2.0394203513257456
48121020128,-1.8965903243488584
48121020124,-2.0696191042102257
48121020125,-1.5457916942651415
48121020135,-1.5611109923630329
48121020134,-1.110201187811555
48121020133,-0.870041622136633
48121020109,-1.5332255736376716
48085030304,-0.8510341284134824
48085030519,-1.1424508423852529
48085030403,-0.6292285672420901
48121021526,-0.8710836721640917
48121021538,-0.9494116981897106
48121021900,-0.7690751669121214
48085030407,-0.66105703503508
48085030406,-1.0127930057922905
48085030409,-0.2754862160651946
48085030410,-0.7409029453362503
48085030505,-1.3736667906209068
48085031657,-1.7565525563906919
48085031659,-1.3798200956793614
48085031672,-1.4495219841658482
48085031671,-0.9619382335107631
48085031670,-2.589157743470941
48085031669,-0.9527220315760294
48121021626,-0.5391811319068527
48121021532,-0.9546633376791422
48121021533,-0.6124063724293574
48121021800,-0.40598537957737585
48085030504,-0.8550875805737332
48121021522,-0.7910681055821485
48121021531,-1.0084397082660619
48121021520,-1.129765631451175
48121021655,-1.1524613732361901
48121021530,-1.3082417269474693
48121021521,-1.0707983278808455
48121021516,-0.6244857312788791
48121021518,-0.6537135726007477
48121021534,-0.6594304119983594
48121020127,-0.7594861759835334
48121021536,-0.7796538751957305
48121021535,-0.703434428002198
48121021540,-1.1289051076487229
48121021539,-0.8956478425168111
48121021528,-0.5902772188941876
48121020112,-0.6628188222973067
48121021529,-0.47736520217960027
48121020111,-0.8448881377722741
48121020110,-0.7398741285478148
48121020132,-0.6450179071073754
48121020120,-0.7497411324368395
48121020119,-0.7880953390160416
48121020126,-0.6557899665785027
48121021537,-0.6458045946515372
48121020115,-1.4075462038019675
48121021415,-1.0619233414108935
48121021412,-0.9621402771700921
48121021419,-1.4510153360355726
48121021421,-1.0546275119734672
48121021413,-0.7272416390076787
48121021411,-0.7353966224245323
48121021410,-0.9199683103961175
48121021513,-0.8570789056517703
48121021514,-0.7262468720889343
48121021720,-0.6968097106916902
48121021715,-1.0897965709585908
48121021505,-1.1041710931422652
48121021502,-1.288377174854129
48121021517,-0.636888765790122
48121021645,-1.03337281566461
48121021646,-0.6939087260470423
48121021649,-0.61749640219758
48121021620,-0.9790475114935939
48121021738,-1.1731303976000662
48121021619,-1.2273425821441781
48121021735,-1.574615295072899
48121021736,-0.5446158566393786
48121021737,-0.8118766463845323
48121021732,-0.3305054140439169
48121021734,-0.9867165762188068
48121021739,-0.9560663499007677
48121021618,-1.2448648259273989
48121021745,-1.2147526202118222
48121021744,-1.2152998172674483
48121021743,-1.0318135366975785
48121021716,-1.2414282091984414
48121021717,-1.4306885523004653
48121021721,-0.7556736230397838
48121021722,-0.6904454939810021
48121021724,-0.656773030068943
48121021742,-1.069599611912191
48121021729,-0.7714829638788402
48121021725,-0.7625900120579746
48121021726,-0.7424324728587113
48121021727,-1.2186984202689428
48121021730,-0.7549844482433355
48121021723,-0.5398470401877781
48121021741,-0.9679278583795183
48121021731,-1.1566317663186907
48121021740,-0.9040116247326491
48121021733,-0.650808969117762
48121021728,-1.094417980235904
48113020000,-0.8793775962034522
48439113716,-0.3931073072555471
48113014126,-1.0992133505143349
48113014157,-1.4175210745015947
48113014120,-1.0040310621718525
48113014119,-0.8730672007059207
48113014135,-0.7715222139077547
48113014134,-0.6182676521745513
48113014123,-0.7414266561262923
48113014121,-0.3004858297396648
48113014132,-0.05811177254295691
48113014156,-0.47759875258069606
48113014155,-0.2577561347599853
48113014128,-0.6324837576196185
48113014142,0.0822145990569701
48113014141,-0.1020565316282319
48113014002,-1.0309926646185301
48113013717,-0.5696750983520114
48113013901,-1.0371526531330995
48113013902,-1.4838041734211884
48113013728,-0.7952558478227263
48113013715,-0.5956205256505773
48113013729,-0.9687966550389263
48113013718,-0.5611016439142468
48113020700,-0.8446615992221158
48113013721,-0.7512018525585841
48113013720,-0.7171637281552007
48121021611,-0.6574965638050508
48113013719,-0.5182340420972328
48113013716,-0.949871144129131
48121021621,-0.7042526649947756
48121021622,-0.9586152526539403
48121021612,-0.7439230307315894
48121021630,-0.751193217008991
48121021650,-1.2380469428725034
48121021654,-1.460457412515605
48121021644,-0.8797053227326065
48121021652,-1.0438911516911793
48121021643,-0.8667121448909678
48121021653,-1.6376042818510654
48121021651,-1.3549528456087294
48121021639,-1.0902793142443565
48121021640,-0.9815639194276917
48121021633,-1.0695299757701875
48121021631,-1.084088228261196
48121021613,-1.3327498739748525
48121021615,-0.7502090253475769
48121021614,-1.07182848542968
48121021638,-0.22352801547935733
48121021637,-0.27501635566947036
48121021616,-0.41116634007936154
48121021634,-0.32239687160111186
48121021635,0.02434629147377233
48121021641,-0.02077658564173033
48085031711,-0.36372899148875637
48085031721,-0.16429709442178186
48085031722,0.18556589556183262
48121021632,-0.9825411992726542
48121021648,-0.8648922406002479
48121021647,-0.6586000905811045
48085031645,-0.8936287051400955
48085031647,-0.7978328639838761
48085031668,-1.0417741429616403
48085031646,-0.9862040366722212
48085031667,-0.8663074218425784
48085031649,-0.851656565873683
48085031723,0.2415199518887184
48085031724,0.09362122576410858
48085031713,0.14393359916335108
48085031715,-0.5451775697932577
48085031717,-0.22065242363896212
48085031716,-0.5272865711722017
48085031708,-0.46619076111973595
48113013621,-0.5520489861445957
48113013620,-1.0634927508236214
48113013611,-0.8601458842944935
48113013627,-0.7519570282581328
48085031706,-0.4752823821184994
48085031704,-0.48802429990593876
48121021642,-0.08237852337177566
48113013722,-0.8760559255984574
48113013725,-1.0180229589718452
48113013727,-1.1270030105735311
48113013726,-0.5372601633708719
48113013808,-0.8759268078983471
48113013807,-0.9969458753726158
48113013805,-1.5029375801223273
48113013806,-1.1754990382302553
48113013626,-1.760477166033271
48113013625,-0.5949343664527819
48113013628,-1.5504087387539673
48113013624,-0.9249362391048273
48113013622,-0.5011379919443024
48113013630,0.16644770551007823
48113013629,-0.740275931183793
48113013631,-0.31117095685665175
48113013615,-1.315273385996594
48113009604,-1.2767645780603125
48113009603,-1.3350648044043896
48113013500,-1.2758362620231025
48113013400,-1.4589245034264484
48113007605,-1.2787099050090713
48113020600,-1.7105727584631436
48113007601,-1.2739704407447314
48113009500,-1.151491716925147
48113009402,-1.1984417643837186
48113009401,-1.1893657538606426
48113009802,-1.3271020986071145
48113009702,-1.3557968584031959
48113009607,-1.0897236119340525
48113009609,-1.3538433543515265
48113009608,-1.5209832153501648
48113013804,-1.364622080221485
48113009605,-2.8969225129771012
48113009611,-1.0146082046022198
48113009610,-0.6253561205554375
48113014001,-1.3830776763086763
48113014209,-1.3262584518995684
48113009900,-1.1960253497643758
48113009701,-1.3037134462875843
48113009803,-0.8592256615823849
48113009804,-0.3932256405186997
48113007205,-0.49942917175685886
48113007204,-1.1652342657630979
48113007203,-1.0510193244487247
48113014204,-0.9464462799214712
48113014701,-0.5465619384017196
48113020100,-0.9232399656965895
48113014704,-0.4783743973372674
48113000407,-0.4666745692272539
48113000409,-1.0288068068140253
48113010001,-1.5566674669816758
48113010003,-1.428309661911796
48113980100,-1.2149211651748741
48113000410,-1.169729133989662
48113007206,-0.8032165427709185
48113007302,-1.1705361936765248
48113007102,-1.4372394113570812
48113007101,-0.8748795216570604
48113007301,-1.5602373874119615
48113019501,-1.9361086644074668
48113019502,-1.8144240400415552
48113000606,-0.9351258720559806
48113000607,-0.5251778525925019
48113000608,-0.8188769237374449
48113019800,-1.2723056872163052
48113000609,-1.1210222185208818
48113000610,-0.772346523312782
48113000408,-0.18493377973088887
48113000611,-0.43327902064601836
48113000503,-0.44897850560567276
48113000405,-0.5690374143020384
48113000401,-1.2105460224463416
48113000502,-1.0591809989493721
48113000501,-0.6995642627035694
48113000605,-1.0392518948853262
48113001801,-0.3901011679988024
48113001802,-0.6544970324045547
48113001705,-0.8958194904498351
48113001902,-0.7525010972135612
48113001901,-0.7993498895271669
48113002100,-1.2622877879641698
48113003102,-0.9947700199681513
48113010002,-0.7125097905218605
48113010102,-0.9593405642666849
48113010101,-1.4050773760028505
48113020500,-1.1024638273772236
48113004300,-1.1274566367256782
48113004202,-1.151452761311372
48113004400,-1.2230247614793912
48113005200,-1.8034180409688438
48113004500,-1.56788837989174
48113005300,-2.0265820413402005
48113005100,-1.283508853250431
48113004600,-1.1500263861115902
48113005000,-1.2069545639453494
48113004800,-0.7816094969572249
48113004700,-1.2462991572568536
48113004201,-1.2541610809209045
48113002001,-0.8337389983415443
48113002002,-0.9199147509537542
48113021000,-0.8793706706944869
48113005500,-1.3786577617085858
48113005400,-1.4028256661369973
48113005600,-1.82721675774472
48113005700,-1.7422974897791361
48113005901,-1.8540210975865925
48113011202,-0.8675103876310644
48113005902,-1.0184765592986593
48113011002,-1.025382281380915
48113011103,-0.953390539875449
48113011003,-1.1469477076074444
48113011004,-0.810299885849322
48113006100,-0.9841722863931444
48113006301,-1.5301109637770705
48113006002,-1.2111972164327303
48113006001,-1.0748605516860636
48113006200,-1.205356143479503
48113006302,-1.6612214533000298
48113006401,-1.2731556963578379
48113006502,-1.5421346980590636
48113006402,-1.7221630220106927
48113006501,-0.9404101126315481
48113010805,-0.6050171344292016
48113010809,-0.657968184078761
48113010804,-1.0582798033840868
48113010806,-1.1664646344242298
48113010904,-0.9733920676495974
48113010903,-0.8282494640308097
48113010807,-1.0831959747501294
48113016534,-1.002883107145564
48113016536,-0.9037828818599434
48113016535,-1.0786038441481054
48113016533,-0.658281182936364
48113010808,-0.3017970007008444
48113010701,-1.098475165839925
48113010704,-0.6382048259292168
48113006701,-0.8739716548850345
48113019900,-1.1339505960964535
48113006702,-1.0835747425355557
48113006800,-1.0183464461101588
48113006900,-0.8117895926583535
48113010500,-1.3939097773560458
48113010601,-1.1962284110474026
48113010602,-0.8075629696849258
48113015101,-0.6145397994509724
48113015002,-0.5961336683014379
48113015208,-0.7365833319381913
48113015207,-0.8882849716175023
48113015306,-0.6362969021792774
48113015304,-0.8367841680447039
48113015700,-0.9324422268553347
48113015600,-0.8768489442759309
48113021200,-0.5136676331096726
48113016521,-0.6690428851454704
48113016409,-0.652094266160929
48113016421,-0.4703724921065948
48113016407,-0.6438480817442371
48113016301,-0.8176994191739515
48113015900,-0.46191585801458823
48113016302,-0.5386335993350229
48113016201,-0.5417308005231783
48113016100,-0.9702133343875967
48113016406,-1.15675905445396
48113016203,-0.154969955109924
48113016204,-0.6576618148397521
48113016419,-0.9579627799320926
48113016420,-0.6721849172592386
48113016414,-0.9788869734702097
48113016418,-0.7816409515595926
48439111536,-0.41509670115870084
48439111572,-0.8519562825736827
48439111538,-0.8038700730110336
48439111571,-0.5476003025578592
48439121908,-0.18958100995234362
48439113007,-0.5979655117045812
48439113006,-0.5088847046599791
48439121907,-0.13581225001025024
48439121904,-0.49267878019776284
48439113005,-0.9294577212191575
48113016001,-1.126838748947546
48113016002,-0.6490876445290419
48113015500,-1.020745286515309
48113015403,-0.4024999214760302
48113015404,-0.9827301137634449
48113015406,-0.3444106938103374
48113015405,-0.5536393515520295
48439113003,-0.9285692589350306
48439113004,-0.64438335786621
48439113116,-0.21993295045802358
48439113122,-0.7886676149550366
48439113121,-0.7040667307031467
48439106518,-1.0797118313760161
48113014147,-0.7638975112808631
48113014161,-1.3992038419299595
48113014140,-0.5496647904168563
48113014139,-0.28884168479743055
48113014154,-0.9085010510441902
48113014153,-0.7360338540353748
48113014148,-0.5656961589107056
48113014407,-0.23476688361069778
48113014408,-0.28375599624486203
48113014410,-0.4110525645406893
48113014409,-0.33525834296578183
48113015303,-0.78994676179805
48113015305,-0.6106047544107973
48113014405,-0.6605614809837923
48113014406,-0.6941474444020332
48113014501,-0.8342153185086809
48113015202,-0.8773416520579743
48113015205,-0.7901176130924946
48113015206,-0.6603738760883479
48113015102,-0.665942303886047
48113015001,-0.6735273717286403
48113014903,-0.994320428507258
48113014603,-0.3518756440125736
48113014602,-0.4444819387976201
48113014502,-0.8255097778004575
48113014308,-0.7859654792090838
48113014601,-0.8073519224318589
48113014203,-0.6724470359921374
48113014205,-1.059883313712954
48113014317,-0.7697654165414831
48113014318,-0.9322933621519491
48113014310,-1.068663449064771
48113014316,-1.0787634212993442
48113014315,-0.8296659527601299
48113014306,-1.0686004373160582
48113014309,-0.9915741218461862
48113014146,0.13773894899964303
48113014145,-0.2021810634791905
48113014160,-1.1604874872577873
48113014319,-0.10651383059337673
48113014320,-0.06590435344379988
48113014158,-1.2804580160625998
48113014314,-0.9666716176243435
48113014313,-1.24822657291276
48113014208,-1.16182048361836
48113014207,-1.2603356980095286
48113014144,-1.6684664552575408
48113014138,-1.1872236263715534
48113014152,-0.43368814553141566
48113014143,-1.3543165153526062
48113014130,-0.39254302938440894
48113014149,-0.12364189943856407
48113014124,-0.8881526437129537
48113014150,-0.7104723678077058
48113014151,-1.0723616771263587
48113014159,-1.3238891625710636
48113980000,-1.2850155142552058
48439113709,-0.7076718582977393
48439980000,-0.7158165796310697
48439113520,-0.45514390282576267
48439113519,-0.707366900968631
48439113633,-0.9618784117492736
48439113622,-0.8134013181016881
48439113632,-0.97732963491319
48439113635,-1.4832795225610504
48439113636,-1.3908168228514661
48439113958,-0.8621474927855934
48439113634,-0.9916659275628841
48439113640,-0.9136715623596077
48439113814,-1.0201847855854127
48439113210,-0.6277138842013057
48439113218,-0.7404890134423028
48439113611,-0.7512900511512469
48439113639,-0.8748279976945517
48439113625,-0.5674309586481829
48439113626,-0.7916897609478726
48439113630,-0.45320758552860974
48439113618,-0.8645936686234086
48439113629,-0.6738927474580968
48439113607,-0.5216665778255343
48439113612,-0.8127957584212329
48439113222,-0.26436111845020727
48439113403,-0.7343431753061356
48439113613,-1.129080309780087
48439113404,-0.6324580310306553
48439113408,-0.8032496869646162
48439113410,-0.7869487742745256
48439113409,-0.8549831235545006
48439106525,-1.1988922721892672
48439113407,-0.4342105869536189
48439113619,-0.22369308086292528
48439106524,-1.2426547419111613
48439113512,-0.744116788594023
48439113511,-0.8455258108617046
48439113637,-0.6839734741373427
48439113624,-0.8089217278916554
48439113623,-0.6861180969364955
48439113638,-0.4554956057785092
48439113628,-0.9320810103432384
48439113514,-0.8199559038507771
48439113509,-0.8061301856979632
48439113516,-0.8244895441448631
48439113517,-0.21311827008990847
48439113522,-0.04651210430213353
48439113521,0.2489676398673029
48439113510,-0.899755795516896
48439113513,-0.7583915912143818
48439106523,-0.534980967942211
48439113120,-1.8209285150446448
48439113119,-0.840259582218899
48439113115,-0.24492323545658484
48439113109,-0.5301835404228531
48439113104,-0.31220440499795754
48439113110,-0.1539990107830405
48439113102,-0.7712567119629903
48439113107,-0.812393324142353
48439113117,0.13789827868580481
48439113112,-0.2956134594260128
48439113118,-0.267035539335646
48439121704,-0.7680828921758249
48439121703,-0.6910421492224855
48439121605,-0.5995240123054183
48439122300,-0.8344901496307616
48439122200,-0.8231036282008238
48439121702,-0.9406347207427455
48439122100,-1.1216584372412386
48439122002,-0.9892463775298106
48439122001,-1.0863665205303776
48439121906,-0.17466047217513864
48439122901,-1.225420624076925
48439122902,-0.9956859203461887
48439121905,-0.048037288652469916
48439111556,-0.717607339929531
48439111557,-0.9268482539640779
48439111570,-0.6062153604790684
48439111569,-1.0985570805276557
48439111522,-1.1913246141709155
48439111558,-0.6618304019500214
48439111525,-0.85187004257018
48439111516,-0.6621652204569308
48439111559,-0.6824974316269825
48439111526,-0.857408916946559
48439122702,-0.9821200780388977
48439122701,-0.7148701109539359
48439122802,-0.6545051768131259
48439122801,-0.7252265298936557
48439122401,-0.7395414482152365
48439122402,-0.5696169199695984
48439122500,-1.0070059727858363
48439111505,-0.7365422787384953
48439111506,-1.036544662438556
48439122600,-1.2323244986360333
48439111552,-0.7337581390638184
48439111553,-0.706063076054348
48439111530,-1.0477507904948067
48439111545,-0.6591539055403212
48439111529,-0.7210541432842015
48439111546,-0.8638891999297529
48439111531,-1.1628439976841574
48439121610,-0.8282711821820287
48439121608,-1.0699083062078534
48439121606,-1.3437836977979014
48439106513,-0.7316856005870594
48439106512,-0.49186066123589517
48439106514,-0.6137081702391113
48439121612,-0.5724799581115629
48439121614,-0.7488931048458409
48439121613,-0.8041758432956498
48439121615,-0.6334124524559902
48439113108,-0.9902881224752693
48439106509,-0.8243716546839781
48439106521,-1.1119393259951982
48439106526,-1.245474928128441
48439106522,-0.5646349517007275
48439106515,-0.45587541566257894
48439110301,-0.8110383281543418
48439101201,-0.7999861166920301
48439101401,-0.862585035053293
48439106507,-0.5338236314278932
48439101402,-1.2241685439309382
48439101403,-1.094306839612261
48439106502,-0.6879359559699043
48439106520,-0.007261119968761784
48439106519,-0.2187211574078053
48439106503,-0.6979831429211233
48439101301,-1.087267120978323
48439101302,-1.0679652413412186
48439103602,-1.006568257260352
48439121609,-1.0452981508413168
48439121611,-1.2278097474247798
48439106400,-1.0544076145221841
48439106101,-1.1430543941858426
48439106102,-0.8788468462537986
48439111103,-0.7525319056784012
48439106201,-1.0607394167116357
48439106300,-0.7344006720296371
48439106202,-0.8993172517958822
48439103601,-0.8848022874866296
48439103702,-1.299747038944854
48439103701,-2.049393255213806
48439104604,-1.3917498893974027
48439104601,-2.036008137097302
48439104602,-1.723736929990016
48439104603,-2.0508121369001793
48439111104,-1.3207296138222793
48439105902,-0.8722599209958585
48439104605,-1.1329332588082313
48439104504,-0.9828910426091223
48439105901,-0.5975717639822735
48439104702,-0.8252905939208806
48439104503,-1.0260558973594778
48439104502,-1.024853325217185
48439104505,-0.8978745478284134
48439103800,-0.8043566039159169
48439123500,-1.2961315352139398
48439123600,-1.2451166832626908
48439123302,-0.9166973143466779
48439101700,-0.393370486679437
48439123100,-1.0407437266546073
48439103500,-1.7117089847868505
48439101500,-1.300627725710613
48439101202,-1.041131525103725
48439110302,-0.8281056770038855
48439100101,-0.9759302962476392
48439100102,-0.4085179853544728
48439123200,-0.5904495049951095
48439100202,-1.2764511374864334
48439100201,-1.3949181399954727
48439105009,-1.5169806338289598
48439105008,-0.6163240704163262
48439105007,-0.77667540954466
48439110205,-1.6143837271162764
48439110206,-1.5731028434334806
48439110103,-0.9531850629908107
48439110204,-1.7393613727914765
48439104900,-1.0921556289100873
48439110202,-0.9342297299151676
48439110102,-0.7392615481507436
48439110104,-0.46142527448315596
48439113206,-0.6905918977340271
48439113302,-0.7745387734521202
48439113301,-0.9824552005315335
48439113217,-0.744138680649404
48439113213,-0.6184410003708644
48439113223,-0.4072455989803874
48439113221,-0.5819399401313441
48439113216,-0.8911175354901526
48439113810,-0.863588616305642
48439113212,-0.6751563645721095
48439113811,-0.8361243106371412
48439113920,-1.0280074555794094
48439113803,-0.767908239178463
48439113808,-0.7637996191852522
48439113809,-0.8072637802716081
48439113214,-0.7600438394717166
48439113215,-0.6255379457324629
48439113207,-0.6567801196793456
48439113813,-1.0961471310190973
48439113815,-0.6900616127060787
48439113816,-0.7156288077623338
48439113812,-1.2157864067708148
48439113948,-0.8538249871056148
48439113950,-1.2454916585149638
48439113949,-1.1032628681371426
48439113935,-0.5542310912012656
48439113934,-0.9324093694096364
48439113936,-0.9315922982721065
48439113938,-0.8704494141030314
48439113946,-0.6662606239895706
48439113947,-0.9294305608268909
48439113919,-1.309255782076261
48439113917,-1.4624022409587658
48439113918,-1.7360603349878492
48439113916,-1.2065070049804274
48439113925,-1.0728222830640204
48439113924,-1.1970911693929402
48439113923,-1.2480444736853484
48439113930,-1.3993663398573966
48439113931,-1.6667649642890852
48439113937,-2.113330457569484
48439113933,-2.1285006566415228
48439113932,-1.4313587317088143
48439113944,-0.9068573443831037
48439113939,-0.9391603666258561
48439113940,-1.0367505208073837
48439113942,-1.2278832735045846
48439113941,-1.0826715216239953
48121020312,-1.45637818782006
48121020322,-1.149989468937888
48121020311,-1.2153650972180123
48439113953,-0.7585886777928472
48439113943,-1.2544090331356548
48439113945,-0.9131300510128967
48439113952,-0.7596824540208025
48439113951,-0.9743202131775803
48439113912,-0.8145814209931819
48439113908,-0.620657508510461
48439113954,-0.8597047298368565
48439113906,-0.910701663660934
48439113955,-0.6403910565739737
48439113957,-0.863273714636368
48439113956,-1.1220642238085738
48439113713,-0.8823827180408563
48439113712,-0.970673693117639
48439113711,-0.5930731014815542
48439113710,-0.6836641932867686
48439113714,-0.43749765270809615
48439113715,-0.5949323659276288
48439113707,-0.7165782854230504
48121021750,-0.6704383595727155
48121021757,-0.3995531038150089
48121021756,-0.7664684673794034
48121021752,-0.5883579681364671
48121021751,-0.5795531210914299
48121021748,-0.8465692260425894
48121021759,-1.0172417944171483
48121021746,-0.9795301257360047
48121021749,-0.6564414983146232
48121020305,-0.7060517497698784
48121020321,-0.821966720527376
48121020315,-0.786089630945659
48121021758,-1.2068226703859568
48121021719,-0.8022252291639683
48121021512,-0.8610913831503939
48121021755,-0.8494995253393826
48121021754,-0.926385887480414
48121021423,-0.4909745584790241
48121021422,-0.9935189696096296
48121021420,-0.772528152996194
48121021418,-1.1260971158735933
48121021417,-0.7308084207974852
48121021416,-0.9165611504882727
48121021305,-0.9296115937189458
48121021306,-1.1145932981730287
48121021307,-0.8604032102375471
48121021304,-0.9931829225117823
48121020316,-0.8719020093730374
48121020318,-1.232373629993464
48121020310,-0.9294496226829938
48121020317,-1.854359626228029
48121020314,-1.8454023163404516
48121020319,-1.8561989363216291
48121020313,-1.0465027775457032
48497150606,-0.5703471638284823
48121020320,-1.6390183850579483
48439114113,-0.6189334345390356
48439114111,-1.5486966085331915
48439114112,-0.6588275714007168
48439114105,-0.7948898492703749
48497150603,-0.6600614504210919
48439114203,-0.6716995835584575
48367140413,-0.3571864217887744
48497150605,-0.17490690862132147
48497150607,-0.3946093660389962
48497150103,-0.4999602685048403
48497150104,-0.3367078590944711
48497150403,-0.05379579953035085
48497150402,0.023080400766710925
48367140410,-0.380753547767114
48367140403,-0.5103343920021992
48497150604,-0.09391082998609154
48367140409,-0.4604109498425786
48367140408,-0.38532869580642926
48367140416,-0.4105228193365135
48367140415,-0.42083681900031594
48367140411,-0.3681628325642373
48367140504,-0.3646355114507807
48367140503,-0.4146117653069751
48367140101,-0.7092628472183706
48367140202,-0.7024556191720234
48367140201,-1.0025938594461998
48367140102,-0.8069350810066531
48367140300,-0.8725890131259872
48367140708,-0.5535938268098028
48367140711,-0.7245831122060056
48367140712,-0.5729221748195972
48367140714,-0.6098803790631429
48367140707,-0.8067197405199272
48367140709,-0.5464032679117695
48367140713,-1.0944755658711385
48439110907,-0.8036791471679539
48439105206,-0.37989558621966724
48439105204,-0.1469689112844388
48439110807,-0.9562734492536824
48439110806,-1.0930592368810639
48439105207,-0.1570048496212548
48439110703,-0.5960143775331177
48439110805,-1.3410632980360246
48439114207,-0.6554490312983247
48367140414,-0.4446350323611006
48367140412,-0.4289443669605094
48439114205,-0.9266639479410965
48439114204,-0.8396572701342917
48439114206,-0.526634756256861
48439100601,-0.7979483736919704
48439110401,-1.054651594018593
48439106600,-0.8053755676662558
48439114011,-0.9136715992347071
48439114010,-0.927266856165045
48439114009,-1.4176399174913477
48439106700,-0.8886767049618818
48439114107,-0.7737743421254659
48439114108,-1.037345025743991
48439114106,-1.7584966673386522
48439114012,-1.5539360974344818
48439114014,-0.7647591817819811
48439114015,-0.3450179498671193
48439114110,-2.0628773854583264
48439114109,-1.562218373138094
48439114003,-0.8238991680513672
48439114006,-1.0734490414175863
48439114013,-0.7205243113457394
48439100505,-1.1705316936727177
48439110402,-1.4119690177270388
48439100506,-1.962011004987034
48439100300,-1.598087271338741
48439100401,-0.98784475326423
48439100402,-1.3238675419867612
48439100800,-0.8936555483545969
48439100900,-0.8198226399578831
48439123700,-1.159323159808395
48439123301,-0.9229201017507246
48439102000,-0.6468178926208983
48439102102,-0.4423088797936775
48439102101,-1.1611798200117118
48439102700,-1.514424267440098
48439102202,-1.6479547398197196
48439102201,-0.8301937957573275
48439110500,-1.0252586817836031
48439100700,-0.93301832520066
48439100503,-1.7004678537933842
48439100504,-1.602901041081393
48439100602,-0.7910744255467075
48439110705,-0.9793980755261574
48439110704,-0.7406614489179508
48439110706,-0.8892074527911129
48439123001,-0.6779656465430891
48439110600,-0.5163599377974457
48439123002,-0.8858887966457398
48439102401,-1.31126944922136
48439105405,-0.8313309430252096
48439105407,-0.24257912993002925
48439102402,-0.8248927398412801
48439102301,-1.4204516221223802
48439105201,-0.756424699601792
48439105203,-0.7613189129008786
48439110901,-0.8651615447860217
48439102302,-1.9000487526196232
48439110905,-0.9727317292601296
48439105519,-0.5053804737659371
48439105408,-0.44470729467412284
48439110903,-0.3785252345902871
48439105513,-0.3170788946629521
48439105514,-0.6067368880965159
48439105505,-0.9996289659949232
48439105404,-0.9955911786823182
48439104202,-1.0832574138969377
48439102500,-1.7999802733861032
48439102601,-1.9048004213974554
48439102602,-1.6051016455037774
48439105403,-1.0826837668295717
48439104301,-1.6057312527970815
48439104203,-0.7572972372557503
48439104204,-1.1157399875008198
48439104302,-0.9205239577599975
48439104100,-1.3704358932580079
48439104400,-1.4811472230235923
48439104701,-1.9403984288827927
48439104803,-1.5597238235821207
48439104804,-1.0960888379066474
48439105600,-1.3435320607517705
48439104802,-0.9673316265718026
48439105800,-1.1208123971116728
48439111003,-0.9746015140631116
48439105701,-0.9580198393800905
48439105703,-0.98568762451652
48439105706,-0.09633967588543232
48439105705,-1.1155719229102976
48439106006,-0.8398432557695994
48439111020,-0.7859479905216586
48439111019,-1.0829219337995066
48439111026,-0.9795342040320744
48439111025,-0.8924391261467474
48439111024,-0.6756026629024517
48439111023,-0.8277311525035719
48439111033,-2.0560144074248217
48439111032,-0.7824248300844876
48439105516,-1.0141427949571014
48439105515,-0.9682402216898576
48439105511,-0.9891984476151372
48439105512,-0.8549134629387574
48439105502,-1.1491050292673992
48439105503,-0.9301087042462683
48439105518,-0.9303259565218237
48439105517,-0.6346650402691659
48439105520,-1.1887805189168141
48439111031,-2.0250607483128675
48439111018,-1.8180226642961987
48439111022,-0.9339219298405026
48439111021,-1.3782588992127582
48439111027,-1.1009381602208992
48439111028,-0.9332869685018919
48439111029,-0.8125023482330075
48439111015,-0.8220194461155217
48251130216,-0.64670861957451
48251130217,-0.6251118122576742
48251130205,-0.6725745136700433
48251130218,-0.7315846384512089
48251130215,-0.8036408613281785
48251130214,-0.6759982568950339
48251130210,-0.6446112400451457
48251130213,-0.9427291086828758
48251130212,-0.5302826675992027
48251130100,-0.6301510784428536
48439111010,-1.2675613326666189
48439110906,-1.1435734629638628
48439110809,-0.7001313626714089
48439110808,-0.9368796477667118
48367140710,-0.45766057829086015
48367140604,-0.4167457437419766
48221160218,-0.526632766549732
48221160216,-0.5193185221825467
48221160215,-0.5366841165985374
48221160100,-0.5356025236691955
48221160206,-0.5004976067041093
48221160211,-0.5766369275615895
48221160214,-0.423193126087932
48221160213,-0.528828335564925
48221160204,-0.4588129295588069
48221160217,-0.48703114615693954
48221160210,-0.413517971904848
48221160212,-0.4825842583205795
48221160303,-0.22766294760737354
48425000200,-0.6831119223269487
48425000101,0.1921210448994527
48425000102,0.17024916955085156
48251130604,-0.5082973341441779
48251130602,-0.46657761867832503
48251130302,-1.0045092219246277
48251130700,-1.0180202378694938
48251131100,-1.0607916659648418
48251130800,-1.1223752843169907
48251130304,-0.7579502699596298
48251130900,-0.9674658868226069
48251131000,-0.8340884440316947
48251130603,-0.6642554434408665
48251130502,-0.7945772332698131
48217960100,-0.675757765216502
48251130413,-0.5763272049261714
48251130417,-0.9853119096435585
48251130414,-0.6412690530318954
48251130501,-0.9055035868829345
48251130303,-0.6877314790820859
48251130415,-0.7063818823659801
48251130416,-0.531380490585453
48251130406,-0.6089334285020689
48251130405,-0.49035421346190156
48251130219,-0.5276131697949094
48251130211,-0.6646393845891903
48251130220,-0.8266254534212968
48251130222,-0.9735323801626969
48251130221,-0.599028171798359
48439111030,-0.6179570839402267
48439111204,-0.587335769348115
48439111203,-0.8498917440953703
48439106005,-0.8834874689608225
48439106002,-0.935298017904816
48439106004,-1.139436776818931
48439111202,-1.227063210576741
48439111102,-0.8557295614429112
48439111405,-0.5773435734469123
48439111410,-0.3601756465305911
48439111411,-0.7696460132059251
48439111317,-0.5440729239497396
48439111306,-0.6985456938515386
48439111307,-0.8392610050875978
48439111318,-0.6503678012115364
48439111408,-0.7927604149472126
48439111532,-0.8504403172028847
48439111534,-0.846364203002251
48439111402,-1.0073988014250483
48439111409,-0.8506462865672008
48439111533,-1.0067418401233623
48439111407,-0.8722551005386924
48439111406,-1.1343670491479299
48439111551,-0.9171858209747216
48439111568,-0.8102185664900867
48439111567,-0.9360293237151346
48439111544,-0.7337312847991144
48439111543,-0.772055388235904
48439111541,-0.8020805463678652
48439111540,-0.7592648954958816
48439111542,-0.7769262616825581
48439111560,-0.717954768134512
48439111514,-1.167870168605053
48439111513,-0.859958222852735
48439111561,-0.9038730361874286
48439111562,-1.04856265195256
48439111316,-0.8518849909293952
48439111319,-0.9433854726925679
48439111315,-1.1380872036609762
48439111311,-0.9484081576495191
48439111304,-1.0875968308129997
48439111308,-0.7639859225317451
48439111312,-0.9203263835557536
48439111309,-0.8035120914580228
48251130418,-1.0040237419102276
48439111314,-0.6923759182680228
48251130412,-0.7061229276646157
48251130419,-0.888050761293159
48251130411,-0.48155954531062034
48139060802,-1.1614450082181602
48139060801,-0.9479173263629158
48139060702,-1.0287226963343734
48139060220,-0.5946428431932435
48139060704,-0.9383647831814056
48139060803,-1.259217975178742
48113016525,-0.6210624405708534
48439111320,-0.5982891571727931
48439111565,-1.1137765385517502
48439111564,-0.9854335089264195
48439111566,-1.0678778297409401
48439111563,-0.7241953148972693
48439111554,-0.6181607041628623
48439111555,-0.6412961037700633
48113016417,-0.7368065227235474
48113016410,-0.7885037438040537
48113016415,-0.667292599285717
48113016416,-0.6358064272206293
48113016522,-0.990007507154626
48113016412,-0.760291679630152
48113016527,-0.7753075027008752
48113016526,-0.7984706938839425
48113016528,-0.547127976468036
48113016519,-0.8580180474146369
48113016511,-0.6670518965179911
48113016529,-0.746428256146816
48113016530,-0.8952943082534011
48113016629,-1.1660541106342204
48113016626,-1.0330485707185502
48113016615,-0.8171683225765496
48113016524,-0.7474516889251871
48113016616,-0.6198217835647026
48139060216,-0.7385978561373687
48113016623,-1.1089007315465254
48113016632,-0.9077630386900425
48113016633,-1.0000987283763232
48113016631,-0.786188101777518
48113016624,-0.38898854991818616
48113016630,-0.5989392720653138
48113016636,-0.9008517512385799
48113016532,-0.8379170697510971
48113016513,-0.9834497342043461
48113016531,-0.9326912486978041
48113016518,-1.0548133985344985
48113016516,-1.1136199278217556
48113016517,-0.9358972531190962
48113016607,-0.6797430969530353
48113010905,-0.23093865540191547
48113016635,-0.6882324552796042
48113016638,-1.0521175255334634
48113016637,-0.89259074647028
48113016617,-0.8940519084201073
48113016618,-0.9950302482181032
48113016619,-0.9696555704659453
48113016610,-0.710619401866378
48113016634,-0.8208710064172918
48113010906,-1.0696436309295627
48113011101,-1.311043208998365
48113011104,-1.2595022353139387
48113011105,-0.6188517996584485
48113011201,-0.7231319632933727
48113016805,-0.7191051611310613
48113016627,-0.8645876071185481
48113016620,-0.8126077941970841
48113016621,-0.7540054191340528
48113016628,-0.7635357203127856
48113016622,-0.526492463510985
48139060206,-0.5506221504394124
48139060219,-0.2643733587288962
48139060209,-1.014104099356701
48139060215,-0.7430589135649326
48139060221,-0.8300715449986074
48139060211,-0.9388430806472713
48139060602,-0.8909385818087139
48139060601,-0.9008562199091759
48139060212,-0.8117579958951824
48139060300,-0.7690694252352925
48139060500,-1.023148422601439
48139060400,-0.9350079724657692
48139061100,-1.0565160146886454
48139060900,-0.7767569751055792
48139061000,-0.7269543279831207
48139061200,-0.9722271922249969
48349970301,-0.4088304962189371
48139061500,-1.30884921226013
48139061401,-0.8115352285616007
48139061600,-1.0229075632978422
48139061402,-0.7637692172011157
48139061300,-0.9352170662103625
48139060217,-0.887368556138409
48139060106,-1.0972393837954608
48139060103,-0.602390540403539
48139060218,-0.6691807227379053
48139060207,-0.6089079316298929
48113016803,-0.8040192840991549
48113016802,-0.5866709004560507
48113016806,-0.7963854326163508
48113016707,-0.5455220474369081
48113016706,-0.7450197658854358
48113016704,-0.7700090087123703
48113016709,-1.0432703497327103
48113016708,-0.6735594020871226
48113011300,-1.2314224590220442
48113016711,-1.1545160021215606
48113016710,-0.8813372832710887
48113016902,-0.5776216104538114
48113016903,-0.5288792472276204
48113017102,-0.47049923315365183
48113017006,-0.5661929204453724
48113017005,-0.4108569957507812
48139060104,-0.517369528294538
48139060105,-0.6114278964036765
48257050801,-0.7593266737301513
48257050802,-0.7780720875121937
48257050701,-0.5616127834983804
48257051000,-0.8419229490196708
48257051100,-0.9674861555314522
48257051202,-0.7817815012948068
48257051302,-0.9500555090342938
48213950700,-0.0875286958942188
48139061700,-0.8025311764959908
48349970100,-0.46020787164370297
48349970200,-0.3643380530650981
48213950802,-0.1909429074509963
48213950604,-0.38054692035525384
48213950603,-0.2837454292380209
48213950801,-0.23578351422074906
48213950905,-0.21678333902247365
48213950601,-0.20366522083174757
48213950500,-0.2385570459593813
48213951102,-0.15436463962068844
48213950904,-0.377010587102273
48213950903,-0.1585513582641761
48213951000,-0.11196554888909889
48213951202,-0.40959577807828856
48213951201,-0.3094399788407098
48213950400,-0.18773473916246625
48213951300,-0.5168455670650614
48213950303,-0.14902360674602264
48213950301,-0.1995832347582452
48467951001,-0.4648253038170426
48467950601,-0.6121301836416333
48467950700,-0.5677087128436511
48467950602,-0.6132813189542913
48467951002,-0.606816947411619
48257051201,-0.6451407999494092
48257051301,-0.7246544950120944
48257050703,-0.35292509888758883
48257050704,-0.22309970222668
48257050602,-0.7613664390599839
48257050401,-0.9615255339884395
48257050601,-0.8642048688668023
48231961501,-0.9549320868207085
48231961600,-0.7199865653633333
48231961700,-0.4647868703221236
48467950500,-0.6019154391577435
48467950400,-0.4885208561294519
48467950300,-0.4412856603134067
48379950102,-0.1536539389963063
48379950101,-0.056572338474301764
48379950200,-0.048025449568467535
48223950200,-0.41935118661662696
48231960700,-0.6201265715133185
48231961000,-1.52746760267526
48231961200,-1.0527819450700295
48231961102,-0.7177004530494675
48231961503,-0.7608704833433355
48231961101,-1.0622534551301381
48231961300,-1.0662422030439462
48231961502,-1.0222533024402851
48231961401,-0.6215916556082994
48231961402,-0.5738961052948508
48231960900,-1.1883581986787772
48231960800,-1.1400473658522703
48085031102,-0.5193803784840167
48085031101,-0.5947117915951122
48085031006,-0.623926697907349
48085031008,-0.6534613230962049
48085031308,-0.545971270821589
48085031320,-0.642941461328494
48085031321,-0.5403084254638586
48397040103,-0.4459163674327694
48397040104,-0.38100823835734865
48113018144,-0.7097510703688574
48397040101,-0.6789601054897242
48397040201,-0.9470759465259087
48397040202,-0.8533129636253338
48397040203,-0.4213901659203117
48397040407,-0.8452774603446589
48397040404,-1.0525358761054742
48397040406,-0.6767043739320022
48397040410,-0.9039894900708239
48397040405,-0.6915025121877787
48397040403,-0.5073828088034846
48085031202,-0.6996460823070866
48085031201,-0.6424368376027799
48397040411,-0.6559072295854214
48397040412,-0.6765564330160888
48397040409,-0.9068192512053621
48397040408,-1.321425692314635
48397040513,-0.7505303666008823
48397040514,-0.5585222706707484
48397040509,-0.5145323544646827
48257050402,-0.9562444407375824
48257050300,-0.745216422918213
48257050500,-0.8863688939013694
48257050204,-1.022568349209503
48257050210,-1.0050361722244916
48257050209,-0.8612206151330186
48257050213,-0.8822744497831873
48257050212,-0.7403585535821229
48257050211,-1.0437663832450488
48257050215,-0.8240386665458866
48257050214,-0.6638670556194114
48257050208,-0.6582713470247572
48397040511,-0.7317097981125056
48257050207,-0.5975895680475259
48397040508,-0.7645928212953401
48397040503,-0.9768489422422568
48397040512,-1.0624161016423488
48397040305,-1.3119118608692628
48397040304,-0.8677873908396652
48397040303,-0.8257399473088691
48397040507,-0.8240728370290635
48397040510,-0.6527332020631227
48397040301,-0.9618444624361742
48113018149,-0.9382382865716205
48113018150,-0.8829475717628036
48113018140,-1.199885759897978
48113018134,-1.0939691288652846
48113018135,-0.862905976495504
48113018145,-0.843275754924438
48113018147,-0.5447448920268502
48113018146,-0.6217002010882324
48113018133,-1.3564770938706154
48113018156,-0.8742407165477497
48113018121,-0.7859681161616376
48113018203,-0.9026974148611162
48113018204,-0.6878217863841538
48113018105,-1.206419310630955
48113018801,-1.4999069100963702
48113018802,-1.0976678639887307
48113018900,-0.9227637045387308
48113018600,-1.109809516376463
48113018700,-0.7403467557244189
48113018300,-1.0885809581306336
48113018401,-1.1537329501237252
48113018402,-1.0687011394212633
48113018111,-0.8626306210678677
48113018206,-1.0003656264957963
48113018205,-0.6135701580305222
48113018110,-0.7275177422516146
48113018148,-0.5705412991422357
48113018128,-0.6356782836334801
48113017808,-1.0160153831516523
48113018129,-0.8456614278555876
48113018130,-0.9963960957702128
48113018126,-1.052001770484748
48113018127,-0.7286263210697729
48113018403,-0.6379326308702838
48113012601,-0.9249209261515684
48113012604,-0.790687406547606
48113012603,-0.6627350221948645
48113018001,-1.344750588426996
48113017819,-0.3779000996639659
48113018002,-0.8826952737182124
48113012501,-1.2990676221357502
48113017900,-1.2932023210400097
48113017806,-0.6469527921758818
48113017820,-0.8486128897464259
48113017815,-1.475223086715248
48113017818,-0.5802089624635227
48113017817,-0.6541059734652054
48113017812,-0.8849213917343972
48113017811,-0.9254633513561233
48113017814,-0.6776045366412353
48113018138,-0.6538620368365635
48113018132,-0.6625314850190717
48113018137,-0.5483717192430446
48113018141,-0.47781595760372053
48113018142,-0.7742178865223714
48113018159,-0.9299840972004674
48113018158,-0.9033256614853744
48113017706,-0.7990370996342931
48113017312,-0.6281643740109875
48113017311,-0.6443802438812879
48113017400,-0.928233616655201
48113017308,-1.007250701512786
48113017310,-1.1095049126415306
48113017307,-0.7379127785912819
48113017309,-0.6264924858816701
48113017313,-1.0901049447816111
48113017008,-0.8649447499289763
48113017007,-0.8402234543241409
48113017009,-0.5691857743520555
48113017010,-0.4611778103419216
48113017315,-0.8867881017317851
48113017314,-1.3174959058800784
48113017201,-0.7938113775684356
48113017204,-0.8525536553319891
48113017101,-0.3616835374445447
48113011604,-0.64616382109614
48113011702,-0.6885412939794832
48113011801,-1.0216758649367481
48113011802,-0.7468596522723633
48113011901,-0.627756316475956
48113012000,-0.5640570886730298
48113017605,-0.6399718783000445
48113011902,-0.7073184451874667
48113017604,-0.6730785032352594
48113017203,-0.7152516596785001
48113017500,-0.7979403378394135
48113017606,-0.8049748043572653
48113017704,-1.1502434035556388
48113017705,-1.061464330414025
48113017703,-0.89531503607292
48113017816,-0.889177326179079
48113017602,-1.00775628813879
48113012101,-0.5645683095706224
48113017805,-0.8337802329368071
48113012102,-0.8016612613218917
48113009001,-0.6727069394095712
48113008500,-1.0695273189570265
48113012207,-0.9405657928287208
48113012206,-1.1404066374227837
48113008402,-1.6058797004254908
48113008401,-1.5359870998110314
48113009101,-1.0535278754923125
48113009103,-0.527220546674173
48113009105,-0.6269396824132609
48113009104,-1.173986231032869
48113009002,-0.9130967018630747
48113009204,-1.0140894217193637
48113009203,-0.7337979827515944
48113009202,-0.839794384386592
48113009301,-1.3125751572880153
48113011701,-0.7261045781637451
48113011603,-0.7905866312603819
48113011601,-0.7375021169957797
48113020200,-0.7893718605476487
48113009304,-1.1523833767393303
48113009303,-0.8597289188880654
48113008701,-0.7369540938950743
48113008705,-0.853677929078425
48113011401,-0.9728344261073316
48113008704,-0.9942728027164244
48113008802,-1.342792601523167
48113008703,-0.9305801854660867
48113008604,-1.0277030463667198
48113021100,-1.1021881489743577
48113008801,-1.4117302794260078
48113020900,-1.0081304291294952
48113011500,-0.8795436597887583
48113020800,-1.0222615770753671
48113003700,-0.9292394800240087
48113002703,-0.8988945602825151
48113002500,-0.8379257063699035
48113002400,-1.1371172095491313
48113001502,-0.9207554353097389
48113002200,-1.039666921832649
48113020300,-0.9359799961564621
48113020401,-0.5111057170351129
48113020402,-0.691829004906605
48113003103,-0.5808172949162628
48113001602,-0.8355178866517982
48113001703,-0.4271836969072914
48113000704,-0.799255861881387
48113000703,-0.6131686837021666
48113000802,-0.5898544292996584
48113000801,-0.8093508531468333
48113001601,-0.743954541262913
48113001503,-0.974066556412331
48113001504,-1.016885233874332
48113000902,-0.4748687805502356
48113001002,-0.6869633237696126
48113001001,-0.7494750521915734
48113001101,-0.9380258434942571
48113019600,-1.3485884465274427
48113000706,-0.9375924455751615
48113000901,-0.7156847628040666
48113000705,-0.693198189466909
48113019700,-1.0133222932693153
48113019400,-2.520140213661091
48113007906,-1.0063104229077204
48113019301,-1.1491067335246417
48113007912,-0.7910829815081407
48113007909,-0.7816034590300589
48113007913,-0.6300171041213187
48113007914,-0.8887015543883383
48113019302,-0.7630422423383241
48113000300,-1.3553781066685313
48113000202,-1.3399789960601656
48113000201,-1.322563766649705
48113007903,-0.94477246351029
48113007910,-0.4930868924690776
48113007915,0.011763065675160219
48113007916,-0.15255280652860767
48113007809,-1.038847100211153
48113008000,-1.1195572189994019
48113007902,-1.154706676395381
48113000100,-1.0151355470747174
48113001102,-0.8429661424299845
48113001301,-0.8418566726716602
48113001400,-1.2107613252582017
48113001302,-1.0003017174677278
48113001204,-0.788314469423024
48113001203,-0.6200327402994613
48113001202,-1.149884852582755
48113012208,-0.768985962028303
48113008102,-1.356112275504306
48113008101,-1.141689294163954
48113012209,-1.2660159641203623
48113012212,-0.809852430808622
48113012213,-0.732772448267833
48113012211,-0.5327829325569624
48113012210,-0.9386208768607702
48113012302,-0.6164044726183165
48113012301,-0.9496688420912126
48113012400,-1.2416036602780467
48113008200,-1.0321092945277512
48113012502,-1.7297355815725377
48113012702,-1.0912255038428527
48113012701,-1.0601698622748204
48113012801,-0.8219091312914092
48113012802,-1.0774919979168387
48113012900,-1.0592528207041403
48113013013,-1.4451261767646326
48113013008,-1.3974993199597219
48113007827,-2.074656280463092
48113013009,-1.3251306054439393
48113018506,-1.1965361988343144
48113013005,-1.1434742878794593
48113013012,-0.778021703013055
48113013011,-1.1154375704089825
48113013007,-0.9025675062766159
48113013010,-0.5196202210154843
48113018501,-1.0770595322043774
48113019046,-1.176839189163547
48113019013,-0.6439848739214851
48113019047,-1.4703625635202453
48113019032,-1.2079498975682141
48113019033,-0.9724450853693315
48113019044,-0.5518973975041446
48113019045,-0.9491522134492442
48113019018,-0.5732030391841699
48113019019,-0.8183746569681418
48113018505,-0.623526935543509
48113018508,-0.30214512671097843
48113007834,-0.8056720721091988
48113007835,-0.7273979221748379
48113018507,-0.6517807599713595
48113019035,-1.4518074134464871
48113019034,-0.879387591496569
48113019041,-0.8348180122320966
48113019016,-0.8206999499873621
48113007829,-1.1523206472083847
48113007828,-0.9757660758844484
48113007805,-1.2600089993213448
48113007810,-1.1287861993628732
48113007825,-1.235808436218363
48113007824,-0.9949773565607187
48113007826,-0.809916809430153
48113007821,-0.3965102872223919
48113007833,-0.286646823228881
48113007831,0.3509752585836608
48113007832,0.10955515295881973
48113007819,-0.6776946950059286
48113007830,0.26457516102644185
48113007815,-0.8842262733104672
48113007812,-0.8645044333551394
48113007823,-1.2281414792144765
48113013107,-0.2669755894965369
48113013106,-0.8815652723799527
48113013104,-0.5382108297283361
48113007822,-0.9072160895050401
48113007801,-0.6069257876331133
48113007701,-1.0534632443159564
48113007702,-1.715353142837302
48113007604,-2.453885767199187
48113013102,-1.095343328168981
48113013300,-1.292417900162982
48113013101,-1.2665927276047213
48113013202,-2.7471918053492552
48113013201,-1.417859253100354
48113013608,-1.2254160412727462
48113013606,-1.2964626612011303
48113013609,-1.8497374575198016
48113013607,-1.8081998532579746
48113013610,-2.529048253657858
48113019208,-0.5238528983512204
48113019212,-0.08108758729242743
48113019214,-0.728612131314398
48113019213,-0.2733657025477016
48113019040,-0.7795726649013162
48113019202,-0.972713458376409
48113019101,-1.146694775460663
48113019203,-1.3497000427134191
48113019215,-1.2757283022856958
48113019205,-0.9419750082159478
48113019216,-1.347734708820435
48113019211,-1.3118902185944645
48085031814,-0.6128674742338929
48085031813,-1.4614763892088742
48113980200,-0.26823428450029035
48085031812,-0.9220784723945061
48085031719,-0.6875171479076321
48085031720,-1.4374939994148175
48113013618,-1.2442443098503015
48113013605,-1.7432544182956407
48113013619,-1.0674865556926523
48113013617,-0.9152292581488713
48085031718,-0.7733715597364734
48085031709,-1.5812501082007684
48085031621,-1.402044585674508
48085031655,-1.1588498913637915
48085031654,-1.351202861409274
48085031675,-1.1649625133107897
48085031676,-1.5156510303264699
48085031625,-1.302209054604301
48085031681,-1.4600279643712737
48085031682,-0.7697417055150122
48085031613,-1.1870926400628115
48085031627,-1.405876448277226
48085031626,-1.699405010470124
48085031624,-0.7169240940040509
48085031807,-1.304753578495485
48085031811,-0.6702973115933142
48085031806,-0.4766486343438687
48085031809,-0.5908214356155459
48085031810,-0.28788309376766064
48085031904,-0.8972401480765884
48085031623,-1.425210542809758
48085031808,-1.4250878670569749
48085031622,-1.270304126486336
48085031629,-1.7448629440729382
48085031628,-1.167979622318034
48085031611,-1.5491824478708436
48085032012,-1.2888379201968865
48085032013,-1.1297429510851522
48085032008,-1.2799160741706128
48085031421,-0.9298785185773317
48085032015,-1.3732513598704097
48085032014,-0.9407406158128798
48085032003,-1.4607395443541593
48085031902,-1.2330394524229424
48085031903,-1.2690199260443802
48085031901,-1.3162559897568384
48085032018,-0.5572297286843062
48113019031,-0.8627494284775769
48113019037,-1.2788585302662652
48113019036,-1.0578807535743358
48085031816,-1.0960222667849415
48113019052,-0.9692025061533729
48085031815,-0.7892221093329967
48113019210,-0.6854260711746455
48113019053,-1.9559316655094259
48113019039,-1.2549290838226592
48113019102,-1.4410638105137625
48113019024,-1.0572507920807583
48113019023,-1.4509343830580173
48113019028,-1.1193476082166394
48113019029,-0.6274609036864249
48113019020,-0.829384078113309
48113019048,-1.4160256098918726
48113019049,-1.2021194304217666
48113019026,-1.253330436368048
48113019025,-0.7941008766743479
48113019027,-0.9616612950852415
48113019042,-1.1121296597127244
48085032019,-0.7255287700574383
48085032017,-0.5357495958240224
48113019050,-0.9305089994589932
48085031334,-0.6065804562309043
48113019051,-0.8795363857604463
48113018151,-0.9775230178933514
48113018152,-1.182553455800462
48113018120,-0.9120925669744633
48113018157,-1.414338290882582
48113018143,-1.0182938693101595
48113018155,-0.6583885963755711
48113018154,-0.60850005448185
48113018153,-0.9368098413811106
48085031336,-0.7196693799226828
48085031331,-0.6455786194582984
48085031332,-0.6650389891721595
48085031322,-0.4864427180126986
48085031319,-0.6573736293249982
48085031323,-0.44561914984616424
48085031318,-0.5192193188442438
48085031330,-0.554077896178909
48085031326,-0.6840946587512238
48085031329,-0.8451477510017165
48085031335,-0.44807907666849683
48085031333,-0.9992654241681519
48085031327,-0.6604820148656225
48085031328,-0.5780547622090362
48085032016,-0.8208938812131188
48085032010,-0.7947011559314852
48085031325,-0.8385514069986099
48085031324,-0.8786955994364577
48085031411,-0.5810792982233812
48085031425,-0.7023641725493437
48085031423,-0.4892535501306973
48085031424,-0.6417996933085697
48085031512,-0.7088855165328045
48085031508,-1.0664141363434605
48085031413,-0.8271790972537818
48085031504,-0.8573202309122858
48085031414,-0.532830940119939
48085031408,-0.46908618778140637
48085031314,-0.6670688113039874
48085031419,-0.5741750294911817
48085031420,-0.6469314600604873
48085031007,-0.7425730713819887
48085030902,-1.236634648684801
48085030802,-0.7480869635543448
48085030903,-0.7445401461441326
48085031412,-0.6499211172305469
48085030606,-0.5828137891771752
48085030801,-0.6135349642670822
48085030607,-0.8566678686572659
48085030545,-0.7079001680911315
48085030544,-0.6491414648781468
48085030549,-0.903274441711663
48085030515,-0.884270753809193
48085030534,-1.051393310658343
48085030531,-0.7761618073998745
48085030529,-0.5828748004422254
48085030517,-1.2101423324509804
48085030516,-0.9525289379067194
48085030540,-1.0529688046791537
48085030543,-1.0488608991591497
48085030542,-1.3150959329991114
48085031417,-1.057946502080511
48085030541,-0.7687119040749835
48085030550,-0.9602028757709331
48085031418,-0.8685681517739867
48085031507,-1.083384867579421
48085031511,-1.2020994076902385
48085031422,-0.7615712032891463
48085031510,-0.9866104410547147
48085031632,-0.5813289950772035
48085031635,-0.68685026248495
48085031633,-0.9813827199298151
48085031634,-0.8221262341916185
48085031630,-0.8079399910779343
48085031631,-0.5861537997828717
48085031509,-0.6412542521488541
48085031415,-0.4792901623508582
48085031416,-1.0065761486873244
48085031665,-0.37511012503594515
48085031639,-1.1369073394726226
48085031679,-0.752038509121556
48085031641,-0.6665640534798767
48085031666,-0.667889758740764
48085031642,-1.013537799812131
48085031643,-0.7008470866058287
48085031636,-1.108479379601316
48085031678,-1.0539988100026823
48085031677,-0.8377245258606936
48085031664,-1.3890225574128334
48085031674,-1.4593998091808902
48085031673,-0.6880611963074224
48085031663,-1.2361093502675202
48085031660,-1.2400611184423163
48085030506,-1.0990612244788855
48085031661,-1.4898716114386819
48085031662,-1.5248540685697236
48085031680,-1.0820353805713412
48085030507,-0.8763675902026232
48085030532,-0.8806113371672918
48085030509,-0.4422040604280359
48085030405,-0.5230530021521462
48085030404,-0.6929051179082322
48085030510,-1.0815599232003532
48085030533,-1.0352114164074042
48085030511,-0.6976772717258654
48085030512,-0.5271980115626959
48085030538,-0.5490348544260067
48085030536,-0.666417154859821
48085030521,-0.9624642154645696
48085030518,-0.8904856876954851
48085030520,-0.6305966821638118
48085030303,-0.8071354635626371
48085030302,-0.7773628815660443
48085030524,-0.3674637449977897
48085030537,-0.509321734937311
48085030539,-0.21845972561752974
48085030525,-0.645865187196044
48085030546,-0.4986512861675999
48085030547,-0.4503871356526949
48085030535,-0.705999718963068
48085030548,-0.7398495965743552
48085030301,-0.9248047986527876
48085030307,-1.0137833175185285
48085030202,-1.218629736055594
48181001803,-0.395561078379102
48085030204,-1.0864901264011957
48085030205,-0.7058294122917497
48085030207,-0.9940673095335967
48085030201,-1.003687872003869
48085030206,-0.9986227192157979
48085030701,-1.1054932937724482
48085030604,-1.5141067686160465
48085030605,-0.9063264721200986
48085030609,-0.7530541295951105
48085030608,-0.6534917011349042
48085030702,-1.2914721653378392
48085030901,-0.6979708686289962
48085031003,-0.7467576722071465
48085031005,-0.7212676731363723
48085030101,-0.5188441570825568
48085030102,-0.5212647329855657
48147950702,-0.20237488571199358
48181000102,-0.242683678621464
48181001802,-0.10437787274325377
48147950300,-0.3251694556204692
48181000101,-0.22889259615621277
48181000600,-0.27667449243356174
48181001400,-0.8552217173915428
48181000903,-0.9564255775378973
48181001200,-1.1839078357715291
48181000904,-0.8669863439240894
48181002000,-1.520256081624761
48181001300,-1.0060340571553206
48181001700,-1.2191964009632277
48181001500,-1.3074475406267827
48181001801,-0.6495685639511716
48181001901,-0.35001145293440716
48181001101,-0.3532644631415812
48181000302,-0.28836820337472224
48181000901,-0.3383230779181112
48181000800,-0.35212059723963707
48181000700,-0.3052867426993909
40013795900,-0.11586701908367811
48147950800,-0.31843226864707136
48147950100,-0.520571604380496
48147950402,-0.6691310900906446
48147950401,-0.7130508201313219
48147950600,-0.49528230005094054
48147950500,-0.4846466803511666
48147950701,-0.3903719504881407
48231960300,-0.698275112117372
48231960400,-1.1622129211900625
48231960200,-1.0175719345718577
48231960500,-0.9970716944352175
48231960600,-1.315053737316118
48231960100,-0.9355372058127838
48223950301,-0.639873014530479
48119950200,-0.89576267123184
48119950100,-0.5210119899319902
48223950100,-0.5823073942436886
48159950102,-0.24032427291572722
48277000301,-0.3688578845790749
48277000402,-0.46201845083902715
48277000500,-0.9149051450897362
48277000600,-0.7279856596082814
48277000401,-0.7316906405086595
48277001000,-0.6069830081321195
48277000800,-0.6955569897690794
48277000900,-0.5095177616533633
48277000200,-0.49484795044968244
48277000700,-0.8118320630111148
48277000102,-0.8411131936553204
48277000101,0.07391532378745622
48277000302,-0.30860716519811027
48387950700,-0.4928913360236773
48387950100,-0.27063216281376296
48387950502,-0.4751385464287661
48387950501,-0.8549296760355429
48387950600,-0.28319408962379367
48449950100,-0.18184867113074943
48449950301,-0.18464091398217047
48449950400,-0.11533639374140324
48063950101,-0.3520822247463059
48459950102,-0.5687998740855897
48459950101,-0.4391341045398389
48459950200,-0.44111938732072487
48459950400,-0.7505867022352916
48459950301,-0.5543336120858036
48459950302,-0.5657040497494544
48063950102,-0.22280963226057912
48063950200,-0.5313943055006926
48449950700,-0.640436277051907
48449950800,-0.669639638353138
48449950500,-0.680537439382308
48449950302,-0.5274130663287762
48449950600,-1.011056590684014
48449950200,-0.04364640709540386
48159950200,-0.5107226675952382
48159950101,-0.24462829254845872
48159950300,-0.1756218409547566
48499950200,-0.5083264263296452
48223950700,-0.5342569503567917
48223950600,-0.7430677369371813
48223950302,-0.7224340282065652
48223950500,-0.6643539337345861
48223950402,-0.9119092044987452
48223950401,-0.9423870940256378
48223950800,-0.49036575630506196
48499950303,-0.32774401496789707
48499950402,-0.270161327868642
48499950304,-0.20822304763359528
48467950200,-0.5370226769197842
48499950401,-0.38525405503915927
48499950700,-0.46909107866968996
48499950500,-0.3698619688172368
48499950301,-0.4126699736701071
48499950100,-0.395018644540068
48499950602,-0.3073816028948566
48499950601,-0.2368870631829801
48423001502,-0.6730674703069948
48423001701,-0.6047897103452615
48423001702,-0.6343554775569239
48423001407,-0.6804567422844918
48423001605,-0.6763940207860012
48423001606,-0.628411306215066
48423001408,-0.7303512314648491
48423001404,-0.5205643668914234
48499950800,-0.6387153407711015
48423001405,-0.5991808693306586
48467950100,-0.42882736284045153
48467950801,-0.4616186026642802
48467950802,-0.4497860488191702
48467950901,-0.6430454563592019
48467950902,-0.5010702306106753
48423001406,-0.633165630605549
48213950101,-0.4281716493400308
48213950202,-0.09017546767573437
48213951401,-0.3991725415394306
48213950201,-0.11069975540670336
48213950102,-0.35868324429590803
48213951403,-0.2787232301233316
48423001912,-0.6352966964518374
48423001915,-0.5455956017422385
48423001916,-0.6992509932972164
48423001906,-0.6311581390594079
48423001913,-0.7198399098361477
48423001602,-0.612609081776601
48423980000,-0.8607642201444399
48423001607,-0.5743952355864586
48423001608,-0.5890768067071115
48423000100,-1.0309890901544183
48423000400,-1.0184686096091
48423000700,-1.0373277767292535
48423001917,-0.6629562541785745
48423001911,-0.8069454258507593
48423001910,-0.8284606374362844
48423001909,-1.0134491157662422
48423002004,-0.9460676709893506
48423002006,-0.8958699953225987
48423002010,-0.6716241734755117
48423002003,-0.5623584142639094
48423001803,-0.7255792257812221
48423001300,-0.7705626275750279
48423001200,-0.9276969160222581
48423001101,-1.1054276788168544
48423001102,-1.1399420176638526
48423001000,-0.9346824450121434
48423000800,-1.2753199227980083
48423000500,-0.7783798116449172
48423000202,-1.2037554098876502
48423000201,-0.7822994024195018
48423000300,-1.154071955152273
48423000600,-0.9574480750437526
48423000900,-0.9455088958683606
48423001807,-0.5750762296982241
48423001806,-0.6673914898595267
48423002009,-0.5953963701564566
48423002011,-0.542483850772856
48423002012,-0.8977478692235344
48423002013,-0.5398693744605547
48423001914,-0.516461927018911
48423002200,-0.5970322227019466
48423002102,-0.7355792162278868
48423002101,-0.9205540862083793
48423001804,-0.8880215699505851
48423001805,-0.831457988837783
48423001501,-0.514423009867692
48459950502,-0.2651470524587853
48459950501,-0.36380213711096354
48459950600,-0.3177049726834272
48183010201,0.1850953419893234
48183010402,0.07866973421278436
48183010401,0.08012096864942916
48183010202,-0.009838539376786066
48459950700,-0.064987288622365
48183010100,-0.022807842008938803
48183010700,-0.1400903271530789
48401950300,0.11716730257869534
48401950200,0.11882637363136575
48401950502,0.09386484967218327
48401950400,-0.14279871785379838
48401950501,0.08902970334407655
48401951100,-0.05465533742605464
48401951000,0.11013005020236594
48073950100,-0.4625339775587595
48073950801,-0.3169210628607892
48073950900,-0.2677355148261178
48073951000,-0.362650515380069
48347950200,0.053789615570371103
48005000104,0.23495372839488513
48005000102,0.17856181429087967
48455950100,-0.0505749883044715
48225950600,-0.12637723558894515
48073951100,-0.14490268056546377
48225950102,-0.24759035024804305
48225950500,-0.2780119770369094
48225950300,-0.4598273343426795
48225950400,-0.41389989244086606
48225950200,-0.10192215295188457
48225950101,-0.16797132072337964
48001951002,-0.024383729962523016
48001950800,-0.5335239617901513
48001950600,-0.6230194350601073
48001950500,-0.611863573697839
48001950700,-0.7522544348806204
48001950902,-0.47475041323513867
48001951001,-0.13679329614662145
48073950802,-0.31143645067820835
48073950302,-0.40377678678776247
48073950700,-0.5561589038473416
48073950600,-0.6501507223698388
48073950301,-0.5875139036245348
48073950400,-0.4529910445957117
48073950500,-0.42662133899049615
48073950201,-0.3233083416852238
48073950202,-0.30458320316069054
48001950100,-0.28865381756911546
48213951402,-0.1854424145934191
48213950302,-0.05426229553891471
48213951101,0.0815452703061938
48001951100,-0.0689358216609298
48001950901,-0.3800919658362286
48001950401,-0.07030946154828073
48161000900,-0.09324020692817205
48001950402,-0.03355141759504174
48161000102,0.03411423321480762
48161000200,-0.4211577571498104
48161000300,-0.6558340195788943
48161000101,-0.16535951486223938
48213950902,-0.15801066156196258
48349970600,-0.2926641760240232
48349970701,-0.30438452530118876
48349970901,0.020149333815437095
48349970800,-0.9163269283501116
48349970902,-1.0948379368594894
48349970500,-0.6060296680994742
48349970302,-0.4433000652782869
48349970400,-0.6578540113960225
48349971000,-0.27732279938419585
48293970100,-0.3555832084423962
48293970400,-0.8400030486128848
48293970200,-0.4257027208334313
48293970500,-1.1990072088805874
48293970300,-0.9131705682663653
48161000400,-0.37478126302874515
48161000700,-0.6376263916367271
48293970700,-0.2937813651526774
48293970800,-0.20927709188866317
48293970600,-0.31932933662286056
48395960100,-0.17155266010402942
48395960300,-0.061377646593319096
48289950202,-0.22194225170899062
48289950201,-0.15618836792655544
48161000600,-0.25444904055190665
48289950101,-0.2000051317205695
48289950102,-0.12633899410260563
48289950301,-0.12393045335018889
48289950302,-0.0790243554608375
48313000100,-0.05050590204113751
48313000400,-0.36596586969499867
48313000200,-0.24930007314686678
48185180302,0.039958356598070455
48185180304,-0.012772524275695843
48185180303,-0.03391490810913449
48041002009,-0.8519518075937458
48041002016,-0.8351062262716411
48041000106,-0.2560925294388662
48313000300,-0.22708665838529107
48041000103,-0.06439840293067974
48395960400,-0.26240644184128925
48395960200,-0.1836546475010679
48395960501,-0.39252873269417815
48395960502,-0.445106964231721
48331950500,0.05656641089175582
48051970100,-0.14907682530217473
48041000206,-0.745257666219689
48041000207,-0.8241154034313116
48041000205,-0.4609025874352209
48041000301,-0.6515713812566545
48041000302,-0.6458209474214511
48041000104,-0.5572441084056484
48041000108,-0.4139505481105923
48041000105,-0.8225933016983998
48041001302,-0.7839325145563718
48041001301,-0.6658769281361949
48041001902,-0.7039383320380241
48041002022,-1.1808249288617088
48041000107,-0.7812783960389056
48041001901,-0.9813251189554648
48041000402,-0.5211307281905717
48041000401,-0.8606066348281469
48041000501,-0.9793475552844123
48041000502,-1.2932914594853453
48041000603,-1.006792061802746
48041000700,-1.110771884486519
48041000900,-0.9339586935878499
48041000606,-0.3269128709894775
48041000605,-0.22933376197870453
48041000204,-0.39893294380885136
48041001001,-0.6690487197739047
48041001002,-0.9231837307788953
48041000800,-1.1207996324143104
48041001102,-0.3719527538530287
48041001101,-0.9135726828832047
48041002100,-1.06605982682312
48041001608,-0.9646647530464778
48041002017,-1.3489485262480192
48041001401,-0.3801490426179088
48041000203,-0.4133667598520767
48041980000,-0.6990411512820779
48041002023,-0.6876750133235146
48041002024,-0.5131153961630088
48041002006,-0.4925336767458258
48041001804,-0.4685026246393634
48041001801,-0.784019531133827
48041001604,-0.9951488218993016
48041001803,-0.7419964896429678
48041001605,-0.6212961764342695
48041001606,-0.5487534968547
48041001607,-0.7534069961831739
48041001303,-1.0928170745771666
48041001703,-0.6452804760089776
48041001704,-0.5704600047706284
48041001702,-0.8315576139911467
48041002001,-0.6623161309777866
48041002019,-0.6540071332701768
48041002025,-0.8917912342704608
48041002026,-0.6977130205776974
48041002020,-0.6158091142201892
48041002018,-0.6359168399083184
48041002021,-0.784875587102893
48041002014,-0.3546749718671535
48051970400,-0.5794734782152214
48051970300,-0.668341625412084
48051970201,-0.29913402353705215
48051970501,-0.15532331871111854
48051970502,-0.2357402339838191
48477170501,-0.2130055457456449
48149970100,-0.2166629343012351
48477170400,-0.5344983092625548
48477170202,-0.508157131813262
48477170502,-0.15493335478461204
48477170201,-0.7191263597226456
48477170100,-0.3414944743169031
48477170300,-0.5519831405864187
48477170601,-0.2488727267532096
48473680303,-0.4873017874550558
48473680502,-0.6082681119710646
48185180400,-0.06984784900519672
48477170602,-0.275914344525717
48041002011,-0.2859859826294975
48041002010,-0.48747412204836205
48185180201,-0.8449982374974677
48185180101,-0.40983267904032195
48185180202,-0.3050260274239642
48339694601,-0.34992601440238763
48339694602,-0.5788078513917223
48339694603,-0.7937934447889394
48339690300,-0.6777769836877353
48339690204,-0.5194221486439048
48339690203,-0.47920378789400064
48185180102,-0.06343424887566539
48473680602,-0.324538604452298
48473680601,-1.0704745260306172
48473980000,-0.29437835553097735
48473680301,-1.0076711900924193
48201556000,-1.1188999014942005
48339690101,-0.4086523129782337
48339690205,-0.3666628778749856
48339690102,-0.45722169198798573
48201555600,-0.8970757570009467
48201555501,-1.1260551989577416
48201554806,-0.9355703592660789
48201555404,-0.8509001294628019
48201555401,-0.7791112344257877
48201555403,-1.0091231588737093
48339690408,-0.5724024975764481
48339690207,-0.44731240800446453
48339690206,-0.4733801252122946
48339690405,-0.6002096085284545
48339690403,-0.6349151856011558
48339694502,-1.0532884482815126
48339690404,-0.6850053716383966
48339690406,-0.7322430132242655
48339690407,-0.6744839285921616
48339690604,-0.7770552922015036
48339690606,-0.9391007245448875
48339690605,-1.127471878032038
48339690608,-0.8384020488286917
48339690607,-0.860163073904111
48339690609,-0.8450144430570513
48339690501,-0.5910141454552857
48339694503,-0.8996517690523425
48339690502,-0.6988140227762936
48339690503,-0.8728866292007726
48339693301,-0.4134758390674681
48339693302,-0.612379519517987
48339693303,-0.7316956152141217
48339693402,-0.6361826346557014
48339693304,-0.8316286821650838
48339690701,-0.7413999199525669
48339690610,-0.8219567208071887
48339690800,-0.9095941919113966
48339690900,-0.7801975979255533
48339691000,-1.1035108562678064
48339691100,-0.9050697325012109
48339691201,-1.3140907175413123
48339690702,-0.9976708920428551
48339691700,-2.0621609543007398
48339691500,-0.7281575744458989
48339691601,-0.9494714117615637
48339691602,-0.8450962576799474
48339691402,-0.8410335641917069
48339691401,-0.5701814829104414
48339691302,-0.7737223780164724
48339691202,-1.0178648159527122
48339691301,-0.8802747527088263
48201555305,-0.9900711179685107
48339690603,-0.9987455456311651
48201555303,-0.7976165243402279
48201555304,-0.7109927390803124
48201555301,-0.8466317270687977
48201554902,-0.8914436670319229
48201554907,-0.8601847787118048
48201554908,-0.7472915238685645
48201554803,-0.6368518216760188
48201554809,-0.8932854213061093
48201554804,-0.9153632914692451
48201554904,-0.6949786474548306
48201554905,-0.7796418328417145
48201553801,-0.7187416410334125
48201554906,-0.5194360903406494
48201555002,-0.6247165837130144
48201555101,-0.9284549685327697
48201555200,-1.2425727194202616
48201555102,-1.0665311141391218
48201555001,-0.9514763515221898
48201553403,-0.9395360179183727
48201553404,-0.8091525766081396
48201553401,-0.9980146086341681
48201553405,-1.0552848836632411
48201241302,-0.9541703867939486
48201241201,-0.71354661128804
48201241202,-0.7709103658394806
48201241101,-0.7849257771686962
48201241400,-0.7655664979533865
48201241301,-0.8713625154403755
48339691403,-0.7494622957615503
48339691900,-0.6066875980390452
48339691801,-0.7498108073751728
48339691802,-0.7121870717611773
48339692004,-0.45044180289763486
48339692003,-0.7757698568458196
48339692006,-0.6894829305567878
48339692005,-0.5660489018805798
48339692007,-0.5403792011531456
48339692008,-0.7886371542384956
48339692010,-0.7828355957151714
48339692009,-0.578659199214761
48201241103,-0.554452265603636
48201241105,-0.7001353863723717
48201241104,-0.7783969525214851
48201241002,-0.7672587560770101
48339692304,-0.6304149834749236
48339692303,-0.6917527974681268
48339692402,-0.6963753874425996
48201251200,-0.5907310368063751
48201251300,-0.6914163310104953
48201251402,-0.8262842895976771
48201251503,-0.5901635322928279
48201251401,-0.4263138184152592
48339692401,-0.501138555891011
48339692502,-0.45840892413351575
48339692605,-0.5461142889487584
48339692604,-0.6596273530086196
48339692302,-0.665400595684696
48339692301,-1.1741084659372474
48339692601,-0.4962663914396979
48339692701,-0.6623564920925022
48339692603,-0.4964082879906635
48339692702,-0.7759496212073324
48339692900,-0.41463575748610326
48339693001,-0.74068775763623
48339693002,-0.5971999853418664
48339692201,-1.0227448185161645
48339692202,-0.812872098207063
48339692103,-0.814981171668781
48339692102,-0.6548863320447714
48339692101,-0.5457488168192267
48339693202,-0.6231536540818601
48339693201,-0.7418946910415503
48339693102,-0.7244764653494125
48339693103,-0.8048523275413566
48339693903,-0.7176422974738156
48339693904,-0.38791440421074624
48339693902,-0.49143490959675074
48339693104,-0.265882570156182
48339693901,-0.7743056612083625
48339694103,-0.5225778083532738
48339694104,-0.4786515641279909
48339694001,-0.7148180570441302
48407200106,-0.26135174768003366
48339694002,-0.400630133130792
48407200107,-0.12170936249375683
48339694107,-0.46050164707178326
48339694205,-0.6512891203930633
48339694204,-0.8121827020384835
48339694203,-0.6187927957933487
48339694106,-0.4833952280004038
48339694105,-0.40280760620508016
48339694209,-0.6262316011140583
48339694208,-0.8808099854505875
48339693800,-0.7531393419536409
48339693502,-0.6331756891814369
48339693401,-0.7516165796419475
48339693503,-1.2986655441959518
48339693501,-0.7947068527829604
48339693600,-0.9084522209274258
48339693703,-0.8152395837144282
48339693702,-0.9755941567161799
48339693701,-0.7902607795922986
48339694401,-0.7981633226968914
48339694307,-0.8538657635002338
48339694207,-0.46390936555153917
48339694206,-0.518638366670597
48339694210,-0.507561193944713
48339694304,-0.5428026709104006
48339694306,-0.4517149137826342
48339694308,-0.6139378756541273
48339694309,-0.7025604281832738
48339694305,-0.432238822874859
48339694402,-0.6842138009709825
48339694403,-0.8212915431513292
48339694501,-0.5354971236450115
48339694303,-0.6610428485721533
48339694700,-0.32084541622983925
48471790301,-0.378497430032918
48471790302,-0.38497732148357844
48471790800,-0.5829165516175779
48471790500,-0.4286400500605409
48471790600,-0.4476592894181
48471790700,-0.31416523406679736
48471790102,-0.22839647321268416
48471790401,-0.2203234182227733
48471790402,-0.1452776130010975
48225950700,-0.15181324794026652
48471790101,-0.1077154308117686
48455950400,-0.21965302594697372
48455950500,-0.29617290070188035
48455950300,-0.14542149773617036
48407200301,-0.17825259568778742
48407200302,-0.0992573305371223
48471790103,-0.2638663715524347
48471790200,-0.2920492065958661
48407200201,-0.12730726897006542
48407200202,0.009136045204049639
48373210204,-0.174085791474573
48373210203,-0.3586014954423866
48373210302,-0.21023788555868633
48373210206,-0.23037800562414354
48373210205,-0.24880798717156957
48373210301,-0.12706451126589052
48455950200,-0.03842167395577864
48373210402,0.04210378281579129
48407200103,-0.11508080463502639
48407200104,-0.4038661128520366
48407200105,-0.13563041072997664
48291700100,-0.3839632428642114
48291700200,-0.6882119337539914
48291700303,-0.7695967842070067
48291700500,-0.21481090574380046
48291700400,-2.0120687836484357
48291700301,-0.2748764738476509
48339692803,-0.3948969534205159
48339692804,-0.792493685980333
48339692802,-0.7958943752732923
48291700302,-1.7926602688511426
48339692501,-0.45450866201264745
48201251501,-0.5366719610462493
48201251504,-0.6473461258855584
48201251505,-0.7207130897719646
48201250901,-0.6917126702111762
48201250902,-0.6537179029136195
48201251600,-0.8949933794773048
48291700900,-2.006715230462649
48167721403,-0.2781665421880556
48201341502,-0.6299841492917763
48201341501,-0.5301841988421068
48201343700,-0.9756864362710904
48201340203,-1.023037609883234
48201340302,-0.7702032240333763
48201341400,-1.4055479258632073
48201341204,-1.068753927970238
48167721502,-0.6203721017248829
48167721401,-0.6282114677601696
48167721205,-0.4060792414480836
48167721501,-0.643841469111869
48201341203,-0.880405151238023
48167721302,-0.6423680786088766
48167721301,-0.620052735860657
48201341201,-0.9372669063773967
48201341302,-1.126001212509996
48201341304,-1.2958065052743297
48201341303,-0.9071831657679386
48201340400,-0.8274287618195028
48201340501,-1.0108004629225655
48201340600,-0.9275711932954461
48201340702,-0.8334692503403351
48201341002,-1.5522665680452326
48201341001,-0.8157168290534198
48201340701,-1.0065486908401502
48201340502,-1.099082133395469
48201341102,-0.9831313239614203
48201341101,-1.1558306320702032
48201350803,-1.929225738184809
48201350801,-1.1327350793864417
48167720200,-0.8019853491709121
48201350603,-0.8304619898467988
48201350601,-1.1454796520386916
48201340900,-1.1966608442330893
48201340101,-0.7519228594564334
48201340201,-0.44792763605221153
48201340800,-1.0317534341160934
48201340301,-0.8458661633022716
48201340202,-0.9203052429980356
48201342001,-1.0629142703132755
48201342002,-1.642757522445683
48201323702,-0.753208961377268
48201324000,-1.4542820721532799
48201323701,-1.2850908044191194
48201323900,-0.7323006143378241
48201323802,-0.8126796759404069
48201323100,-0.8128722897954378
48201323200,-0.6513989477341123
48201322600,-0.6434259556497846
48201322702,-1.0832398748114618
48201322701,-0.5462305659282375
48201342400,-0.48728721734986835
48201342500,-0.9287708513458163
48201342700,-0.912802859111407
48201342300,-1.297711699938945
48201342200,-0.9895516401666034
48201342100,-1.1502035190435185
48201343000,-1.0252223569839756
48201342900,-0.7436282135944822
48201343100,-1.4846350893901155
48201343200,-0.8731461993062092
48201343302,-0.8767504143440402
48201343301,-0.7606460326075196
48201342801,-0.5744525299723335
48201342802,-0.8238934081103193
48201343601,-0.7957970659401281
48201253300,-0.45053298786134544
48201252500,-1.5359962518997727
48201233104,-1.7127605935626384
48201233103,-1.8977581178663054
48201233101,-1.4734277870864987
48201233002,-0.6864614067635366
48201233003,-0.7158016020855336
48201252305,-0.7910674149275183
48201252304,-0.7293595662662167
48201233105,-1.1641112986763127
48201252400,-1.219048466691271
48201252306,-1.0174301476528664
48201252303,-0.5981797483276793
48201252202,-0.9595040166273596
48201252201,-0.5824569988290264
48201252002,-0.8638020338353968
48201252100,-0.7889593944469009
48201251902,-0.8012177194852093
48201252901,-0.7477781883377986
48201252602,-1.0851877357565154
48201252601,-1.553514580251096
48201253502,-0.06651845870131369
48201252902,-0.7857226943074671
48201253000,-0.4438333367435933
48201253202,-0.5206264930937841
48201252800,-1.3533558475796312
48201252700,-1.0068939974657058
48201251800,-1.0328042815315053
48291701000,-0.7785644258311063
48201251702,-0.6872387439971326
48201251701,-0.6627301063704504
48201251904,-0.9078162006202621
48201251903,-1.2720453860848142
48201252003,-0.7462487551029405
48201250405,-1.1070486559256518
48201250702,-1.0661153891996338
48201250404,-0.8396571950063447
48201250403,-0.5822028190589821
48201250801,-0.9886869148851443
48201250802,-0.9364307514434698
48201251000,-0.606192634987431
48201250500,-0.8581815721510846
48201250406,-0.7434243105528184
48201250305,-1.1897724304726531
48201250602,-0.8114837935819617
48201250701,-0.7503076165858966
48201251100,-0.6881559036042431
48201240904,-0.7912770209036529
48201240903,-0.6780724202604682
48201241501,-1.1201077075650616
48201250601,-1.0162059066372708
48201250201,-0.7681338166449821
48201250202,-0.9508385984101437
48201250101,-0.8821387658436157
48201241502,-0.35779494793374983
48201232201,-0.906756999913591
48201222701,-0.36897554295752866
48201232202,-0.5723112324252665
48201232203,-0.9436781678391206
48201250303,-0.8648687848451434
48201250304,-0.8210091237839748
48201250102,-0.9651341247139122
48201250306,-1.2184887781251588
48201250407,-0.8973856293375257
48201250408,-0.8424880869918576
48201252001,-0.6817697445421079
48201232303,-1.5220007667876472
48201231200,-1.1078335106796064
48201232304,-0.9407815790195547
48201232305,-0.7263896671430766
48201232306,-0.8429375001685155
48201232404,-0.838449060380515
48201232403,-0.5106608639908654
48201232405,-0.8144656850662944
48201232402,-0.7734738755782485
48201232901,-0.8989672605249934
48201232902,-0.8380291622480961
48201233001,-0.9538098156732662
48201233200,-1.191613071184276
48201232801,-0.9925132840791643
48201232704,-1.188237657362651
48201232802,-0.625102480994952
48201232701,-1.0561673702814738
48201232600,-0.7755411954960401
48201232500,-0.9632661070175587
48201231100,-0.8123692148970301
48201231000,-1.2294246971702958
48201230900,-0.9151841789544057
48201211700,-2.127196328387602
48201212400,-1.7513764053947647
48201211900,-1.5294945053431597
48201211600,-0.9130708114205551
48201230200,-1.5699501795992863
48201230800,-1.080663635560609
48201230300,-1.2829351381896854
48201230600,-1.9116477165888401
48201230700,-1.112385712810203
48201231600,-0.961696857323741
48201231500,-0.8218389821178613
48201231400,-1.301591027016528
48201231300,-1.0578415913737362
48201231900,-0.9274945781203715
48201232000,-0.8518712197755622
48201231800,-0.9007273238268371
48201232100,-1.2661197482624247
48201223002,-0.6279164155094515
48201222200,-0.8012917563624199
48201231700,-0.9548676362947084
48201222100,-1.0156505056363996
48201221900,-0.5565166599080225
48201222300,-0.6414269892458841
48201221702,-0.2675886270416952
48201221701,-0.6799441968689555
48201221800,-0.5914931080387817
48201221200,-1.2245259976948513
48201221301,-1.7030283435046079
48201221302,-1.1249339765177144
48201221100,-1.6812227967888833
48201220900,-1.4278115603445867
48201221000,-1.4763698405451826
48201222000,-0.8127672797331323
48201230400,-1.3756539626183582
48201230500,-1.5404230559831058
48201220701,-1.0168481378481125
48201220702,-0.8469864013486635
48201220800,-1.0470004607570398
48201220100,-0.6307886864483013
48201230100,-0.6653189236296346
48201210900,-0.5695487478893299
48201211000,-1.3121441110746608
48201211200,-1.7063841196450393
48201211102,-1.4102549888749656
48201211302,-1.2288390977792654
48201211101,-1.2233713806999944
48201210800,-1.0668561311350222
48201210700,-1.5769512082785235
48201210600,-1.4809852345607513
48201210500,-1.627802324266374
48201210400,-1.1604995847860786
48201510301,-0.9888259403374855
48201510302,-1.0869395218241165
48201511400,-1.3166475760380836
48201511600,-1.1432968306140765
48201220200,-0.7674986669121292
48201220300,-1.219938916090351
48201220400,-1.6867017967210252
48201220600,-1.7020064888079491
48201220500,-1.6667296453397102
48201530501,-1.0608498838310396
48201530400,-1.2100431743706723
48201530502,-1.2793080732411164
48201530600,-1.803494277315079
48201530300,-1.085193368624874
48201511502,-1.5218019850798843
48201511302,-1.0424916754049507
48201510400,-1.0082740970079667
48201510500,-0.9419913641952619
48201511301,-1.727903924798738
48201511501,-1.1433585910205024
48201511202,-0.45504190459045335
48201511100,-1.4565225494083018
48201511003,-0.8158960977869381
48201511004,-1.3393406149114566
48201511201,-1.0969830750923144
48201510901,-1.1176427928054273
48201510902,-1.5738684394210511
48201511001,-1.377741052925063
48201530101,-1.351369528796328
48201531100,-1.5479790476080437
48201530200,-1.6091181690097287
48201531000,-1.1570540919894876
48201530900,-1.7278777445626847
48201531700,-1.3893239713504844
48201531800,-1.619457370771742
48201533200,-0.8647156322236677
48201530800,-1.9165316105232493
48201530702,-1.3269506196628578
48201221400,-1.017636138503026
48201221501,-0.9563760845030664
48201221502,-0.3294774649060217
48201530701,-1.1289708239110194
48201533301,-1.4093794919004201
48201221602,-0.8242537164256908
48201222401,-0.894019491530481
48201221601,-0.6112773379884661
48201533600,-0.7919346627419974
48201533500,-1.030058791916215
48201533302,-0.8788012346969315
48201533401,-0.694932084319839
48201533402,-0.9649315367779202
48201533803,-0.464769442097219
48201533702,-0.8509865515603713
48201533701,-1.3507147899062948
48201550500,-0.8479639716141164
48201550404,-0.7407026374254408
48201550403,-1.3294177228437565
48201550201,-1.0569209203048338
48201550101,-1.3104927105861799
48201550202,-1.0939597862097694
48201550102,-1.6518149374408313
48201240102,-0.8476182050291083
48201240600,-1.2099928767594985
48201240506,-0.8608257850605655
48201240503,-0.1872940431762141
48201240505,-0.4838385368592662
48201240101,-0.7737031357434698
48201240504,-0.35832376894151685
48201222601,-0.6943998221421552
48201222602,-0.7177093513795851
48201222501,-0.5912559486783017
48201222504,-0.14724796143709676
48201222505,-0.8056058917592386
48201222502,-0.6006371920381575
48201222402,-0.6029662124493107
48201222800,-0.48940096685877876
48201222900,-0.6387284930962026
48201223001,-1.2642340585872163
48201223100,-0.8837290439516758
48201222702,-0.7477701281663894
48201241503,-1.425419299938548
48201240400,-1.2944353072550507
48201980100,-1.2474029665052633
48201240905,-0.5871297243214438
48201240906,-0.32365017598239043
48201241001,-0.6545280560335199
48201240802,-0.8915570044867771
48201240803,-0.6429583803096701
48201240705,-0.7429819147237372
48201240706,-1.2040932795346828
48201240707,-1.4928183116075833
48201240703,-0.9675441310957593
48201550303,-2.0453336076601145
48201550308,-0.9936216472871618
48201550406,-0.5102179843512283
48201550306,-0.7077490659376348
48201550305,-0.5771782246931452
48201550307,-1.1969470655496115
48201550304,-1.0049153980629333
48201240704,-1.0057737519599255
48201553300,-0.9434844368431679
48201240804,-0.41124611422780594
48201553202,-0.6772857471948597
48201553201,-0.8399633996167428
48201553101,-0.5187766615634216
48201553102,-0.953247453938762
48201553002,-1.077070470558204
48201553500,-0.8236475793754631
48201553602,-0.9782543019021095
48201553601,-0.8502559972327266
48201553700,-0.7895232055865782
48201553001,-0.9239036146886741
48201552902,-0.8583054155033318
48201552901,-0.5770197071198679
48201551201,-1.0589453941859557
48201551101,-1.135767520165499
48201551102,-0.6654561023895419
48201550405,-1.0095526880642078
48201550407,-0.4601546980849692
48201550603,-0.6873543437084241
48201550800,-0.6076351574536335
48201550601,-0.807076715737409
48201550602,-0.7031978176702375
48201533802,-1.049881397104511
48201533804,-0.8941286676475901
48201534001,-0.993864071703066
48201533904,-0.723687514391643
48201533903,-1.014212500223061
48201534002,-0.9869675218093483
48201534102,-1.0976495039792686
48201533902,-0.7502542145126847
48201534003,-0.5801062516915638
48201551300,-0.9339528544323503
48201550700,-0.8881287025567774
48201550901,-0.7956336728435468
48201550902,-0.8884725064294448
48201551000,-0.95608156587652
48201551202,-1.0752044952596815
48201551400,-1.1426083695396638
48201552701,-0.5775547224207409
48201534101,-1.0218409286263614
48201534201,-0.826159703146749
48201551502,-0.8088931408959509
48201551601,-0.6277656300398978
48201551703,-0.8190895063082091
48201551705,-0.884097910473531
48201551602,-0.8105194104694866
48201552501,-0.6946506404344671
48201551501,-0.7370034316433693
48201552502,-0.6265868825280358
48201552603,-0.8569150083100231
48201552604,-0.4159915001187534
48201552602,-1.139490527344329
48201554701,-1.0343237085000185
48201554202,-1.212664930570687
48201554201,-0.9670457269650121
48201552702,-0.8680687313415018
48201552801,-0.7943250825278538
48201552802,-1.0072678722977857
48201554002,-0.8969565211560689
48201556100,-0.7548223156301399
48201554001,-0.920278248676168
48201553804,-0.612657217164612
48201553803,-0.562358074627715
48201553901,-0.7218994007395287
48201554104,-0.46279494017971035
48201554103,-0.685104223367476
48201554808,-0.8539693438832965
48201554805,-0.8045470356039808
48201554807,-0.8571217667716193
48201555505,-0.7613452663829346
48201554702,-1.0755908860329946
48201554301,-1.4493464930709075
48201554600,-0.9452114760361471
48201554502,-0.8353447534226903
48201554404,-0.8363139425764791
48201555504,-0.6723003612676819
48201555503,-0.7033452841836971
48201554501,-0.6688914500565808
48201554406,-0.7081711017303826
48201554405,-0.748325417413554
48201554407,-1.2718363327232718
48201554408,-0.7119548851416451
48201554409,-1.1799843663293312
48201543007,-1.0919414449032143
48201543006,-0.8579732438905541
48201541006,-0.9709169756360203
48201541007,-1.0863714431489704
48201541008,-1.216127853218435
48201541009,-0.8248237852872925
48201541004,-1.153591094784989
48201541005,-1.3167340970803616
48201552103,-0.5978833819161219
48201552200,-1.29507484716948
48201554410,-1.1722305543435307
48201552301,-0.9930387767573519
48201554302,-1.0246260778091234
48201552304,-0.5577086593717374
48201552303,-0.6543447042308883
48201552402,-0.8618591863982918
48201552401,-1.0920905232023879
48201552102,-0.8219134872456983
48201552101,-0.8005259913567103
48201552002,-0.9610016773596558
48201552003,-1.0879394780101237
48201552004,-1.547212949104556
48201551902,-1.5939111113901712
48201540800,-1.148393338466979
48201540700,-0.7261671157864278
48201540602,-1.1206766095487013
48201540601,-0.778530670256309
48201540502,-1.0457408552511938
48201540504,-1.2299366633065854
48201541401,-0.5835252913811177
48201540503,-0.3169084722562983
48201541203,-0.9020165928512056
48201540901,-0.6894490717878994
48201540904,-0.969628457654438
48201540903,-1.7219491360248778
48201541100,-1.0548946975140971
48201541205,-0.8910332322535687
48201541204,-0.7490699086543136
48201541206,-0.8909294558036711
48201541207,-0.9329091422279351
48201543011,-0.4837243289806902
48201543010,-0.5389990537798531
48201543009,-0.45563651197165883
48201543008,-0.6047519593095554
48201542107,-0.5276479325256397
48201542108,-0.5856546820924624
48201542106,-0.928101836966893
48201542105,-1.0496899943047535
48201542103,-0.9047201471141866
48201541500,-1.1783787324382398
48201541302,-0.9038208575673928
48201541301,-0.7804829822890565
48201541404,-0.5957032068580613
48201541402,-0.6095880694748402
48201541403,-0.8561473118004217
48201541603,-2.676083692046059
48201541701,-1.4108664623041078
48201541604,-1.4070472469161377
48201542104,-0.6766459134079698
48201542002,-0.8943891759951184
48201542001,-0.8159334875764421
48201542003,-0.7835837598909003
48201541902,-1.0566359554887497
48201541901,-0.841668958878819
48201542004,-0.791905964583751
48201541801,-0.8188135837666207
48201454505,-1.0890857946591885
48201541802,-0.915240731506382
48201541703,-0.7580935734002237
48201541702,-2.019893107444152
48201450500,-1.180822845704829
48201543202,-1.6256225808892992
48201450402,-1.1214451438776243
48201450302,-1.8628119110706947
48201450200,-1.007834476172511
48201543201,-0.9147668367280231
48201522402,-0.5071137641375546
48201450100,-0.4017549479482879
48201522302,-0.7482368008035627
48201522301,-0.9917902698272313
48201522201,-1.1268041213415407
48201522202,-0.6741883592192037
48201522401,-0.9253571454714756
48201522101,-0.6515234869639913
48201522102,-0.8748753032043926
48201521501,-0.8276090832719533
48201522002,-0.4889012845975889
48201522001,-0.7137414294483708
48201521900,-1.5020750628763828
48201540200,-0.9877971882696395
48201540101,-0.8575733281284195
48201521800,-1.583088026571697
48201540102,-0.8369045856368371
48201551901,-1.4859997952767303
48201551704,-0.8021721869475628
48201551702,-0.7976982299304671
48201551800,-0.8431788573962168
48201534204,-0.8129557241217534
48201534205,-0.8400106275056555
48201534203,-1.2807056557575707
48201521701,-1.7733122230388012
48201521600,-2.1617694420633207
48201532301,-1.7859353810754635
48201521702,-2.9901637647654176
48201532302,-1.9740521975605556
48201532400,-1.1355866846421097
48201532504,-0.8283351527161193
48201532503,-0.7456288716340456
48201532502,-0.874998067428303
48201532900,-0.6913807555076393
48201532600,-0.81135573822558
48201533000,-0.6173605081965442
48201533100,-0.9949722939134447
48201532800,-1.1248074767630165
48201532700,-1.2699427900848481
48201532003,-0.6367561175749703
48201532200,-1.1126270894071435
48201532102,-2.9132967610809146
48201532101,-2.8924437344952363
48201532004,-1.6344770523558414
48201531900,-1.470001348105082
48201531600,-1.454297474978355
48201531200,-1.7802755178924266
48201530102,-1.7399053813840342
48201531300,-1.7348810287701932
48201520501,-1.8497603153338942
48201520400,-1.326030714445576
48201531400,-1.1123637421562478
48201531500,-2.050070887079459
48201520502,-1.9485252501738
48201521401,-0.6993932102604313
48201521502,-1.1785876195474392
48201521300,-1.524948261385429
48201521402,-0.8174121142912855
48201520601,-1.3408417874497975
48201520603,-0.7907540666176651
48201520700,-0.9019020416024913
48201520604,-1.284378683955014
48201521201,-0.8921434000528462
48201521202,-1.1617145145472612
48201521100,-0.7437659378525947
48201521000,-0.9584662919488708
48201430500,-0.4644459894412798
48201522500,-0.8670093334779414
48201520200,-1.0783456703345289
48201520302,-0.9206842853335484
48201520301,-0.8288847685385538
48201520100,-0.8563869303683629
48201430101,-0.5592145470955169
48201431701,-0.6733630611850117
48201411302,-0.36051275340818123
48201431804,-1.0227648543325492
48201431803,-0.497937906919887
48201431702,-1.8809535966085487
48201431505,-0.7624405064161838
48201431506,-1.1261252216131512
48201431600,-1.373254119438876
48201430102,-1.203683736462762
48201430200,-0.3664958100254869
48201430300,-0.8175671463768074
48201430400,-0.5297364170091864
48201431204,-1.4408962301452197
48201431503,-0.7836956754155285
48201431504,-1.0129711612612695
48201431302,-1.9573737395781945
48201432003,-0.7137358582366395
48201432706,-0.6727265411315985
48201432005,-0.32465737371489056
48201432006,-0.7672008230518007
48201431303,-0.690652966950231
48201431304,-1.0137290151150133
48201431203,-0.7887336771524891
48201431206,-0.6546564042153967
48201431205,-0.18337645177955308
48201432101,-0.8366690297277561
48201432102,-1.6683995143677213
48201432600,-1.470559116724677
48201432803,-0.3955423621516727
48201432804,-1.1743550649943357
48201432705,-0.4476935308281988
48201421203,-0.13365262745958326
48201421204,-0.20340074589130236
48201421206,0.06800901996098539
48201421205,-0.5160124102706066
48201421401,-0.5055066192521975
48201421402,-0.07729348000768477
48201421103,-0.6050302199609295
48201421502,-0.9031206476176465
48201421104,-0.5319438394303861
48201432704,-0.7856237609525732
48201431401,-1.4991167076799559
48201431404,-0.0707229993455228
48201431403,-0.48641866561232144
48201431801,-1.156019343825026
48201432004,-1.6765544292575763
48201432703,-0.712971155891148
48201431901,-0.25900464659008016
48201431902,-1.5919869987108877
48201411600,-0.8088233650563575
48201411700,-0.33322244735947026
48201421101,-0.6759672809677114
48201421000,-1.347270689204861
48201412700,-1.0282380414098775
48201412800,-0.9538920586535437
48201421501,-1.8629846839030944
48201421602,-1.866606302952062
48201420900,-1.743049168960914
48201421802,-0.8529854957977071
48201421801,-0.45317572417370955
48201420800,-1.142658282257491
48201412901,-0.641133574546928
48201420300,-1.037025350899978
48201420700,-1.159323083612442
48201420400,-1.3971576342302747
48201420600,-1.0821875697015704
48201420500,-1.2025760548106135
48201422100,-1.184863464868598
48201422000,-0.7276051024678314
48201421900,-1.3136462610422195
48201422501,-0.9377744497163674
48201422502,-0.5913049690046737
48201422302,-0.5722783439204255
48201422404,-0.36301629315448036
48201422403,-0.7758907540660437
48201422406,-0.45188629868697117
48201422405,0.042050786988801846
48201423303,-0.9343114407687114
48201422304,-0.40906400559738154
48201422303,-0.19817254134960277
48201423401,-0.7971127719408121
48201423304,-0.6555847389520711
48201423301,-1.2798331660664193
48201423001,-0.8632587297381834
48201422800,-0.7105725826471659
48201422601,-1.1655293196258285
48201421700,-1.3747545384386066
48201422602,-1.173657267140772
48201422701,-1.5756887756355866
48201421601,-0.5085055587071651
48201421403,-1.174396845354142
48201421301,-0.3841704700882184
48201421302,-0.8878861575885393
48201422702,-1.1658754059006224
48201432805,-0.8246773343012778
48201432806,-0.11052734579775388
48201433300,-1.3100209620644996
48201432904,-0.5483172365950778
48201432903,-0.4339549535132278
48201433007,-0.8922666263074289
48201433003,-1.1739316323929159
48201433201,-0.7685084360291242
48201433202,-0.9926941737621876
48201433505,0.1391308224190157
48201433504,-1.1918961040195155
48201433400,-0.9993003478919603
48201422900,-1.4561000929259194
48201423002,-0.8002414037549045
48201423204,-0.44220035989678125
48201423402,-0.7129087551370212
48201423203,-0.9261360390397597
48201423500,-1.0668637172150872
48201423201,-1.0224424776664138
48201423100,-1.1783526458811975
48201433602,-1.6497201282576817
48201453300,-1.0945138678778084
48201433601,-0.2846772976570699
48201440101,-0.8286013263638384
48201453401,-1.235873412666793
48157671900,-0.897688499549355
48201453403,-0.7967295708406394
48201453404,-0.9019171128316567
48201453405,-0.9535211465287198
48201453604,-1.3824135498506713
48201453603,-1.4880542091248776
48201453202,-1.130012523720029
48201433507,-0.45345006966521667
48201433506,0.19858826734660226
48201433503,-0.3876693232381304
48201453201,-0.6920514016609375
48201453100,-1.1940535276791853
48201433100,-0.7165046593097545
48201452300,-1.7816836062606767
48201453001,-1.47939421187248
48201453002,-1.4509504043279204
48201452402,-1.1032270554072832
48201452401,-1.3305235590868683
48201452101,-1.9902646992505901
48201451004,-2.021380503691239
48201451003,-1.1391023142174026
48201451006,-1.7765714347543673
48201451005,-1.205982970788299
48201452102,-0.6857534950478653
48201452103,-2.0234710951726385
48201452203,-1.003316208557333
48201452204,-1.301208227568163
48201450900,-2.0610941733163335
48201452202,-1.864327993896317
48201433005,-0.4971336986195484
48201432402,-0.9140188139415397
48201432401,-0.96456090049657
48201433004,-0.6288194490279002
48201433006,-0.09913569566986205
48201432901,-1.0223254329990914
48201432502,-0.8265338022177463
48201432501,-0.8037411352065233
48201432200,-1.4475678502179363
48201431102,-0.8837730158350007
48201432301,-0.6010941977448458
48201432302,-0.47650167377433517
48201432303,-1.313156211084902
48201431001,-1.5772911335831987
48201431002,-1.0349198610310646
48201430900,-1.0143820937108063
48201431101,-1.3969682188482153
48201430600,-0.6832885548223155
48201430700,-0.7047810325368016
48201430800,-0.8288060289114512
48201450801,-0.576784440684723
48201450804,-0.587734264500515
48201450803,-1.166242828477931
48201451100,-1.1651525661011746
48201450700,-1.0429644958705904
48201450301,-1.8075804801618136
48201450401,-0.953625271338546
48201450600,-1.2290522454192507
48201451502,-1.1772328314412144
48201451401,-0.874017126151972
48201451302,-1.167099499379461
48201451200,-1.129051652281674
48201451301,-1.3514000992969544
48201452002,-2.0307607124629397
48201451902,-1.172476914015864
48201451904,-1.1222027018836378
48201451903,-1.2772091587451724
48201452001,-1.2865198393193673
48201451406,-1.4512643187833256
48201451407,-1.157869129791294
48201451405,-0.8916650857359285
48201451700,-1.6984827864704735
48201451800,-1.3324978227591249
48201454303,-1.0890694276203696
48201454305,-1.8500138475264643
48201451606,-0.7523273092423575
48201451605,-0.6666627984173381
48201451404,-1.1894251949704162
48201451603,-1.5494058219181672
48201451604,-1.3509935741284198
48201451501,-1.9013337510695658
48201454400,-1.193633853973809
48201454504,-0.8473562181270683
48201454503,-0.8887398769119297
48201454502,-1.1445242839510135
48157673007,-0.6779678208729174
48201454302,-0.9117735516184042
48201454304,-1.0217819155772747
48157672602,-0.6637647684406027
48157672603,-0.6098441145576055
48157672604,-0.7782461623715186
48201454200,-0.6135880083757667
48157672905,-0.5926707606154065
48157672907,-0.6732955922629194
48157672904,-1.0985633651687892
48157672701,-0.6106506230121923
48157672703,-0.8088375557244747
48157672303,-0.8254047222281486
48157672304,-0.938950364506225
48157672402,-0.5666629629067836
48201453902,-0.6127190541835128
48157672401,-1.0676723152285736
48157672500,-0.815572578285199
48201454000,-0.9139269134798959
48201454100,-0.8842641985653348
48201452601,-2.0032060666416176
48201452703,-1.3498859949321425
48201452602,-1.1463026144624977
48201452702,-1.0485483957578852
48201453901,-1.1756157019104543
48201453701,-1.3281621355494488
48201452701,-1.0071271744584234
48201452502,-0.8482752971793301
48201452801,-0.9919184143980858
48201452802,-1.2156028338624068
48201452501,-1.9959922316238683
48201452900,-1.6926324010271692
48201453702,-1.6259324271553508
48201453601,-1.7495752850618966
48201453501,-0.9412978318831372
48201453502,-1.0600257141843963
48201453800,-0.7312113947558048
48157672004,-0.600680019953627
48157672002,-0.8376860104044163
48157672003,-0.9243840783862411
48157671700,-0.80324477885125
48157671602,-0.8248959957697205
48157674002,-1.080012971814991
48157671601,-0.9629150464425839
48157674001,-0.734058451544999
48157673902,-1.056571264829081
48157672201,-1.1655363677995305
48157672100,-0.9502046848196213
48157672202,-0.8593028403963998
48157672306,-0.7740019987156086
48157672305,-0.8624773874607117
48157672702,-0.8159864421338432
48157672801,-0.5866083911554781
48157672802,-0.701483497796602
48157672901,-1.480512149311469
48157673700,-1.5651388009901308
48157673801,-0.5713203449333645
48157673802,-0.6295581294220097
48157673904,-0.752324248519253
48157673903,-0.6133665683498333
48157674601,-1.1517558118049358
48157674701,-0.6565272355680616
48157674604,-0.6670238969064989
48157674603,-0.8732197530764287
48157674401,-1.1798369543555838
48157674200,-1.1254659978167159
48157674100,-0.8637316453277604
48157674403,-1.0704001726061805
48157674402,-0.7906432406801251
48157674602,-1.0169304616397854
48157674404,-0.8481971614189265
48157674507,-0.9335179258617678
48157670904,-0.8322468556132304
48157670903,-1.129431715889649
48157671002,-0.9386704869399064
48157671001,-0.8586666122129436
48157674301,-1.012181837185055
48157674302,-0.9836999486456112
48157671502,-0.9279556765421041
48157671501,-0.8938688710883564
48157671402,-0.8179706858356353
48157671401,-0.7662344827662012
48157671800,-0.7447693733588708
48201440102,-0.79296145596858
48201423600,-0.9668977213453174
48157670500,-0.9469711274345293
48157671200,-0.6912874545870495
48157671300,-0.7387440653133008
48157671102,-0.9166069782022639
48157671101,-0.7494354780972842
48157670603,-0.6734521051986799
48157670300,-1.751686413060166
48157670602,-1.085778954520179
48157670400,-0.8537714030586668
48157670604,-0.9548596620956402
48201422200,-1.0893088850762362
48201330303,-1.0272614825607045
48201330302,-1.404129873323938
48201330301,-0.7165243617791344
48201330200,-1.2132638621352014
48201330400,-1.4306431586795867
48157670202,-1.0278639933445923
48157670201,-0.5557495367578326
48157670102,-0.7979430782006498
48157670700,-0.7611172137324872
48157670902,-0.9032653110233508
48157674508,-1.0501025806665008
48157670804,-1.2209419430028474
48157670803,-0.6592447165892197
48157670802,-0.6625643774974973
48157670801,-0.5796989380325553
48039660613,-0.438085923301988
48039660604,-0.5470005801585353
48039660611,-0.5650918778842704
48039660612,-0.8334272516086644
48039660605,-0.5713150021775402
48039660603,-0.9526154344395775
48039660606,-0.6027822664355055
48039660607,-0.7053647076344229
48039660616,-0.8779109915477401
48039660706,-0.9829234001129734
48039660707,-0.6051428443641856
48039660705,-0.4052403557659926
48039660803,-0.42920817477214634
48039660501,-0.4170914756274043
48039660609,-0.3383918905327006
48039660704,-0.6854737733087082
48039660610,-0.5817015871602791
48039660703,-1.1549738390399933
48039660608,-0.39937817362633354
48201330801,-0.867834124069917
48201331603,-1.3104596636339534
48201331602,-1.339400202568442
48201331604,-0.9138555159692653
48201331501,-1.196185185664093
48201331502,-1.191787444081798
48201331300,-1.456798703472175
48201330102,-1.0230137865502582
48201330901,-0.9568202612474204
48201330802,-0.9760763181372814
48201330902,-1.5968148823375143
48201330700,-0.9992073293681002
48157670101,-0.8586932920535488
48201330600,-1.1338472679978728
48201330500,-1.1176633246901497
48201330101,-0.7232851255021426
48201420200,-0.9786876737077019
48201420100,-1.1286846489930953
48201334102,-1.5509592062076807
48201334101,-1.5451293490150124
48201314301,0.004431737455211334
48201314402,-1.5540892910218211
48201314005,-1.1441176143613627
48201313902,-0.14527730202330547
48201314003,-1.2120855153775119
48201314004,-0.05802923457231027
48201314001,-1.9972118221930186
48201412201,-1.5667027370479176
48201412202,-2.045202157411671
48201314401,-1.007850177598618
48201413203,-0.15594468087397592
48201413100,-1.2576956503566912
48201413205,-0.1640713511918897
48201413206,-0.4845393299587374
48201413204,-0.669124677989563
48201413301,-1.3334686679997243
48201314302,-1.1645386300085858
48201413302,-1.2624154626943844
48201412902,-0.8868111688017942
48201413000,-1.3250265866298263
48201412500,-1.0235389566220543
48201412600,-1.3688018204727312
48201411801,-1.567959942464015
48201412400,-1.3014564498278665
48201412300,-1.7968720981895419
48201411504,-2.092858283308185
48201411802,-0.9382334311883886
48201411503,-1.2746971556636701
48201411001,-0.6340912648811864
48201411507,-0.5013623314344512
48201411506,-1.3428479241507691
48201411505,-1.082028573332065
48201411301,-0.8819441006682183
48201510802,-0.9148533172404912
48201510602,-1.5625866641303663
48201411200,-0.9365898065974488
48201411400,-1.092747482501565
48201411100,-1.0388418907333714
48201410401,-1.4135351038320645
48201410300,-0.7926493886625671
48201510803,-0.9310763138983915
48201510801,-1.1193767514660509
48201510601,-1.474005418373378
48201510702,-1.1605626858862297
48201510701,-0.8008803847628769
48201510202,-1.3083659117879394
48201410202,-0.8321289051087633
48201410201,-0.8562473629076762
48201410402,-1.3132704485126911
48201410501,-1.3584495595670243
48201410704,-0.5306408628139144
48201411901,-1.3089154283938276
48201410900,-0.8453273754997024
48201410705,-1.2689126698157442
48201410703,-1.5503801638767427
48201410802,-0.5702920113279348
48201410801,-0.9732928390537761
48201411002,-0.7730301030908169
48201411003,-1.039909597114648
48201412000,-1.8106989651343772
48201980300,-0.7469143269503792
48201411902,-1.4517418548354812
48201313102,-1.5233497714659108
48201312601,-1.152188655028141
48201312602,-2.007047894010034
48201312603,-1.501778042138442
48201313000,-0.9862537366037816
48201312902,-0.8543427149893703
48201312901,-0.5829064090122462
48201312800,-0.9649534819992448
48201312700,-1.0895034889327737
48201312400,-1.5085803997261586
48201310200,-1.6209382962410874
48201312300,-1.531956181413923
48201312501,-1.7008244010844362
48201312502,-1.0776236027121628
48201410706,-0.7097685696635716
48201410502,-1.4076624184703392
48201410602,-1.1749062608803922
48201410601,-1.6146339099249727
48201410102,-0.6849546740576954
48201410101,-0.9811453843250294
48201510201,-0.9032713214204824
48201510100,-0.766270074759152
48201980700,-1.1261065926048583
48201212300,-1.0464910653833768
48201100001,-1.9400397266823437
48201310101,-1.8657989518597973
48201310102,-1.0863884774381076
48201980200,-0.3568837502216494
48201211400,-0.9983862325307337
48201211301,-0.946014425436138
48201310400,-1.6966569331348547
48201310600,-1.409328200335472
48201312200,-1.4901320351220098
48201310300,-1.3982672301572872
48201980400,-1.103949847175226
48201312000,-1.619328771839179
48201311900,-1.2410128544847527
48201311800,-1.5186837900901524
48201332200,-1.1904721340786983
48201313400,-1.3264161759860447
48201332100,-0.9371213187196512
48201313500,-1.5991581575218667
48201313300,-0.8830892282837841
48201313201,-1.085671762413758
48201313700,-1.4173432675685762
48201313202,-0.8034925115026905
48201313101,-0.26112118091079983
48201313901,-0.8928379886139253
48201313801,-0.7317454686216722
48201313802,-0.877022881352187
48201313600,-2.0420302481738375
48201331100,-1.4192656716289638
48201331200,-1.5890181506126042
48201331400,-0.9937920412122616
48201331800,-1.5288578330507114
48201331900,-1.5087528331663327
48201332000,-1.3092900054088008
48201332300,-1.6830773495982525
48201332400,-1.7377703402490852
48201331700,-1.443105898596365
48201333600,-1.9016963931503654
48201332600,-1.876814701659577
48201332500,-1.623659562003152
48201333204,-0.018388428336381542
48201333203,-1.085986820947463
48201320602,-1.2116116583847403
48201333201,-0.8990162350278039
48201333205,-0.03906555273271981
48201333501,-1.026671314934431
48201333502,-0.7588227146511366
48201333100,-0.9259786422898918
48201320100,-0.7036160703307877
48201320202,-0.9857773747406194
48201320601,-1.2601111716704254
48201320201,-0.7168641500041716
48201311502,-1.1821341996428971
48201311501,-0.8883334985466189
48201311300,-1.935233298336175
48201311702,-1.0987023014971902
48201311600,-0.2202032553582802
48201332900,-0.9953336961307672
48201333000,-1.1683520884259997
48201332800,-2.209326224667146
48201332700,-2.175804016229687
48201311701,-1.9961709715812832
48201310700,-1.436887282181771
48201311200,-1.4551356879633714
48201311100,-1.017988371371897
48201310900,-1.3011792656208618
48201310800,-1.1818328657418173
48201310500,-1.582268319065632
48201311001,-1.0764506299765486
48201211501,-1.0466674520340546
48201211502,-1.3449628541028917
48201311002,-0.8685495328535685
48201212500,-1.6045782825974655
48201233600,-0.7165601435075394
48201311400,-1.1569490591102718
48201324200,-0.7257108888905307
48201233703,-0.9025866390334063
48201233701,-1.0868573268741817
48201233702,-1.025247842209747
48201233502,-1.1878095820974022
48201233400,-0.6075856162549533
48201233501,-1.1631240644137282
48201232703,-0.589084238858309
48201233300,-1.0701872130564745
48201324102,-0.5625805499449028
48201322800,-0.989759541108409
48201322900,-0.8102620092716686
48201323000,-0.46763986236866856
48201323300,-0.594778036543613
48201322100,-0.7353985155789481
48201324101,-0.9112940165892076
48201322200,-0.5168628320463253
48201322000,-0.4206064590780306
48201321900,-1.018868567168489
48201320500,-0.9924753105463429
48201321800,-1.605404940576781
48201321600,-1.0696557055892064
48201321401,-1.387418915801872
48201321700,-1.0866567563402498
48201320700,-1.6018642557225125
48201320800,-1.7889957605579268
48201320901,-0.7706948892069979
48201320902,-0.8378036297778049
48201321402,-1.8582484190421016
48201321301,-0.5972002004809327
48201321500,-1.1760690323896412
48201323400,-0.629184334495217
48201323500,-0.45432837039606716
48201323801,-1.285051044957399
48201323601,-1.3726181681494531
48201323602,-0.9181799602501173
48201321200,-1.0233121158733938
48201321302,-0.6153909160782284
48201321102,-1.0166470245069652
48201321101,-0.6573219519310599
48201340102,-0.802776939816707
48201350500,-1.0493260103125739
48201350400,-1.0373923926620146
48201334002,-0.6925954115822182
48201334003,-1.0513060426639191
48201350300,-1.177334970464426
48201350201,-1.2793375960024855
48201350202,-1.571032939973525
48201333904,-1.1217152521803146
48201333903,-0.9320764625943797
48201334001,-0.7981521025206599
48201321001,-0.928284497369098
48201321002,-1.1599404038219552
48201333301,-1.203735159066315
48201333302,-1.6852684576291759
48201333905,-1.0151650494424405
48201333802,-1.7831239579861407
48201980000,-1.198135478190832
48201333700,-1.451998844741656
48201333801,-0.9068087330903896
48039660504,-0.49086866776544635
48039660401,-0.5776039932487939
48201333906,-0.6959765038074931
48201350104,-0.8754648121817038
48039660403,-0.6299381919622405
48039660301,-0.9726395757415607
48039660402,-0.43147224446360266
48039660503,-0.9185157958646776
48039660502,-0.36433553350502856
48039660804,-0.5066452616752871
48039660806,-0.6075290069147218
48039660805,-0.5664971596199605
48039660902,-0.3734863373323828
48039660302,-0.5286302495891573
48039660303,-0.5498141767612356
48039660100,-0.6376425138071419
48201350103,-0.5261268688051106
48201350102,-0.5143893002062322
48201350101,-0.6812530967205235
48201350604,-0.7120904991790903
48201350700,-0.594706535371545
48167720100,-0.6003730695865531
48167720301,-0.6288439224806927
48167720302,-0.571132689558242
48167720400,-0.9501717969380764
48039660200,-0.14062093406661075
48039660901,0.09401791789402598
48039661000,-0.109845345716593
48039661300,-0.7259843666019268
48039661502,-0.32918403115407024
48039661400,-0.4935942475741274
48039661200,-0.6503809178564056
48039661100,-0.4963252268770838
48039661601,-0.3744127870648789
48039661602,-0.1866017662280725
48039661800,-0.22116953452944102
48039661501,-0.3153402091005034
48039660708,-0.6463148666163825
48039660615,-0.6952530943552022
48039660614,-0.4194398077450368
48157674505,-1.3009014932592002
48157674506,-1.4439095350102886
48039661902,-0.9116539178081225
48157674504,-1.3546262864436616
48157674503,-1.0004834697575162
48157675503,-0.42586318754652563
48157675600,-0.10345231270189932
48039661901,-0.3096758555021793
48039662100,-0.3906066423121136
48039662000,-0.08572526264693217
48039662900,-0.3550945753062177
48039662600,-0.30712400742644946
48039662800,-0.16271318313535885
48039663000,-0.26013165989087944
48039662500,-0.22781789941804206
48039663100,-0.5022644559993248
48039663200,-0.8614956202744333
48039663400,-0.9991078815349592
48039663300,-1.0302501602598357
48039663600,-0.7094599382631492
48039663500,-0.6382394153121829
48039663800,-0.550775063105444
48039663700,-0.5265052377280899
48039663900,-0.5268928195400847
48039664000,-0.2931632456921483
48039662300,-0.6575630764445826
48039662200,-0.3298116917612911
48039662400,-0.16909469227068985
48039661700,0.0721852252697598
48039664200,-0.38335587448444225
48039664100,-0.22668625731707745
48167723505,-0.18125151201422782
48167723504,-0.5502675544868177
48167723503,-0.2609049351352243
48167723401,-0.15628120755664654
48167723403,-0.5209586093467666
48167723402,-0.28437285296164694
48167720605,-1.0852020008152974
48167720505,-0.7016727552407578
48167720504,-0.9892321935456723
48167720506,-0.5913147157174572
48201350804,-0.8714498131369375
48167720501,-0.5978057068227196
48167720509,-0.17439709925948915
48167720510,-0.556165591085799
48167720508,-0.4895187316280273
48167720512,-0.43962521166841206
48167720507,-0.5179304242990155
48167720602,-0.5193095383540373
48167720703,-0.31300439303754996
48167720604,-0.4800299048577988
48167720511,-0.735802978159942
48167720702,-0.44125017574592673
48167720701,-0.5282023557067534
48167721204,-0.45664146106906056
48167721206,-0.25323030664702784
48167721209,-0.33770584448792934
48167721203,-0.47856745595114975
48167721101,-0.9666786518887209
48167720800,-0.6282695927895244
48167720900,-0.5378544708288078
48167720601,-0.4213891334039837
48167720603,-0.30130649245086005
48167723300,-0.35076684826633564
48167721901,-0.4641079089272273
48039990000,-0.4573950812742845
48039664300,-0.5894088046732111
48039664400,-0.9998633531943977
48039664501,-0.14761959147380554
48321730503,0.02837725764962963
48321730303,-0.12443271208893004
48321730301,-0.7800197247760432
48321730302,-0.17003177705667888
48321730400,-0.5256873065927015
48321730700,-0.037606029103367605
48321730502,-0.010689373029323128
48321730600,-0.08585373172020475
48321990000,-0.04826751069057478
48057990000,0.23476033281451714
48057000502,-0.29735699157644363
48057000402,-0.47767871250591865
48057000200,-1.0336013065437573
48057000100,-0.7920369657988401
48057000401,-0.47026880145333666
48057000501,-0.35477330366941034
48057000300,-0.507330219039507
48239950100,-0.13802002115447157
48239950300,-0.07298608484775496
48469000800,-0.09527178147201315
48239950200,-0.23561079913324603
48285000100,-0.15901269543097196
48089750200,-0.08683160431263143
48481740901,-0.6628605611378869
48481740902,-0.957058506795476
48481741100,-0.3219909456833021
48481741000,-0.5888743528620213
48481740800,-0.7284721743743455
48481740700,-0.5521910987863992
48321730100,-0.2687029515635346
48321730204,-0.932685492958369
48321730203,-0.19416950648097714
48321730202,-0.13749054478712489
48039662700,-0.09228581568047928
48481740600,-0.2500526032501906
48157675701,-0.21937945547285018
48157675702,-0.27067500690547214
48157675501,-1.004210617620641
48157675401,-0.9198188249714568
48481740500,-0.38520058095781173
48481740400,-0.5891753823512
48481740200,-0.6039234766115704
48481740300,-0.5575115506208328
48481740100,-0.33438488574526914
48015760100,-0.08726975312954803
48015760202,-0.3761385750774223
48157675800,-0.28539559407045445
48157673300,-0.548638868137779
48157675402,-0.6286182619751761
48157675300,-1.0111242951612738
48157675000,-0.8834483216987995
48157675200,-0.8736004880713869
48157675502,-0.841397795525287
48157674702,-0.7971553045134795
48157675101,-0.8126868029460399
48157675102,-0.6510418006473914
48157674800,-0.8223355518693533
48157673401,-0.6026873120077044
48157674900,-0.4664041482975956
48157673600,-0.5581615352976987
48157673502,-0.7401392249873637
48157673501,-0.9501061631351371
48157673402,-0.8794861354717376
48157673109,-0.7602230599817097
48157673104,-0.7893276505582447
48157673403,-0.6204760481386647
48157673404,-0.7256998288672398
48157672903,-0.9599343811452881
48157672906,-0.7700107449157774
48157672902,-0.6197033325628394
48157673106,-0.7485145026288492
48157673008,-0.8922544368203964
48157673010,-0.6079764599758594
48157673009,-0.6964110989796518
48157673006,-1.0402872072510088
48157673004,-0.9763900313038203
48201454902,-1.0906130753073204
48201454901,-1.1665058684223648
48201454700,-1.2987247828286623
48201454801,-0.9634982208594487
48201454802,-1.2238841880067912
48201455104,-0.8669900780593192
48201455102,-0.8032070139580968
48201455103,-0.8380101726887766
48201455000,-0.735581094510938
48157673005,-0.9481962751087529
48157673107,-0.7804078143142019
48201455300,-0.8685227617186361
48157673103,-0.811751233353694
48157673113,-0.6510733563062325
48157673105,-0.6716232403054757
48157673112,-0.734832465893507
48157673110,-1.1076174000852994
48157673111,-0.605509629224159
48157673108,-0.7970656298983535
48157673201,-0.8793352774343418
48157673202,-1.2010509585702298
48473680202,-1.2929420351894418
48473680100,-0.9789307047580534
48201542800,-1.0164607867958029
48201542902,-0.9517859093291023
48201542700,-0.9932937665614394
48201542600,-0.8868109520228079
48201542500,-1.4387850653095595
48201455200,-1.3041482656576133
48201454600,-1.3147915435667252
48201542402,-1.4941516017862746
48201542401,-0.9420198110875034
48201542305,-0.6160046904721529
48201542302,-0.8873336627825552
48201542303,-0.8523279430910751
48201542304,-0.8255057943909785
48201542901,-1.189035649572738
48201542202,-0.8481180490948029
48201542203,-0.6998117803382605
48201542201,-0.7890036687847217
48201543004,-1.025336742870435
48201543005,-1.1221646571988773
48201555703,-0.8409326798145298
48201555701,-0.9136156037694835
48201555704,-0.6569152019446536
48201543100,-2.020058558137129
48473680302,-1.1947979071413886
48473680501,-0.6182502460070619
48473680201,-0.9969792479865234
48015760201,-0.512558321681919
48015760301,-0.2945399764149707
48015760502,-0.1543750576925038
48015760501,-0.13781109695719057
48015760400,-0.13531825922506557
48089750400,-0.1685620630664251
48015760302,-0.35260011904334243
48089750100,-0.21922135327257927
48089750500,-0.2680008213367078
48089750300,-0.23589586122397022
48149970700,-0.1555801573020871
48149970200,-0.1937663094442766
48149970301,-0.46585201588380226
48149970302,-0.591185495845585
48149970400,-0.2087369604713182
48021950700,-0.5793420345862631
48021950601,-0.002254394017220438
48149970500,-0.07823899105097287
48285000300,-0.25763570594078816
48149970602,-0.30037181000180313
48149970601,-0.2774006039221329
48285000200,-0.26176247346378
48285000500,-0.2255034045427262
48123970100,-0.4491640238498075
48123970300,-0.28002373810445685
48123970201,-0.4774124219377647
48285000600,-0.9096282639055301
48285000400,-0.004199149723232531
48177000300,-0.9719617039475715
48177000400,-0.9018372006468812
48177000600,0.005337439601035259
48123970202,-0.283403533682471
48123970500,-0.5440691614431592
48177000500,-0.0515388604714962
48187210905,0.19783205372437065
48187210903,0.17023735902483328
48187210506,0.020636741182159385
48055960701,-0.3397562912177571
48055960702,-0.4212928529390071
48177000200,-0.048667487762854206
48177000100,-0.015674452665545065
48055960600,0.03902411528925486
48055960102,-0.1559398814723669
48021950806,0.02427717263232715
48021950302,-0.3931994703077494
48021950804,-0.1871560984486407
48055960103,-0.22957558871766354
48055960200,-0.6561089492422044
48055960300,-0.7905210323359746
48055960400,-0.6301448967835238
48055960502,-0.18124276339801323
48055960501,-0.14415594732418327
48209010918,-1.0991522250695454
48209010917,-0.9706168795331589
48055960104,-0.6519430946731634
48209010921,-0.8314383265641003
48209010920,-0.7183931541069101
48209010919,-1.0432448660681504
48209010916,-0.9010197822288143
48209010924,-1.0395744528660915
48209010925,-1.1186645893100466
48209010909,-1.1439360434616295
48209010306,-0.8023634676563032
48209010309,-0.7535509355807231
48209010702,-0.4349116957562138
48209010704,-0.2591923046086203
48209010905,-0.9309140210364809
48209010812,-0.3365980276505566
48209010814,-0.3963537570137886
48209010810,-0.4015686893156597
48209010602,-1.2494896349635238
48209010603,-0.7374809253927364
48091310905,-0.33521511125603864
48091310903,-0.49543161793011375
48209010402,-0.8253988415339364
48209010500,-1.0764882554753465
48209010601,-0.762147999697665
48209010703,-0.24812133321936927
48209010200,-0.3171131429252671
48209010100,-0.5875651093657691
48209010401,-0.5555157302931735
48209010302,-0.5377391474336456
48209010307,-0.7297694736494357
48209010308,-0.6305112932662981
48209010305,-0.375164308604554
48187210505,-0.5214518050222312
48187210508,-0.6421461774753536
48187210511,-0.3603927110069774
48187210902,-0.5749967652985312
48187210400,-1.1393725624891633
48187210300,-1.0992544327870866
48187210806,-0.738766759267194
48187210805,-0.9593228973407981
48187210512,-0.9030960112934218
48187210200,-1.1504144576954436
48187210100,-1.3146160520362795
48187210606,-0.4766496531529214
48187210513,-0.6364416530534711
48187210804,-0.5898654689372628
48187210603,-0.3191847678549506
48187210608,-0.6762637781044982
48187210611,-0.8438800219884861
48091310405,-0.5168917460631927
48091310401,-0.9155511117918093
48091310100,-1.087166767191671
48091310404,-0.5390924997445459
48091310501,-0.8151999089366652
48091310502,-0.745230051455021
48187210609,-0.2893337733854574
48187210610,-0.46543586032436957
48187210510,-0.7053363866090098
48187210509,-0.6336821364291477
48091310904,-0.8120226809870758
48091310503,-1.0348292507020143
48091310200,-0.7899971157722343
48091310302,-0.907466236924289
48091310707,-0.5520066980774685
48091310803,-0.7583102424958954
48091310301,-0.8957122534829026
48091310406,-0.7003989079643498
48187210612,-0.6924170828461133
48187210718,-0.7070729884870298
48187210717,-0.5856356166575893
48187210705,-0.5781732984595501
48187210715,-0.5292154096483801
48187210716,-0.4940882261235534
48187210710,-0.5181999060013608
48187210711,-0.6161620263365926
48187210713,-0.4786475585257756
48187210712,-0.5725137521567251
48187210613,-0.5570364684722512
48187210614,-0.6459677252922034
48091310804,-0.6269193904571484
48029121909,-0.8960985031938922
48187210707,-0.47109054916628645
48187210709,-0.6536118584897337
48029121701,-0.74565776984842
48187210706,-0.808967800630621
48029131700,-0.8009425074899796
48029131608,-0.6139071063477834
48029121601,-0.7646166820373841
48029121604,-0.59766865924835
48029121505,-0.43386303786306757
48029121605,-0.5023281224506293
48029121606,-0.6123881470777456
48029121702,-0.5229701498607208
48029121802,-0.6700662952597976
48029121804,-0.46643165945857035
48029121803,-0.5053649420214225
48029121501,-0.5214866178501624
48029121507,-0.4481832986238034
48029121504,-0.4610485048273401
48029121203,-0.696150706117289
48029121300,-0.8049059212648775
48029121205,-1.1302512481953382
48029121206,-0.5416847912684454
48029121809,-0.45210329371106706
48029121111,-0.5006877141560444
48029121810,-0.6693146206778857
48029121811,-0.534865388781217
48029121808,-0.48770639483337896
48029121812,-0.8456442745098132
48029121813,-0.7762768707254011
48029121910,-1.193474085757586
48029121912,-1.227847666788901
48091310801,-0.9046194899854734
48091310708,-0.5041759203654376
48029121908,-0.6626360183966421
48091310703,-0.6071408767028148
48091310610,-0.3150773181581257
48091310608,-0.4218163861575989
48091310901,-0.5385077008705972
48091310614,-0.17326856766836068
48091310611,-0.26961390927619855
48091310612,-0.18970713246204998
48091310613,-0.3413348207942682
48091310604,-0.4143354736276632
48209010813,-0.3474219723269624
48209010811,-0.3632507878798149
48091310603,-0.3523122801609934
48091310609,-0.39560022008972884
48091310702,-0.4311768041233587
48259970403,-0.40647826414590926
48091310706,-0.39832454223196556
48259970406,-0.5219160840078106
48259970102,-0.06874388739655193
48259970101,-0.11014096353297102
48259970302,-0.15660675606982968
48259970301,-0.3014290666278462
48259970404,-0.47412650183208493
48259970500,-0.7543241759274023
48259970405,-0.6189248628669887
48029182103,-0.34325334537580493
48019000104,-0.09666919358297572
48019000302,-0.05403873340213218
48019000400,-0.30184088331259706
48325000104,-0.06664005166269703
48029980005,-0.9389512205438854
48029182105,-1.1721852939228041
48029181724,-0.6153253161628062
48029182106,-0.8005647579032128
48029181729,-0.9334919105698115
48029181726,-0.6698671580360689
48029181723,-0.574066349426612
48029181718,-0.5856481807557156
48029181703,-0.6821706852117396
48029181720,-0.5879247099118432
48029181721,-0.5419527644240416
48029182001,-1.0358096525079183
48029181825,-0.7590448979307955
48029181826,-0.49423376401913555
48029181824,-0.749789166180078
48029181823,-0.9467965036249103
48029181809,-0.5565352536509499
48029181821,-0.5286408404848097
48029181811,-0.6824927181164206
48029181822,-0.5787822192340973
48029181818,-0.7445140765882725
48029181808,-0.6855515671744186
48029181403,-0.1075245029650012
48029181404,-0.865373398241301
48029181003,-0.4989073032047176
48029181100,-0.46555418112960945
48029181302,-0.5761562513524413
48029181303,-0.6711563328163671
48029181813,-0.28387292378873774
48029181301,-0.5224256011959983
48029191505,-0.6979788964578756
48029191503,-0.5897434032899175
48029181814,-1.0727311335588645
48029181815,-0.5104235212491119
48029181816,-0.5376777208050239
48029181819,-0.710825935381828
48029181820,-0.7251439273395028
48029191504,-0.7930477240775619
48029191807,-1.1247718482391988
48029181901,-1.2224745171329519
48029182003,-1.0367188991469525
48029182002,-0.8752299968646768
48029181902,-1.036883091372199
48029182102,-0.9124258306636699
48029182101,-0.8392382612415674
48029980001,-0.8032100260760757
48029191811,-0.9848941486572567
48029191813,-1.1248799384415833
48029191812,-1.4131921702754884
48029191809,-0.9946133974093768
48029191804,-1.0909753364132582
48091310705,-0.8708005051943206
48029191814,-1.0609251457716078
48029191810,-1.2855789470210188
48029191808,-1.7253889297206024
48029121905,-1.354098229091344
48029121911,-1.1724328509433355
48029121904,-1.4373893529496768
48029121903,-1.1342931272953447
48029121110,-0.5142079025028873
48029121121,-0.44408745274943096
48029121118,-0.7225423074580851
48029121117,-0.4726622753326694
48029121116,-0.346668236385736
48029191818,-1.660684882109866
48029121906,-1.1744750923685372
48029191819,-1.8049775292872743
48029191816,-1.2161367981559317
48029191815,-1.103473030920572
48029191806,-1.1509979294346
48029191412,-0.8343096034820728
48029191406,-0.9150115686687401
48029191702,-0.7038621232249315
48029191701,-0.6930326852630697
48029192300,-0.7644606118436672
48029191410,-0.49561405310044077
48029191411,-0.6372242450149554
48029191413,-0.6584218032328425
48029191405,-0.8058283529345156
48029191506,-0.793433248111457
48029191408,-0.20292582732544293
48029191409,-0.27291689072717423
48029181200,-0.5786165854426559
48029191101,-0.817900999775113
48029191202,-0.6995964120390579
48029191201,-0.3787740318463419
48029191304,-0.6038353419557151
48029121000,-0.7736886876669907
48029980004,-0.6984724880159827
48029191303,-0.6621317328184809
48029121123,-0.460307745155138
48029121124,-0.33341499053804335
48029121115,-0.4290659260016172
48029121119,-0.4334972774420571
48029121120,-0.3922771031090505
48029121122,-0.3107441145363199
48029121112,-0.5189897776698446
48029120901,-0.6134661770479174
48029121204,-0.645617116865375
48029120902,-0.8116638595212164
48029120502,-0.9067945461982725
48029120601,-1.2111645519929164
48029120503,-0.8803344900958018
48029120100,-0.7777003267582481
48029120401,-0.3699929047286066
48029120402,-0.925819596902285
48029192000,-0.7140425296597771
48029120302,-1.0365419194502041
48029120301,-0.834308419080577
48029120602,-0.5740242468593965
48029120800,-1.013193770842315
48029120701,-0.652141514740014
48029120702,-0.8730889922469554
48029190902,-0.8187251552705954
48029191005,-0.9161849567593736
48029191004,-0.8628608298242901
48029190901,-0.8403506029259742
48029191102,-0.9711678284855717
48029191003,-0.753370190637541
48029181001,-0.4702322364118139
48029180902,-0.9235591050715953
48029180901,-0.7275969676056424
48029191006,-1.1068188068805238
48029190604,-1.3148843398367347
48029190601,-1.5578155215499465
48029180201,-1.3508747495262563
48029180202,-1.1924154281961434
48029180102,-0.9709786482584357
48029180101,-1.2161901462178433
48029170500,-1.0934923306524573
48029190501,-0.8304148662269464
48029190503,-1.029005062806802
48029190504,-0.8743118965127286
48029190603,-1.1110499735207755
48029190700,-0.7859426359118052
48029190800,-0.7135169404722518
48029190400,-0.6094980277297469
48029190200,-0.8499385633186178
48029111100,-0.8262831239413695
48029110100,-0.9256796829847335
48029110500,-0.44364099992336475
48029110600,-0.7656816963547648
48029110700,-0.6611938881995132
48029190100,-0.8253156881057101
48029170101,-0.6728178898187515
48029170402,-1.5281274493069599
48029170401,-1.4178249540431347
48029170300,-1.0482257764996423
48029170200,-1.4727598734768754
48029170102,-0.6196190498036962
48029160200,-0.6890737533305752
48029160100,-0.8820646321156413
48029160501,-0.6314731275305481
48029160502,-0.5042055742827811
48029160400,-0.6488148507338358
48029160300,-1.3332366120276231
48029150400,-1.0940060857035465
48029150300,-0.5057799385064181
48029150100,-0.4993761372772534
48029192100,-0.7747905751422518
48029110300,-0.770345909209959
48029140100,-0.7352996244914304
48029140200,-0.46258082074307005
48029140300,-0.6043717836501483
48029140400,-1.3249846149439972
48029140700,-1.2423140873832441
48029140500,-1.5781344945017475
48029130401,-0.947778095879158
48029130300,-1.115216268774413
48029130200,-0.8859060156909169
48029191900,-0.9674294943669661
48029111000,-0.6902276307807116
48029130700,-0.6580390084487578
48029130600,-1.2455765590457006
48029130500,-1.1880360673331236
48029130800,-0.5810487504896644
48029131100,-0.5917941899737024
48029130402,-0.6340875073287536
48029140600,-0.756806116647881
48029131200,-0.4093514926965437
48029141300,-0.8359978865267254
48029141404,-1.1093679792842326
48029141403,-0.7637601475989937
48029141200,-0.957167994720551
48029141000,-0.7651173590653354
48029140900,-0.912510376893405
48029140800,-0.8132644372583091
48029150800,-0.8832463885045359
48029141101,-0.8317939230912861
48029141102,-0.5978120711367437
48029192200,-0.9550567189758216
48029141600,-0.6746034378806628
48029141402,-0.7803857177294814
48029151900,-0.8187535235805338
48029152000,-1.4802726878383567
48029151200,-0.7634621445203004
48029151301,-1.080179170917037
48029151302,-0.7268178215964514
48029151700,-1.2149610336442977
48029151600,-0.9498943555456522
48029151400,-1.8909734072086641
48029151000,-1.066197233106337
48029151500,-0.7131249141259437
48029150900,-1.1135387510814279
48029150700,-0.6223668517206272
48029150600,-0.7451786009717851
48029150501,-1.3550009903216207
48029150502,-1.3651121686060315
48029151100,-1.702059947838949
48029980002,-0.09694310813204197
48029160902,-0.6803717813872091
48029160901,-0.9086301374060004
48029980100,-0.6865963224416191
48029161501,-0.5931160389035421
48029161100,-0.5511660830797058
48029161304,-0.412984722093813
48029161303,-0.23530988936756023
48029161302,-0.39234521782187887
48029161000,-0.7682173700453451
48029161200,-1.0987182473147086
48029162001,-0.8089727036962703
48029161503,-0.7414268434762316
48029161504,-0.46848567575884237
48029161802,-0.5273915268130496
48029980003,-0.11750926658844962
48029161801,-0.6235906787607411
48029171903,-0.7044954818171548
48029171920,-0.4019135744408979
48029171913,-0.5194762644661917
48029171914,-0.6216287687815438
48029171927,-1.056665003247167
48029171926,-1.299575007368985
48029171700,-1.0092495846520584
48029171601,-0.4470011245039111
48029171801,-0.4380317790429976
48029171802,-0.5814227142403984
48029161600,-0.7240948573131913
48029161400,-0.6673541727582907
48029171501,-0.9044907233757236
48029160702,-0.47168525040663145
48029160600,-0.756491624572099
48029160701,-0.7123056753370032
48029171100,-0.6564106663890299
48029171000,-1.3731345807653716
48029170900,-0.901442656465377
48029170800,-0.8708342508253655
48029170700,-1.0243499129480331
48029171301,-0.6893855818074994
48029171200,-0.6504285265459635
48029171402,-0.6449183045821473
48029171401,-0.541320903935622
48029171502,-0.9171864938841391
48029171602,-0.6411357504158344
48029181601,-0.6647581316523873
48029180501,-0.5100139189787717
48029180503,-0.38813280581328846
48029180504,-0.6002213164400424
48029180400,-0.655646660233834
48029171302,-0.6941277546838787
48029170600,-1.0830069756516836
48029180300,-0.7220767040873768
48029180602,-0.5766707464527205
48029180604,-0.9634011980431436
48029180800,-0.5126612885725348
48029181005,-0.0950746444057497
48029181004,-0.4661981910547908
48029180701,-1.0368854542933186
48029181402,-1.5564971639418652
48029181504,-0.4870651702106289
48029180702,-0.7437452580122621
48029180603,-0.45752952176948614
48029181506,-0.6340299078599854
48029181505,-0.5816472340342022
48029181503,-0.5051227977035918
48029181817,-0.5325291052949629
48029181704,-0.5302280667659616
48029181705,-0.6431470000270969
48029181602,-0.8554732365771236
48029181727,-0.5108200657934976
48029181725,-0.5788059100991222
48029171928,-0.6696243966008925
48029171923,-0.8319023645021448
48029171929,-0.49718392886339646
48029171924,-0.9931308038486576
48029181730,-0.5146402266084803
48029181713,-0.42540438080313026
48029181712,-0.4158956497350199
48029181711,-0.5203812514903872
48029181731,-0.5340557089017739
48029181722,-0.572637595689077
48029181716,-0.6161336190575979
48029181715,-0.41169054100299096
48029181732,-0.5135452788449733
48029181733,-0.5866029433045997
48029172005,-0.7259445462558739
48029172008,-1.0563227353290503
48029171912,-0.9874306343774343
48029171918,-1.057096627689185
48029171917,-0.7636936595614927
48029171916,-0.6317185635163601
48029171915,-0.3474997871330446
48029171922,-0.3875899243554454
48029171919,-0.3803105983944375
48029171921,-0.5932064552710435
48029172003,-0.6331780755814196
48029172009,-0.8421344848690673
48029172002,-1.1746522677762374
48029172006,-1.379991175497918
48029172004,-1.327035596710794
48325000103,-0.2610514274116317
48325000101,-0.3718759151066804
48325000402,-0.14789956009743888
48029161901,-0.5076760807999672
48029161902,-1.0927920888935587
48029162004,-0.3572033378952246
48013960204,-0.13017716519792702
48013960203,-0.4165957069186188
48325000802,-0.3986810996003832
48325000401,-0.054025652099208725
48013960205,-0.16695575497265203
48013960300,-0.44913547353904243
48013960206,-0.12733096132378027
48029162003,-0.09530002221809834
48029152100,-0.06269618593472744
48029152201,-0.5438832858628904
48013960401,-0.2671267451198232
48013960404,-0.4458013435910096
48013960101,-0.43745348526219685
48493000202,0.0010586394079800073
48493000300,-0.4200200613233938
48493000404,0.023124376058348762
48493000201,-0.016752934971746014
48029152202,-0.1345812260966537
48029141800,-0.6980033330267315
48029141900,-0.5216418453128309
48029131401,-1.0598182243672838
48029141700,-1.0587158356570994
48029131300,-0.9995443626520385
48029131000,-0.7349135238965794
48029131402,-0.8794037931555435
48029131506,-0.7124730235075598
48029131504,-0.5274614028207059
48029130900,-0.5616853774996834
48029131503,-0.46276461844447714
48029121404,-0.64121615559802
48029120504,-0.6256981285361596
48029121403,-1.1326108871693172
48029121402,-0.8078211558045736
48029121508,-0.48091998722600243
48029131615,-0.643056859505651
48029131507,-0.30304691208187484
48029131505,-0.26213448556050883
48029131612,-0.7225155082137393
48029131614,-0.5956716913681859
48029131616,-0.6718868589459851
48029121506,-0.30818550293653957
48029131609,-0.4466257126963129
48029131610,-0.3066392034470487
48029131606,-0.8058684224916444
48029131802,-1.2601707472258186
48029131601,-1.1194062179850928
48029131801,-0.4442353769150985
48493000103,0.08588163679343233
48493000405,-0.19711150176169354
48493000406,-0.2358392489690445
48493000102,-0.10177226863022021
48493000104,0.10050440759910184
48187210803,-0.3539571374240936
48187210904,-0.04139878536421714
48493000500,-0.23400993032205475
48493000402,0.07250387933897666
48493000600,-0.08884129309421003
48255970100,-0.3582300655215651
48255970200,-0.7407067306407588
48255970302,-0.6759184795865677
48025950100,0.2058505310098551
48297950100,0.010962636413700242
48013960102,0.032495411865117285
48013960403,-0.4966320001024623
48013960602,0.04718857083955902
48013960601,-0.40787389516024075
48013960500,0.011097558238262426
48311950100,0.3387888031403155
48297950300,0.05090498282347794
48297950200,-0.7082207970523897
48297950400,-0.1937226057145986
48249950102,0.01969881874046838
48409011200,-0.17483599419070528
48409011300,-0.6006059142772663
48409011100,-0.41217575874715745
48409010900,-0.3740187311540132
48409011000,-0.6249419009684035
48409010700,-0.47857569414147344
48409010800,-0.7916486309943593
48025950201,0.1543723920742434
48025950501,-0.7026364108679299
48025950600,0.1539163598199122
48025950203,-0.16547153060542125
48025950502,-0.5220621760942196
48025950400,-0.9421562523626195
48025950300,-0.9272645675382154
48025950204,-0.18966799528076175
48255970301,-0.46114414398579245
48255970400,-0.6051212097184716
48123970400,-0.5413813483382481
48175960100,-0.20232579686847774
48175960200,-0.21106289934298048
48469001501,-0.3870128033657941
48469001401,-0.39935074578297697
48469001402,-0.15739440246156344
48469000302,-0.5048917973272369
48469000301,-1.0068692222165407
48469000201,-1.32336784153071
48469000601,-1.767593272406078
48469000602,-0.9600489194533751
48469000202,-0.6738181499243721
48469001605,-0.5565465854930769
48469001608,-0.7541235099837975
48469001604,-0.6141891060473553
48469000502,-0.7758181676656699
48469001601,-0.8051054976547226
48469001503,-0.6975974510531942
48469000501,-0.8045490531404162
48469000100,-1.6688420446139842
48469000400,-0.9143028753801214
48469001504,-0.8451962276990844
48469001607,-0.3927174066283124
48469980000,-0.7220252788126587
48469000700,-0.4741416353124355
48469001700,-0.11165403844897734
48469001300,-0.15838411868071836
48391950200,-0.2784623703300596
48391950400,-0.08045539459329343
48007950501,-0.15785202446401664
48007950103,-0.5351519253763374
48007950400,-1.0429709237601343
48007950503,-0.3861803268527552
48007950200,-0.7117871897161194
48007950301,-0.8737054405627035
48007950302,-0.4095891449737589
48007950102,-0.401723096812866
48007950101,-0.45865003938945914
48007990000,-0.5615244398518481
48355005104,-0.6362904125006643
48007950502,-0.5343055250611579
48355005103,-1.0514775704961374
48409010302,-0.5805634991178987
48409010301,-0.6026089448459914
48409010201,-0.6647405899580567
48409010202,-0.7126318812763234
48409010500,-0.6620035299603491
48409010602,-0.844447063686856
48409010603,-0.6731947947360833
48409010604,-0.9253614813009288
48355006205,-0.750860485618274
48355002706,-0.21941337858938714
48355002708,-0.5797427280950462
48355003003,-0.18749298169331005
48355002900,-0.36594300102442956
48355990000,-1.014214420362481
48355006203,-0.721378132295741
48355006204,-0.8171463991140615
48355003004,-0.45820258700665717
48355003002,-0.5888256550666998
48355003202,-0.4997522777221045
48355003102,-0.5512351381501689
48355003101,-0.5291663515231452
48355006202,-0.845327290716117
48355006201,-0.8412844339174034
48273990000,0.14618562479338018
48261990000,0.009875093675140428
48261950100,0.45206240584584734
48273020501,-0.5287308678979575
48273020401,-0.4079386341404267
48273020502,-1.1927082604875552
48273020200,-1.266433794525111
48355006100,-1.0235579076339567
48355006000,-0.6407453696018901
48273020101,-0.15103100998290214
48355005404,-0.6745337523749203
48355005415,-0.5829967841069132
48355005414,-0.5379706623277295
48355005417,-0.8023180212911722
48355005416,-0.6431977596772085
48355005412,-0.6434169448504274
48355005406,-0.7372860420145143
48355980000,-0.9239566194799067
48355000800,-0.46284443485186005
48355001702,-0.6595384109046223
48355001802,-0.4572452722667554
48355001906,-0.42601990455297095
48355001905,-0.3658881893764915
48355001903,-0.6077653887486607
48355002301,-0.7155094472765035
48355002303,-0.6801624559959335
48355002304,-0.5353260236502876
48355005409,-0.6275617172500576
48355005407,-0.39477690708418484
48355005408,-0.44239407897454724
48355005410,-0.5230358180969154
48355005411,-0.5816375426671156
48355003402,-0.5796623094367122
48355003304,-0.6268014320447045
48355003303,-0.6712146352210926
48355003305,-0.5476425104421934
48355003306,-0.5262688641656846
48355005413,-0.516745245480859
48355003204,-0.5045538555428659
48355003205,-0.6053892393363065
48355002707,-0.6579637477594233
48355002703,-0.7400796124445298
48355003206,-0.6055525945426516
48355002705,-0.8536595040678006
48355002601,-0.2960985714269926
48355002500,-0.8186908443758489
48355002603,-0.6822015106164979
48355002602,-0.7801148961089099
48355002400,-0.8827708539704219
48355003401,-0.5779333921896028
48355002200,-0.6631827928623792
48355002101,-0.7846666244272374
48355001400,-1.1237433046492626
48355002102,-0.8669948672493084
48355001202,-1.3882961389008541
48355001201,-0.8611431731342469
48355006400,-1.0770410502958647
48355001100,-0.44287758407199734
48355000500,-1.3027413341257759
48355000602,-0.7594434827974751
48355000601,-0.4245019284290602
48355000900,-1.1596733092783091
48355001000,-1.0687480954963495
48355001300,-1.0243003945525864
48355001500,-0.5781293576667274
48355002001,-0.7361993328138229
48355002002,-0.7902523837113284
48355001904,-0.8230709664701915
48355001801,-0.6630743516441081
48355001602,-0.8629236826734064
48355001601,-0.6366725141635934
48355001704,-0.5898987041818405
48355001703,-0.7444976604053919
48355000700,-0.5922499197421908
48355006300,-0.618440361352868
48409010601,-0.9085692816645781
48355003500,-0.45825586650526984
48355003603,-0.5725304109224517
48355003602,-0.5765218939717669
48355003601,-0.5684148828279841
48355005801,-0.47075787563072097
48355005804,-0.6870694308691113
48355005603,-0.751237587256332
48355003700,-0.5475600792046595
48355005604,-0.7601833569245676
48355005606,-0.718872503015168
48355005605,-1.0763549641477985
48355005900,-0.4797071271378684
48355005803,-0.18576853902723128
48249950101,0.24868459180298014
48249950303,-0.6350488660783753
48249950302,-0.6973125536924378
48249950400,-0.8772353773248854
48249950201,-0.22868455078378866
48249950500,-0.4975305889766558
48249950600,-1.0117468497102982
48249950301,-0.575399126880476
48273020301,-0.9634915077376225
48273020302,-1.265448519014574
48273020402,-1.2323222982484858
48273020102,-0.10597995434452129
48249950202,-0.16532679306704007
48131950100,0.31122377267079937
48131950200,0.4115799545823287
48131950500,0.2676453567059469
48247950200,-0.7818902515348726
48247950400,-0.05202939894921647
48047950100,0.10202402852830403
48249950700,0.2187768559163524
48047950200,-0.679635619371584
48215024302,-0.3253108486328313
48215023523,-0.43836079534489336
48215023530,-0.3708285872803201
48215024301,0.21697512360945737
48215023516,-0.5322392347940513
48215023517,-0.42634887282031747
48215024120,0.011476827697159363
48215024121,-0.10574949891103963
48427950104,-0.451668801726807
48427950105,-0.47127472217402405
48427950601,-0.5774769337602096
48427950602,-0.6303307442119925
48427950500,-0.6812859366234644
48427950108,-0.3247046679885306
48427950402,-0.07970961158447647
48427950101,0.23004493679875476
48215024212,-0.11645995333112966
48215024211,-0.6222604428637978
48215024206,-0.8564088788674259
48215024210,-0.8459900801461162
48215024208,-0.927391506064366
48215024209,-0.6021325019636486
48215024207,-0.8104525895275433
48215024204,-0.8401685961400732
48427950404,-0.8706195307827952
48427950403,-0.2705087233686438
48427950106,-0.34149379729444274
48427950107,-0.5027107699124296
48215021306,-0.9429624236586036
48215021309,-2.441837757539779
48215020108,-2.106953013421873
48215020406,-0.6453529469747581
48215020405,-0.4635541152219463
48215020409,-0.4384940212905646
48215020408,-0.46342488371706425
48215020407,-0.8946246140578726
48215020304,-0.3627493957390129
48215020305,-0.42510651473891337
48215020307,-0.5297705171988104
48215020306,-0.6820054549043991
48215020403,-0.9485587413893353
48215020105,-0.524757200305291
48215020103,-0.6365079310409334
48215020104,-0.6030556028698539
48215020205,-0.6082927311693024
48215020208,-0.6937001193341035
48215020106,-0.6334463313436604
48215020107,-0.7112806957755065
48215020206,-0.5719217619542006
48215020207,-0.3302832968960662
48215020209,-0.4050406889447567
48215024119,-0.5974639230551904
48215024107,-0.4623184750169098
48215024118,-0.4660467309295433
48215024108,-0.5289812941128095
48215024127,-0.4964038709736156
48215024122,-0.37937558536281624
48215024123,-0.27333490854721
48215024126,-0.3425236446883816
48215024125,-0.32892354459324935
48215024124,-0.5190608854506887
48215024130,-0.3966707395475103
48215024132,-0.7333559420172898
48215024129,-0.5082400344283005
48215024128,-0.3564914719524533
48215024117,-0.7459292926327573
48215024109,-0.5169154894488744
48215020211,-0.28250488092450926
48215020210,-0.4224953533546762
48215024116,-0.29321791862927105
48215020303,-0.2243923936255755
48215020735,-0.638975899425788
48215020727,-0.5794543737748586
48215020734,-0.6406852949276147
48215020736,-0.4278250646522641
48215020731,-0.32483307830893343
48215020728,-0.4981749622277408
48215020804,-0.5921840547743896
48215020806,-0.758250714941797
48215020909,-0.7568843544050396
48215020906,-0.4926591625898544
48215023535,-0.6915472817391441
48215020808,-0.4747835903928544
48215020733,-0.3979439382616682
48215023532,-0.38630573184503325
48215020807,-0.44755916781261684
48215023536,-0.8125600675182955
48215023522,-1.0926205601002044
48215023533,-0.3659146458843462
48215023531,-0.3086162570437672
48215024115,-0.48716703137412026
48215024131,-0.9414553313444392
48215023519,-0.6911796550290077
48215023534,-0.4976939515467742
48215023908,-0.9337738644271508
48215023907,-0.518044724685
48215024002,-0.7390548303526714
48215023518,-0.6354161041429806
48215024004,-0.467132653060919
48215024003,-0.31874785576500947
48215024001,-0.6671910363913658
48215023601,-1.0588839175066778
48215023805,-0.8390105857916113
48215023903,-0.755545013711774
48215023905,-0.7608804245459597
48215023906,-0.8790467794804929
48215020905,-0.6924113217771536
48215020910,-0.48802104348100467
48215021704,-0.677908915775956
48215021706,-0.3854429311531018
48215023804,-0.6250880422343373
48215023803,-0.6164855988428857
48215021809,-0.3286178367561667
48215021810,-0.4864473330410125
48215021807,-0.40960302907862467
48215021707,-0.5494041479430177
48215021705,-0.5666194718067712
48215021803,-0.6482105652619405
48215021804,-0.6952358413882063
48215022005,-0.8524813035410902
48215022006,-0.9711357313758328
48215021500,-1.4685702518082362
48215021401,-1.0989132603713636
48215021406,-0.5613442918952487
48215021405,-0.6924243142828804
48215021407,-0.5150219769096975
48215021600,-1.0371809152264544
48215021703,-0.5194886940002373
48215020907,-0.3212834355536464
48215020908,-0.5664208534413356
48215021001,-0.44970027191514306
48215021002,-0.553212198492694
48215021003,-1.0064694523983735
48215021100,-1.7931699897518327
48215020600,-0.783084489374416
48215020729,-0.7630787780643394
48215020805,-0.9585850537918226
48215020725,-0.5893203266764091
48215020732,-0.6077075189139169
48215020724,-0.5394039379412379
48215020506,-0.8114062475526155
48215020505,-0.7360552348802133
48215020730,-0.4994661300298611
48215020512,-0.5859072130886793
48215020511,-0.5888845211197045
48215020513,-0.9427041317580316
48215980000,-0.7504061703907163
48215021204,-0.9319620760444001
48215021201,-0.66196965374274
48215021203,-1.2266148371416925
48215020507,-1.1307399000521805
48215020508,-0.8022979739668863
48215020510,-1.044770563834392
48215020509,-0.9620306959806633
48215021311,-1.5904707897675718
48215021308,-2.457825101993404
48215021310,-1.0572573785818826
48215021315,-0.7633260036625564
48215021307,-0.7463477088263046
48215021314,-0.844605043349629
48215021312,-1.0975199277063823
48215021408,-1.0938387429609573
48215021409,-0.9487452252336033
48215021313,-0.9774266877735567
48215022007,-0.9522464553040522
48215022009,-1.2074662357886399
48215022011,-1.0012092257205163
48215022113,-0.7755922630101052
48215022112,-0.6529125334213784
48215022204,-0.70656247590597
48215022203,-0.899517384960795
48215022105,-1.0754804283676676
48215022107,-1.0028628102842985
48215022109,-0.5939880045764593
48215022108,-0.805250849116253
48215022205,-1.095122737974833
48215022206,-0.318402185556244
48215022110,-0.41342467396813587
48215022111,-0.28291263641312037
48215021906,-0.7421300227878245
48215021905,-0.7987822100809194
48215022010,-1.1234345527823897
48215021903,-1.149107728164045
48215021904,-0.812691071101818
48215022008,-1.1911837234427536
48215021808,-0.49851186493791755
48215023526,-0.3883182857062235
48215023529,-0.5184437112204395
48215023528,-0.9253781798675837
48215023806,-0.6363563186802332
48215023700,-1.0125524384759126
48215023602,-0.9213914460132957
48215023524,-0.8419421234775962
48215023521,-0.6918292580330959
48215023520,-0.8048237726113354
48215023525,-0.4667143710261721
48215023527,-0.42211337887741907
48215024406,-0.22483033496387983
48215024501,-0.41249310822249546
48215024405,-0.37640125949055736
48215024403,-0.49948824034544387
48215024404,-0.6490830463593306
48215024502,-0.630905345883701
48215024600,-0.393174418580279
48215023106,-0.7282971068224283
48215023105,-0.9973217719435173
48215023104,-0.7935847887722114
48215022503,-0.3753293799189168
48215022402,-0.787635907007684
48215022504,-0.5104648933186839
48215022401,-1.1955882284930308
48215022502,-1.3164631984337034
48215023103,-0.8587950397869352
48215022704,-1.8003009964776127
48215022703,-1.3402983845329666
48215022600,-1.033929925551314
48215022301,-1.050387240744302
48215022302,-0.8691884800277728
48215022706,-0.8393007873489289
48215022705,-0.7099815766842141
48215022900,-1.2279973845530678
48215023000,-0.8937371025777765
48215022801,-1.5238383531250672
48215022802,-1.3211140190637063
48061011903,-0.8418889368742357
48061012105,-0.94404496030062
48061012510,-0.24425753387485122
48061012106,-0.5286085485095562
48061012511,-0.4748263435153093
48061012516,-0.607030959843731
48061012512,-0.6255976867285723
48061012800,-1.9326261479105655
48061014002,-1.7207978813615272
48061013700,-1.5464255186556985
48061013600,-1.2617698778987534
48061012514,-0.6467681272785857
48061012517,-0.8328607558345477
48061012509,-0.8231491206966498
48061012900,-0.5931668184871824
48061013003,-0.9487710486099408
48061013002,-0.8863325127725966
48061012613,-0.9237591579441452
48061014501,-0.6688512255192683
48061012614,-0.5939125254644786
48061014502,-0.6514562979775473
48061013104,-0.7376530257145235
48061013106,-0.9593030307533712
48061013004,-0.8336957117333182
48061013500,-1.0822725864396139
48061013801,-1.2575057624923827
48061013401,-0.9989565211279893
48061013402,-1.1546499619521864
48061013902,-0.9525587084402612
48061013802,-1.1929405789788625
48061013307,-2.4855762855213053
48061014001,-2.4630330214889122
48061013903,-0.8105973231793209
48061013306,-0.7529766854718661
48061013305,-0.8545142442249518
48061013309,-0.7677911858925
48061013308,-0.866205815722176
48061014101,-0.8792392729750123
48061014103,-1.6549065432748884
48061014102,-1.1720024125042265
48061012607,-1.1676113042000986
48061013207,-0.869174378536629
48061980100,-0.9436970720892605
48061013204,-0.6744988641660024
48061013206,-0.8917974914093111
48061013203,-0.8839429992821449
48061013205,-1.1601799589819728
48061014300,-0.8874524769378062
48061013901,-0.7438886665809281
48061013303,-0.6986386369655854
48061013102,-0.9661958606846119
48061012608,-1.0799884566906188
48061014403,-1.0147914945593055
48061014404,-0.9316819519438306
48061014202,-0.35536275100719866
48061012402,-0.5922817267000172
48061012403,-0.5365166635771699
48061012404,-0.5840884264668134
48061012615,-0.5558268530248118
48061012616,-0.7903240545762209
48061012617,-0.8992328335882906
48061014402,-1.1274130547802301
48061012515,-0.7391600864566168
48061014401,-1.3158939269991667
48061012513,-0.9946957380875528
48061012508,-1.482807385264858
48061012506,-0.6977153836547817
48061012201,-0.33681665081167045
48061011401,-0.4985925438016985
48061010103,-0.08167153606622529
48061012203,-0.3875302374555718
48061012202,-0.05543579896449847
48061010102,0.3335367615203657
48061010101,-0.124543612294592
48489950600,-0.07495188789548214
48061010201,-0.04374971618451076
48061010802,-0.4496217622381895
48061980001,-0.6289110200971935
48061010205,-0.6976841969952235
48061011302,-0.6812776094516477
48061011402,-0.530185718666855
48061011601,-0.7462185701769963
48061011500,-1.03334342456694
48061011602,-1.0999815305165068
48061012103,0.1871456451647457
48061011702,-0.8943023391713777
48061011701,-0.4715394537530097
48061011802,-0.5394955526258819
48061012104,-0.6712229120949955
48061011000,-0.9192245670134667
48061012003,-0.8157074392167887
48061011801,-0.6603484605327696
48061011301,-0.6779319084406374
48061011200,-1.3889933653025803
48061011100,-1.3743324929335121
48061010900,-1.2460912981342842
48061010603,-0.5730626982527258
48061010700,-0.7280675634038789
48061010801,-0.6487617515743854
48061010602,-0.35469820262113483
48061010204,-0.5191498234952946
48061010604,-0.543082934997209
48061010500,-0.7538103281341396
48061010406,-0.5094871074216905
48061010404,-0.5522766868864855
48061010405,-0.5687869999555619
48061010304,-0.5556955507440046
48061012004,-0.5659439021821584
48061012002,-0.5598177677948636
48061011908,-0.901623620318228
48061011905,-0.5483353673942586
48061011904,-0.6716623009020032
48061011907,-0.7381476383197431
48061011906,-0.9525637970838476
48061010303,-0.6851711945978132
48061010403,-0.5872791673056993
48061010301,-0.3337084365854002
48489950300,-0.6222502961726012
48489950500,-0.146638510272794
48489950700,0.017536893593381283
48489950400,-0.5802869300330986
48489990000,0.02297570324015982
48061012305,-0.3769722298705635
48061012301,-0.16513999084123293
48061990000,-0.6226234474932942
48061012304,-0.5167407120278701
48061014201,-0.7212929420985941
48061012700,-0.4773618246820427
