GEOID,coverage_gap_score
40001376600,0.037506
40001376700,0.11765
40001376800,0.191513
40001376900,0.154743
40001377000,0.194926
40003955600,0.157063
40003955700,0.193631
40003956000,0.114133
40005587600,0.155991
40005587700,0.258059
40005587800,0.219963
40005587900,0.159449
40009966100,0.098541
40009966200,0.170428
40009966800,0.229284
40011958600,0.071579
40011958700,0.200943
40011958800,0.305628
40011958900,0.256375
40011959000,0.23903
40013795600,0.147913
40013795700,0.209275
40013795900,0.102142
40013796002,0.217002
40013796003,0.1837
40013796004,0.300943
40013796101,0.293408
40013796102,0.129402
40013796200,0.248262
40013796300,0.324958
40013796400,0.218562
40013796500,0.039759
40013796600,0.207601
40015161601,0.152964
40015161602,0.151574
40015161700,0.046222
40015161800,0.127341
40015161900,0.078869
40015162000,0.249015
40015162101,0.259821
40015162102,0.231091
40015162200,0.241954
40015162300,0.228552
40017300100,0.170362
40017300201,0.102297
40017300202,0.25573
40017300300,0.306596
40017300400,0.37956
40017300500,0.354311
40017300600,0.245854
40017300701,0.137414
40017300702,0.105157
40017300802,0.332693
40017300803,0.173686
40017300804,0.318898
40017300805,0.188591
40017300806,0.271675
40017300901,0.126666
40017300902,0.206417
40017300904,0.0
40017300905,0.0
40017301001,0.0
40017301003,0.041338
40017301006,0.023169
40017301010,0.166667
40017301011,0.0
40017301012,0.0
40017301013,0.0
40017301014,0.02922
40017301015,0.0
40017301100,0.089509
40017301201,0.253998
40017301202,0.211191
40017301301,0.181884
40017301302,0.169982
40017301406,0.192979
40017301407,0.223101
40017301408,0.201465
40017301409,0.313961
40017301410,0.350413
40019892100,0.022219
40019892200,0.125056
40019892301,0.141078
40019892302,0.166649
40019892400,0.141767
40019892501,0.204276
40019892502,0.157679
40019892601,0.279855
40019892602,0.23035
40019892700,0.105864
40019892801,0.002009
40019892802,0.391273
40019892900,0.198673
40019893001,0.137631
40019893002,0.146426
40019893100,0.194111
40021977600,0.102538
40021977701,0.124362
40021977702,0.192347
40021977801,0.285541
40021977802,0.057589
40021977901,0.295171
40021977902,0.025806
40021978000,0.121097
40021978100,0.223486
40021978201,0.209735
40021978202,0.154558
40021978301,0.205446
40021978302,0.388806
40023966900,0.069444
40023967000,0.094938
40023967100,0.146799
40023967200,0.133734
40023967300,0.160353
40027200100,0.0
40027200200,0.372764
40027200300,0.0
40027200400,0.001845
40027200500,0.331898
40027200602,0.204582
40027200603,0.0
40027200604,0.259468
40027200700,0.258646
40027200800,0.188315
40027200900,0.083333
40027201000,0.0
40027201102,0.33072
40027201103,0.023656
40027201104,0.131358
40027201201,0.254533
40027201202,0.359848
40027201204,0.0
40027201205,0.0
40027201302,0.278317
40027201303,0.049233
40027201403,0.143001
40027201404,0.097975
40027201405,0.156386
40027201505,0.002302
40027201508,0.0
40027201509,0.0
40027201511,0.003601
40027201512,0.004935
40027201513,0.085514
40027201514,0.0
40027201602,0.234418
40027201603,0.185683
40027201604,0.085625
40027201607,0.0
40027201609,0.0
40027201610,0.253692
40027201611,0.0
40027201612,0.067518
40027201700,0.208138
40027201801,0.0
40027201802,0.0
40027201902,0.0
40027201903,0.055813
40027201904,0.0
40027202002,0.0
40027202004,0.001744
40027202005,0.0
40027202006,0.0
40027202007,0.215823
40027202008,0.0
40027202102,0.0
40027202104,0.09021
40027202105,0.253913
40027202106,0.11102
40027202107,0.22684
40027202201,0.209304
40027202203,0.225176
40027202205,0.0
40027202207,0.0
40027202208,0.016747
40027202301,0.263264
40027202302,0.0
40027202403,0.142794
40027202404,0.100063
40027202405,0.086128
40027202406,0.118592
40027202407,0.364617
40027202501,0.21519
40027202502,0.166705
40027202600,0.079845
40029388100,0.137665
40029388200,0.18543
40031000100,0.0
40031000200,0.001931
40031000300,0.083931
40031000402,0.001737
40031000403,0.0
40031000404,0.209378
40031000405,0.0
40031000503,0.002179
40031000504,0.00107
40031000505,0.00164
40031000506,0.003562
40031000600,0.106663
40031000700,0.125872
40031000800,0.183196
40031000900,0.089928
40031001000,0.000854
40031001100,0.0
40031001400,0.126785
40031001500,0.001718
40031001600,0.076896
40031001700,0.002982
40031001901,0.226654
40031001902,0.226699
40031002001,0.003501
40031002003,0.193087
40031002004,0.250737
40031002005,0.090088
40031002101,0.189299
40031002102,0.110686
40031002201,0.191155
40031002202,0.294678
40031002301,0.06772
40031002302,0.059647
40031002401,0.045908
40031002403,0.270963
40031002405,0.358734
40031002406,0.084566
40031002500,0.0
40033871100,0.10098
40033871200,0.28474
40035373100,0.155693
40035373200,0.179493
40035373300,0.157732
40035373400,0.194165
40035373500,0.208462
40037020101,0.263161
40037020102,0.179962
40037020103,0.151795
40037020602,0.148879
40037020603,0.171155
40037020604,0.187744
40037020702,0.176369
40037020704,0.133977
40037020705,0.279261
40037020706,0.211673
40037020707,0.224517
40037020800,0.170586
40037020900,0.258267
40037021000,0.073367
40037021101,0.236269
40037021102,0.227923
40037021201,0.077391
40037021202,0.15162
40037021300,0.270753
40037021401,0.130997
40037021402,0.229632
40037021500,0.21917
40037021600,0.44652
40039950800,0.094586
40039960401,0.160751
40039960402,0.012703
40039960600,0.003065
40039960701,0.003171
40039960702,0.131662
40039961000,0.191135
40041375601,0.45608
40041375602,0.401424
40041375701,0.186411
40041375702,0.222122
40041375803,0.142567
40041375804,0.25223
40041375805,0.396321
40041375806,0.050427
40041375901,0.327948
40041375902,0.166827
40041376000,0.239837
40041376100,0.179608
40041976200,0.219751
40043959100,0.171115
40043959200,0.298079
40043959300,0.139859
40045952600,0.184038
40045952800,0.184074
40047000101,0.197803
40047000102,0.223006
40047000200,0.228792
40047000601,0.287358
40047000602,0.32314
40047000701,0.002429
40047000702,0.185755
40047001100,0.291794
40047001200,0.106906
40047001301,0.193958
40047001302,0.180458
40047001401,0.284543
40047001402,0.308281
40047001500,0.311757
40047001602,0.234697
40047001603,0.314689
40047001604,0.338532
40049681100,0.14791
40049681200,0.16126
40049681300,0.155457
40049681400,0.115108
40049681500,0.195612
40049681600,0.08472
40049681700,0.112232
40049681800,0.110977
40049681900,0.085601
40051000100,0.2428
40051000400,0.184523
40051000501,0.003563
40051000502,0.158446
40051000600,0.216754
40051000701,0.05431
40051000702,0.212254
40051000801,0.218608
40051000802,0.199361
40051000901,0.190729
40051000902,0.18484
40051000904,0.365952
40051000905,0.170748
40051000906,0.070709
40051001000,0.227766
40053956400,0.225001
40053956500,0.106431
40055967100,0.222374
40055967200,0.148299
40059952100,0.112535
40059952200,0.213666
40061279100,0.140595
40061279200,0.195894
40061279300,0.186837
40061279400,0.224087
40063484600,0.082518
40063484700,0.201008
40063484800,0.194377
40063484900,0.146232
40063485000,0.228512
40065968100,0.24173
40065968200,0.223101
40065968300,0.245775
40065968400,0.29858
40065968500,0.112751
40065968600,0.313687
40065968700,0.34311
40065968800,0.33517
40067371600,0.132108
40067371700,0.116854
40067371800,0.038109
40069660198,0.12383
40069660201,0.19687
40069660202,0.300285
40069660300,0.257533
40071000100,0.125
40071000201,0.000742
40071000202,0.084645
40071000300,0.0
40071000400,0.215609
40071000500,0.031121
40071000600,0.170876
40071001100,0.167829
40071001200,0.208109
40071001301,0.284544
40071001302,0.124429
40073958100,0.14456
40073958200,0.153937
40073958300,0.22776
40073958400,0.1969
40075963600,0.136364
40075963700,0.111346
40075964200,0.116955
40077087100,0.237728
40077087200,0.138781
40077087300,0.279128
40079040102,0.20687
40079040198,0.179097
40079040299,0.180181
40079040301,0.189478
40079040302,0.056231
40079040303,0.287997
40079040401,0.269798
40079040402,0.327611
40079040500,0.187971
40079040601,0.221742
40079040602,0.293298
40079040700,0.216958
40081961100,0.151409
40081961200,0.061213
40081961300,0.221863
40081961401,0.218258
40081961402,0.033016
40081961500,0.260115
40081961600,0.158576
40081961700,0.139303
40083600101,0.145269
40083600200,0.226871
40083600300,0.176848
40083600401,0.11926
40083600402,0.007004
40083600501,0.111307
40083600502,0.292371
40083600600,0.211835
40083600700,0.200916
40083600801,0.051901
40083600802,0.187293
40083600903,0.043628
40083601000,0.193372
40085094100,0.183251
40085094200,0.080269
40085094300,0.156536
40087400103,0.159666
40087400104,0.199441
40087400105,0.225087
40087400106,0.204842
40087400201,0.119134
40087400203,0.151046
40087400204,0.172275
40087400300,0.1096
40087400400,0.254851
40089098200,0.207606
40089098300,0.085916
40089098400,0.034249
40089098501,0.180396
40089098502,0.094635
40089098600,0.207223
40089098700,0.196593
40089098800,0.216858
40089098900,0.18921
40091779601,0.253593
40091779602,0.241488
40091779700,0.06413
40091779900,0.095409
40091780100,0.180329
40091780200,0.080645
40091780301,0.211826
40091780302,0.196077
40093955100,0.275654
40093955200,0.135162
40093955300,0.194238
40095094698,0.244693
40095094700,0.189476
40095094803,0.196326
40095094804,0.378852
40095094805,0.181039
40095094806,0.437214
40097040100,0.268057
40097040200,0.181694
40097040300,0.136725
40097040400,0.138257
40097040501,0.184286
40097040502,0.284529
40097040600,0.175517
40097040700,0.11096
40097040801,0.34169
40097040802,0.161968
40099790600,0.192094
40099790701,0.143368
40099790702,0.166667
40099790801,0.21198
40099790802,0.219094
40101000100,0.235273
40101000200,0.215207
40101000300,0.223651
40101000400,0.164153
40101000600,0.200604
40101000700,0.091935
40101000801,0.002119
40101000802,0.14728
40101000901,0.179277
40101000902,0.000806
40101001000,0.200905
40101001100,0.055661
40101001200,0.292589
40101001301,0.105098
40101001302,0.071363
40101001401,0.238466
40101001402,0.171414
40101001501,0.01074
40101001502,0.104855
40101001600,0.210513
40103956600,0.189448
40103956900,0.262051
40103957000,0.205106
40103957100,0.234681
40105172100,0.167454
40105172200,0.085578
40105172300,0.211002
40105172400,0.119189
40107080600,0.147163
40107080700,0.108589
40107080900,0.109753
40107081000,0.194797
40109100100,0.0
40109100201,0.0
40109100202,0.0
40109100203,0.0
40109100300,0.007018
40109100400,0.0
40109100500,0.166667
40109100800,0.0
40109100900,0.021934
40109101000,0.0
40109101100,0.0
40109101200,0.062689
40109101300,0.166667
40109101400,0.0
40109101500,0.0
40109101800,0.0
40109101900,0.03125
40109102000,0.0
40109102100,0.095576
40109102200,0.007815
40109102300,0.0
40109102400,0.0
40109102500,0.0
40109103200,0.0
40109103300,0.0
40109103900,0.0
40109104100,0.0
40109104200,0.152872
40109104300,0.0
40109104400,0.0
40109104500,0.0
40109104600,0.0
40109104700,0.0
40109104800,0.0
40109104900,0.0
40109105000,0.0
40109105101,0.0
40109105201,0.0
40109105202,0.0
40109105300,0.063695
40109105400,0.0
40109105500,0.0
40109105600,0.142217
40109105903,0.041341
40109105904,0.0026
40109105905,0.0
40109105906,0.0
40109105907,0.0
40109106000,0.166667
40109106100,0.0
40109106200,0.0
40109106301,0.0
40109106302,0.026946
40109106303,0.0
40109106401,0.0
40109106402,0.0
40109106403,0.0625
40109106501,0.058822
40109106502,0.0
40109106503,0.0
40109106601,0.094838
40109106602,0.122818
40109106606,0.0
40109106607,0.0
40109106608,0.155513
40109106609,0.10422
40109106610,0.046349
40109106611,0.077852
40109106702,0.0
40109106704,0.123456
40109106705,0.131785
40109106706,0.0
40109106708,0.0
40109106709,0.0
40109106710,0.008702
40109106801,0.205643
40109106802,0.144833
40109106803,0.066622
40109106804,0.0
40109106902,0.0
40109106903,0.0
40109106906,0.0
40109106907,0.0
40109106909,0.0
40109106910,0.0
40109106911,0.0
40109106912,0.0
40109106913,0.0
40109106914,0.0
40109106916,0.0
40109106917,0.0
40109107001,0.123993
40109107002,0.0
40109107101,0.166667
40109107103,0.0
40109107104,0.221599
40109107206,0.119905
40109107207,0.097201
40109107212,0.151322
40109107213,0.216587
40109107214,0.196684
40109107215,0.0
40109107216,0.0
40109107217,0.0
40109107218,0.0
40109107219,0.0
40109107220,0.0
40109107221,0.216059
40109107222,0.0
40109107223,0.0
40109107224,0.166942
40109107225,0.0
40109107226,0.0
40109107302,0.102961
40109107303,0.0
40109107305,0.0
40109107306,0.0
40109107401,0.166667
40109107404,0.0
40109107405,0.0
40109107406,0.0
40109107407,0.008804
40109107601,0.166667
40109107604,0.0
40109107605,0.0
40109107608,0.0
40109107703,0.0
40109107704,0.0
40109107705,0.001647
40109107706,0.0
40109107707,0.0
40109107801,0.0
40109107804,0.000482
40109107805,0.267664
40109107806,0.0
40109107807,0.0
40109107808,0.0
40109107809,0.0
40109107810,0.0
40109107900,0.229808
40109108003,0.0
40109108005,0.0
40109108006,0.0
40109108007,0.125
40109108008,0.003072
40109108009,0.001985
40109108010,0.001597
40109108011,0.004162
40109108101,0.196732
40109108106,0.150616
40109108107,0.165391
40109108109,0.115094
40109108110,0.157746
40109108113,0.171157
40109108114,0.181319
40109108201,0.140152
40109108203,0.0
40109108204,0.0
40109108207,0.101564
40109108208,0.000446
40109108215,0.0
40109108216,0.004332
40109108217,0.127363
40109108222,0.0
40109108223,0.008355
40109108224,0.1494
40109108225,0.0
40109108226,0.0
40109108227,0.0
40109108228,0.0
40109108229,0.0
40109108230,0.0
40109108231,0.051747
40109108232,0.0
40109108233,0.0
40109108234,0.007344
40109108235,0.081578
40109108236,0.0
40109108237,0.0
40109108238,0.0
40109108301,0.0
40109108302,0.0
40109108304,0.00598
40109108307,0.0
40109108309,0.0
40109108310,0.0
40109108314,0.0
40109108317,0.0
40109108318,0.0
40109108319,0.0
40109108320,0.0
40109108321,0.0
40109108322,0.0
40109108323,0.0
40109108324,0.0
40109108325,0.0
40109108326,0.0
40109108402,0.0
40109108403,0.0
40109108404,0.03125
40109108506,0.139701
40109108507,0.104216
40109108508,0.215079
40109108513,0.0
40109108514,0.105412
40109108515,0.033939
40109108520,0.120961
40109108521,0.178356
40109108523,0.079029
40109108524,0.0
40109108525,0.0
40109108526,0.0
40109108527,0.0
40109108528,0.0
40109108529,0.0
40109108530,0.0
40109108531,0.0
40109108532,0.238832
40109108533,0.236249
40109108534,0.0
40109108535,0.0
40109108536,0.0
40109108537,0.071776
40109108538,0.0
40109108603,0.0
40109108604,0.0
40109108701,0.130371
40109108706,0.002189
40109108707,0.0
40109108708,0.135111
40109108709,0.187257
40109108710,0.0
40109108711,0.125
40109108712,0.227301
40109108713,0.225794
40109108802,0.150766
40109108803,0.0
40109108804,0.25
40109108805,0.166665
40109108806,0.001143
40109108807,0.000677
40109108900,0.392417
40109109001,0.180393
40109109003,0.183677
40109109004,0.157256
40109109202,0.234809
40109109203,0.412918
40109109204,0.228032
40109109205,0.21496
40109109300,0.236689
40109109400,0.0
40109109500,0.0
40109109600,0.0
40109109700,0.0
40109109800,0.0
40109109900,0.0
40109110000,0.0
40109980001,0.125
40109980002,0.188078
40109980003,0.053368
40109980004,0.0
40109980005,0.0
40109980006,0.0
40109980007,0.0
40109980008,0.0
40109980009,0.0625
40111000100,0.179982
40111000200,0.226807
40111000300,0.215463
40111000400,0.138212
40111000500,0.205821
40111000601,0.371058
40111000602,0.177957
40111000700,0.081146
40111000800,0.207743
40111000901,0.176948
40111000902,0.369658
40113940001,0.138078
40113940003,0.20966
40113940004,0.103861
40113940005,0.272558
40113940006,0.035287
40113940007,0.196477
40113940008,0.094311
40113940009,0.254843
40113940011,0.21136
40113940012,0.290213
40113940013,0.391552
40113940014,0.415243
40113940015,0.194056
40115574100,0.193585
40115574200,0.272773
40115574300,0.349202
40115574400,0.268957
40115574500,0.25215
40115574600,0.224881
40115574700,0.195902
40115574800,0.186969
40115574900,0.200012
40117957100,0.264121
40117957200,0.284272
40117957300,0.196938
40117957400,0.307445
40117957500,0.19685
40119010101,0.205761
40119010102,0.136208
40119010201,0.166667
40119010202,0.001984
40119010300,0.101103
40119010400,0.253906
40119010501,0.19878
40119010502,0.0
40119010503,0.0
40119010600,0.226905
40119010700,0.105035
40119010800,0.151487
40119010901,0.085233
40119010902,0.259202
40119011001,0.103987
40119011002,0.18803
40119011101,0.211142
40119011103,0.333252
40119011104,0.314081
40119011200,0.154674
40119011301,0.202624
40119011302,0.004174
40119011400,0.227856
40121485601,0.180646
40121485602,0.036822
40121485700,0.106123
40121485800,0.070847
40121485900,0.243049
40121486000,0.121308
40121486100,0.173976
40121486200,0.20768
40121486300,0.228082
40121486400,0.275612
40121486500,0.263004
40121486600,0.167854
40121486700,0.031329
40121486800,0.065115
40123088600,0.252968
40123088700,0.233438
40123088801,0.271055
40123088802,0.213882
40123088900,0.343163
40123089000,0.160952
40123089100,0.206229
40123089200,0.090729
40123089300,0.183043
40123089598,0.21747
40123089600,0.246553
40125500200,0.306162
40125500301,0.217919
40125500302,0.384255
40125500400,0.263856
40125500500,0.230403
40125500600,0.229455
40125500700,0.2086
40125500800,0.249195
40125500901,0.187335
40125500902,0.277357
40125501003,0.352326
40125501004,0.244421
40125501005,0.278359
40125501006,0.175101
40125501101,0.247962
40125501103,0.222056
40125501104,0.367263
40125501105,0.259472
40125501201,0.220008
40125501300,0.259832
40127097600,0.143618
40127097701,0.148204
40127097702,0.154373
40127097800,0.202897
40129960000,0.195256
40131050101,0.18881
40131050103,0.334722
40131050104,0.271114
40131050105,0.333019
40131050201,0.322245
40131050202,0.229357
40131050203,0.234053
40131050301,0.248515
40131050302,0.270127
40131050303,0.278094
40131050304,0.352032
40131050403,0.282034
40131050404,0.241541
40131050405,0.217262
40131050406,0.108412
40131050407,0.235869
40131050408,0.216218
40131050409,0.103509
40131050501,0.069833
40131050502,0.062938
40131050601,0.215239
40131050602,0.261628
40131050603,0.162179
40131050604,0.21107
40131050701,0.236603
40131050702,0.350435
40131050801,0.248629
40131050802,0.225339
40133583100,0.033335
40133583200,0.156604
40133583300,0.212357
40133583400,0.265684
40133583500,0.219602
40133583600,0.127411
40133583700,0.187717
40133583800,0.294085
40133583900,0.07566
40135030101,0.255286
40135030103,0.152861
40135030105,0.130255
40135030106,0.262442
40135030201,0.247406
40135030202,0.167573
40135030301,0.209309
40135030303,0.383891
40135030304,0.138053
40135030401,0.164375
40135030403,0.285532
40135030404,0.163932
40137000101,0.022433
40137000102,0.001289
40137000200,0.236829
40137000300,0.21653
40137000400,0.369199
40137000600,0.087555
40137000800,0.209323
40137000901,0.137571
40137000902,0.323332
40137001000,0.201476
40137001100,0.10389
40141070100,0.107046
40141070200,0.283401
40141070300,0.092266
40141070400,0.296112
40141070500,0.180568
40143000200,0.0
40143000300,0.0
40143000400,0.083688
40143000500,0.024804
40143000800,0.0
40143000900,0.0
40143001000,0.0
40143001200,0.187438
40143001300,0.0
40143001400,0.0
40143001500,0.0
40143001600,0.0
40143001700,0.0
40143001800,0.034894
40143001900,0.101463
40143002000,0.051514
40143002100,0.0
40143002301,0.0
40143002500,0.0
40143002700,0.138475
40143002900,0.192114
40143003000,0.25
40143003100,0.0
40143003200,0.0
40143003300,0.0
40143003400,0.074933
40143003500,0.0
40143003600,0.060138
40143003700,0.0
40143003800,0.0
40143003900,0.086219
40143004000,0.0
40143004101,0.0
40143004200,0.0
40143004301,0.0
40143004302,0.002183
40143004400,0.0
40143004500,0.0
40143004600,0.109952
40143004700,0.170485
40143004800,0.219645
40143004900,0.106232
40143005001,0.001953
40143005002,0.0
40143005100,0.001909
40143005200,0.0
40143005300,0.0
40143005401,0.197866
40143005403,0.227184
40143005404,0.133411
40143005500,0.308037
40143005600,0.270552
40143005700,0.218701
40143005801,0.127526
40143005805,0.120003
40143005808,0.02306
40143005809,0.0
40143005810,0.166928
40143005811,0.186534
40143005812,0.0
40143005813,0.0
40143005900,0.144842
40143006000,0.090789
40143006200,0.000513
40143006506,0.05373
40143006507,0.0
40143006600,0.177919
40143006701,0.076882
40143006703,0.0
40143006708,0.0
40143006709,0.103206
40143006710,0.0
40143006711,0.0
40143006712,0.060116
40143006713,0.14923
40143006801,0.0
40143006803,0.0
40143006804,0.0
40143006901,0.0
40143006902,0.00128
40143006903,0.0
40143006905,0.0
40143006906,0.007422
40143006907,0.001594
40143007000,0.008688
40143007101,0.0
40143007102,0.0
40143007200,0.0
40143007304,0.0
40143007306,0.0
40143007308,0.2365
40143007309,0.166667
40143007310,0.0
40143007311,0.0
40143007312,0.0
40143007313,0.102479
40143007314,0.125761
40143007402,0.0
40143007408,0.0
40143007409,0.0
40143007410,0.016319
40143007411,0.0
40143007412,0.000414
40143007413,0.0
40143007414,0.0
40143007415,0.25
40143007416,0.004742
40143007417,0.0
40143007503,0.0
40143007507,0.125329
40143007510,0.001565
40143007511,0.0
40143007512,0.0
40143007518,0.002756
40143007519,0.000397
40143007520,0.00194
40143007522,0.0
40143007523,0.0
40143007525,0.125
40143007526,0.0
40143007527,0.050073
40143007528,0.048793
40143007529,0.001361
40143007530,0.0
40143007531,0.0
40143007532,0.0
40143007533,0.0
40143007534,0.0
40143007535,0.166667
40143007536,0.0
40143007608,0.0
40143007611,0.001022
40143007612,0.0
40143007613,0.000978
40143007614,0.004662
40143007615,0.000809
40143007616,0.0
40143007617,0.0
40143007619,0.0
40143007629,0.001422
40143007630,0.142303
40143007631,0.0
40143007632,0.00463
40143007633,0.002356
40143007634,0.0
40143007636,0.168403
40143007638,0.0
40143007639,0.0
40143007641,0.009091
40143007642,0.0
40143007643,0.002632
40143007644,0.0
40143007645,0.002656
40143007646,0.003295
40143007647,0.0
40143007648,0.0
40143007649,0.0
40143007650,0.061553
40143007651,0.22673
40143007652,0.23746
40143007653,0.001208
40143007654,0.002281
40143007655,0.16671
40143007656,0.022445
40143007703,0.235601
40143007704,0.241039
40143007705,0.217771
40143007706,0.001989
40143007707,0.210389
40143007801,0.211916
40143007803,0.32571
40143007804,0.31484
40143007900,0.172403
40143008001,0.237879
40143008002,0.004443
40143008200,0.0
40143008300,0.0
40143008400,0.0
40143008501,0.0
40143008502,0.083333
40143008600,0.0
40143008700,0.000372
40143008800,0.0
40143008900,0.0
40143009006,0.0
40143009008,0.012595
40143009010,0.072106
40143009011,0.15086
40143009012,0.137259
40143009013,0.0
40143009014,0.0
40143009015,0.000357
40143009016,0.002791
40143009017,0.004444
40143009018,0.002706
40143009019,0.0
40143009020,0.0
40143009021,0.002232
40143009101,0.297301
40143009104,0.238733
40143009200,0.267666
40143009300,0.225175
40143009401,0.062067
40143009403,0.083333
40143009404,0.118427
40143009500,0.15476
40143011300,0.0
40143011400,0.0
40145030101,0.185387
40145030102,0.125307
40145030201,0.3233
40145030202,0.005875
40145030300,0.142916
40145030402,0.085164
40145030403,0.200906
40145030406,0.333333
40145030407,0.0
40145030408,4.4e-05
40145030502,0.177512
40145030505,0.002172
40145030506,0.0
40145030507,0.001188
40145030508,0.005538
40145030509,0.012483
40145030510,0.0
40145030511,0.0
40145030512,0.000578
40145030601,0.0
40145030603,0.124661
40145030604,0.29261
40145030605,0.234608
40145030798,0.08953
40145030800,0.048008
40147000100,0.25063
40147000200,0.174023
40147000300,0.050698
40147000400,0.15659
40147000500,0.000124
40147000601,0.216654
40147000602,0.276802
40147000700,0.201174
40147000800,0.187408
40147000900,0.334579
40147001000,0.165166
40147001100,0.125724
40147001200,0.284239
40147001300,0.184487
40149964900,0.056865
40149965000,0.230842
40149965100,0.138585
40149965400,0.236405
40151954201,0.106895
40151954202,0.27054
40151954300,0.271499
40151954400,0.237586
40153953100,0.176989
40153953200,0.252574
40153953300,0.23029
40153953400,0.324965
40153953500,0.318199
06007000102,0.002288
06007000103,0.000686
06007000104,0.000554
06007000201,0.243054
06007000202,0.166667
06007000300,0.064567
06007000401,0.005793
06007000403,0.0
06007000404,0.0
06007000501,0.117619
06007000502,0.227892
06007000601,0.0
06007000603,0.0
06007000604,0.0
06007000700,0.055556
06007000800,0.125895
06007000901,0.000249
06007000903,0.075229
06007000904,0.160182
06007001000,0.052124
06007001100,0.153755
06007001200,0.0
06007001300,0.0
06007001400,0.178131
06007001500,0.0
06007001601,0.323052
06007001602,0.254136
06007001702,0.0
06007001703,0.190517
06007001704,0.00929
06007001800,0.125
06007001900,0.0
06007002000,0.008232
06007002100,0.0
06007002200,0.248777
06007002300,0.252127
06007002401,0.069444
06007002402,0.166667
06007002500,0.064185
06007002601,0.304816
06007002602,0.36002
06007002700,0.084611
06007002800,0.159737
06007002900,0.027778
06007003001,0.212354
06007003002,0.001279
06007003100,0.381007
06007003200,0.133018
06007003300,0.044946
06007003400,0.167637
06007003501,0.087632
06007003502,0.234802
06007003600,0.142747
06007003700,0.278248
06011000100,0.041667
06011000200,0.226609
06011000301,0.0
06011000302,0.083333
06011000400,0.059524
06011000500,0.277189
06015000202,0.140243
06017030601,0.192619
06017030603,0.289397
06017030604,0.125
06017030605,0.300689
06017030606,0.279145
06017030701,0.001262
06017030706,0.0
06017030709,0.002555
06017030710,0.000843
06017030801,0.09403
06017030901,0.084113
06017030902,0.097365
06017031000,0.164154
06017031100,0.145757
06017031700,0.004244
06021010101,0.194769
06021010102,0.145771
06021010200,0.001488
06021010300,0.13713
06021010401,0.0
06021010402,0.175966
06021010501,0.113323
06021010502,0.0625
06023001200,0.083333
06023010102,0.220454
06023010902,0.089395
06023011600,0.177012
06023940000,0.111291
06033000100,0.064145
06033000300,0.167684
06033000401,0.0
06033000402,0.041667
06033000501,0.027218
06033000502,0.008125
06033000601,0.031211
06033000602,0.212917
06033000702,0.052143
06033000703,0.0
06033000704,0.260794
06033000801,0.172792
06033000802,0.001042
06033000901,0.08951
06033000902,0.090421
06033001000,0.018308
06033001101,0.166667
06033001102,0.0
06033001200,0.0
06033001301,0.006647
06033001302,0.069823
06035040100,0.083333
06035040200,0.05095
06035040302,0.123076
06035040303,0.029108
06035040304,0.237892
06035040305,0.0
06035040400,0.083333
06035040500,0.000379
06035040600,0.0625
06045010100,0.165068
06045010200,0.175926
06045010601,0.32185
06045010602,0.357114
06045010801,0.140607
06045010802,0.0
06045011700,0.080081
06045011800,0.238093
06049000100,0.218306
06049000200,0.083333
06049000300,0.113689
06055201800,0.266652
06057000102,0.0
06057000104,0.166667
06057000105,0.099027
06057000106,0.159722
06057000107,0.098943
06057000200,0.0625
06057000300,0.166667
06057000401,0.127635
06057000403,0.209156
06057000404,0.002754
06057000502,0.016667
06057000503,0.001393
06057000504,0.037629
06057000601,0.135848
06057000602,0.213093
06057000701,0.300542
06057000702,0.282228
06057000801,0.243505
06057000802,0.129618
06057000900,0.069444
06061020200,0.0
06061020300,0.154122
06061020401,0.109314
06061020402,0.262654
06061020501,0.162503
06061020502,0.01262
06061020601,0.259029
06061020604,0.128255
06061020605,0.125
06061020606,0.001937
06061020607,0.001646
06061020608,0.084331
06061020710,0.004923
06061020711,0.0
06061020712,0.000838
06061020713,0.001911
06061020714,0.004052
06061020715,0.0
06061020717,0.0
06061020805,0.006092
06061020806,0.003427
06061020901,0.0
06061020908,0.0
06061021003,0.0
06061021034,0.001719
06061021037,0.004013
06061021038,0.002256
06061021039,0.002979
06061021040,0.002686
06061021043,0.384828
06061021044,0.0
06061021045,0.002853
06061021046,0.0
06061021047,0.0
06061021048,0.005314
06061021103,0.0
06061021106,0.003995
06061021108,0.062599
06061021109,0.003165
06061021122,0.0
06061021123,0.0
06061021128,0.003036
06061021129,0.00038
06061021130,0.005698
06061021131,0.00738
06061021203,0.001987
06061021204,0.153737
06061021304,0.133
06061021323,0.0
06061021324,0.0
06061021325,0.0
06061021326,0.0
06061021327,0.0
06061021328,0.0
06061021401,0.211751
06061021403,0.061564
06061021501,0.167565
06061021502,0.193887
06061021603,0.159042
06061021604,0.1825
06061021801,0.227567
06061021802,0.00663
06061021901,0.008762
06061021902,0.004496
06061022002,0.031372
06061022013,0.083333
06061022014,0.132374
06061022400,0.0
06061022500,0.01106
06061022600,0.000303
06061022800,0.0
06061022900,0.001087
06061023000,0.0
06061023100,0.0
06061023200,0.0
06061023300,0.001413
06061023400,0.062781
06061023501,0.0
06061023502,0.0
06061023600,0.000358
06061023700,0.0
06061023800,0.079771
06061023900,0.086218
06063000100,0.184306
06063000201,0.125
06063000202,0.1
06063000300,0.063827
06063000400,0.234401
06063000501,0.290587
06063000502,0.2541
06067000100,0.127376
06067000200,0.000439
06067000300,0.0
06067000400,0.069514
06067000501,0.206996
06067000502,0.327878
06067000600,0.0
06067000700,0.0
06067000800,0.0
06067001102,0.0
06067001103,0.0
06067001201,0.0
06067001202,0.0
06067001300,0.0
06067001400,0.0
06067001500,0.0
06067001601,0.0
06067001602,0.11536
06067001702,0.086598
06067001800,0.0
06067001900,0.0
06067002000,0.041849
06067002100,0.0
06067002200,0.0
06067002300,0.068478
06067002400,0.0
06067002500,0.009667
06067002600,0.0
06067002700,0.0
06067005301,0.087647
06067005402,0.0
06067005403,0.004854
06067005404,0.003109
06067005502,0.0
06067005505,0.0
06067005506,0.0
06067005508,0.003831
06067005509,0.0
06067005510,0.0
06067005601,0.0
06067005605,0.0
06067005606,0.003427
06067005701,0.00467
06067005702,0.003773
06067005801,0.005221
06067005803,0.0
06067005901,0.002159
06067005903,0.001048
06067005904,0.003029
06067006002,0.005473
06067006003,0.003954
06067006004,0.000484
06067006101,0.003115
06067006102,0.001763
06067006202,0.0
06067006203,0.003317
06067006204,0.004514
06067006300,0.0
06067006400,0.0
06067006501,0.000502
06067006502,0.003165
06067006600,0.0
06067006703,0.000491
06067006704,0.00165
06067006705,0.0
06067006706,0.000556
06067006801,0.0
06067006802,0.0
06067006803,0.0
06067006901,0.0
06067006902,0.25
06067007001,0.0
06067007007,0.0
06067007010,0.013667
06067007011,0.124278
06067007012,0.0
06067007013,0.0
06067007016,0.004049
06067007017,0.002801
06067007019,0.0
06067007020,0.001689
06067007021,0.001664
06067007022,0.002058
06067007023,0.002246
06067007024,0.0
06067007025,0.0
06067007026,0.0
06067007027,0.0
06067007028,0.009229
06067007101,0.166667
06067007103,0.055748
06067007105,0.195031
06067007106,0.098049
06067007107,0.182227
06067007108,0.001209
06067007109,0.005126
06067007110,0.007258
06067007111,0.002756
06067007202,0.000341
06067007204,0.0
06067007206,0.0
06067007207,0.25
06067007208,0.0625
06067007209,0.0
06067007301,0.027778
06067007402,0.040183
06067007403,0.004502
06067007413,0.000918
06067007414,0.0
06067007415,0.006072
06067007416,0.004869
06067007417,0.036592
06067007422,0.005155
06067007423,0.093966
06067007424,0.005208
06067007426,0.0
06067007427,0.004267
06067007428,0.007258
06067007429,0.003511
06067007430,0.007293
06067007431,0.009893
06067007432,0.005529
06067007434,0.00027
06067007435,0.001871
06067007436,0.348969
06067007437,0.007657
06067007438,0.081757
06067007439,0.008315
06067007501,0.059844
06067007503,0.0
06067007504,0.0
06067007602,0.002799
06067007603,0.00053
06067007604,0.001082
06067007701,0.003091
06067007702,0.004613
06067007801,0.001208
06067007802,0.003867
06067007903,0.008686
06067007904,0.0
06067007905,0.0
06067007906,0.007704
06067008005,0.0
06067008006,0.000833
06067008007,0.003435
06067008008,0.004158
06067008009,0.0
06067008010,0.057791
06067008111,0.013264
06067008113,0.083105
06067008117,0.006782
06067008119,0.0
06067008120,0.0
06067008122,0.0
06067008124,0.005645
06067008125,0.003611
06067008127,0.008479
06067008128,0.110477
06067008129,0.006574
06067008130,0.005977
06067008131,0.008879
06067008132,0.07324
06067008133,0.025903
06067008134,0.01875
06067008135,0.014381
06067008136,0.004983
06067008137,0.0
06067008138,0.136045
06067008139,0.009286
06067008140,0.006488
06067008141,0.014395
06067008142,0.009865
06067008143,0.008217
06067008144,0.00556
06067008145,0.255954
06067008203,0.057428
06067008204,0.0
06067008206,0.0
06067008207,0.0
06067008208,0.0
06067008209,0.0
06067008210,0.0
06067008211,0.0
06067008402,0.0
06067008403,0.0
06067008404,0.0
06067008501,0.000871
06067008504,0.0
06067008505,0.0
06067008506,0.0
06067008507,0.0
06067008508,0.0
06067008509,0.003564
06067008510,0.002655
06067008512,0.0
06067008702,0.00037
06067008703,0.0
06067008909,0.004249
06067008912,0.0
06067008913,0.05
06067988300,0.0
06089010100,0.260486
06089010200,0.0
06089010300,0.0
06089010400,0.014346
06089010500,0.055556
06089010601,0.166667
06089010602,0.167617
06089010603,0.099522
06089010702,0.017535
06089010703,0.013455
06089010704,0.0
06089010803,0.078714
06089010804,0.003101
06089010805,0.0
06089010806,0.008408
06089010807,0.166667
06089010900,0.0
06089011001,0.0
06089011002,0.200162
06089011100,0.125
06089011209,0.0
06089011300,0.0
06089011401,0.0
06089011402,0.0
06089011403,0.0
06089011501,0.002497
06089011502,0.083333
06089011600,0.1951
06089011701,0.166667
06089011702,0.18749
06089011703,0.154193
06089011801,0.08142
06089011802,0.179558
06089011803,0.027228
06089011900,0.019231
06089012000,0.020421
06089012101,0.004957
06089012102,0.005768
06089012200,0.014664
06089012301,0.104485
06089012302,0.070972
06089012303,0.017948
06089012400,0.075623
06089012500,0.037147
06089012603,0.359788
06089012604,0.109381
06089012605,0.121746
06089012606,0.2272
06089012701,0.246583
06089012702,0.193952
06091010000,0.055556
06093000300,0.027778
06093000701,0.107625
06093000800,0.057581
06093000901,0.055556
06093000902,0.166667
06093001001,0.166667
06093001002,0.166667
06093001003,0.041667
06093001100,0.010284
06093001200,0.041849
06093001300,0.083333
06097154100,0.095117
06101050101,0.003138
06101050102,0.003907
06101050201,0.005188
06101050202,0.005735
06101050301,0.143892
06101050302,0.00057
06101050401,0.007111
06101050402,0.14978
06101050403,0.007776
06101050501,0.148056
06101050503,0.243219
06101050504,0.336941
06101050601,0.19524
06101050603,0.001111
06101050604,0.114238
06101050701,0.188996
06101050702,0.058646
06101050800,0.063101
06101050900,0.113493
06101051000,0.116751
06101051100,0.041667
06103000100,0.181395
06103000201,0.181638
06103000202,0.208111
06103000300,0.099445
06103000400,0.285661
06103000500,0.298596
06103000600,0.173922
06103000701,0.115865
06103000702,0.0
06103000800,0.012786
06103000900,0.041667
06103001000,0.06507
06103001101,0.018246
06103001102,0.0
06105000101,0.160946
06105000102,0.10853
06105000200,0.121753
06105000500,0.103175
06113010102,0.166667
06113010103,0.219781
06113010104,0.0
06113010105,0.0
06113010201,0.106808
06113010203,0.0
06113010204,0.204837
06113010313,0.0
06113010315,0.101589
06113010401,0.083333
06113010505,0.083333
06113010800,0.076609
06113010901,0.250208
06113010902,0.224992
06113011001,0.0
06113011002,0.0
06113011101,0.0
06113011102,0.0
06113011103,0.0
06113011203,0.0
06113011204,0.0
06113011207,0.138052
06113011208,0.007472
06113011209,0.0
06113011210,0.0
06113011211,0.006944
06113011400,0.020833
06113011500,0.048152
06115040100,0.053627
06115040201,0.293522
06115040202,0.163713
06115040301,0.006513
06115040302,0.003844
06115040304,0.004688
06115040305,0.0
06115040400,0.0
06115040500,0.00316
06115040600,0.022016
06115040701,0.001936
06115040702,0.08506
06115040800,0.027778
06115040901,0.044943
06115040902,0.125
06115041001,0.091462
06115041002,0.064934
06115041101,0.086735
06115041102,0.17258
04001944902,0.166667
04001945100,0.191781
04001970201,0.18203
04001970202,0.083333
04001970300,0.242623
04001970501,0.238515
04001970502,0.216931
04003000101,0.0625
04003000102,0.135776
04003000201,0.133642
04003000202,0.254386
04003000203,0.093678
04003000301,0.074807
04003000303,0.041667
04003000304,0.102668
04003000305,0.251184
04003000400,0.0
04003000501,0.068611
04003000502,0.120971
04003000503,0.298523
04003000600,0.131035
04003000700,0.408972
04003000800,0.075888
04003000901,0.079385
04003000902,0.275423
04003001000,0.087539
04003001100,0.083333
04003001200,0.069422
04003001301,0.061111
04003001302,0.173367
04003001401,0.0
04003001402,0.012658
04003001501,0.0
04003001502,0.083333
04003001601,0.0
04003001602,0.0
04003001701,0.153064
04003001702,0.0
04003001703,0.2608
04003001801,0.0
04003001802,0.0
04003001900,0.178208
04003002001,0.103904
04003002002,0.0
04003002100,0.0
04005000200,0.165405
04005000601,0.0
04005000602,0.206845
04005000700,0.283286
04005000800,0.10121
04005000901,0.178474
04005000902,0.0
04005001000,0.089095
04005001101,0.0
04005001103,0.237412
04005001104,0.307722
04005001201,0.237544
04005001302,0.086299
04005001500,0.193858
04005001601,0.016386
04005001602,0.083333
04005001700,0.041667
04005002201,0.188773
04005002202,0.183503
04005002302,0.000771
04005945100,0.124033
04005980100,0.005291
04005980200,0.0
04007000100,0.235221
04007000200,0.12963
04007000301,0.245114
04007000302,0.223104
04007000400,0.260304
04007000500,0.344967
04007000600,0.307289
04007000700,0.289319
04007000800,0.375825
04007000900,0.11564
04007001000,0.364337
04007001100,0.185314
04007001200,0.130894
04007001300,0.096384
04007940200,0.143781
04007940400,0.086205
04009940500,0.0
04009961100,0.200217
04009961201,0.129893
04009961202,0.0
04009961300,0.196879
04009961400,0.290308
04009961500,0.082003
04009961600,0.192269
04009961700,0.211121
04011960100,0.169356
04011960200,0.314849
04011960300,0.110788
04012020101,0.142524
04012020102,0.109061
04013010102,0.110396
04013010103,0.0
04013010104,0.000707
04013030401,0.0
04013030402,0.002821
04013040502,0.00106
04013040506,0.0
04013040507,0.281779
04013040512,0.289549
04013040513,0.003906
04013040514,0.006055
04013040515,0.031177
04013040516,0.0
04013040522,0.248587
04013040523,0.215056
04013040524,0.418392
04013040525,0.238073
04013040526,0.043026
04013040527,0.219269
04013040528,0.358442
04013040529,0.258934
04013040530,0.0
04013040531,0.159649
04013040532,0.004359
04013040533,0.111097
04013040534,0.007793
04013040535,0.077826
04013040536,0.0
04013040537,0.192179
04013040538,0.12495
04013040539,0.231884
04013040540,0.152706
04013040541,0.206794
04013050603,0.052653
04013050604,0.083333
04013050609,0.08206
04013050611,0.0
04013050612,0.119048
04013050613,0.0
04013050614,0.0
04013050615,0.0
04013050616,0.125296
04013050617,0.015507
04013050618,0.013146
04013050619,0.0
04013050620,0.0
04013050621,0.07627
04013050701,0.0
04013050702,0.0
04013060801,0.004883
04013060802,0.217292
04013060901,0.0
04013060902,0.006395
04013060903,0.016038
04013060904,0.331225
04013061010,0.126877
04013061011,0.002091
04013061013,0.002269
04013061014,0.006717
04013061015,0.006469
04013061017,0.0
04013061018,0.0
04013061020,0.0
04013061021,0.272036
04013061024,0.0
04013061026,0.0
04013061027,0.125
04013061028,0.0
04013061029,0.0
04013061031,0.083333
04013061032,0.001927
04013061033,0.001671
04013061034,0.006313
04013061035,0.007848
04013061036,0.0
04013061037,0.0
04013061038,0.061543
04013061039,0.293266
04013061040,0.0
04013061041,0.01041
04013061042,0.001091
04013061043,0.002301
04013061044,0.083333
04013061045,0.018285
04013061046,0.000593
04013061047,0.014162
04013061048,0.0
04013061049,0.006955
04013061050,0.008009
04013061051,0.0
04013061052,0.158026
04013061053,0.0
04013061054,0.000661
04013061055,0.0
04013061056,0.0
04013061057,0.083333
04013061058,0.003914
04013061059,0.0
04013061060,0.0
04013061061,0.0
04013061062,0.0
04013061063,0.0
04013061064,0.0
04013061100,0.0
04013061200,0.0
04013061300,0.125
04013061401,0.033117
04013061402,0.0
04013071503,0.195373
04013071504,0.0
04013071505,0.173824
04013071506,0.0
04013071509,0.0
04013071510,0.002116
04013071511,0.0
04013071512,0.0
04013071513,0.008095
04013071514,0.0
04013071515,0.001637
04013071516,0.077055
04013071517,0.118597
04013071600,0.37893
04013071701,0.019553
04013071702,0.124779
04013071801,0.051497
04013071802,0.008201
04013071903,0.000768
04013071906,0.001493
04013071909,0.005166
04013071910,0.0
04013071911,0.078434
04013071912,0.09689
04013071913,0.121589
04013071914,0.002339
04013071915,0.0
04013082002,0.0
04013082007,0.004351
04013082008,0.003234
04013082009,0.002128
04013082010,0.003033
04013082012,0.002559
04013082016,0.0
04013082017,0.0
04013082018,0.007053
04013082019,0.018066
04013082020,0.023142
04013082021,0.0
04013082022,0.0
04013082023,0.000166
04013082024,0.0
04013082025,0.007481
04013082026,0.002851
04013082027,0.000286
04013082028,0.0
04013082204,0.128384
04013082205,0.00303
04013082206,0.0
04013082207,0.0
04013082208,0.0
04013082209,0.0
04013082210,0.0
04013082211,0.01808
04013082212,0.002427
04013082213,0.010043
04013083000,0.0
04013092305,0.0
04013092306,0.0
04013092307,0.0
04013092308,0.0
04013092309,0.0
04013092311,0.0
04013092312,0.0
04013092401,0.0
04013092402,0.0
04013092500,0.0
04013092600,0.179202
04013092705,0.0
04013092708,0.0
04013092709,0.003854
04013092710,0.00491
04013092711,0.0
04013092712,0.041667
04013092713,0.0
04013092715,0.0
04013092716,0.0
04013092717,0.25
04013092718,0.0
04013092719,0.00148
04013092720,0.0
04013092721,0.0
04013092723,0.002104
04013092724,0.0
04013092801,0.0
04013092802,0.0
04013092900,0.076593
04013093001,0.0
04013093002,0.0
04013093101,0.208169
04013093104,0.0
04013093105,0.0
04013093106,0.000516
04013093200,0.0
04013103205,0.0
04013103206,0.0
04013103207,0.001257
04013103208,0.0
04013103209,0.0
04013103210,0.0
04013103211,0.083333
04013103212,0.0
04013103214,0.0
04013103215,0.0
04013103216,0.0
04013103217,0.083333
04013103219,0.0
04013103220,0.0
04013103302,0.0
04013103303,0.0
04013103304,0.0
04013103305,0.0
04013103306,0.0
04013103400,0.0
04013103501,0.0
04013103502,0.0
04013103604,0.0
04013103605,0.0
04013103606,0.0
04013103607,0.0
04013103608,0.0
04013103609,0.0
04013103611,0.0
04013103612,0.0
04013103614,0.0
04013103615,0.0
04013103701,0.0
04013103702,0.0
04013103900,0.0
04013104000,0.0
04013104100,0.0
04013104202,0.000509
04013104203,0.0
04013104204,0.0
04013104205,0.0
04013104206,0.0
04013104207,0.0
04013104212,0.0
04013104214,0.0
04013104215,0.0
04013104216,0.0
04013104217,0.0
04013104218,0.0
04013104219,0.0
04013104221,0.0
04013104222,0.002746
04013104223,0.0
04013104224,0.0
04013104225,0.0
04013104226,0.0
04013104227,0.0
04013104301,0.0
04013104302,0.0
04013104401,0.0
04013104402,0.0
04013104501,0.0
04013104502,0.0
04013104600,0.0
04013104701,0.003034
04013104702,0.0
04013104801,0.0
04013104802,0.0
04013104900,0.0
04013105002,0.0
04013105003,0.0
04013105004,0.003591
04013105101,0.0
04013105102,0.052071
04013105103,0.0
04013105200,0.0
04013105300,0.0
04013105400,0.0
04013105501,0.0
04013105502,0.0
04013105503,0.0
04013105601,0.0
04013105602,0.0
04013105701,0.009788
04013105702,0.0
04013105800,0.0
04013105900,0.0
04013106001,0.0
04013106002,0.0
04013106003,0.0
04013106100,0.0
04013106200,0.0
04013106300,0.0
04013106400,0.0
04013106501,0.0
04013106502,0.0
04013106600,0.0
04013106701,0.0
04013106702,0.0
04013106703,0.0
04013106801,0.166667
04013106802,0.0
04013106900,0.0
04013107001,0.002669
04013107002,0.0
04013107101,0.25
04013107102,0.083333
04013107201,0.038934
04013107202,0.0
04013107300,0.0
04013107401,0.0
04013107402,0.0
04013107403,0.00947
04013107404,0.0
04013107500,0.0
04013107601,0.0
04013107602,0.0
04013107700,0.0
04013107800,0.0
04013107900,0.0
04013108000,0.0
04013108100,0.0
04013108200,0.0
04013108301,0.0
04013108302,0.0
04013108400,0.0
04013108501,0.0
04013108502,0.125
04013108601,0.008746
04013108602,0.0
04013108802,0.166667
04013108901,0.0
04013108902,0.0
04013109001,0.0
04013109002,0.0
04013109003,0.0
04013109101,0.083333
04013109102,0.0
04013109200,0.060793
04013109300,0.0
04013109401,0.0
04013109402,0.0
04013109500,0.0
04013109601,0.0
04013109602,0.003663
04013109603,0.0
04013109604,0.0
04013109702,0.0
04013109703,0.0
04013109704,0.0
04013109705,0.0
04013109706,0.00088
04013109707,0.004274
04013109801,0.0
04013109802,0.0
04013109900,0.0
04013110001,0.0
04013110002,0.0
04013110100,0.000596
04013110400,0.0
04013110501,0.0
04013110502,0.0
04013110600,0.0
04013110701,0.003137
04013110702,0.0
04013110801,0.0
04013110802,0.0
04013110901,0.0
04013110902,0.281433
04013111000,0.0
04013111100,0.0
04013111201,0.0
04013111202,0.120533
04013111203,0.121354
04013111204,0.0
04013111300,0.0
04013111401,0.0
04013111402,0.0
04013111501,0.0
04013111502,0.0
04013111601,0.0
04013111602,0.053904
04013111700,0.0
04013111800,0.0
04013111900,0.25
04013112100,0.0
04013112201,0.0
04013112202,0.0
04013112301,0.0
04013112302,0.0
04013112401,0.001541
04013112402,0.0
04013112502,0.0
04013112504,0.0
04013112507,0.0
04013112508,0.043317
04013112510,0.003858
04013112512,0.0
04013112514,0.0
04013112515,0.003166
04013112516,0.003496
04013112517,0.004025
04013112518,0.005128
04013112519,0.0
04013112520,0.0
04013112521,0.0
04013112522,0.015527
04013112523,0.125
04013112524,0.083333
04013112601,0.101603
04013112602,0.0
04013112700,0.0
04013112900,0.027778
04013113000,0.0
04013113100,0.0
04013113201,0.0
04013113202,0.0
04013113204,0.051078
04013113301,0.158232
04013113502,0.004149
04013113503,0.035491
04013113601,0.110652
04013113602,0.11075
04013113701,0.063598
04013113702,0.0
04013113800,0.0
04013113900,0.0
04013114000,0.0
04013114100,0.0
04013114200,0.0
04013114301,0.0
04013114302,0.0
04013114401,0.051098
04013114402,0.0
04013114500,0.0
04013114600,0.0
04013114704,0.003367
04013114705,0.0
04013114800,0.0
04013114900,0.0
04013115200,0.000431
04013115300,0.0
04013115400,0.0
04013115500,0.0
04013115600,0.0
04013115700,0.083333
04013115801,0.0
04013115802,0.0
04013115900,0.0
04013116000,0.0625
04013116100,0.0
04013116202,0.0
04013116203,0.041667
04013116204,0.0
04013116205,0.0
04013116300,0.0
04013116400,0.0
04013116500,0.0
04013116605,0.006229
04013116606,0.0
04013116607,0.0
04013116610,0.125
04013116611,0.248571
04013116612,0.0
04013116614,0.0
04013116615,0.0
04013116616,0.0
04013116617,0.0
04013116618,0.101183
04013116619,0.030324
04013116620,0.083333
04013116621,0.0
04013116703,0.13119
04013116707,0.0
04013116708,0.125
04013116709,0.0
04013116710,0.0
04013116711,0.0
04013116712,0.022375
04013116713,0.0
04013116714,0.009827
04013116715,0.0
04013116717,0.0
04013116718,0.0
04013116719,0.0
04013116720,0.0
04013116721,0.011128
04013116725,0.125233
04013116727,0.260868
04013116728,0.028846
04013116729,0.008197
04013116730,0.336958
04013116731,0.21597
04013116732,0.0
04013116733,0.222228
04013116734,0.0
04013116735,0.0
04013116736,0.0
04013116737,0.007641
04013116738,0.0
04013116800,0.027778
04013116900,0.016597
04013117000,0.0
04013117100,0.0
04013117200,0.009272
04013117300,0.0
04013216806,0.0
04013216807,0.0
04013216809,0.000633
04013216810,0.0
04013216813,0.0
04013216816,0.0
04013216819,0.0
04013216820,0.000704
04013216821,0.0
04013216822,0.0
04013216826,0.0
04013216829,0.090764
04013216830,0.0
04013216831,0.0
04013216832,0.0
04013216833,0.0
04013216834,0.0
04013216835,0.0
04013216836,0.0
04013216837,0.062364
04013216838,0.008333
04013216839,0.0
04013216840,0.0
04013216841,0.067948
04013216842,0.0
04013216843,0.0
04013216844,0.0
04013216845,0.0
04013216849,0.0
04013216850,0.0
04013216851,0.0
04013216852,0.0
04013216853,0.0
04013216854,0.0
04013216855,0.0
04013216856,0.002847
04013216857,0.0
04013216858,0.0
04013216859,0.125
04013216860,0.055556
04013216861,0.0
04013216901,0.0
04013216902,0.001616
04013217001,0.25
04013217002,0.0
04013217101,0.011431
04013217102,0.003564
04013217201,0.0
04013217203,0.005902
04013217204,0.0
04013217300,0.0
04013217400,0.028612
04013217501,0.0
04013217502,0.011252
04013217600,0.0
04013217700,0.0
04013217800,0.0
04013217900,0.0
04013218000,0.0
04013218100,0.0
04013218200,0.0
04013218300,0.25
04013318400,0.0
04013318501,0.025046
04013318700,0.0
04013318800,0.059899
04013318900,0.00042
04013319001,0.0
04013319002,0.0
04013319101,0.309859
04013319103,0.0
04013319104,0.005203
04013319201,0.001903
04013319202,0.0
04013319300,0.006289
04013319401,0.0
04013319402,0.001262
04013319403,0.0
04013319404,0.003061
04013319500,0.0
04013319600,0.0
04013319705,0.05873
04013319706,0.093715
04013319707,0.0
04013319708,0.002788
04013319709,0.054535
04013319710,0.0
04013319801,0.003209
04013319802,0.0
04013319902,0.0
04013319903,0.0
04013319904,0.001038
04013319905,0.0
04013319906,0.0
04013319907,0.011173
04013319908,0.006906
04013319909,0.001194
04013319910,0.0
04013320001,0.0
04013320002,0.151409
04013320007,0.0
04013320100,0.083333
04013420104,0.083333
04013420105,0.0
04013420107,0.001
04013420108,0.0
04013420109,0.0
04013420110,0.0
04013420111,0.0
04013420112,0.000398
04013420113,0.103978
04013420114,0.0
04013420115,0.0
04013420116,0.0
04013420202,0.0
04013420206,0.0
04013420207,0.001063
04013420208,0.0
04013420209,0.0
04013420210,0.0
04013420211,0.015824
04013420212,0.0
04013420213,0.0
04013420214,0.0
04013420215,0.0
04013420216,0.002696
04013420301,0.002635
04013420302,0.003544
04013420303,0.0
04013420304,0.0
04013420401,0.185537
04013420402,0.125911
04013420503,0.002179
04013420504,0.0
04013420505,0.0
04013420506,0.179295
04013420602,0.0
04013420603,0.010467
04013420604,0.0
04013420704,0.013694
04013420705,0.003672
04013420706,0.0
04013420707,0.25
04013420708,0.0
04013420709,0.0
04013420710,0.0
04013420800,0.007647
04013420901,0.002503
04013420902,0.0
04013421001,0.21519
04013421002,0.0
04013421101,0.110326
04013421102,0.0
04013421201,0.020839
04013421202,0.0
04013421302,0.083333
04013421303,0.0
04013421304,0.0
04013421400,0.0
04013421501,0.0
04013421502,0.003148
04013421601,0.0
04013421602,0.0
04013421701,0.01939
04013421702,0.0
04013421801,0.006667
04013421802,0.002639
04013421901,0.0
04013421902,0.0
04013422001,0.0
04013422002,0.0
04013422102,0.0
04013422103,0.0
04013422104,0.090915
04013422105,0.055556
04013422106,0.066435
04013422107,0.0
04013422203,0.0
04013422209,0.0
04013422210,0.0
04013422211,0.0
04013422212,0.023483
04013422213,0.0
04013422215,0.014019
04013422216,0.0
04013422217,0.047293
04013422218,0.0
04013422219,0.0
04013422220,0.004979
04013422221,0.0
04013422222,0.0
04013422223,0.0
04013422224,0.020833
04013422225,0.014624
04013422226,0.0
04013422227,0.001712
04013422301,0.0
04013422302,0.0
04013422304,0.131228
04013422305,0.003148
04013422307,0.083333
04013422308,0.0
04013422309,0.003627
04013422401,0.0
04013422402,0.0
04013422403,0.0
04013422404,0.002132
04013422501,0.0
04013422502,0.0
04013422503,0.0
04013422504,0.0
04013422506,0.0
04013422507,0.0
04013422508,0.0
04013422509,0.128603
04013422510,0.009804
04013422511,0.001512
04013422512,0.003747
04013422513,0.0
04013422514,0.0
04013422607,0.0
04013422609,0.000593
04013422610,0.001017
04013422615,0.0
04013422617,0.0
04013422618,0.00053
04013422620,0.0
04013422621,0.250952
04013422622,0.0
04013422623,0.0
04013422624,0.0
04013422625,0.0
04013422626,0.0
04013422627,0.00531
04013422628,0.0
04013422629,0.0
04013422630,0.000772
04013422632,0.228966
04013422633,0.0
04013422634,0.0
04013422636,0.0
04013422637,0.0
04013422638,0.0
04013422639,0.0
04013422640,0.0
04013422642,0.0
04013422643,0.0
04013422647,0.125
04013422648,0.002237
04013422649,0.010644
04013422650,0.00276
04013422651,0.004394
04013422652,0.0
04013422653,0.0
04013422654,0.007844
04013422655,0.0
04013422656,0.000839
04013422657,0.010712
04013422658,0.000469
04013422659,0.0
04013422660,0.097396
04013522801,0.5
04013522802,0.08529
04013522901,0.0
04013522903,0.155646
04013522904,0.00728
04013523002,0.000179
04013523005,0.00321
04013523006,0.0
04013523007,0.114063
04013523008,0.125
04013523102,0.0
04013523103,0.0
04013523104,0.0
04013610001,0.302361
04013610002,0.300307
04013610100,0.0
04013610201,0.001377
04013610202,0.25
04013610301,0.101706
04013610302,0.003413
04013610400,0.002248
04013610500,0.041667
04013610600,0.0
04013610700,0.0
04013610800,0.13495
04013610901,0.217879
04013610902,0.062086
04013610903,0.014047
04013611000,0.004087
04013611100,0.009623
04013611200,0.015339
04013611300,0.0
04013611400,0.261254
04013611500,0.007576
04013611600,0.149852
04013611700,0.001473
04013611800,0.003689
04013611900,0.093672
04013612000,0.0
04013612200,0.003417
04013612301,0.0
04013612302,0.0
04013612401,0.01259
04013612402,0.0
04013612500,0.25
04013612600,0.0
04013612700,0.0
04013612800,0.25
04013612900,0.0
04013613000,0.0
04013613100,0.000249
04013613200,0.0
04013613300,0.0
04013613400,0.01135
04013613500,0.005155
04013613601,0.0
04013613602,0.0
04013613700,0.00317
04013613800,0.0
04013613900,0.002271
04013614000,0.0
04013614100,0.000327
04013614200,0.0
04013614300,0.0
04013614400,0.0
04013614500,0.0
04013614601,0.0
04013614602,0.001706
04013614700,0.0
04013614800,0.021722
04013614900,0.014231
04013615001,0.0
04013615002,0.0
04013615100,0.0
04013615201,0.0
04013615202,0.0
04013615300,0.000306
04013615400,0.01087
04013615500,0.008929
04013615600,0.0
04013615700,0.001803
04013615800,0.0
04013615900,0.0
04013616000,0.0
04013616100,0.064792
04013616200,0.00349
04013616300,0.086115
04013616400,0.0
04013616500,0.0
04013616600,0.002641
04013616700,0.000318
04013616800,0.001498
04013616900,0.0
04013617001,0.314029
04013617002,0.062499
04013617100,0.007246
04013617200,0.0
04013617300,0.001759
04013617400,0.0
04013617500,0.0
04013617600,0.0625
04013617700,0.0
04013617800,0.0
04013617900,0.0
04013618000,0.0
04013618100,0.0
04013618200,0.0
04013618300,0.0
04013618400,0.0
04013618500,0.0
04013618600,0.0
04013618700,0.0
04013618800,0.0
04013618900,0.0
04013619000,0.016969
04013619100,0.0
04013619200,0.0
04013619300,0.0
04013619400,0.0
04013619500,0.0
04013619601,0.0
04013619602,0.0
04013619700,0.0
04013619800,0.0
04013619900,0.0
04013723304,0.041667
04013723305,0.0
04013723306,0.083333
04013723307,0.0
04013723309,0.0
04013723310,0.0
04013723311,0.125
04013810000,0.0
04013810100,0.004428
04013810200,0.006352
04013810300,0.002238
04013810400,0.0
04013810500,0.127301
04013810600,0.0
04013810700,0.007321
04013810800,0.002395
04013810900,0.060881
04013811000,0.038357
04013811100,0.0
04013811200,0.0
04013811300,0.004437
04013811400,0.0
04013811500,0.00463
04013811600,0.003311
04013811700,0.0
04013811800,0.017228
04013811900,0.0
04013812000,0.082179
04013812100,0.00094
04013812200,0.004026
04013812300,0.0
04013812400,0.0
04013812500,0.0
04013812600,0.010287
04013812700,0.00137
04013812801,0.0
04013812802,0.0
04013812900,0.0
04013813000,0.033218
04013813100,0.0
04013813200,0.132023
04013813300,0.056468
04013813400,0.094473
04013813500,0.055084
04013813600,0.0
04013813700,0.031308
04013813800,0.088878
04013813900,0.000718
04013814000,0.282266
04013814100,0.0
04013814200,0.00408
04013814300,0.0
04013814400,0.005594
04013814500,0.000803
04013814600,0.0
04013814700,0.029885
04013814801,0.106238
04013814802,0.091153
04013814900,0.003729
04013815000,0.0
04013815100,0.095142
04013815201,0.0
04013815202,0.0
04013815203,0.001631
04013815300,0.000732
04013815401,0.0
04013815402,0.0
04013815501,0.015051
04013815502,0.0
04013815601,0.0
04013815602,0.002988
04013815700,0.000794
04013815800,0.0
04013815901,0.0
04013815902,0.117249
04013816001,0.0
04013816002,0.060924
04013816003,0.0
04013816004,0.0
04013816005,0.0
04013816100,0.0
04013816200,0.0
04013816301,0.0
04013816302,0.096312
04013816401,0.118598
04013816402,0.0
04013816501,0.0
04013816502,0.0
04013816600,0.0
04013816700,0.0
04013816800,0.0
04013816901,0.0
04013816902,0.0
04013816903,0.0
04013816904,0.125
04013817000,0.173187
04013817101,0.000838
04013817102,0.0
04013817103,0.0
04013817200,0.0
04013817300,0.003181
04013817400,0.25023
04013817500,0.00758
04013817600,0.0
04013940700,0.0
04013941000,0.166667
04013941100,0.039258
04013941200,0.139246
04013941300,0.0
04013980100,1.8e-05
04013980400,0.0
04013980500,0.0
04013980700,0.0
04013980900,0.0
04013981000,0.25
04015954801,0.08373
04015954802,0.0
04017940014,0.120564
04017940015,0.208333
04017940100,0.221796
04017940301,0.18313
04017940302,0.375969
04017960100,0.144181
04017960200,0.177889
04017960400,0.041903
04017960500,0.111101
04017960600,0.015089
04017961300,0.225819
04017961701,0.233419
04017961702,0.441557
04017962501,0.264444
04017962502,0.451856
04017963300,0.174811
04017963400,0.072843
04017963700,0.0
04017963800,0.0
04017964201,0.113022
04017964202,0.045588
04017964801,0.083333
04017964802,0.230692
04017964901,0.287591
04017964902,0.278046
04017965201,0.27713
04017965202,0.271863
04017965301,0.163885
04017965302,0.083333
04019000100,0.0
04019000200,0.0
04019000300,0.0
04019000401,0.0
04019000402,0.0
04019000501,0.0
04019000502,0.0
04019000600,0.0
04019000700,0.0
04019000800,0.0
04019001100,0.0
04019001200,0.0
04019001302,0.0
04019001303,0.0
04019001304,0.0
04019001400,0.0
04019001500,0.0
04019001600,0.0
04019001700,0.0
04019001801,0.0
04019001802,0.0
04019001900,0.0
04019002000,0.0
04019002100,0.0
04019002201,0.0
04019002202,0.0
04019002300,0.083333
04019002400,0.0
04019002503,0.0
04019002504,0.0
04019002505,0.0
04019002507,0.0
04019002508,0.0
04019002509,0.0
04019002602,0.0
04019002603,0.0
04019002604,0.0
04019002702,0.0
04019002703,0.0
04019002704,0.0
04019002801,0.0
04019002802,0.125
04019002803,0.0
04019002901,0.0
04019002904,0.0
04019002905,0.0
04019002906,0.0
04019003002,0.0
04019003003,0.0
04019003004,0.0
04019003102,0.0
04019003103,0.0
04019003104,0.0
04019003201,0.0
04019003202,0.0
04019003302,0.0
04019003303,0.0
04019003304,0.0
04019003400,0.0
04019003502,0.0
04019003503,0.0
04019003504,0.0
04019003505,0.0
04019003506,0.0
04019003601,0.0
04019003702,0.0
04019003704,0.25
04019003705,0.0
04019003706,0.0
04019003707,0.0
04019003801,0.0
04019003802,0.0
04019003901,0.0
04019003902,0.0
04019003903,0.0
04019004008,0.0625
04019004010,0.0
04019004026,0.0
04019004029,0.25
04019004030,0.0
04019004031,0.0
04019004032,0.0
04019004033,0.0
04019004034,0.0
04019004035,0.051521
04019004036,0.0
04019004037,0.07941
04019004038,0.0
04019004039,0.0
04019004042,0.0
04019004043,0.0
04019004044,0.0
04019004046,0.0
04019004047,0.0
04019004048,0.0
04019004049,0.0
04019004050,0.0
04019004051,0.0
04019004052,0.125
04019004053,0.0
04019004054,0.0
04019004055,0.027906
04019004056,0.0
04019004057,0.0
04019004058,0.0
04019004061,0.05281
04019004062,0.0
04019004063,0.0
04019004065,0.0
04019004066,0.0
04019004067,0.0
04019004068,0.0
04019004069,0.0
04019004070,0.0
04019004071,0.0
04019004072,0.0
04019004073,0.0
04019004074,0.0
04019004075,0.016406
04019004076,0.0
04019004077,0.0
04019004078,0.0
04019004079,0.074152
04019004080,0.0
04019004081,0.0
04019004082,0.0
04019004109,0.15972
04019004110,0.0
04019004112,0.0
04019004114,0.0
04019004115,0.0
04019004116,0.0
04019004117,0.0
04019004118,0.083333
04019004122,0.0
04019004126,0.0
04019004127,0.194009
04019004128,0.0
04019004129,0.0
04019004130,0.0
04019004131,0.166667
04019004132,0.070731
04019004133,0.140132
04019004307,0.164804
04019004310,0.289519
04019004311,0.0
04019004312,0.0
04019004313,0.301527
04019004316,0.046227
04019004317,0.0
04019004320,0.0
04019004321,0.0
04019004322,0.0
04019004323,0.0
04019004324,0.036758
04019004325,0.000985
04019004326,0.083333
04019004327,0.0
04019004328,0.0
04019004330,0.0
04019004332,0.0
04019004333,0.172651
04019004335,0.0
04019004336,0.0
04019004337,0.0
04019004338,0.000554
04019004339,0.000493
04019004340,0.152716
04019004404,0.0
04019004407,0.0
04019004412,0.0
04019004413,0.0
04019004414,0.0
04019004415,0.0
04019004418,0.0
04019004419,0.0
04019004422,0.02429
04019004423,0.0
04019004424,0.287717
04019004425,0.0625
04019004426,0.0
04019004428,0.0
04019004430,0.0
04019004431,0.083333
04019004432,0.0
04019004433,0.125
04019004434,0.0
04019004435,0.03397
04019004436,0.000664
04019004437,0.0
04019004438,0.0
04019004439,0.0
04019004440,0.125
04019004505,0.0
04019004506,0.0
04019004508,0.086802
04019004510,0.0
04019004511,0.0
04019004512,0.0
04019004513,0.0
04019004514,0.0
04019004515,0.0
04019004610,0.0
04019004613,0.0
04019004614,0.020833
04019004615,0.0
04019004616,0.0
04019004617,0.040811
04019004618,0.0
04019004619,0.003038
04019004620,0.120426
04019004621,0.0
04019004622,0.0
04019004623,0.125
04019004624,0.0
04019004625,0.0
04019004626,0.0
04019004627,0.0
04019004628,0.0
04019004630,0.35772
04019004631,0.003005
04019004632,0.25
04019004633,0.0
04019004634,0.0
04019004635,0.25
04019004636,0.188916
04019004639,0.0
04019004640,0.0
04019004641,0.000581
04019004642,0.166667
04019004643,0.050966
04019004644,0.0
04019004645,0.0
04019004646,0.0
04019004647,0.0
04019004648,0.193575
04019004649,0.0
04019004650,0.0
04019004710,0.083333
04019004711,0.0
04019004712,0.0
04019004713,0.220179
04019004714,0.0
04019004715,0.267366
04019004717,0.0
04019004718,0.0
04019004720,0.057242
04019004721,0.05276
04019004722,0.030002
04019004723,0.0
04019004724,0.125
04019004725,0.036205
04019004726,0.0
04019004727,0.212613
04019004728,0.319906
04019004729,0.0
04019004730,0.172153
04019005200,0.2212
04019005300,0.0
04019005400,0.0
04019940800,0.17807
04019940900,0.0
04019941000,0.0
04019941100,0.017881
04019980001,0.0
04019980002,0.0
04019980100,0.0
04019980200,0.25
04019980300,0.034884
04019980400,0.25
04021000201,0.157317
04021000204,0.0
04021000206,0.063373
04021000208,0.0
04021000211,0.0
04021000212,0.0
04021000215,0.0
04021000216,0.006016
04021000217,0.085933
04021000218,0.001327
04021000219,0.0
04021000220,0.004237
04021000221,0.0
04021000222,0.0
04021000223,0.0
04021000224,0.0
04021000225,0.0
04021000226,0.0
04021000227,0.0
04021000228,0.012821
04021000229,0.0
04021000307,0.165285
04021000309,0.0
04021000310,0.0
04021000311,0.295197
04021000312,0.0
04021000313,0.0
04021000315,0.0
04021000316,0.015872
04021000317,0.0
04021000319,0.0
04021000320,0.0
04021000321,0.0
04021000322,0.0
04021000323,0.179303
04021000324,0.0
04021000325,0.0
04021000400,0.018051
04021000603,0.167489
04021000604,0.353304
04021000700,0.0
04021000802,0.14281
04021000804,0.0
04021000805,0.0
04021000806,0.0
04021000807,0.333333
04021000808,0.325004
04021000902,0.196392
04021000903,0.55625
04021000904,0.24483
04021001000,0.260715
04021001100,0.194085
04021001200,0.089885
04021001303,0.0
04021001305,0.078659
04021001306,0.001249
04021001307,0.179386
04021001308,0.380823
04021001309,0.000378
04021001310,0.199851
04021001403,0.086233
04021001404,0.132348
04021001405,0.145954
04021001406,0.0
04021001407,0.129671
04021001408,0.001511
04021001500,0.090288
04021001600,0.0
04021001701,2.1e-05
04021001704,0.28164
04021001705,0.264105
04021001706,0.197101
04021001707,0.0
04021001709,0.0
04021001712,0.129735
04021001713,0.0
04021001714,0.045802
04021001715,0.22273
04021001716,0.003286
04021001717,0.0
04021001900,0.0
04021002001,0.0
04021002004,0.0
04021002005,0.118622
04021002104,0.001031
04021002105,0.0
04021002106,0.0
04021002107,0.089721
04021002200,0.0
04021002300,0.253287
04021002400,0.35383
04021941200,0.0
04021941300,0.107224
04021941401,0.229469
04021941402,0.106197
04023966000,0.005046
04023966101,0.166667
04023966103,0.160211
04023966106,0.0389
04023966107,0.0
04023966108,0.124394
04023966109,0.204459
04023966110,0.0
04023966111,0.083333
04023966200,0.156979
04023966301,0.269519
04023966302,0.19508
04023966401,0.029669
04023966402,0.131873
04025000205,0.0
04025000206,0.0
04025000207,0.281853
04025000208,0.323252
04025000209,0.3978
04025000210,0.0
04025000211,0.025757
04025000301,0.0
04025000302,0.0
04025000403,0.0
04025000404,0.0
04025000405,0.125
04025000406,0.264191
04025000407,0.0
04025000501,0.0
04025000502,0.041667
04025000604,0.0
04025000608,0.083333
04025000609,0.0
04025000611,0.166667
04025000612,0.0
04025000613,0.0
04025000614,0.0
04025000615,0.0
04025000616,0.0
04025000617,0.0
04025000618,0.0
04025000619,0.0
04025000701,0.055556
04025000702,0.009216
04025000802,0.0
04025000803,0.14908
04025000804,0.483925
04025000901,0.0
04025000902,0.083333
04025001002,0.25
04025001003,0.0
04025001004,0.0625
04025001103,0.0
04025001104,0.0
04025001105,0.105166
04025001106,0.153665
04025001201,0.25
04025001202,0.041667
04025001300,0.179502
04025001401,0.0
04025001402,0.261012
04025001403,0.032969
04025001501,0.078532
04025001502,0.09315
04025001601,0.083333
04025001602,0.097036
04025001604,0.0
04025001605,0.110383
04025001701,0.083333
04025001703,0.198681
04025001704,0.068188
04025001705,0.0
04025001801,0.0
04025001803,0.002454
04025001804,0.106173
04025001901,0.118716
04025001902,0.050302
04025001903,0.0
04025001904,0.166667
04025002001,0.0
04025002002,0.129403
04025002003,0.162739
04025002005,0.0
04025002006,0.0
04025002007,0.121673
04025002100,0.033333
04027012100,0.0
04027980003,0.0
04027980004,0.001012
35023970000,0.259282
48001950100,0.033154
48001950401,0.004219
48001950402,0.0
48001950500,0.128724
48001950600,0.14829
48001950700,0.072124
48001950800,0.128408
48001950901,0.000376
48001950902,0.08753
48001951001,0.003128
48001951002,0.228715
48001951100,0.09483
48005000102,0.083421
48005000104,0.118499
48007950101,0.086711
48007950102,0.100482
48007950103,0.028339
48007950200,0.272892
48007950301,0.009775
48007950302,0.148281
48007950400,0.212317
48007950501,0.048248
48007950502,0.164903
48007950503,0.231296
48009020200,0.037395
48009020300,0.120262
48013960101,0.06046
48013960102,0.029099
48013960203,0.041011
48013960204,0.05705
48013960205,0.064299
48013960206,0.07834
48013960300,0.181446
48013960401,0.247213
48013960403,0.26112
48013960404,0.316537
48013960500,0.084927
48013960601,0.167923
48013960602,0.0
48015760100,0.083333
48015760201,0.022394
48015760202,0.056635
48015760301,0.0
48015760302,0.00032
48015760400,0.005765
48015760501,0.17127
48015760502,0.087358
48019000101,0.070725
48019000103,0.0
48019000104,0.166966
48019000200,0.083333
48019000301,0.034928
48019000302,0.021999
48019000400,0.059813
48021950101,0.0
48021950102,0.11334
48021950201,0.043597
48021950202,0.087057
48021950301,0.025838
48021950302,0.00201
48021950303,0.036107
48021950401,0.030244
48021950402,0.163592
48021950403,0.103765
48021950503,0.028655
48021950504,0.0
48021950505,0.083672
48021950506,0.163417
48021950601,0.0
48021950602,0.0
48021950700,0.078745
48021950803,0.0
48021950804,0.083333
48021950805,0.0
48021950806,0.131989
48023950301,0.274986
48023950302,0.304455
48025950100,0.0
48025950201,0.113196
48025950203,0.0
48025950204,0.193535
48025950300,0.0
48025950400,0.158911
48025950501,0.215805
48025950502,0.186468
48025950600,0.056051
48027020101,0.002843
48027020102,0.002037
48027020201,0.0
48027020203,0.182224
48027020204,0.056857
48027020301,0.105749
48027020302,0.055932
48027020401,0.089074
48027020402,0.001919
48027020500,0.080218
48027020600,0.113471
48027020701,0.120458
48027020702,0.08502
48027020800,0.209722
48027020900,0.144379
48027021000,0.174711
48027021101,0.14854
48027021102,0.001464
48027021201,0.095225
48027021202,0.052021
48027021203,0.025555
48027021301,0.000799
48027021302,0.115043
48027021304,0.00366
48027021305,0.08442
48027021400,0.001429
48027021501,0.002707
48027021502,0.000101
48027021601,0.104131
48027021602,0.124072
48027021701,0.001871
48027021702,0.144437
48027021801,0.100687
48027021802,0.002015
48027021901,0.031169
48027021905,0.0
48027021906,0.0
48027021907,0.0
48027021908,0.0
48027022001,0.122431
48027022002,0.0
48027022101,0.0
48027022103,0.0
48027022104,0.0
48027022105,0.0
48027022200,0.0
48027022300,0.203328
48027022401,0.031916
48027022402,0.0
48027022403,0.0
48027022405,0.0
48027022406,0.0
48027022407,0.0
48027022501,0.076354
48027022503,0.0
48027022504,0.0
48027022600,0.214904
48027022801,0.00463
48027022900,0.189919
48027023001,0.0
48027023002,0.0
48027023103,0.13559
48027023104,0.064367
48027023109,0.137905
48027023110,0.0
48027023111,0.128947
48027023112,0.0
48027023113,0.0
48027023114,0.0
48027023115,0.0
48027023116,0.003442
48027023117,0.044735
48027023118,0.146863
48027023201,0.048909
48027023202,0.0
48027023203,0.006549
48027023204,0.0
48027023301,0.074237
48027023302,0.014172
48027023402,0.042666
48027023404,0.0
48027023405,0.0
48027023406,0.0
48027023500,0.25731
48027980001,0.133595
48027980002,0.151882
48027980003,0.0
48029110100,0.0
48029110300,0.0
48029110500,0.000649
48029110600,0.0
48029110700,0.038242
48029111000,0.0
48029111100,0.0
48029120100,0.0
48029120301,0.103712
48029120302,0.001606
48029120401,0.0
48029120402,0.235137
48029120502,0.06417
48029120503,0.003903
48029120504,0.091758
48029120601,0.0
48029120602,0.054504
48029120701,0.0022
48029120702,0.0
48029120800,0.000114
48029120901,0.0
48029120902,0.002527
48029121000,0.083333
48029121110,0.0
48029121111,0.020101
48029121112,0.166667
48029121115,0.000765
48029121116,0.0
48029121117,0.0
48029121118,0.0
48029121119,0.0
48029121120,0.0
48029121121,0.025954
48029121122,0.0
48029121123,0.084276
48029121124,0.0
48029121203,0.094784
48029121204,0.007326
48029121205,0.083333
48029121206,0.002039
48029121300,0.01137
48029121402,0.065152
48029121403,0.031065
48029121404,0.012179
48029121501,0.017445
48029121504,0.0
48029121505,0.004933
48029121506,0.016289
48029121507,0.007136
48029121508,0.0
48029121601,0.072514
48029121604,0.0
48029121605,0.0
48029121606,0.001646
48029121701,0.225051
48029121702,0.0
48029121802,0.012211
48029121803,0.0
48029121804,0.0
48029121808,0.008488
48029121809,0.0
48029121810,0.004008
48029121811,0.00826
48029121812,0.007222
48029121813,0.049712
48029121903,0.0
48029121904,0.194947
48029121905,0.090779
48029121906,0.0
48029121908,0.241677
48029121909,0.018579
48029121910,0.038136
48029121911,0.0
48029121912,0.064068
48029130200,0.252567
48029130300,0.002273
48029130401,0.00152
48029130402,0.036378
48029130500,0.0
48029130600,0.0
48029130700,0.0
48029130800,0.006791
48029130900,0.027253
48029131000,0.008134
48029131100,0.020043
48029131200,0.215808
48029131300,0.047238
48029131401,0.091972
48029131402,0.065019
48029131503,0.140079
48029131504,0.011296
48029131505,0.031746
48029131506,0.193136
48029131507,0.013025
48029131601,0.148365
48029131606,0.194796
48029131608,0.003376
48029131609,0.083096
48029131610,0.012607
48029131612,0.055556
48029131614,0.067388
48029131615,0.082821
48029131616,0.134172
48029131700,0.0
48029131801,0.00145
48029131802,0.10537
48029140100,0.0
48029140200,0.021973
48029140300,0.020101
48029140400,0.0
48029140500,0.000877
48029140600,0.001005
48029140700,0.001734
48029140800,0.0
48029140900,0.0
48029141000,0.004088
48029141101,0.000372
48029141102,0.009498
48029141200,0.006212
48029141300,0.087126
48029141402,0.062011
48029141403,0.074778
48029141404,0.083519
48029141600,0.056609
48029141700,0.112164
48029141800,0.27459
48029141900,0.206105
48029150100,0.135224
48029150300,0.0
48029150400,0.139657
48029150501,0.0
48029150502,0.0
48029150600,0.0
48029150700,0.083333
48029150800,0.166641
48029150900,0.003206
48029151000,0.0
48029151100,0.0
48029151200,0.011397
48029151301,0.004394
48029151302,0.022059
48029151400,0.063889
48029151500,0.133127
48029151600,0.0
48029151700,0.025978
48029151900,0.113294
48029152000,0.240485
48029152100,0.363155
48029152201,0.053719
48029152202,0.036965
48029160100,0.002894
48029160200,0.055953
48029160300,0.196209
48029160400,0.0
48029160501,0.0
48029160502,0.048871
48029160600,0.000835
48029160701,0.002738
48029160702,0.001174
48029160901,0.085237
48029160902,0.023917
48029161000,0.064865
48029161100,0.024614
48029161200,0.198477
48029161302,0.15147
48029161303,0.0
48029161304,0.0
48029161400,0.211219
48029161501,0.233737
48029161503,0.020903
48029161504,0.0
48029161600,0.063322
48029161801,0.066332
48029161802,0.163532
48029161901,0.115729
48029161902,0.268547
48029162001,0.156327
48029162003,0.259708
48029162004,0.039375
48029170101,0.162962
48029170102,0.004283
48029170200,0.131308
48029170300,0.002438
48029170401,0.001791
48029170402,0.002065
48029170500,0.163351
48029170600,0.002967
48029170700,0.00019
48029170800,0.002778
48029170900,0.0
48029171000,0.002179
48029171100,0.003404
48029171200,0.0
48029171301,0.000472
48029171302,0.004711
48029171401,0.000509
48029171402,0.001318
48029171501,0.00185
48029171502,0.002948
48029171601,0.006308
48029171602,0.001799
48029171700,0.0
48029171801,0.0
48029171802,0.001262
48029171903,0.001119
48029171912,0.015667
48029171913,0.0
48029171914,0.0
48029171915,0.003277
48029171916,0.001502
48029171917,0.0
48029171918,0.0
48029171919,0.015216
48029171920,0.0
48029171921,0.069788
48029171922,0.038178
48029171923,0.0
48029171924,0.056718
48029171926,0.0
48029171927,0.009766
48029171928,0.0
48029171929,0.0
48029172002,0.086044
48029172003,0.0
48029172004,0.210464
48029172005,0.0
48029172006,0.094728
48029172008,0.004549
48029172009,0.05552
48029180101,0.221581
48029180102,0.194961
48029180201,0.196862
48029180202,0.176443
48029180300,0.029988
48029180400,0.233964
48029180501,0.14295
48029180503,0.0
48029180504,0.002193
48029180602,0.00261
48029180603,0.006329
48029180604,0.000974
48029180701,0.008808
48029180702,0.044002
48029180800,0.004527
48029180901,0.000312
48029180902,0.000628
48029181001,0.084559
48029181003,0.101639
48029181004,0.073346
48029181005,0.025769
48029181100,0.0
48029181200,0.0
48029181301,0.001163
48029181302,0.0
48029181303,0.095209
48029181402,0.0
48029181403,0.286065
48029181404,0.217735
48029181503,0.00037
48029181504,0.007385
48029181505,0.0
48029181506,0.166667
48029181601,0.005561
48029181602,0.001947
48029181703,0.0
48029181704,0.094881
48029181705,0.077336
48029181711,0.0
48029181712,0.0
48029181713,0.0
48029181715,0.0
48029181716,0.095743
48029181718,0.0
48029181720,0.0
48029181721,0.085562
48029181722,0.0
48029181723,0.083333
48029181724,0.083333
48029181725,0.002904
48029181726,0.0
48029181727,0.0
48029181729,0.046651
48029181730,0.0
48029181731,0.0
48029181732,0.002846
48029181733,0.000987
48029181808,0.0
48029181809,0.0
48029181811,0.171059
48029181813,0.0
48029181814,0.0
48029181815,0.0
48029181816,0.006753
48029181817,0.0
48029181818,0.043597
48029181819,0.000761
48029181820,0.0
48029181821,0.0
48029181822,0.090724
48029181823,0.013127
48029181824,0.005512
48029181825,0.134345
48029181826,0.0
48029181901,0.083333
48029181902,0.014395
48029182001,0.013825
48029182002,0.214441
48029182003,0.009705
48029182101,0.094639
48029182102,0.068588
48029182103,0.261418
48029182105,0.09028
48029182106,0.169472
48029190100,0.085238
48029190200,0.00017
48029190400,0.000374
48029190501,0.106101
48029190503,0.0
48029190504,0.026661
48029190601,0.167567
48029190603,0.003389
48029190604,0.084865
48029190700,0.0
48029190800,0.00091
48029190901,0.002123
48029190902,0.004555
48029191003,0.0
48029191004,0.014676
48029191005,0.001947
48029191006,0.001209
48029191101,0.083333
48029191102,0.0
48029191201,0.034286
48029191202,0.0
48029191303,0.0
48029191304,0.0
48029191405,0.000114
48029191406,0.166799
48029191408,0.0
48029191409,0.0
48029191410,0.0
48029191411,0.000337
48029191412,0.0
48029191413,0.001339
48029191503,0.0
48029191504,0.00126
48029191505,0.002148
48029191506,0.000906
48029191701,0.166991
48029191702,0.0
48029191804,0.0
48029191806,0.0
48029191807,0.003255
48029191808,0.0
48029191809,0.0
48029191810,0.0
48029191811,0.048227
48029191812,0.0
48029191813,0.0
48029191814,0.009474
48029191815,0.0
48029191816,0.0
48029191818,0.0
48029191819,0.0
48029191900,0.0
48029192000,0.038758
48029192100,0.032603
48029192200,0.153928
48029192300,0.0
48029980001,0.005524
48029980002,0.198483
48029980003,0.30661
48029980004,0.0
48029980005,0.0
48029980100,0.001138
48031950101,0.107011
48031950102,0.003943
48031950201,0.130375
48031950202,0.009018
48033950100,0.096607
48035950100,0.033333
48035950200,0.263701
48035950300,0.173131
48035950400,0.085188
48035950500,0.083333
48035950600,0.233554
48035950700,0.083333
48039660100,0.0
48039660200,0.13733
48039660301,0.0
48039660302,0.0
48039660303,0.00045
48039660401,0.045504
48039660402,0.000862
48039660403,0.0
48039660501,0.251245
48039660502,0.0
48039660503,0.0
48039660504,0.003525
48039660603,0.008772
48039660604,0.0
48039660605,0.000559
48039660606,0.007165
48039660607,0.000312
48039660608,0.002723
48039660609,0.000604
48039660610,0.0
48039660611,0.001645
48039660612,0.000761
48039660613,0.002216
48039660614,0.24484
48039660615,0.000147
48039660616,0.000796
48039660703,0.006173
48039660704,0.001628
48039660705,0.002846
48039660706,0.001369
48039660707,0.001118
48039660708,0.001574
48039660803,0.000593
48039660804,0.076715
48039660805,0.0
48039660806,0.0
48039660901,0.207135
48039660902,0.061924
48039661000,0.294388
48039661100,0.222603
48039661200,0.237933
48039661300,0.213108
48039661400,0.001229
48039661501,0.240146
48039661502,0.182986
48039661601,0.272068
48039661602,0.084824
48039661700,0.166667
48039661800,0.000662
48039661901,0.00288
48039661902,0.0
48039662000,0.027778
48039662100,0.08719
48039662200,0.152309
48039662300,0.226769
48039662400,0.186411
48039662500,0.037186
48039662600,0.21764
48039662700,0.166667
48039662800,0.003116
48039662900,0.233508
48039663000,0.170737
48039663100,0.206903
48039663200,0.002112
48039663300,0.109634
48039663400,0.006899
48039663500,0.095728
48039663600,0.0
48039663700,0.146763
48039663800,0.055556
48039663900,0.102979
48039664000,0.103513
48039664100,0.047789
48039664200,0.083333
48039664300,0.019043
48039664400,0.002405
48039664501,0.033965
48039990000,1.0
48041000103,0.244893
48041000104,0.216892
48041000105,0.0
48041000106,0.201569
48041000107,0.0
48041000108,0.405999
48041000203,0.000977
48041000204,0.002301
48041000205,0.0
48041000206,0.084177
48041000207,0.07368
48041000301,0.254758
48041000302,0.185705
48041000401,0.131497
48041000402,0.010962
48041000501,0.219605
48041000502,0.198435
48041000603,0.091623
48041000605,0.001459
48041000606,0.0
48041000700,0.083333
48041000800,0.0
48041000900,0.085833
48041001001,0.0
48041001002,0.083333
48041001101,0.0
48041001102,0.0
48041001301,0.0
48041001302,0.00506
48041001303,0.113632
48041001401,0.0
48041001604,0.028641
48041001605,0.000739
48041001606,0.0
48041001607,0.130645
48041001608,0.0
48041001702,0.000518
48041001703,0.113424
48041001704,0.067102
48041001801,0.0
48041001803,0.000309
48041001804,0.003079
48041001901,0.0
48041001902,0.017273
48041002001,0.034789
48041002006,0.003466
48041002009,0.0
48041002010,0.111111
48041002011,0.057006
48041002014,0.0
48041002016,0.0
48041002017,0.006849
48041002018,0.000268
48041002019,0.0
48041002020,0.0
48041002021,0.0
48041002022,0.001095
48041002023,0.003012
48041002024,0.415658
48041002025,0.052916
48041002026,0.233232
48041002100,0.166667
48041980000,0.0
48047950100,0.008181
48047950200,0.055105
48049950100,0.052591
48049950201,0.026354
48049950202,0.208913
48049950300,0.155344
48049950500,0.086758
48049950600,0.164288
48049950700,0.038063
48049950800,0.001073
48049950900,0.002781
48049951000,0.002321
48049951100,0.057267
48049951200,0.232913
48049951300,0.072797
48051970100,0.293433
48051970201,0.029672
48051970202,0.001464
48051970300,0.158566
48051970400,0.083827
48051970501,0.166977
48051970502,0.056826
48053960101,0.0
48053960102,0.0
48053960200,0.006044
48053960301,0.152188
48053960302,0.101845
48053960401,0.021493
48053960402,0.000226
48053960501,0.0
48053960502,0.0
48053960600,0.058948
48053960701,0.055556
48053960702,0.002217
48053960801,0.001317
48053960802,0.159163
48053960803,0.016268
48055960102,0.003101
48055960103,0.071934
48055960104,0.35714
48055960200,0.206599
48055960300,0.198175
48055960400,0.014734
48055960501,0.139473
48055960502,0.121879
48055960600,0.086629
48055960701,0.156466
48055960702,0.168623
48057000100,0.051021
48057000200,0.196867
48057000300,0.207387
48057000401,0.055683
48057000402,0.079868
48057000501,0.157945
48057000502,0.259865
48057990000,1.0
48059030101,0.001801
48059030102,0.064701
48059030200,0.061111
48061010101,0.028845
48061010102,0.2525
48061010103,0.000807
48061010201,0.001433
48061010204,0.0
48061010205,0.0
48061010301,0.059785
48061010303,0.0
48061010304,0.0
48061010403,0.258795
48061010404,0.0
48061010405,0.001107
48061010406,0.003252
48061010500,0.090213
48061010602,0.333333
48061010603,0.322195
48061010604,0.134551
48061010700,0.247708
48061010801,0.075476
48061010802,0.00636
48061010900,0.0
48061011000,0.07529
48061011100,0.000923
48061011200,0.002832
48061011301,0.126044
48061011302,0.412502
48061011401,0.042412
48061011402,0.218975
48061011500,0.201033
48061011601,0.052908
48061011602,0.106731
48061011701,0.004573
48061011702,0.095918
48061011801,0.056031
48061011802,0.000725
48061011903,0.0
48061011904,0.125016
48061011905,0.360357
48061011906,0.040599
48061011907,0.086963
48061011908,0.009822
48061012002,0.0
48061012003,0.001372
48061012004,0.110067
48061012103,0.080953
48061012104,0.0
48061012105,0.0
48061012106,0.0
48061012201,0.107073
48061012202,0.12995
48061012203,0.004065
48061012301,0.001652
48061012304,0.222005
48061012305,0.0
48061012402,0.227537
48061012403,0.184083
48061012404,0.043722
48061012506,0.149882
48061012508,0.060996
48061012509,0.077784
48061012510,0.059099
48061012511,0.155936
48061012512,0.333333
48061012513,0.133398
48061012514,0.0
48061012515,0.0
48061012516,0.137205
48061012517,0.0
48061012607,0.154226
48061012608,0.0
48061012613,0.0
48061012614,0.0
48061012615,0.0
48061012616,0.0
48061012617,0.0
48061012700,0.211489
48061012800,0.21103
48061012900,0.196384
48061013002,0.119752
48061013003,0.0
48061013004,0.271154
48061013102,0.217003
48061013104,0.0
48061013106,0.174262
48061013203,0.249005
48061013204,0.036999
48061013205,0.249987
48061013206,0.249821
48061013207,0.199579
48061013303,0.287222
48061013305,0.0
48061013306,0.0
48061013307,0.0
48061013308,0.0
48061013309,0.083333
48061013401,0.19613
48061013402,0.195115
48061013500,0.0
48061013600,0.331922
48061013700,0.125
48061013801,0.0
48061013802,0.044818
48061013901,0.0
48061013902,0.186283
48061013903,0.0
48061014001,0.0
48061014002,0.0
48061014101,0.0
48061014102,0.0
48061014103,0.0
48061014201,0.376597
48061014202,0.198166
48061014300,0.242783
48061014401,0.253968
48061014402,0.023781
48061014403,0.0
48061014404,0.101965
48061014501,0.0
48061014502,0.0
48061980001,0.0
48061980100,0.5
48063950101,0.000395
48063950102,0.17003
48063950200,0.202136
48073950100,0.087035
48073950201,0.171147
48073950202,0.197093
48073950301,0.173241
48073950302,0.027929
48073950400,0.220448
48073950500,0.280682
48073950600,0.185804
48073950700,0.06982
48073950801,0.004908
48073950802,0.146652
48073950900,0.199253
48073951000,0.178699
48073951100,0.137576
48077030302,0.059927
48081950100,0.058563
48081950200,0.138889
48083950300,0.163927
48083950600,0.080001
48083950700,0.002047
48085030101,0.0
48085030102,0.0
48085030201,0.031527
48085030202,0.0
48085030204,0.195371
48085030205,0.11897
48085030206,0.085787
48085030207,0.187098
48085030301,0.0
48085030302,0.0
48085030303,0.072303
48085030304,0.083333
48085030306,0.0
48085030307,0.0
48085030403,0.000173
48085030404,0.0
48085030405,0.000608
48085030406,0.0
48085030407,0.0
48085030409,0.224584
48085030410,0.0
48085030504,0.041667
48085030505,0.0
48085030506,0.0
48085030507,0.0
48085030509,0.0
48085030510,0.0
48085030511,0.085452
48085030512,0.003671
48085030515,0.001684
48085030516,0.001086
48085030517,0.0
48085030518,0.0
48085030519,0.047619
48085030520,0.002139
48085030521,0.0
48085030524,0.0
48085030525,0.003289
48085030529,0.0
48085030531,0.000237
48085030532,0.0
48085030533,0.0
48085030534,0.000884
48085030535,0.006404
48085030536,0.001222
48085030537,0.001431
48085030538,0.0
48085030539,0.0
48085030540,0.0
48085030541,0.000758
48085030542,0.0
48085030543,0.0
48085030544,0.004437
48085030545,0.007834
48085030546,0.046694
48085030547,0.014082
48085030548,0.000764
48085030549,0.0
48085030550,0.007455
48085030604,0.021979
48085030605,0.045557
48085030606,0.0
48085030607,0.0
48085030608,0.002055
48085030609,0.0
48085030701,0.054529
48085030702,0.127106
48085030801,0.000692
48085030802,0.077993
48085030901,0.183375
48085030902,0.0
48085030903,0.0
48085031003,0.121738
48085031005,0.11066
48085031006,0.160323
48085031007,0.077001
48085031008,0.0
48085031101,0.261785
48085031102,0.128779
48085031201,0.0
48085031202,0.0
48085031308,0.0
48085031314,0.0
48085031318,0.002793
48085031319,0.003351
48085031320,0.0
48085031321,0.000865
48085031322,0.0
48085031323,0.0
48085031324,0.0
48085031325,0.0
48085031326,0.125
48085031327,0.0
48085031328,0.0
48085031329,0.000251
48085031330,0.0
48085031331,0.0
48085031332,0.0
48085031333,0.0
48085031334,0.00206
48085031335,0.003915
48085031336,0.083333
48085031408,0.0
48085031411,0.0
48085031412,0.0
48085031413,0.0
48085031414,0.0
48085031415,0.0
48085031416,0.0
48085031417,0.000549
48085031418,0.0
48085031419,0.0
48085031420,0.0
48085031421,0.0
48085031422,0.0
48085031423,0.0
48085031424,0.0
48085031425,0.0
48085031504,0.0
48085031507,0.0
48085031508,0.008985
48085031509,0.0
48085031510,0.0
48085031511,0.0
48085031512,0.0
48085031611,0.0
48085031613,0.0
48085031621,0.0
48085031622,0.0
48085031623,0.0
48085031624,0.0
48085031625,0.0
48085031626,0.0
48085031627,0.0
48085031628,0.0
48085031629,0.0
48085031630,0.0
48085031631,0.0
48085031632,0.0
48085031633,0.0
48085031634,0.0
48085031635,0.0
48085031636,0.0
48085031639,0.0
48085031641,0.0
48085031642,0.0
48085031643,0.0
48085031645,0.0
48085031646,0.0
48085031647,0.0
48085031649,0.0
48085031654,0.0
48085031655,0.0
48085031657,0.0
48085031659,0.0
48085031660,0.0
48085031661,0.0
48085031662,0.0
48085031663,0.25
48085031664,0.0
48085031665,0.0
48085031666,0.0
48085031667,0.038972
48085031668,0.0
48085031669,0.0
48085031670,0.0
48085031671,0.0
48085031672,0.0
48085031673,0.0
48085031674,0.0
48085031675,0.0
48085031676,0.0
48085031677,0.0
48085031678,0.0
48085031679,0.0
48085031680,0.315875
48085031681,0.0
48085031682,0.0
48085031704,0.0
48085031706,0.0
48085031708,0.015899
48085031709,0.0
48085031711,0.0
48085031713,0.0
48085031715,0.091304
48085031716,0.031916
48085031717,0.156428
48085031718,0.0
48085031719,0.0
48085031720,0.0
48085031721,0.0
48085031722,0.0
48085031723,0.0
48085031724,0.001748
48085031806,0.0
48085031807,0.0
48085031808,0.0
48085031809,0.0
48085031810,0.0
48085031811,0.0
48085031812,0.004781
48085031813,0.0
48085031814,0.0
48085031815,0.000853
48085031816,0.0
48085031901,0.0
48085031902,0.0
48085031903,0.166667
48085031904,0.0
48085032003,0.0
48085032008,0.0
48085032010,0.0
48085032012,0.0
48085032013,0.0
48085032014,0.0
48085032015,0.0
48085032016,0.0
48085032017,0.0
48085032018,0.007241
48085032019,0.0
48089750100,0.083333
48089750200,0.089894
48089750300,0.002417
48089750400,0.004253
48089750500,0.095991
48091310100,0.049038
48091310200,0.0
48091310301,0.22497
48091310302,0.192113
48091310401,0.083333
48091310404,0.0
48091310405,0.083333
48091310406,0.0
48091310501,0.0
48091310502,0.039583
48091310503,0.083333
48091310603,0.149087
48091310604,0.295817
48091310608,0.162209
48091310609,0.17885
48091310610,0.294618
48091310611,0.058899
48091310612,0.086586
48091310613,0.298886
48091310614,0.037168
48091310702,0.047301
48091310703,0.085425
48091310705,0.039758
48091310706,0.098072
48091310707,0.064481
48091310708,0.022376
48091310801,0.019756
48091310803,0.0
48091310804,0.097937
48091310901,0.075056
48091310903,0.139929
48091310904,0.102649
48091310905,0.122109
48093950101,0.173146
48093950102,0.086681
48093950200,0.052472
48093950300,0.220231
48093950400,0.088344
48095950300,0.112326
48097000100,0.105338
48097000200,0.029393
48097000400,0.258682
48097000500,0.010962
48097000600,0.0
48097000701,0.0
48097000702,0.0
48097000900,0.0
48097001100,0.055556
48099010101,0.0
48099010102,0.055556
48099010201,0.083709
48099010202,0.0
48099010300,0.16013
48099010400,0.149463
48099010501,0.001372
48099010502,0.0
48099010503,0.0
48099010504,0.0
48099010601,0.0
48099010603,0.125
48099010604,0.000329
48099010701,0.0
48099010702,0.275766
48099010802,0.000859
48099010803,0.000263
48099010804,0.10104
48099980000,0.0
48105950100,0.081968
48107950100,0.002974
48107950200,0.018731
48107950300,0.083333
48113000100,0.115546
48113000201,0.166667
48113000202,0.0
48113000300,0.0
48113000401,0.0
48113000405,0.0
48113000407,0.0
48113000408,0.0
48113000409,0.125
48113000410,0.0
48113000501,0.09925
48113000502,0.0
48113000503,0.003981
48113000605,0.0
48113000606,0.25745
48113000607,0.0
48113000608,0.0
48113000609,0.0
48113000610,0.0
48113000611,0.0
48113000703,0.05522
48113000704,0.0
48113000705,0.0
48113000706,0.098235
48113000801,0.0
48113000802,0.029785
48113000901,0.036774
48113000902,0.0
48113001001,0.0
48113001002,0.0
48113001101,0.0
48113001102,0.0
48113001202,0.16916
48113001203,0.251421
48113001204,0.195123
48113001301,0.0
48113001302,0.0
48113001400,0.135488
48113001502,0.0
48113001503,0.0
48113001504,0.0
48113001601,0.0
48113001602,0.0
48113001703,0.166667
48113001705,0.0
48113001801,0.032468
48113001802,0.0
48113001901,0.0
48113001902,0.0
48113002001,0.17
48113002002,0.097305
48113002100,0.0
48113002200,0.0
48113002400,0.0
48113002500,0.0
48113002703,0.169288
48113003102,0.0
48113003103,0.0
48113003700,0.210999
48113004201,0.000841
48113004202,0.072672
48113004300,0.0
48113004400,0.0
48113004500,0.002652
48113004600,0.010534
48113004700,0.0
48113004800,0.077698
48113005000,0.083333
48113005100,0.0
48113005200,0.083333
48113005300,0.0
48113005400,0.0
48113005500,0.0
48113005600,0.064581
48113005700,0.0
48113005901,0.001122
48113005902,0.003902
48113006001,0.027781
48113006002,0.103886
48113006100,0.014114
48113006200,0.17507
48113006301,0.004156
48113006302,0.0
48113006401,0.0
48113006402,0.25
48113006501,0.0
48113006502,0.023947
48113006701,0.245734
48113006702,0.0
48113006800,0.000557
48113006900,0.015291
48113007101,0.0
48113007102,0.125
48113007203,0.019724
48113007204,0.202483
48113007205,0.0
48113007206,0.129248
48113007301,0.0
48113007302,0.194507
48113007601,0.0
48113007604,0.0
48113007605,0.0
48113007701,0.27519
48113007702,0.160329
48113007801,0.001057
48113007805,0.0
48113007809,0.0
48113007810,0.0
48113007812,0.0
48113007815,0.046
48113007819,0.058032
48113007821,0.008721
48113007822,0.0
48113007823,0.0
48113007824,0.0
48113007825,0.0
48113007826,0.0
48113007827,0.0
48113007828,0.0
48113007829,0.0
48113007830,0.1
48113007831,0.090909
48113007832,0.028736
48113007833,0.041667
48113007834,0.008032
48113007835,0.0
48113007902,0.0
48113007903,0.166667
48113007906,0.050918
48113007909,0.0
48113007910,0.045024
48113007912,0.0
48113007913,0.024431
48113007914,0.0
48113007915,0.218244
48113007916,0.110668
48113008000,0.0
48113008101,0.225985
48113008102,0.241004
48113008200,0.174673
48113008401,0.105763
48113008402,0.0
48113008500,0.000612
48113008604,0.0
48113008701,0.068338
48113008703,0.0
48113008704,0.031613
48113008705,0.140774
48113008801,0.003604
48113008802,0.0
48113009001,0.158772
48113009002,0.005874
48113009101,0.109564
48113009103,0.015684
48113009104,0.004699
48113009105,0.197339
48113009202,0.0
48113009203,0.039318
48113009204,0.007583
48113009301,0.000593
48113009303,0.024491
48113009304,0.083923
48113009401,0.0
48113009402,0.0
48113009500,0.000867
48113009603,0.0
48113009604,0.0
48113009605,0.0
48113009607,0.0
48113009608,0.0
48113009609,0.125
48113009610,0.0
48113009611,0.0
48113009701,0.032395
48113009702,0.001754
48113009802,0.0
48113009803,0.0
48113009804,0.0
48113009900,0.0
48113010001,0.0
48113010002,0.0
48113010003,0.0
48113010101,0.0
48113010102,0.0
48113010500,0.0
48113010601,0.0
48113010602,0.0
48113010701,0.0
48113010704,0.0
48113010804,0.0
48113010805,0.0
48113010806,0.011061
48113010807,0.004175
48113010808,0.0
48113010809,0.0
48113010903,0.0
48113010904,0.0
48113010905,0.007092
48113010906,0.000298
48113011002,0.00024
48113011003,0.010297
48113011004,0.0
48113011101,0.005956
48113011103,0.001393
48113011104,0.0
48113011105,0.001502
48113011201,0.023771
48113011202,0.072688
48113011300,0.026794
48113011401,0.0
48113011500,0.0
48113011601,0.196811
48113011603,0.0
48113011604,0.0
48113011701,0.023059
48113011702,0.0
48113011801,0.0
48113011802,0.0
48113011901,0.006471
48113011902,0.0
48113012000,0.019975
48113012101,0.03879
48113012102,0.0
48113012206,0.00603
48113012207,0.00981
48113012208,0.16233
48113012209,0.0
48113012210,0.01358
48113012211,0.114889
48113012212,0.085734
48113012213,0.003356
48113012301,0.005291
48113012302,0.0
48113012400,0.00095
48113012501,0.003623
48113012502,0.0
48113012601,0.004305
48113012603,0.0
48113012604,0.002625
48113012701,0.078659
48113012702,0.00624
48113012801,0.181152
48113012802,0.0
48113012900,0.0
48113013005,0.0
48113013007,0.006167
48113013008,0.0
48113013009,0.004219
48113013010,0.011547
48113013011,0.014721
48113013012,0.000678
48113013013,0.0
48113013101,0.0
48113013102,0.0
48113013104,0.012287
48113013106,0.0
48113013107,0.133938
48113013201,0.0
48113013202,0.055556
48113013300,0.0
48113013400,0.083333
48113013500,0.0
48113013605,0.0
48113013606,0.0
48113013607,0.0
48113013608,0.0
48113013609,0.0
48113013610,0.0
48113013611,0.0
48113013615,0.0
48113013617,0.03426
48113013618,0.0
48113013619,0.0
48113013620,0.0
48113013621,0.12139
48113013622,0.0
48113013624,0.0
48113013625,0.0
48113013626,0.0
48113013627,0.0
48113013628,0.0
48113013629,0.0
48113013630,0.316099
48113013631,0.0
48113013715,0.0
48113013716,0.049402
48113013717,0.0
48113013718,0.0
48113013719,0.0
48113013720,0.003905
48113013721,0.001146
48113013722,0.0
48113013725,0.0
48113013726,0.0
48113013727,0.0
48113013728,0.003425
48113013729,0.08477
48113013804,0.0
48113013805,0.0
48113013806,0.0
48113013807,0.0
48113013808,0.0
48113013901,0.106043
48113013902,0.0
48113014001,0.0
48113014002,0.0
48113014119,0.113415
48113014120,0.002093
48113014121,0.0
48113014123,0.0
48113014124,0.0
48113014126,0.0
48113014128,0.005121
48113014130,0.0
48113014132,0.0
48113014134,0.055556
48113014135,0.011439
48113014138,0.0
48113014139,0.019084
48113014140,0.0
48113014141,0.096575
48113014142,0.0
48113014143,0.0
48113014144,0.0
48113014145,0.016393
48113014146,0.00974
48113014147,0.0
48113014148,0.0
48113014149,0.187645
48113014150,0.0
48113014151,0.0
48113014152,0.005556
48113014153,0.0
48113014154,0.08845
48113014155,0.003743
48113014156,0.0
48113014157,0.125
48113014158,0.0
48113014159,0.0
48113014160,0.0
48113014161,0.005076
48113014203,0.001669
48113014204,0.011181
48113014205,0.004566
48113014207,0.032179
48113014208,0.0
48113014209,0.0
48113014306,0.002926
48113014308,0.042746
48113014309,0.0
48113014310,0.0
48113014313,0.0
48113014314,0.0
48113014315,0.00391
48113014316,0.001903
48113014317,0.024876
48113014318,0.003102
48113014319,0.0
48113014320,0.0
48113014405,0.0
48113014406,0.000828
48113014407,0.006226
48113014408,0.0
48113014409,0.00938
48113014410,0.0
48113014501,0.002041
48113014502,0.0
48113014601,0.0
48113014602,0.0
48113014603,0.006034
48113014701,0.0
48113014704,0.0
48113014903,0.097759
48113015001,0.0
48113015002,0.0
48113015101,0.0
48113015102,0.0
48113015202,0.118632
48113015205,0.0
48113015206,0.0
48113015207,0.0
48113015208,0.0
48113015303,0.0
48113015304,0.0
48113015305,0.0
48113015306,0.002506
48113015403,0.009974
48113015404,0.049646
48113015405,0.0
48113015406,0.001929
48113015500,0.0
48113015600,0.0
48113015700,0.0
48113015900,0.251572
48113016001,0.25
48113016002,0.005326
48113016100,0.064432
48113016201,0.001748
48113016203,0.112912
48113016204,0.000726
48113016301,0.179226
48113016302,0.0
48113016406,0.083333
48113016407,0.003945
48113016409,0.0
48113016410,0.0
48113016412,0.0
48113016414,0.080332
48113016415,0.0
48113016416,0.0
48113016417,0.0
48113016418,0.000457
48113016419,0.003868
48113016420,0.001984
48113016421,0.325748
48113016511,0.000699
48113016513,0.000467
48113016516,0.002758
48113016517,0.0
48113016518,0.002295
48113016519,0.0
48113016521,0.0
48113016522,0.0
48113016524,0.0
48113016525,0.128842
48113016526,0.004413
48113016527,0.0
48113016528,0.0
48113016529,0.000921
48113016530,0.0
48113016531,0.001727
48113016532,0.0
48113016533,0.0
48113016534,0.002165
48113016535,0.166667
48113016536,0.0
48113016607,0.0
48113016610,0.0015
48113016615,0.0
48113016616,0.084198
48113016617,0.0
48113016618,0.0
48113016619,0.011411
48113016620,0.002081
48113016621,0.019346
48113016622,0.0
48113016623,0.0
48113016624,0.0
48113016626,0.0
48113016627,0.000951
48113016628,0.125
48113016629,0.0
48113016630,0.055556
48113016631,0.000281
48113016632,0.125
48113016633,0.0
48113016634,0.083333
48113016635,0.002755
48113016636,0.0
48113016637,0.0
48113016638,0.0
48113016704,0.142294
48113016706,0.0
48113016707,0.002568
48113016708,0.0
48113016709,0.0
48113016710,0.0
48113016711,0.170811
48113016802,0.019122
48113016803,0.0
48113016805,0.0
48113016806,0.0
48113016902,0.0
48113016903,0.0
48113017005,0.0
48113017006,0.063626
48113017007,0.001612
48113017008,0.083333
48113017009,0.00997
48113017010,0.0
48113017101,0.0
48113017102,0.033733
48113017201,0.0
48113017203,0.009716
48113017204,0.170136
48113017307,0.011348
48113017308,0.001443
48113017309,0.00334
48113017310,0.006093
48113017311,0.002674
48113017312,0.005513
48113017313,0.0
48113017314,0.0
48113017315,0.034588
48113017400,0.0
48113017500,0.121647
48113017602,0.0
48113017604,0.070527
48113017605,0.002375
48113017606,0.0
48113017703,0.0
48113017704,0.0
48113017705,0.0
48113017706,0.0
48113017805,0.089662
48113017806,0.000237
48113017808,0.0
48113017811,0.009942
48113017812,0.002832
48113017814,0.003064
48113017815,0.0
48113017816,0.0
48113017817,0.024837
48113017818,0.0
48113017819,0.006024
48113017820,0.0
48113017900,0.000575
48113018001,0.001764
48113018002,0.000588
48113018105,0.001376
48113018110,0.002004
48113018111,0.004531
48113018120,0.000931
48113018121,0.000735
48113018126,0.0
48113018127,0.0
48113018128,0.0
48113018129,0.0
48113018130,0.008458
48113018132,0.110906
48113018133,0.083333
48113018134,0.0
48113018135,0.083333
48113018137,0.05111
48113018138,0.0
48113018140,0.0
48113018141,0.104692
48113018142,0.006667
48113018143,0.0
48113018144,0.0
48113018145,0.0
48113018146,0.0
48113018147,0.001081
48113018148,0.006197
48113018149,0.000261
48113018150,0.0
48113018151,0.0
48113018152,0.001095
48113018153,0.000666
48113018154,0.0
48113018155,0.0
48113018156,0.090807
48113018157,0.0
48113018158,0.0
48113018159,0.0
48113018203,0.0
48113018204,0.0
48113018205,0.003465
48113018206,0.0
48113018300,0.0
48113018401,0.0
48113018402,0.0
48113018403,0.015576
48113018501,0.091248
48113018505,0.0
48113018506,0.001567
48113018507,0.008513
48113018508,0.0
48113018600,0.0
48113018700,0.22955
48113018801,0.0
48113018802,0.0
48113018900,0.0
48113019013,0.007792
48113019016,0.027642
48113019018,0.008024
48113019019,0.001577
48113019020,0.009097
48113019023,0.000604
48113019024,0.002803
48113019025,0.288126
48113019026,0.003886
48113019027,0.0
48113019028,0.011509
48113019029,0.173762
48113019031,0.007302
48113019032,0.0
48113019033,0.0
48113019034,0.001709
48113019035,0.014388
48113019036,0.0
48113019037,0.004777
48113019039,0.0
48113019040,0.0
48113019041,0.0
48113019042,0.000196
48113019044,0.006849
48113019045,0.011494
48113019046,0.001348
48113019047,0.007261
48113019048,0.00843
48113019049,0.007519
48113019050,0.002467
48113019051,0.0
48113019052,0.007491
48113019053,0.0
48113019101,0.0
48113019102,0.0
48113019202,0.0
48113019203,0.0
48113019205,0.0
48113019208,0.0
48113019210,0.0
48113019211,0.0
48113019212,0.063158
48113019213,0.0
48113019214,0.045436
48113019215,0.0
48113019216,0.0
48113019301,0.0
48113019302,0.0
48113019400,0.0
48113019501,0.0
48113019502,0.0
48113019600,0.004994
48113019700,0.125
48113019800,0.0
48113019900,0.0
48113020000,0.055556
48113020100,0.0
48113020200,0.021036
48113020300,0.027721
48113020401,0.0
48113020402,0.0
48113020500,0.0
48113020600,0.0
48113020700,0.0
48113020800,0.0
48113020900,0.0
48113021000,0.0
48113021100,0.000997
48113021200,0.0
48113980000,0.083333
48113980100,0.125
48113980200,0.0
48115950401,0.205018
48115950402,0.131656
48115950500,0.235491
48115950600,0.042429
48119950100,0.027778
48119950200,0.072247
48121020109,0.0
48121020110,0.005088
48121020111,0.006324
48121020112,0.000466
48121020115,0.0
48121020116,0.0
48121020117,0.083333
48121020118,0.000616
48121020119,0.00141
48121020120,0.0
48121020121,0.0
48121020122,0.045859
48121020123,0.074074
48121020124,0.0
48121020125,0.0
48121020126,0.004886
48121020127,0.035374
48121020128,0.060423
48121020129,0.083333
48121020130,0.168502
48121020131,0.083333
48121020132,0.0
48121020133,0.000653
48121020134,0.0
48121020135,0.052413
48121020136,0.047375
48121020137,0.000671
48121020203,0.000867
48121020204,0.0
48121020205,0.0
48121020206,0.0
48121020207,0.083333
48121020208,0.0
48121020305,0.001431
48121020310,0.0
48121020311,0.010615
48121020312,0.0
48121020313,0.0
48121020314,0.041667
48121020315,0.0
48121020316,0.054152
48121020317,0.0
48121020318,0.063722
48121020319,0.166667
48121020320,0.055556
48121020321,0.0
48121020322,0.0
48121020402,0.111143
48121020403,0.091107
48121020404,0.097713
48121020405,0.062992
48121020504,0.0
48121020505,0.158642
48121020506,0.162583
48121020507,0.0
48121020508,0.1504
48121020601,0.229005
48121020603,0.0
48121020604,0.0
48121020605,0.0
48121020700,0.0
48121020800,0.0
48121020900,0.000995
48121021000,0.0
48121021100,0.017676
48121021202,0.022074
48121021203,0.0
48121021204,0.0
48121021301,0.1367
48121021304,0.083333
48121021305,0.0
48121021306,0.0
48121021307,0.0
48121021410,0.0
48121021411,0.001722
48121021412,0.174217
48121021413,0.059533
48121021414,0.203627
48121021415,0.0
48121021416,0.0
48121021417,0.0
48121021418,0.0
48121021419,0.0
48121021420,0.001757
48121021421,0.0
48121021422,0.0
48121021423,0.004898
48121021502,0.055556
48121021505,0.0
48121021512,0.003924
48121021513,0.002913
48121021514,0.005299
48121021516,0.003462
48121021517,0.033294
48121021518,0.125
48121021520,0.000383
48121021521,0.006591
48121021522,0.0
48121021526,0.00275
48121021528,0.007995
48121021529,0.005356
48121021530,0.029274
48121021531,0.003555
48121021532,0.006173
48121021533,0.00603
48121021534,0.0
48121021535,0.183672
48121021536,0.0
48121021537,0.02009
48121021538,0.083333
48121021539,0.126699
48121021540,0.0
48121021611,0.005229
48121021612,0.0
48121021613,0.008408
48121021614,0.005119
48121021615,0.001553
48121021616,0.007121
48121021618,0.0
48121021619,0.023088
48121021620,0.0
48121021621,0.100903
48121021622,0.001839
48121021626,0.0
48121021630,0.0
48121021631,0.0
48121021632,0.007292
48121021633,0.007471
48121021634,0.0
48121021635,0.0
48121021637,0.007445
48121021638,0.010013
48121021639,0.0
48121021640,0.005464
48121021641,0.006048
48121021642,0.0
48121021643,0.0
48121021644,0.415065
48121021645,0.081943
48121021646,0.0
48121021647,0.0
48121021648,0.0
48121021649,0.000477
48121021650,0.0
48121021651,0.0
48121021652,0.0
48121021653,0.166667
48121021654,0.0
48121021655,0.0
48121021715,0.0
48121021716,0.0
48121021717,0.0
48121021719,0.03268
48121021720,0.0
48121021721,0.001138
48121021722,0.012158
48121021723,0.0
48121021724,0.0
48121021725,0.000756
48121021726,0.0
48121021727,0.0
48121021728,0.166667
48121021729,0.001315
48121021730,0.0
48121021731,0.0
48121021732,0.128875
48121021733,0.0
48121021734,0.102279
48121021735,0.0
48121021736,0.0
48121021737,0.0
48121021738,0.0
48121021739,0.004152
48121021740,0.0
48121021741,0.0
48121021742,0.0
48121021743,0.0
48121021744,0.0
48121021745,0.0
48121021746,0.0
48121021748,0.004316
48121021749,0.00249
48121021750,0.12724
48121021751,0.001822
48121021752,0.002249
48121021754,0.0
48121021755,0.001704
48121021756,0.004065
48121021757,0.060164
48121021758,0.0
48121021759,0.0
48121021800,0.0
48121021900,0.001454
48123970100,0.000525
48123970201,0.208332
48123970202,0.086616
48123970300,0.002557
48123970400,0.0513
48123970500,0.087296
48125950300,0.086589
48127950201,0.097566
48127950202,0.0
48127950400,0.111111
48131950100,0.001309
48131950200,0.030293
48131950500,0.111111
48133950100,0.0
48133950201,0.001768
48133950202,0.032858
48133950301,0.144483
48133950302,0.0054
48133950400,0.005078
48133950500,0.087619
48137950300,0.055556
48139060103,0.0
48139060104,0.0
48139060105,0.0
48139060106,0.0
48139060206,0.166667
48139060207,0.135642
48139060209,0.0
48139060211,0.0
48139060212,0.041667
48139060215,0.0
48139060216,0.083333
48139060217,0.0
48139060218,0.0
48139060219,0.019385
48139060220,0.125
48139060221,0.0
48139060300,0.0
48139060400,0.0
48139060500,0.0
48139060601,0.003149
48139060602,0.0
48139060702,0.0
48139060704,0.083333
48139060801,0.0
48139060802,0.0
48139060803,0.0
48139060900,0.0
48139061000,0.083333
48139061100,0.083333
48139061200,0.041667
48139061300,0.083333
48139061401,0.0
48139061402,0.083333
48139061500,0.083333
48139061600,0.0
48139061700,0.055556
48143950100,0.041667
48143950201,0.0
48143950203,0.0
48143950204,0.041667
48143950301,0.0
48143950302,0.073352
48143950401,0.242607
48143950402,0.12261
48143950501,0.128123
48143950502,0.213492
48143950600,0.241324
48143950700,0.083333
48145000200,0.096465
48145000300,0.168282
48145000400,0.179076
48145000500,0.042902
48145000700,0.002752
48145000800,0.084528
48147950100,0.0
48147950300,0.001109
48147950401,0.226507
48147950402,0.108734
48147950500,0.13207
48147950600,0.274665
48147950701,0.042461
48147950702,0.050664
48147950800,0.055945
48149970100,0.027778
48149970200,0.17135
48149970301,0.047657
48149970302,0.056986
48149970400,0.002509
48149970500,0.083333
48149970601,0.003412
48149970602,0.095462
48149970700,0.042007
48151950300,0.001832
48151950400,0.130067
48155950100,0.083519
48157670101,0.002761
48157670102,0.000482
48157670201,0.002439
48157670202,0.0
48157670300,0.0
48157670400,0.0
48157670500,0.0
48157670602,0.0
48157670603,0.0
48157670604,0.0
48157670700,0.0
48157670801,0.166667
48157670802,0.0
48157670803,0.000999
48157670804,0.028394
48157670902,0.003001
48157670903,9.4e-05
48157670904,0.001421
48157671001,0.00208
48157671002,0.0
48157671101,0.0
48157671102,0.0
48157671200,0.041667
48157671300,0.0
48157671401,0.0
48157671402,0.25
48157671501,0.001377
48157671502,0.000823
48157671601,0.00069
48157671602,0.000413
48157671700,0.092937
48157671800,0.0
48157671900,0.0
48157672002,0.0
48157672003,0.004094
48157672004,0.0
48157672100,0.080222
48157672201,0.086196
48157672202,0.133627
48157672303,0.0
48157672304,0.0
48157672305,0.0
48157672306,0.0
48157672401,0.004689
48157672402,0.0
48157672500,0.001825
48157672602,0.001362
48157672603,0.0
48157672604,0.000808
48157672701,0.00029
48157672702,0.053662
48157672703,0.0
48157672801,0.0
48157672802,0.130096
48157672901,0.0
48157672902,0.0
48157672903,0.000345
48157672904,0.22207
48157672905,0.0
48157672906,0.000174
48157672907,0.025249
48157673004,0.000833
48157673005,0.026589
48157673006,0.00438
48157673007,0.026289
48157673008,0.002591
48157673009,0.0
48157673010,0.023643
48157673103,0.016974
48157673104,0.004111
48157673105,0.00963
48157673106,0.005476
48157673107,0.009923
48157673108,0.0
48157673109,0.0
48157673110,0.003909
48157673111,0.003239
48157673112,0.02344
48157673113,0.067893
48157673201,0.000738
48157673202,0.0
48157673300,0.155124
48157673401,0.00379
48157673402,0.001976
48157673403,0.005138
48157673404,0.017053
48157673501,0.004385
48157673502,0.002759
48157673600,0.053161
48157673700,0.038906
48157673801,0.182157
48157673802,0.022119
48157673902,0.001693
48157673903,0.0
48157673904,0.208368
48157674001,0.147239
48157674002,0.003005
48157674100,0.00011
48157674200,0.00246
48157674301,0.000478
48157674302,0.0
48157674401,0.001237
48157674402,0.216538
48157674403,0.002723
48157674404,0.001389
48157674503,0.0
48157674504,0.002961
48157674505,0.000605
48157674506,0.0
48157674507,0.0
48157674508,0.090991
48157674601,0.112916
48157674602,0.144366
48157674603,0.002983
48157674604,0.087448
48157674701,0.09704
48157674702,0.043375
48157674800,0.08897
48157674900,0.187462
48157675000,0.157302
48157675101,0.0
48157675102,0.0019
48157675200,0.205165
48157675300,0.320308
48157675401,0.13752
48157675402,0.168209
48157675501,0.111657
48157675502,0.001795
48157675503,0.0
48157675600,0.0
48157675701,0.0
48157675702,0.0
48157675800,0.08865
48159950101,0.056183
48159950102,0.000263
48159950200,0.063838
48159950300,0.196594
48161000101,0.0
48161000102,0.11956
48161000200,0.216734
48161000300,0.118791
48161000400,0.000838
48161000600,0.003042
48161000700,0.048991
48161000900,0.222231
48163950101,0.011062
48163950102,0.007018
48163950201,0.005939
48163950202,0.0057
48163950301,0.0
48163950302,0.166745
48167720100,0.0
48167720200,0.0
48167720301,0.0
48167720302,0.00977
48167720400,0.002957
48167720501,0.0
48167720504,0.001027
48167720505,0.0
48167720506,0.0
48167720507,0.0
48167720508,0.0
48167720509,0.003511
48167720510,0.002043
48167720511,0.083811
48167720512,0.001828
48167720601,0.004193
48167720602,0.0
48167720603,0.125
48167720604,0.007265
48167720605,0.007342
48167720701,0.083785
48167720702,0.035732
48167720703,0.065056
48167720800,0.060923
48167720900,0.0
48167721101,0.0
48167721203,0.0
48167721204,0.125
48167721205,0.000831
48167721206,0.002337
48167721209,0.166667
48167721301,0.000285
48167721302,0.002242
48167721401,0.001216
48167721403,0.0
48167721501,0.003213
48167721502,0.0
48167721901,0.020734
48167723300,0.048691
48167723401,0.301504
48167723402,0.009103
48167723403,0.000162
48167723503,0.20637
48167723504,0.208746
48167723505,0.001212
48169950101,0.0
48169950102,0.055556
48169980000,0.180927
48171950100,0.043532
48171950200,0.004209
48171950301,0.12819
48171950302,0.055556
48171950401,0.070484
48171950402,0.088327
48171950500,0.061564
48173950100,0.083333
48175960100,0.130627
48175960200,0.055556
48177000100,0.157899
48177000200,0.09391
48177000300,0.260478
48177000400,0.235669
48177000500,0.191511
48177000600,0.152024
48181000101,0.092027
48181000102,0.172695
48181000302,0.052799
48181000304,0.0
48181000600,0.161068
48181000700,0.239467
48181000800,0.0
48181000901,0.166667
48181000903,0.0
48181000904,0.0
48181001101,0.0
48181001103,0.176067
48181001104,0.144286
48181001200,0.0
48181001300,0.205539
48181001400,0.042607
48181001500,0.25909
48181001700,0.083333
48181001801,0.055556
48181001802,0.0
48181001803,0.083333
48181001901,0.083333
48181001902,0.083333
48181002000,0.004764
48183010100,0.027778
48183010201,0.236533
48183010202,0.0
48183010401,0.104199
48183010402,0.0
48183010700,0.122791
48185180101,0.0
48185180102,0.001534
48185180201,0.121258
48185180202,0.043405
48185180302,0.092593
48185180303,0.041667
48185180304,0.083333
48185180400,0.003472
48187210100,0.11394
48187210200,0.068388
48187210300,0.21146
48187210400,0.077291
48187210505,0.0
48187210506,0.013241
48187210508,0.223971
48187210509,0.312602
48187210510,0.25686
48187210511,0.115792
48187210512,0.196769
48187210513,0.056077
48187210603,0.042454
48187210606,0.12762
48187210608,0.342707
48187210609,0.168932
48187210610,0.0
48187210611,0.151066
48187210612,0.0
48187210613,0.0
48187210614,0.0
48187210705,0.088773
48187210706,0.0
48187210707,0.0
48187210709,0.0
48187210710,0.0
48187210711,0.0
48187210712,0.0
48187210713,0.0
48187210715,0.0
48187210716,0.0
48187210717,0.0
48187210718,0.0
48187210803,0.207537
48187210804,0.002998
48187210805,0.049601
48187210806,0.062999
48187210902,0.0
48187210903,0.047479
48187210904,0.117563
48187210905,0.003989
48193950100,0.002154
48193950200,0.000319
48193950300,0.14263
48201100001,0.0
48201210400,0.0
48201210500,0.0
48201210600,0.0
48201210700,0.0
48201210800,0.0
48201210900,0.0
48201211000,0.047494
48201211101,0.096156
48201211102,0.0
48201211200,0.0
48201211301,0.103369
48201211302,0.020554
48201211400,0.035925
48201211501,0.166667
48201211502,0.14585
48201211600,0.0
48201211700,0.0
48201211900,0.0
48201212300,0.0
48201212400,0.0
48201212500,0.027778
48201220100,0.018201
48201220200,0.036828
48201220300,0.0
48201220400,0.0
48201220500,0.0
48201220600,0.041667
48201220701,0.0
48201220702,0.0
48201220800,0.0
48201220900,0.0
48201221000,0.0
48201221100,0.0
48201221200,0.0
48201221301,0.0
48201221302,0.0
48201221400,0.015596
48201221501,0.0
48201221502,0.006354
48201221601,0.0
48201221602,0.0
48201221701,0.0
48201221702,0.0
48201221800,0.0
48201221900,0.001331
48201222000,0.001359
48201222100,0.0
48201222200,0.0
48201222300,0.0
48201222401,0.0
48201222402,0.0
48201222501,0.0
48201222502,0.179617
48201222504,0.0
48201222505,0.001448
48201222601,0.0
48201222602,0.0
48201222701,0.166667
48201222702,0.00463
48201222800,0.001154
48201222900,0.0
48201223001,0.001468
48201223002,0.0
48201223100,0.0
48201230100,0.0
48201230200,0.0
48201230300,0.0
48201230400,0.0
48201230500,0.11691
48201230600,0.0
48201230700,0.0
48201230800,0.0
48201230900,0.0
48201231000,0.0
48201231100,0.0
48201231200,0.000777
48201231300,0.000312
48201231400,0.0
48201231500,0.0
48201231600,0.0
48201231700,0.115744
48201231800,0.0
48201231900,0.00019
48201232000,0.005513
48201232100,0.139383
48201232201,0.01187
48201232202,0.00145
48201232203,0.093822
48201232303,0.0
48201232304,0.0
48201232305,0.001246
48201232306,0.003713
48201232402,0.001639
48201232403,0.0
48201232404,0.001225
48201232405,0.000777
48201232500,0.0
48201232600,0.0
48201232701,0.002241
48201232703,0.001412
48201232704,0.005952
48201232801,0.0
48201232802,0.0
48201232901,0.0
48201232902,0.005007
48201233001,0.007098
48201233002,0.106122
48201233003,0.06741
48201233101,0.002852
48201233103,0.000454
48201233104,0.054267
48201233105,0.052924
48201233200,0.043756
48201233300,0.000628
48201233400,0.0
48201233501,0.003975
48201233502,0.001619
48201233600,0.04709
48201233701,0.0
48201233702,0.002769
48201233703,0.006655
48201240101,0.095762
48201240102,0.0
48201240400,0.0
48201240503,0.007752
48201240504,0.0
48201240505,0.006667
48201240506,0.002728
48201240600,0.006734
48201240703,0.001852
48201240704,0.000272
48201240705,0.000673
48201240706,0.0
48201240707,0.0
48201240802,0.000649
48201240803,0.0
48201240804,0.0
48201240903,0.253621
48201240904,0.001907
48201240905,0.005985
48201240906,0.0
48201241001,0.001
48201241002,0.0
48201241101,0.125
48201241103,0.000821
48201241104,0.0
48201241105,0.125302
48201241201,0.001826
48201241202,0.164468
48201241301,0.0
48201241302,0.0
48201241400,0.002177
48201241501,0.004655
48201241502,0.0
48201241503,0.0
48201250101,0.13021
48201250102,0.0
48201250201,0.029289
48201250202,0.107397
48201250303,0.078004
48201250304,0.078304
48201250305,0.0
48201250306,0.0
48201250403,0.001491
48201250404,0.006753
48201250405,0.000397
48201250406,0.0
48201250407,0.0
48201250408,0.0
48201250500,0.0
48201250601,0.083333
48201250602,0.0
48201250701,0.0
48201250702,0.003081
48201250801,0.012597
48201250802,0.009544
48201250901,0.0
48201250902,0.102572
48201251000,0.0
48201251100,0.0
48201251200,0.0
48201251300,0.00017
48201251401,0.001842
48201251402,0.0
48201251501,0.001102
48201251503,0.0
48201251504,0.00285
48201251505,0.089662
48201251600,0.166922
48201251701,0.0
48201251702,0.008986
48201251800,0.25
48201251902,0.004508
48201251903,0.005975
48201251904,0.125
48201252001,0.0
48201252002,0.000164
48201252003,0.0
48201252100,0.0
48201252201,0.106005
48201252202,0.002424
48201252303,0.0
48201252304,0.151619
48201252305,0.0
48201252306,0.0
48201252400,0.0
48201252500,0.084669
48201252601,0.00187
48201252602,0.037429
48201252700,0.105028
48201252800,0.0
48201252901,0.0
48201252902,0.0
48201253000,0.014045
48201253202,0.011722
48201253300,0.0
48201253502,0.0
48201310101,0.0
48201310102,0.0
48201310200,0.083333
48201310300,0.0
48201310400,0.0625
48201310500,0.0
48201310600,0.0
48201310700,0.0
48201310800,0.0
48201310900,0.0
48201311001,0.111351
48201311002,0.126728
48201311100,0.0
48201311200,0.0
48201311300,0.0
48201311400,0.083333
48201311501,0.0
48201311502,0.0
48201311600,0.016393
48201311701,0.0
48201311702,0.0
48201311800,0.0
48201311900,0.045263
48201312000,0.0
48201312200,0.0
48201312300,0.038299
48201312400,0.0
48201312501,0.0
48201312502,0.0
48201312601,0.0
48201312602,0.0
48201312603,0.0
48201312700,0.0
48201312800,0.0
48201312901,0.0
48201312902,0.0
48201313000,0.0
48201313101,0.0
48201313102,0.0
48201313201,0.0
48201313202,0.0
48201313300,0.0
48201313400,0.0
48201313500,0.0
48201313600,0.0
48201313700,0.01721
48201313801,0.0
48201313802,0.0
48201313901,0.0
48201313902,0.0
48201314001,0.0
48201314003,0.021668
48201314004,0.0
48201314005,0.0
48201314301,0.166667
48201314302,0.089984
48201314401,0.0
48201314402,0.0
48201320100,0.072877
48201320201,0.063602
48201320202,0.083333
48201320500,0.0
48201320601,0.0
48201320602,0.031017
48201320700,0.156573
48201320800,0.14567
48201320901,0.047928
48201320902,0.0
48201321001,0.054232
48201321002,0.073607
48201321101,0.03104
48201321102,0.085814
48201321200,0.004509
48201321301,0.014493
48201321302,0.016786
48201321401,0.166667
48201321402,0.093271
48201321500,0.0
48201321600,0.0
48201321700,0.083333
48201321800,0.0
48201321900,0.002142
48201322000,0.016787
48201322100,0.0
48201322200,0.001182
48201322600,0.169156
48201322701,0.00182
48201322702,0.0
48201322800,0.000823
48201322900,0.084682
48201323000,0.005185
48201323100,0.088858
48201323200,0.002606
48201323300,0.008464
48201323400,0.0
48201323500,0.007621
48201323601,0.004118
48201323602,0.250281
48201323701,0.006031
48201323702,0.005576
48201323801,0.001823
48201323802,0.0022
48201323900,0.159372
48201324000,0.05852
48201324101,0.000885
48201324102,0.095524
48201324200,0.0
48201330101,0.0
48201330102,0.001691
48201330200,0.0
48201330301,0.0
48201330302,0.000167
48201330303,0.0
48201330400,0.000877
48201330500,0.0
48201330600,0.003277
48201330700,0.000958
48201330801,0.0
48201330802,0.0
48201330901,0.002629
48201330902,0.0
48201331100,0.0
48201331200,0.0
48201331300,0.001266
48201331400,0.001901
48201331501,0.131749
48201331502,0.083333
48201331602,0.0
48201331603,0.001456
48201331604,0.002805
48201331700,0.0
48201331800,0.0
48201331900,0.0
48201332000,0.0
48201332100,0.0
48201332200,0.0
48201332300,0.0
48201332400,0.0
48201332500,0.0
48201332600,0.0
48201332700,0.0
48201332800,0.0
48201332900,0.016137
48201333000,0.0488
48201333100,0.0
48201333201,0.0
48201333203,0.0
48201333204,0.006329
48201333205,0.0
48201333301,0.083333
48201333302,0.0
48201333501,0.0
48201333502,0.22734
48201333600,0.125713
48201333700,0.0
48201333801,0.066007
48201333802,0.0
48201333903,0.000745
48201333904,0.004468
48201333905,0.000731
48201333906,0.086667
48201334001,0.000547
48201334002,0.005405
48201334003,0.111097
48201334101,0.0
48201334102,0.0
48201340101,0.016154
48201340102,0.020113
48201340201,0.135533
48201340202,0.002056
48201340203,0.0
48201340301,0.098176
48201340302,0.001899
48201340400,0.0
48201340501,0.000788
48201340502,0.011111
48201340600,0.00075
48201340701,0.000467
48201340702,0.000874
48201340800,0.001414
48201340900,0.004735
48201341001,0.04481
48201341002,0.0
48201341101,0.081164
48201341102,0.064722
48201341201,0.065875
48201341203,0.17653
48201341204,0.268865
48201341302,0.079434
48201341303,0.004251
48201341304,0.0
48201341400,0.041667
48201341501,0.062468
48201341502,0.050369
48201342001,0.0
48201342002,0.003687
48201342100,0.001883
48201342200,0.004566
48201342300,0.004533
48201342400,0.059197
48201342500,0.086338
48201342700,0.002427
48201342801,0.0
48201342802,0.111111
48201342900,0.000717
48201343000,0.0
48201343100,0.0
48201343200,0.125
48201343301,0.005467
48201343302,0.0
48201343601,0.166667
48201343700,0.051704
48201350101,0.0
48201350102,0.001134
48201350103,0.000527
48201350104,0.005082
48201350201,0.002508
48201350202,0.000192
48201350300,0.000552
48201350400,0.0
48201350500,0.0
48201350601,0.057482
48201350603,0.000974
48201350604,0.003084
48201350700,0.0
48201350801,0.002894
48201350803,0.0
48201350804,0.000772
48201410101,0.0
48201410102,0.0
48201410201,0.0
48201410202,0.0
48201410300,0.0
48201410401,0.0
48201410402,0.0
48201410501,0.0
48201410502,0.0
48201410601,0.0
48201410602,0.0
48201410703,0.0
48201410704,0.0
48201410705,0.0
48201410706,0.0
48201410801,0.125
48201410802,0.0
48201410900,0.130702
48201411001,0.0
48201411002,0.0
48201411003,0.0
48201411100,0.0
48201411200,0.0
48201411301,0.068071
48201411302,0.0
48201411400,0.0
48201411503,0.0
48201411504,0.0
48201411505,0.0
48201411506,0.0
48201411507,0.0
48201411600,0.0
48201411700,0.045174
48201411801,0.012184
48201411802,0.080182
48201411901,0.202843
48201411902,0.083333
48201412000,0.0
48201412201,0.0
48201412202,0.0
48201412300,0.0
48201412400,0.0
48201412500,0.0
48201412600,0.0
48201412700,0.0
48201412800,0.166667
48201412901,0.0
48201412902,0.0
48201413000,0.0
48201413100,0.25
48201413203,0.0
48201413204,0.064286
48201413205,0.0
48201413206,0.0
48201413301,0.0
48201413302,0.0
48201420100,0.0
48201420200,0.0
48201420300,0.0
48201420400,0.166667
48201420500,0.0
48201420600,0.0
48201420700,0.0
48201420800,0.0
48201420900,0.0
48201421000,0.0
48201421101,0.0
48201421103,0.0
48201421104,0.0
48201421203,0.212633
48201421204,0.04744
48201421205,0.1031
48201421206,0.0
48201421301,0.0
48201421302,0.152349
48201421401,0.25
48201421402,0.0
48201421403,0.0
48201421501,0.0
48201421502,0.0
48201421601,0.25
48201421602,0.25
48201421700,0.0
48201421801,0.0
48201421802,0.0
48201421900,0.0
48201422000,0.0
48201422100,0.0
48201422200,0.083333
48201422302,0.000702
48201422303,0.003003
48201422304,0.0
48201422403,0.0
48201422404,0.0
48201422405,0.005263
48201422406,0.001812
48201422501,0.0
48201422502,0.0
48201422601,0.0
48201422602,0.0
48201422701,0.0
48201422702,0.088272
48201422800,0.005364
48201422900,0.107186
48201423001,0.0
48201423002,0.0
48201423100,0.134076
48201423201,0.021283
48201423203,0.0
48201423204,0.0
48201423301,0.0
48201423303,0.168768
48201423304,0.00956
48201423401,0.0
48201423402,0.0
48201423500,0.104566
48201423600,0.052533
48201430101,0.083333
48201430102,0.0
48201430200,0.25
48201430300,0.0
48201430400,0.0
48201430500,0.205216
48201430600,0.0
48201430700,0.011554
48201430800,0.022291
48201430900,0.012949
48201431001,0.0
48201431002,0.037192
48201431101,0.0
48201431102,0.0
48201431203,0.25
48201431204,0.0
48201431205,0.0
48201431206,0.0
48201431302,0.0
48201431303,0.0
48201431304,0.0
48201431401,0.0
48201431403,0.0
48201431404,0.0
48201431503,0.0
48201431504,0.0
48201431505,0.0
48201431506,0.00753
48201431600,0.125
48201431701,0.0
48201431702,0.00349
48201431801,0.0
48201431803,0.0
48201431804,0.0
48201431901,0.0
48201431902,0.0
48201432003,0.0
48201432004,0.0
48201432005,0.0
48201432006,0.0
48201432101,0.0
48201432102,0.0
48201432200,0.0
48201432301,0.003425
48201432302,0.0
48201432303,0.045534
48201432401,0.0
48201432402,0.0
48201432501,0.0
48201432502,0.0
48201432600,0.0
48201432703,0.0
48201432704,0.0
48201432705,0.083333
48201432706,0.0
48201432803,0.0
48201432804,0.0
48201432805,0.0
48201432806,0.065298
48201432901,0.0
48201432903,0.008163
48201432904,0.0
48201433003,0.103766
48201433004,0.0
48201433005,0.0
48201433006,0.0
48201433007,0.0
48201433100,0.139229
48201433201,0.0
48201433202,0.0
48201433300,0.0
48201433400,0.0
48201433503,0.165651
48201433504,0.004854
48201433505,0.002632
48201433506,0.0
48201433507,0.112716
48201433601,0.067628
48201433602,0.0
48201440101,0.030465
48201440102,0.0
48201450100,0.005106
48201450200,0.002281
48201450301,0.0
48201450302,0.036576
48201450401,0.0
48201450402,0.023667
48201450500,0.108843
48201450600,0.0
48201450700,0.0
48201450801,0.0
48201450803,0.095346
48201450804,0.024632
48201450900,0.0
48201451003,0.003289
48201451004,0.0
48201451005,0.008696
48201451006,0.0
48201451100,0.0
48201451200,0.0
48201451301,0.002917
48201451302,0.001409
48201451401,0.0
48201451404,0.001931
48201451405,0.004831
48201451406,0.011421
48201451407,0.003597
48201451501,0.0
48201451502,0.0
48201451603,0.0
48201451604,0.026939
48201451605,0.080056
48201451606,0.006069
48201451700,0.001344
48201451800,0.000773
48201451902,0.001223
48201451903,0.0
48201451904,0.00046
48201452001,0.0
48201452002,0.125
48201452101,0.0
48201452102,0.0
48201452103,0.0
48201452202,0.0
48201452203,0.0
48201452204,0.0
48201452300,0.0
48201452401,0.0
48201452402,0.001682
48201452501,0.008621
48201452502,0.000647
48201452601,0.001812
48201452602,0.001517
48201452701,0.0
48201452702,0.005561
48201452703,0.022251
48201452801,0.002752
48201452802,0.0
48201452900,0.0
48201453001,0.004057
48201453002,0.0
48201453100,0.002299
48201453201,0.004444
48201453202,0.001197
48201453300,0.0
48201453401,0.0
48201453403,0.0
48201453404,0.0
48201453405,0.00738
48201453501,0.0
48201453502,0.0
48201453601,0.001
48201453603,0.013787
48201453604,0.001435
48201453701,0.0
48201453702,0.000689
48201453800,0.0
48201453901,0.0
48201453902,0.003591
48201454000,0.000824
48201454100,0.0
48201454200,0.000534
48201454302,0.0
48201454303,0.000682
48201454304,0.004771
48201454305,0.000989
48201454400,0.0
48201454502,0.001124
48201454503,0.0
48201454504,0.0
48201454505,0.0
48201454600,0.0
48201454700,0.25
48201454801,0.0
48201454802,0.0
48201454901,0.0
48201454902,0.0
48201455000,0.016075
48201455102,0.001608
48201455103,0.0
48201455104,0.125
48201455200,0.0426
48201455300,0.166667
48201510100,0.049353
48201510201,0.0
48201510202,0.0
48201510301,0.034017
48201510302,0.0
48201510400,0.0
48201510500,0.0
48201510601,0.061659
48201510602,0.040759
48201510701,0.0
48201510702,0.0
48201510801,0.0
48201510802,0.0
48201510803,0.0
48201510901,0.0
48201510902,0.0
48201511001,0.0
48201511003,0.0
48201511004,0.0
48201511100,0.0
48201511201,0.0
48201511202,0.0
48201511301,0.0
48201511302,0.0
48201511400,0.0
48201511501,0.0
48201511502,0.0
48201511600,0.0
48201520100,0.0
48201520200,0.0
48201520301,0.0
48201520302,0.0
48201520400,0.0
48201520501,0.0
48201520502,0.0
48201520601,0.0
48201520603,0.0
48201520604,0.0
48201520700,0.0
48201521000,0.0
48201521100,0.0
48201521201,0.0
48201521202,0.0
48201521300,0.0
48201521401,0.0
48201521402,0.0
48201521501,0.0
48201521502,0.0
48201521600,0.25
48201521701,0.0
48201521702,0.0
48201521800,0.0
48201521900,0.002387
48201522001,0.25
48201522002,0.0
48201522101,0.00317
48201522102,0.003408
48201522201,0.0
48201522202,0.0
48201522301,0.0
48201522302,0.0
48201522401,0.0
48201522402,0.090063
48201522500,0.0
48201530101,0.0
48201530102,0.0
48201530200,0.0
48201530300,0.0
48201530400,0.0
48201530501,0.0
48201530502,0.0
48201530600,0.0
48201530701,0.064208
48201530702,0.0
48201530800,0.0
48201530900,0.0
48201531000,0.0
48201531100,0.0
48201531200,0.0
48201531300,0.0
48201531400,0.083333
48201531500,0.0
48201531600,0.0
48201531700,0.0
48201531800,0.0
48201531900,0.0
48201532003,0.0
48201532004,0.0
48201532101,0.0
48201532102,0.0
48201532200,0.0
48201532301,0.0
48201532302,0.0
48201532400,0.001662
48201532502,0.000602
48201532503,0.001478
48201532504,0.0
48201532600,0.0
48201532700,0.000979
48201532800,0.0
48201532900,0.0
48201533000,0.0
48201533100,0.00365
48201533200,0.0
48201533301,0.0
48201533302,0.0
48201533401,0.0
48201533402,0.0
48201533500,0.001573
48201533600,0.0
48201533701,0.0
48201533702,0.00252
48201533802,0.0
48201533803,0.327244
48201533804,0.0
48201533902,0.001132
48201533903,0.0
48201533904,0.018689
48201534001,0.128107
48201534002,0.000413
48201534003,0.030549
48201534101,0.083333
48201534102,0.001436
48201534201,0.001507
48201534203,0.00093
48201534204,0.003215
48201534205,0.002447
48201540101,0.0
48201540102,0.0
48201540200,0.037317
48201540502,0.0
48201540503,0.214538
48201540504,0.145545
48201540601,0.006704
48201540602,0.055556
48201540700,0.0
48201540800,0.0
48201540901,0.007804
48201540903,0.0
48201540904,0.0
48201541004,0.001926
48201541005,0.003441
48201541006,0.0
48201541007,0.0
48201541008,0.00628
48201541009,0.000548
48201541100,0.0
48201541203,0.005051
48201541204,0.0
48201541205,0.0
48201541206,0.0
48201541207,0.000795
48201541301,0.0
48201541302,0.0
48201541401,0.136072
48201541402,0.0
48201541403,0.0
48201541404,0.0
48201541500,0.0
48201541603,0.0
48201541604,0.0
48201541701,0.0
48201541702,0.0
48201541703,0.153994
48201541801,0.0
48201541802,0.0
48201541901,0.0
48201541902,0.002601
48201542001,0.0
48201542002,0.00111
48201542003,0.000818
48201542004,0.001921
48201542103,0.0
48201542104,0.0
48201542105,0.0
48201542106,0.0
48201542107,0.005078
48201542108,0.028967
48201542201,0.005513
48201542202,0.094345
48201542203,0.0
48201542302,0.0
48201542303,0.083333
48201542304,0.0
48201542305,0.002141
48201542401,0.0
48201542402,0.0
48201542500,0.055556
48201542600,0.001024
48201542700,0.083333
48201542800,0.004156
48201542901,0.0
48201542902,0.0
48201543004,0.001162
48201543005,0.0
48201543006,0.0
48201543007,0.001395
48201543008,0.0
48201543009,0.0
48201543010,0.001275
48201543011,0.000344
48201543100,0.113335
48201543201,0.0
48201543202,0.0
48201550101,0.00452
48201550102,0.09157
48201550201,0.002179
48201550202,0.0
48201550303,0.0
48201550304,0.0
48201550305,0.0
48201550306,0.0
48201550307,0.0
48201550308,0.007003
48201550403,0.0
48201550404,0.0
48201550405,0.041667
48201550406,0.0
48201550407,0.0
48201550500,0.000591
48201550601,0.0
48201550602,0.002501
48201550603,0.0
48201550700,0.0189
48201550800,0.002125
48201550901,0.000642
48201550902,0.0
48201551000,0.0
48201551101,0.0
48201551102,0.0
48201551201,0.0
48201551202,0.0
48201551300,0.013672
48201551400,0.0
48201551501,0.00275
48201551502,0.0
48201551601,0.119754
48201551602,0.00463
48201551702,0.005547
48201551703,0.070775
48201551704,0.002716
48201551705,0.004081
48201551800,0.027352
48201551901,0.0
48201551902,0.010274
48201552002,0.00729
48201552003,0.004184
48201552004,0.0
48201552101,0.00555
48201552102,0.035104
48201552103,0.023176
48201552200,0.001261
48201552301,0.0
48201552303,0.0
48201552304,0.0
48201552401,0.002287
48201552402,0.0
48201552501,0.001567
48201552502,0.0
48201552602,0.0
48201552603,0.0
48201552604,0.0
48201552701,0.0
48201552702,0.002739
48201552801,0.004848
48201552802,0.0
48201552901,0.001976
48201552902,0.003121
48201553001,0.033417
48201553002,0.001487
48201553101,0.004069
48201553102,0.0
48201553201,0.0
48201553202,0.001546
48201553300,0.004296
48201553401,0.0
48201553403,0.0
48201553404,0.000765
48201553405,0.0
48201553500,0.000751
48201553601,0.000871
48201553602,0.004975
48201553700,0.001329
48201553801,0.002557
48201553803,0.002586
48201553804,0.004255
48201553901,0.0
48201554001,0.0
48201554002,0.0
48201554103,0.0
48201554104,0.001481
48201554201,0.0
48201554202,0.0
48201554301,0.001002
48201554302,0.0
48201554404,0.0
48201554405,0.000266
48201554406,0.0
48201554407,0.0
48201554408,0.0
48201554409,0.005523
48201554410,0.002556
48201554501,0.008101
48201554502,0.003142
48201554600,0.0
48201554701,0.010243
48201554702,0.003128
48201554803,0.000819
48201554804,0.041667
48201554805,0.000131
48201554806,0.045861
48201554807,0.001047
48201554808,0.061404
48201554809,0.0
48201554902,0.0
48201554904,0.0
48201554905,0.003217
48201554906,0.0
48201554907,0.0
48201554908,0.007924
48201555001,0.0
48201555002,0.0
48201555101,0.0
48201555102,0.0
48201555200,0.0
48201555301,0.0
48201555303,0.0
48201555304,0.0
48201555305,0.0
48201555401,0.0
48201555403,0.042559
48201555404,0.0
48201555501,0.0
48201555503,0.0
48201555504,0.0
48201555505,0.00347
48201555600,0.083394
48201555701,0.0
48201555703,0.0
48201555704,0.056488
48201556000,0.14384
48201556100,0.003304
48201980000,0.050032
48201980100,0.041667
48201980200,0.085459
48201980300,0.262821
48201980400,0.0
48201980700,0.0
48207950300,0.060317
48207950400,0.04362
48209010100,0.172749
48209010200,0.416243
48209010302,0.068771
48209010305,0.055551
48209010306,0.002525
48209010307,0.08151
48209010308,0.201937
48209010309,0.005396
48209010401,0.0
48209010402,0.031257
48209010500,0.0
48209010601,0.251595
48209010602,0.014532
48209010603,0.009923
48209010702,0.255471
48209010703,0.270779
48209010704,0.203284
48209010806,0.0
48209010807,0.0
48209010809,0.230163
48209010810,0.182888
48209010811,0.009531
48209010812,0.15143
48209010813,0.127271
48209010814,0.002674
48209010815,0.0
48209010816,0.164497
48209010817,0.239441
48209010818,0.0
48209010905,0.0
48209010909,0.0
48209010911,0.0
48209010912,0.0
48209010913,0.0
48209010914,0.0
48209010915,0.0
48209010916,0.063156
48209010917,0.021183
48209010918,0.0
48209010919,0.0
48209010920,0.230044
48209010921,0.120149
48209010922,0.0
48209010923,0.0
48209010924,0.0
48209010925,0.0
48213950101,0.000761
48213950102,0.005924
48213950201,0.002237
48213950202,0.113681
48213950301,0.242941
48213950302,0.217119
48213950303,0.122574
48213950400,0.158977
48213950500,0.081891
48213950601,0.186274
48213950603,0.227103
48213950604,0.333448
48213950700,0.171059
48213950801,0.252881
48213950802,0.314981
48213950902,0.121036
48213950903,0.437077
48213950904,0.348035
48213950905,0.319758
48213951000,0.223112
48213951101,0.000217
48213951102,0.129185
48213951201,0.148418
48213951202,0.226682
48213951300,0.196347
48213951401,0.011712
48213951402,0.057241
48213951403,0.008755
48215020103,0.002514
48215020104,0.103265
48215020105,0.175177
48215020106,0.118541
48215020107,0.31672
48215020108,0.0
48215020205,0.232472
48215020206,0.002166
48215020207,0.047665
48215020208,0.038468
48215020209,0.196428
48215020210,0.23326
48215020211,0.333843
48215020303,0.0
48215020304,0.224513
48215020305,0.16029
48215020306,0.249572
48215020307,0.253663
48215020403,0.184062
48215020405,0.006096
48215020406,0.001794
48215020407,0.096157
48215020408,0.16741
48215020409,0.013418
48215020505,0.358163
48215020506,0.049605
48215020507,0.134577
48215020508,0.32105
48215020509,0.0
48215020510,0.0
48215020511,0.003205
48215020512,0.000948
48215020513,0.130547
48215020600,0.17025
48215020724,0.145045
48215020725,0.0
48215020727,0.0
48215020728,0.000906
48215020729,0.150325
48215020730,0.220005
48215020731,0.0
48215020732,0.086515
48215020733,0.002141
48215020734,0.0
48215020735,0.002146
48215020736,0.001795
48215020804,0.004785
48215020805,0.177446
48215020806,0.13946
48215020807,0.0
48215020808,0.0
48215020905,0.0
48215020906,0.027517
48215020907,0.030573
48215020908,0.081826
48215020909,0.201457
48215020910,0.0
48215021001,0.063908
48215021002,0.044774
48215021003,0.202315
48215021100,0.072412
48215021201,0.006518
48215021203,0.09583
48215021204,0.0
48215021306,0.0
48215021307,0.15647
48215021308,0.229543
48215021309,0.325389
48215021310,0.284023
48215021311,0.0
48215021312,0.162126
48215021313,0.0
48215021314,0.180767
48215021315,0.154482
48215021401,0.131412
48215021405,0.199378
48215021406,0.009173
48215021407,0.118124
48215021408,0.125573
48215021409,0.19455
48215021500,0.196523
48215021600,0.166496
48215021703,0.001586
48215021704,0.001997
48215021705,0.001693
48215021706,0.001909
48215021707,0.00168
48215021803,0.026424
48215021804,0.057318
48215021807,0.073151
48215021808,0.288298
48215021809,0.002147
48215021810,0.00603
48215021903,4e-06
48215021904,0.139498
48215021905,0.138578
48215021906,0.001346
48215022005,0.160458
48215022006,0.0
48215022007,0.0
48215022008,0.0
48215022009,0.0
48215022010,0.082586
48215022011,0.0
48215022105,0.321432
48215022107,0.115726
48215022108,0.108746
48215022109,0.061304
48215022110,0.001338
48215022111,0.001517
48215022112,0.0
48215022113,0.023117
48215022203,0.235492
48215022204,0.0
48215022205,0.04138
48215022206,0.0
48215022301,0.333333
48215022302,0.0
48215022401,0.01891
48215022402,0.0
48215022502,0.0
48215022503,0.001238
48215022504,0.0
48215022600,0.0
48215022703,0.077671
48215022704,0.0
48215022705,0.0
48215022706,0.0
48215022801,0.0
48215022802,0.12431
48215022900,0.108252
48215023000,0.0
48215023103,0.0
48215023104,0.0
48215023105,0.166667
48215023106,0.0
48215023516,0.004261
48215023517,0.001234
48215023518,0.000571
48215023519,0.003191
48215023520,0.001197
48215023521,0.00161
48215023522,0.167262
48215023523,0.000528
48215023524,0.000974
48215023525,0.000283
48215023526,0.000935
48215023527,0.000655
48215023528,0.04216
48215023529,0.0
48215023530,0.000622
48215023531,0.0
48215023532,0.000595
48215023533,0.001329
48215023534,0.000361
48215023535,0.0
48215023536,0.0
48215023601,0.131746
48215023602,0.113191
48215023700,0.182873
48215023803,0.001214
48215023804,0.05299
48215023805,0.068176
48215023806,0.002256
48215023903,0.277911
48215023905,0.001693
48215023906,0.0
48215023907,0.028106
48215023908,0.001988
48215024001,0.196943
48215024002,0.070534
48215024003,0.264003
48215024004,0.000949
48215024107,0.108319
48215024108,0.003706
48215024109,0.177621
48215024115,0.127403
48215024116,0.001404
48215024117,0.172452
48215024118,0.110627
48215024119,0.231773
48215024120,0.001046
48215024121,0.000263
48215024122,0.000542
48215024123,0.002527
48215024124,0.129698
48215024125,0.207161
48215024126,0.025541
48215024127,0.000263
48215024128,0.01189
48215024129,0.059507
48215024130,0.003721
48215024131,0.0
48215024132,0.016598
48215024204,0.18337
48215024206,0.083333
48215024207,0.05006
48215024208,0.0
48215024209,0.051246
48215024210,0.229247
48215024211,0.000845
48215024212,0.0
48215024301,0.085474
48215024302,0.010695
48215024403,0.20347
48215024404,0.000902
48215024405,0.184042
48215024406,0.251484
48215024501,0.001036
48215024502,0.085931
48215024600,0.0432
48215980000,0.009596
48217960100,0.0
48217960200,0.027778
48217960400,0.016702
48217960501,0.033065
48217960502,0.003813
48217960600,0.081488
48217960700,0.150553
48217960800,0.283388
48217960900,0.19278
48217961000,0.1956
48217961100,0.065147
48217961400,0.058643
48221160100,0.032363
48221160204,0.100191
48221160206,0.263732
48221160210,0.0
48221160211,0.22088
48221160212,0.194364
48221160213,0.215802
48221160214,0.0
48221160215,0.25
48221160216,0.0
48221160217,0.184443
48221160218,0.221587
48221160302,0.055556
48221160303,0.010283
48223950100,0.003173
48223950200,0.043882
48223950301,0.0
48223950302,0.156058
48223950401,0.135835
48223950402,0.17565
48223950500,0.160322
48223950600,0.112155
48223950700,0.045649
48223950800,0.003404
48225950101,0.322738
48225950102,0.093272
48225950200,0.252649
48225950300,0.223892
48225950400,0.238591
48225950500,0.160078
48225950600,0.0912
48225950700,0.089845
48227950100,0.168931
48227950200,0.042792
48227950300,0.021959
48227950400,0.054669
48227950500,0.185076
48227950600,0.0
48227950700,0.1875
48227950801,0.083333
48227950802,0.083333
48227950900,0.086068
48231960100,0.000206
48231960200,0.0
48231960300,0.0
48231960400,0.113109
48231960500,0.075873
48231960600,0.219597
48231960700,0.048468
48231960800,0.205913
48231960900,0.194938
48231961000,0.135689
48231961101,0.099857
48231961102,0.144444
48231961200,0.097618
48231961300,0.063094
48231961401,0.09821
48231961402,0.0
48231961501,0.046033
48231961502,0.076352
48231961503,0.136492
48231961600,0.167841
48231961700,0.0
48235950100,0.115274
48237950100,0.087786
48237950300,0.255792
48237950500,0.133556
48239950100,0.041667
48239950200,0.052737
48239950300,0.039756
48247950200,0.170283
48247950400,0.08655
48249950101,0.003862
48249950102,0.0
48249950201,0.073018
48249950202,0.025799
48249950301,0.0
48249950302,0.172695
48249950303,0.20007
48249950400,0.055556
48249950500,0.084338
48249950600,0.065106
48249950700,0.084486
48251130100,0.041667
48251130205,0.00098
48251130210,0.037796
48251130211,0.066094
48251130212,0.0
48251130213,0.0
48251130214,0.134679
48251130215,0.0
48251130216,0.0
48251130217,0.0
48251130218,0.174171
48251130219,0.0
48251130220,0.004555
48251130221,0.039104
48251130222,0.0
48251130302,0.0
48251130303,0.180021
48251130304,0.146401
48251130405,0.0
48251130406,0.0
48251130411,0.0
48251130412,0.0
48251130413,0.0
48251130414,0.177081
48251130415,0.141244
48251130416,0.0
48251130417,0.136311
48251130418,0.0
48251130419,0.0
48251130501,0.006992
48251130502,0.0
48251130602,0.0
48251130603,0.146523
48251130604,0.03484
48251130700,0.0
48251130800,0.186562
48251130900,0.113611
48251131000,0.0
48251131100,0.181339
48253020101,0.024046
48253020102,0.131148
48253020200,0.174503
48253020300,0.0
48253020400,0.0
48253020500,0.041727
48255970100,0.083333
48255970200,0.001575
48255970301,0.071524
48255970302,0.17083
48255970400,0.130112
48257050204,0.0
48257050207,0.0
48257050208,0.0
48257050209,0.0
48257050210,0.0
48257050211,0.0
48257050212,0.001895
48257050213,0.083333
48257050214,0.0
48257050215,0.0
48257050300,0.217283
48257050401,0.201459
48257050402,0.0
48257050500,0.171387
48257050601,0.0
48257050602,0.0
48257050701,0.0
48257050703,0.0
48257050704,0.072978
48257050801,0.0
48257050802,0.0
48257051000,0.212721
48257051100,0.046323
48257051201,0.166667
48257051202,0.0
48257051301,0.076725
48257051302,0.0
48259970101,0.035474
48259970102,0.086319
48259970301,0.198921
48259970302,0.218402
48259970403,0.032702
48259970404,0.0647
48259970405,0.069191
48259970406,0.119349
48259970500,0.123331
48261950100,0.016117
48263950100,0.088275
48265960101,0.018439
48265960102,0.169656
48265960200,0.0
48265960301,0.136649
48265960303,0.239253
48265960304,0.027778
48265960401,0.245207
48265960403,0.24695
48265960404,0.374515
48265960500,0.106581
48265960601,0.241088
48265960602,0.233878
48265960700,0.215902
48265960800,0.160903
48267950100,0.0
48267950200,0.202318
48269950100,0.06574
48271950100,0.0
48273020101,0.083333
48273020102,0.052364
48273020200,0.048917
48273020301,0.0
48273020302,0.219916
48273020401,0.012855
48273020402,0.252337
48273020501,0.083333
48273020502,0.071042
48275950100,0.103789
48275950200,0.114596
48277000101,0.041667
48277000102,0.101188
48277000200,0.133333
48277000301,0.055556
48277000302,0.0
48277000401,0.228088
48277000402,0.418692
48277000500,0.210586
48277000600,0.212304
48277000700,0.071214
48277000800,0.108489
48277000900,0.14547
48277001000,0.147591
48281950100,0.044622
48281950302,0.078011
48281950303,0.167406
48281950304,0.0
48281950400,0.196854
48281950500,0.241401
48283950301,0.0
48283950302,0.055556
48285000100,0.003929
48285000200,0.002958
48285000300,0.083333
48285000400,0.046042
48285000500,0.15361
48285000600,0.161246
48287000100,0.055556
48287000200,0.0
48287000300,0.001185
48287000400,0.035298
48289950101,0.060776
48289950102,0.041667
48289950201,0.004078
48289950202,0.001798
48289950301,0.002705
48289950302,0.042307
48291700100,0.0
48291700200,0.256164
48291700301,0.003014
48291700302,0.083333
48291700303,0.169501
48291700400,0.124466
48291700500,0.068967
48291700900,0.051348
48291701000,0.144674
48293970100,0.08697
48293970200,0.001005
48293970300,0.195438
48293970400,0.030572
48293970500,0.164345
48293970600,0.000994
48293970700,0.014987
48293970800,0.12339
48297950100,0.083333
48297950200,0.017121
48297950300,0.0
48297950400,0.083333
48299970100,0.294879
48299970200,0.24195
48299970300,0.083333
48299970401,0.263018
48299970402,0.02638
48299970501,0.02548
48299970502,0.25
48299970600,0.219491
48303000100,0.0
48303000201,0.0
48303000202,0.065484
48303000301,0.0
48303000303,0.0
48303000304,0.190927
48303000402,0.043141
48303000403,0.136684
48303000406,0.222368
48303000407,0.246481
48303000408,0.0
48303000409,0.0
48303000410,0.000551
48303000411,0.0
48303000501,0.106624
48303000502,0.057057
48303000503,0.213119
48303000603,0.0
48303000605,0.0
48303000607,0.176944
48303000700,0.0
48303000901,0.0
48303000902,0.096151
48303001000,0.096656
48303001200,0.0
48303001300,0.059907
48303001401,0.223933
48303001402,0.201669
48303001501,0.230935
48303001502,0.048224
48303001601,0.105897
48303001602,0.106815
48303001708,0.0
48303001709,0.055556
48303001710,0.06512
48303001711,0.170173
48303001712,0.0
48303001713,0.108413
48303001714,0.211132
48303001715,0.00329
48303001716,0.153943
48303001717,0.00338
48303001804,0.0
48303001805,0.303687
48303001806,0.083874
48303001807,0.227858
48303001808,0.0
48303001904,0.000997
48303001905,0.276532
48303001906,0.169761
48303001907,0.31712
48303001908,0.0
48303002001,0.11786
48303002002,0.066001
48303002102,0.037191
48303002103,0.054508
48303002104,0.0
48303002203,0.014338
48303002205,0.166667
48303002206,0.0
48303002207,0.317285
48303002208,0.0
48303002301,0.210849
48303002302,0.204299
48303002401,0.154045
48303002402,0.0
48303002500,0.166667
48303010101,0.166667
48303010102,0.365207
48303010201,0.0
48303010202,0.0
48303010203,0.124364
48303010204,0.0
48303010301,0.000225
48303010302,0.035546
48303010402,0.24476
48303010404,0.060325
48303010409,0.333333
48303010410,0.166735
48303010411,0.156982
48303010412,0.172269
48303010413,0.235783
48303010414,0.195383
48303010415,0.245297
48303010416,0.030002
48303010417,0.107999
48303010418,0.066295
48303010419,0.179428
48303010420,0.0
48303010421,0.000894
48303010422,0.0
48303010423,0.0
48303010502,0.0109
48303010504,0.1349
48303010505,0.220341
48303010506,0.140016
48303010509,0.22579
48303010510,0.278418
48303010511,0.0
48303010512,0.003021
48303010513,0.0
48303010514,0.0
48303010601,0.049135
48303010602,0.327373
48303010700,0.055556
48303980000,0.180355
48305950400,0.041667
48305950500,0.157005
48305950600,0.083333
48307950300,0.1996
48307950400,0.250288
48307950500,0.083333
48309000100,0.0
48309000200,0.01822
48309000300,0.02957
48309000401,0.093957
48309000402,0.078921
48309000598,0.032355
48309000700,0.000468
48309000800,0.001862
48309000900,0.000459
48309001000,0.003724
48309001100,0.0
48309001200,0.02792
48309001300,0.085021
48309001401,0.0
48309001402,0.0
48309001500,0.0
48309001600,0.038051
48309001700,0.178053
48309001800,0.124
48309001900,0.114533
48309002000,0.126368
48309002100,0.118172
48309002302,0.040452
48309002498,0.004889
48309002501,0.145258
48309002503,0.107586
48309002504,0.002578
48309002600,0.010917
48309002700,0.001372
48309002800,0.014332
48309002900,0.022206
48309003000,0.002625
48309003200,0.084579
48309003300,0.25
48309003401,0.0
48309003402,0.086585
48309003500,0.056203
48309003601,0.000709
48309003602,0.083724
48309003701,0.221665
48309003703,0.085247
48309003708,0.001926
48309003709,0.001759
48309003710,0.001008
48309003711,0.01023
48309003712,0.00428
48309003801,0.001085
48309003802,0.077409
48309003901,0.026781
48309003902,0.110977
48309004000,0.0
48309004102,0.001283
48309004104,0.00041
48309004105,0.0
48309004201,0.0
48309004202,0.146274
48309004300,0.085551
48309980000,0.0
48311950100,0.043368
48313000100,0.0
48313000200,0.058124
48313000300,0.042706
48313000400,0.138583
48317950100,0.168558
48317950200,0.132102
48319950100,0.139757
48319950200,0.17574
48321730100,0.16293
48321730202,0.067572
48321730203,0.043771
48321730204,0.280088
48321730301,0.230419
48321730302,0.304032
48321730303,0.0
48321730400,0.110506
48321730502,0.004229
48321730503,0.018998
48321730600,0.0
48321730700,0.020833
48323950204,0.0
48323950206,0.0
48323950207,0.0
48323950208,0.226217
48323950209,0.0
48323950301,0.162223
48323950302,0.17138
48323950400,0.184704
48323950500,0.062622
48323950601,0.051321
48323950602,0.0
48323950701,0.0
48323950702,0.128612
48325000101,0.021529
48325000103,0.083333
48325000104,0.216037
48325000200,0.005944
48325000301,0.040197
48325000302,0.003159
48325000401,0.024856
48325000402,0.012707
48325000500,0.076517
48325000801,0.005677
48325000802,0.14857
48327950300,0.0041
48329010123,0.007604
48329010124,0.05714
48329010128,0.001296
48329010129,0.075771
48331950100,0.084914
48331950300,0.167381
48331950401,0.25052
48331950402,0.18072
48331950500,0.173868
48331950700,0.146037
48331950800,0.055556
48333950100,0.048983
48333950200,0.167649
48335950200,0.083611
48335950400,0.0
48337950100,0.0
48337950200,0.004383
48337950401,0.095207
48337950402,0.002294
48337950501,0.112012
48337950502,0.088816
48337950600,0.004454
48339690101,0.083333
48339690102,0.000857
48339690203,0.000676
48339690204,0.0
48339690205,0.004704
48339690206,0.000677
48339690207,0.196917
48339690300,0.0
48339690403,0.003377
48339690404,0.0
48339690405,0.166667
48339690406,0.063594
48339690407,0.0
48339690408,0.00352
48339690501,0.0
48339690502,0.0
48339690503,0.112208
48339690603,0.041283
48339690604,0.000629
48339690605,0.002465
48339690606,0.001725
48339690607,0.126778
48339690608,0.0
48339690609,0.002266
48339690610,0.026599
48339690701,0.0
48339690702,0.166667
48339690800,0.0
48339690900,0.0
48339691000,0.083991
48339691100,0.0
48339691201,0.0
48339691202,0.0
48339691301,0.000317
48339691302,0.005859
48339691401,0.001024
48339691402,0.006513
48339691403,0.003038
48339691500,0.171447
48339691601,0.0
48339691602,0.083333
48339691700,0.0
48339691801,0.00233
48339691802,0.002223
48339691900,0.001384
48339692003,0.002797
48339692004,0.000807
48339692005,0.001295
48339692006,0.0
48339692007,0.0
48339692008,0.082208
48339692009,0.0
48339692010,0.151957
48339692101,0.0
48339692102,0.081612
48339692103,0.102271
48339692201,0.001443
48339692202,0.002791
48339692301,0.021059
48339692302,0.001637
48339692303,0.000392
48339692304,0.000419
48339692401,0.002569
48339692402,0.056291
48339692501,0.088172
48339692502,0.126542
48339692601,0.002925
48339692603,0.0
48339692604,0.0
48339692605,0.0
48339692701,0.002469
48339692702,0.0
48339692802,0.0
48339692803,0.055556
48339692804,0.25
48339692900,0.000371
48339693001,0.195163
48339693002,0.074905
48339693102,0.065241
48339693103,0.18025
48339693104,0.000772
48339693201,0.001206
48339693202,0.0
48339693301,0.0
48339693302,0.0
48339693303,0.177585
48339693304,0.0
48339693401,0.045712
48339693402,0.041735
48339693501,0.116448
48339693502,0.241297
48339693503,0.059227
48339693600,0.083333
48339693701,0.005415
48339693702,0.083333
48339693703,0.0
48339693800,0.06995
48339693901,0.13212
48339693902,0.245737
48339693903,0.352605
48339693904,0.046512
48339694001,0.002254
48339694002,0.102103
48339694103,0.004693
48339694104,0.001149
48339694105,0.055556
48339694106,0.003553
48339694107,0.17121
48339694203,0.00337
48339694204,0.17921
48339694205,0.171369
48339694206,0.01194
48339694207,0.016827
48339694208,0.111828
48339694209,0.0
48339694210,0.267573
48339694303,0.001177
48339694304,0.007831
48339694305,0.014128
48339694306,0.005859
48339694307,0.008357
48339694308,0.011436
48339694309,0.010067
48339694401,0.003307
48339694402,0.0
48339694403,0.030718
48339694501,0.171474
48339694502,0.0
48339694503,0.127444
48339694601,0.085348
48339694602,0.003063
48339694603,0.166667
48339694700,0.008457
48347950200,0.067927
48349970100,0.0
48349970200,0.016381
48349970301,0.009736
48349970302,0.051164
48349970400,0.016667
48349970500,0.0
48349970600,0.059652
48349970701,0.041667
48349970800,0.147565
48349970901,0.0
48349970902,0.160884
48349971000,0.097222
48353950100,0.223964
48353950200,0.212854
48353950300,0.184429
48353950400,0.138187
48353950500,0.0
48355000500,0.0
48355000601,0.238784
48355000602,0.0
48355000700,0.0
48355000800,0.0
48355000900,0.0
48355001000,0.004773
48355001100,0.015971
48355001201,0.0
48355001202,0.055556
48355001300,0.0
48355001400,0.125
48355001500,0.0
48355001601,0.0
48355001602,0.055556
48355001702,0.053776
48355001703,0.0
48355001704,0.0
48355001801,0.0
48355001802,0.0
48355001903,0.0
48355001904,0.0
48355001905,0.0
48355001906,0.209509
48355002001,0.25
48355002002,0.0
48355002101,0.0
48355002102,0.0
48355002200,0.0
48355002301,0.0
48355002303,0.0
48355002304,0.0
48355002400,0.0
48355002500,0.0
48355002601,0.0
48355002602,0.0
48355002603,0.0
48355002703,0.083333
48355002705,0.083333
48355002706,0.019737
48355002707,0.0
48355002708,0.0
48355002900,0.0
48355003002,0.0
48355003003,0.118923
48355003004,0.173302
48355003101,0.028079
48355003102,0.0
48355003202,0.0
48355003204,0.0
48355003205,0.006375
48355003206,0.0
48355003303,0.0
48355003304,0.002967
48355003305,0.0
48355003306,0.0
48355003401,0.083898
48355003402,0.065972
48355003500,0.057209
48355003601,0.000617
48355003602,0.009692
48355003603,0.00013
48355003700,0.0
48355005103,0.0
48355005104,0.209445
48355005404,0.0
48355005406,0.041667
48355005407,0.001702
48355005408,0.010748
48355005409,0.000707
48355005410,0.005004
48355005411,0.020815
48355005412,0.0
48355005413,0.0
48355005414,0.0
48355005415,0.0
48355005416,0.0
48355005417,0.0
48355005603,0.037032
48355005604,0.237201
48355005605,0.111821
48355005606,0.113596
48355005801,0.020833
48355005803,0.083619
48355005804,0.0
48355005900,0.0
48355006000,0.0
48355006100,0.0
48355006201,0.012825
48355006202,0.0
48355006203,0.107381
48355006204,0.114358
48355006205,0.154037
48355006300,0.0
48355006400,0.0
48355980000,0.0
48363000100,0.102975
48363000200,0.053192
48363000300,0.077778
48363000401,0.027561
48363000402,0.166667
48363000500,0.284224
48363000600,0.055621
48363000700,0.083333
48363000800,0.163152
48363000900,0.303536
48367140101,0.121969
48367140102,0.056648
48367140201,0.123779
48367140202,0.015268
48367140300,0.112624
48367140403,0.027193
48367140408,0.122454
48367140409,0.13113
48367140410,0.326514
48367140411,0.069859
48367140412,0.19832
48367140413,0.0
48367140414,0.0
48367140415,0.0
48367140416,0.125
48367140502,0.107088
48367140503,0.027778
48367140504,0.0
48367140601,0.060137
48367140603,0.083333
48367140604,0.094395
48367140707,0.0
48367140708,0.0
48367140709,0.0
48367140710,0.192443
48367140711,0.0
48367140712,0.0
48367140713,0.055556
48367140714,0.027918
48371950100,0.074074
48373210203,0.0
48373210204,0.185046
48373210205,0.284814
48373210206,0.181259
48373210301,0.007597
48373210302,0.169059
48373210402,0.032532
48379950101,0.036599
48379950102,0.052768
48379950200,0.11302
48383950100,0.003109
48385950100,0.055556
48387950100,0.071111
48387950501,0.135087
48387950502,0.216412
48387950600,0.083333
48387950700,0.0
48391950200,0.035207
48391950400,0.0625
48395960100,0.00429
48395960200,0.0
48395960300,0.001489
48395960400,0.0
48395960501,0.149971
48395960502,0.134178
48397040101,0.0
48397040103,0.184715
48397040104,0.145556
48397040201,0.0
48397040202,0.113464
48397040203,0.0
48397040301,0.080576
48397040303,0.02936
48397040304,0.0
48397040305,0.012269
48397040403,0.242652
48397040404,0.096659
48397040405,0.172423
48397040406,0.396283
48397040407,0.222179
48397040408,0.036119
48397040409,0.0
48397040410,0.023894
48397040411,0.0
48397040412,0.0
48397040503,0.0
48397040507,0.0
48397040508,0.026749
48397040509,0.086161
48397040510,0.089128
48397040511,0.0
48397040512,0.0
48397040513,0.025543
48397040514,0.166667
48399950100,0.003442
48399950200,0.204058
48399950500,0.004769
48399950600,0.000173
48401950200,0.133636
48401950300,0.083333
48401950400,0.055556
48401950501,0.257419
48401950502,0.247673
48401951000,0.187716
48401951100,0.045126
48407200103,0.02134
48407200104,0.129611
48407200105,0.0
48407200106,0.002294
48407200107,0.171526
48407200201,0.040035
48407200202,0.264104
48407200301,0.102946
48407200302,0.017618
48409010201,0.191653
48409010202,0.020883
48409010301,0.048687
48409010302,0.168594
48409010500,0.0
48409010601,0.096474
48409010602,0.0
48409010603,0.00165
48409010604,0.113609
48409010700,0.0
48409010800,0.175256
48409010900,0.000513
48409011000,0.159865
48409011100,0.248385
48409011200,0.000461
48409011300,0.05778
48411950100,0.140301
48411950200,0.048974
48413950300,0.059152
48415950100,0.153301
48415950200,0.169752
48415950300,0.087236
48415950600,0.002175
48417950300,0.029324
48423000100,0.257052
48423000201,0.154519
48423000202,0.199175
48423000300,0.171966
48423000400,0.243268
48423000500,0.094729
48423000600,0.18629
48423000700,0.142518
48423000800,0.244087
48423000900,0.226195
48423001000,0.0
48423001101,0.168724
48423001102,0.161391
48423001200,0.261856
48423001300,0.251061
48423001404,0.055556
48423001405,0.0
48423001406,0.083333
48423001407,0.047912
48423001408,0.0
48423001501,0.0
48423001502,0.0
48423001602,0.174899
48423001605,0.1677
48423001606,0.29184
48423001607,0.135447
48423001608,0.207401
48423001701,0.120238
48423001702,0.0
48423001803,0.232998
48423001804,0.004038
48423001805,0.208731
48423001806,0.181969
48423001807,0.218565
48423001906,0.020846
48423001909,0.0
48423001910,0.0
48423001911,0.0
48423001912,0.258623
48423001913,0.241448
48423001914,0.0
48423001915,0.0
48423001916,0.083333
48423001917,0.167022
48423002003,0.176651
48423002004,0.025174
48423002006,0.0
48423002009,0.0
48423002010,0.0
48423002011,0.0
48423002012,0.0
48423002013,0.166667
48423002101,0.063493
48423002102,0.070883
48423002200,0.0
48423980000,0.0
48425000101,0.003744
48425000102,0.0
48425000200,0.11078
48427950101,0.008094
48427950104,0.0
48427950105,0.074641
48427950106,0.243138
48427950107,0.253183
48427950108,0.0
48427950202,0.083333
48427950203,0.248119
48427950204,0.204428
48427950402,0.035709
48427950403,0.290217
48427950404,0.255472
48427950500,0.161333
48427950601,0.132743
48427950602,0.230466
48427950701,0.0
48427950702,0.222956
48429950200,0.197487
48429950300,0.142392
48429950500,0.008937
48431950100,0.140571
48433950300,0.083333
48435950300,0.059403
48439100101,0.0
48439100102,0.153524
48439100201,0.0
48439100202,0.038798
48439100300,0.120007
48439100401,0.169548
48439100402,0.161785
48439100503,0.133412
48439100504,0.0
48439100505,0.0
48439100506,0.0
48439100601,0.055498
48439100602,0.158162
48439100700,0.154674
48439100800,0.157426
48439100900,0.167344
48439101201,0.0
48439101202,0.0
48439101301,0.0
48439101302,0.100385
48439101401,0.0
48439101402,0.0
48439101403,0.027607
48439101500,0.0
48439101700,0.0
48439102000,0.0
48439102101,0.0
48439102102,0.0
48439102201,0.0
48439102202,0.0
48439102301,0.028791
48439102302,0.19282
48439102401,0.0
48439102402,0.140614
48439102500,0.0
48439102601,0.0
48439102602,0.0
48439102700,0.0
48439103500,0.0
48439103601,0.0
48439103602,0.018045
48439103701,0.0
48439103702,0.125
48439103800,0.052399
48439104100,0.0
48439104202,0.0
48439104203,0.0
48439104204,0.0
48439104301,0.0
48439104302,0.0
48439104400,0.0
48439104502,0.0
48439104503,0.0
48439104504,0.0
48439104505,0.0
48439104601,0.0
48439104602,0.0
48439104603,0.139682
48439104604,0.0
48439104605,0.112175
48439104701,0.0
48439104702,0.083333
48439104802,0.0
48439104803,0.0
48439104804,0.0
48439104900,0.0
48439105007,0.0
48439105008,0.0
48439105009,0.0
48439105201,0.0
48439105203,0.154353
48439105204,0.0
48439105206,0.159428
48439105207,0.0
48439105403,0.0
48439105404,0.0
48439105405,0.0
48439105407,0.187522
48439105408,0.0
48439105502,0.0
48439105503,0.0
48439105505,0.0
48439105511,0.0
48439105512,0.0
48439105513,0.0
48439105514,0.0
48439105515,0.0
48439105516,0.0
48439105517,0.0
48439105518,0.0
48439105519,0.0
48439105520,0.0
48439105600,0.0
48439105701,0.0
48439105703,0.0
48439105705,0.0
48439105706,0.0
48439105800,0.0
48439105901,0.0
48439105902,0.0
48439106002,0.0
48439106004,0.083333
48439106005,0.0
48439106006,0.048432
48439106101,0.0
48439106102,0.153505
48439106201,0.0
48439106202,0.0
48439106300,0.0
48439106400,0.180857
48439106502,0.0
48439106503,0.0
48439106507,0.0
48439106509,0.0
48439106512,0.0
48439106513,0.079662
48439106514,0.0
48439106515,0.0
48439106518,0.0
48439106519,0.0
48439106520,0.0
48439106521,0.0
48439106522,0.0
48439106523,0.0
48439106524,0.0
48439106525,0.0
48439106526,0.0
48439106600,0.0
48439106700,0.0
48439110102,0.079255
48439110103,0.073221
48439110104,0.141215
48439110202,0.085721
48439110204,0.0
48439110205,0.0
48439110206,0.0
48439110301,0.0
48439110302,0.051831
48439110401,0.0
48439110402,0.081038
48439110500,0.246968
48439110600,0.073599
48439110703,0.0
48439110704,0.085303
48439110705,0.125713
48439110706,0.0
48439110805,0.0
48439110806,0.0
48439110807,0.0
48439110808,0.166667
48439110809,0.0
48439110901,0.127699
48439110903,0.010658
48439110905,0.047963
48439110906,0.01251
48439110907,0.065512
48439111003,0.0625
48439111010,0.055556
48439111015,0.0
48439111018,0.0
48439111019,0.0
48439111020,0.0
48439111021,0.0
48439111022,0.0
48439111023,0.0
48439111024,0.0
48439111025,0.0
48439111026,0.0
48439111027,0.0
48439111028,0.0
48439111029,0.0
48439111030,0.0
48439111031,0.0
48439111032,0.005395
48439111033,0.0
48439111102,0.0
48439111103,0.119282
48439111104,0.0
48439111202,0.083333
48439111203,0.0
48439111204,0.0
48439111304,0.0
48439111306,0.038156
48439111307,0.0
48439111308,0.0
48439111309,0.0
48439111311,0.0
48439111312,0.0
48439111314,0.000635
48439111315,0.0
48439111316,0.000695
48439111317,0.0
48439111318,0.0
48439111319,0.0
48439111320,0.0
48439111402,0.0
48439111405,0.161312
48439111406,0.0
48439111407,0.0
48439111408,0.092174
48439111409,0.166667
48439111410,0.0
48439111411,0.029621
48439111505,0.180356
48439111506,0.0
48439111513,0.0
48439111514,0.0
48439111516,0.0
48439111522,0.002208
48439111525,0.0
48439111526,0.0
48439111529,0.0
48439111530,0.083333
48439111531,0.0
48439111532,0.0
48439111533,0.125
48439111534,0.0
48439111536,0.0
48439111538,0.0
48439111540,0.0
48439111541,0.0
48439111542,0.00051
48439111543,0.0
48439111544,0.0
48439111545,0.125
48439111546,0.0
48439111551,0.0
48439111552,0.0
48439111553,0.0
48439111554,0.0
48439111555,0.0
48439111556,0.015898
48439111557,0.005435
48439111558,0.007112
48439111559,0.27038
48439111560,0.003099
48439111561,0.125341
48439111562,0.0
48439111563,0.0
48439111564,0.0
48439111565,0.0
48439111566,0.0
48439111567,0.0
48439111568,0.000448
48439111569,0.0
48439111570,0.0
48439111571,0.0
48439111572,0.000467
48439113003,0.005556
48439113004,0.0
48439113005,0.171636
48439113006,0.0
48439113007,0.001159
48439113102,0.002836
48439113104,0.0
48439113107,0.0
48439113108,0.0
48439113109,0.083333
48439113110,0.001977
48439113112,0.00278
48439113115,0.0
48439113116,0.01626
48439113117,0.001923
48439113118,0.083333
48439113119,0.0056
48439113120,0.0
48439113121,0.0
48439113122,0.011299
48439113206,0.161569
48439113207,0.0
48439113210,0.0
48439113212,0.00236
48439113213,0.004633
48439113214,0.0
48439113215,0.0
48439113216,0.0
48439113217,0.00228
48439113218,0.0
48439113221,0.093492
48439113222,0.052365
48439113223,0.000718
48439113301,0.193345
48439113302,0.035704
48439113403,0.0
48439113404,0.0
48439113407,0.142886
48439113408,0.05368
48439113409,0.121917
48439113410,0.137169
48439113509,0.022464
48439113510,0.0
48439113511,0.021812
48439113512,0.0
48439113513,0.074926
48439113514,0.000853
48439113516,0.0
48439113517,0.25
48439113519,0.000369
48439113520,0.0
48439113521,0.01699
48439113522,0.0
48439113607,0.0
48439113611,0.077257
48439113612,0.001562
48439113613,0.003951
48439113618,0.006057
48439113619,0.037336
48439113622,0.0
48439113623,0.0
48439113624,0.000802
48439113625,0.0
48439113626,0.0
48439113628,0.008547
48439113629,0.0
48439113630,0.0
48439113632,0.0
48439113633,0.0
48439113634,0.019249
48439113635,0.125
48439113636,0.0
48439113637,0.012153
48439113638,0.0
48439113639,0.0
48439113640,0.0
48439113707,0.0
48439113709,0.0
48439113710,0.001351
48439113711,0.007466
48439113712,0.0
48439113713,0.0
48439113714,0.0
48439113715,0.0
48439113716,0.0
48439113803,0.0
48439113808,0.0
48439113809,0.001428
48439113810,0.0
48439113811,0.055859
48439113812,0.0
48439113813,0.0
48439113814,0.0
48439113815,0.0
48439113816,0.000659
48439113906,0.0
48439113908,0.0
48439113912,0.002244
48439113916,0.0
48439113917,0.0
48439113918,0.0
48439113919,0.0
48439113920,0.0
48439113923,0.0
48439113924,0.0
48439113925,0.0
48439113930,0.0
48439113931,0.0
48439113932,0.0
48439113933,0.0
48439113934,0.0
48439113935,0.0
48439113936,0.0
48439113937,0.0
48439113938,0.0
48439113939,0.0
48439113940,0.0
48439113941,0.0
48439113942,0.204441
48439113943,0.0
48439113944,0.0
48439113945,0.0
48439113946,0.0
48439113947,0.0
48439113948,0.0
48439113949,0.0
48439113950,0.0
48439113951,0.012439
48439113952,0.002847
48439113953,0.043677
48439113954,0.0
48439113955,0.0
48439113956,0.0
48439113957,0.001166
48439113958,0.00173
48439114003,0.083333
48439114006,0.00198
48439114009,0.0
48439114010,0.0
48439114011,0.0
48439114012,0.0
48439114013,0.0
48439114014,0.00386
48439114015,0.132796
48439114105,0.166667
48439114106,0.0
48439114107,0.25
48439114108,0.0
48439114109,0.0
48439114110,0.217233
48439114111,0.0
48439114112,0.041833
48439114113,0.0
48439114203,0.125
48439114204,0.0
48439114205,0.0
48439114206,0.0
48439114207,0.0
48439121605,0.016073
48439121606,0.064426
48439121608,0.0
48439121609,0.0
48439121610,0.0
48439121611,0.0
48439121612,0.194222
48439121613,0.326774
48439121614,0.169817
48439121615,0.166667
48439121702,0.0
48439121703,0.008782
48439121704,0.0
48439121904,0.0
48439121905,0.004468
48439121906,0.0
48439121907,0.0
48439121908,0.057599
48439122001,0.0
48439122002,0.0
48439122100,0.0
48439122200,0.070726
48439122300,0.0
48439122401,0.125
48439122402,0.0
48439122500,0.0
48439122600,0.0
48439122701,0.0
48439122702,0.166667
48439122801,0.173439
48439122802,0.0
48439122901,0.000833
48439122902,0.166667
48439123001,0.049188
48439123002,0.036662
48439123100,0.0
48439123200,0.038225
48439123301,0.041667
48439123302,0.005666
48439123500,0.0
48439123600,0.0669
48439123700,0.0
48439980000,0.055556
48441010100,0.0
48441010200,0.0
48441010300,0.0
48441010400,0.0
48441010500,0.081636
48441010600,0.020663
48441010700,0.0
48441010800,0.083598
48441010900,0.090785
48441011000,0.0
48441011200,0.0
48441011300,0.0
48441011400,0.225393
48441011500,0.0
48441011600,0.0
48441011700,0.0
48441011900,0.00211
48441012000,0.0
48441012100,0.25
48441012200,0.019158
48441012300,0.0
48441012400,0.054137
48441012500,0.0
48441012600,0.058094
48441012701,0.0
48441012702,0.063827
48441012801,0.079858
48441012802,0.040192
48441012900,0.0
48441013000,0.0
48441013100,0.088777
48441013200,0.083333
48441013300,0.057914
48441013401,0.019817
48441013402,0.0
48441013404,0.010944
48441013501,0.041667
48441013502,0.083333
48441013601,0.055556
48441013602,0.027778
48441980000,0.302421
48443950100,0.140942
48447950300,0.125331
48449950100,0.084285
48449950200,0.172301
48449950301,0.130025
48449950302,0.003792
48449950400,0.089388
48449950500,0.089928
48449950600,0.026235
48449950700,0.211521
48449950800,0.26652
48451000100,0.056971
48451000200,0.295325
48451000300,0.161208
48451000400,0.001706
48451000700,0.212047
48451000801,0.146613
48451000802,0.0
48451000900,0.0
48451001000,0.217502
48451001101,0.104873
48451001102,0.004075
48451001200,0.0
48451001301,0.0
48451001303,0.0
48451001304,0.168116
48451001401,0.0865
48451001402,0.116958
48451001500,0.0
48451001600,0.02381
48451001702,0.111111
48451001706,0.0
48451001707,0.059808
48451001708,0.215186
48451001709,0.0
48451001710,0.002151
48451001800,0.10137
48451980000,0.055401
48453000101,0.055556
48453000102,0.0
48453000203,0.0
48453000204,0.0
48453000205,0.0
48453000206,0.0
48453000302,0.0
48453000304,0.0
48453000305,0.25
48453000307,0.0
48453000308,0.0
48453000309,0.0
48453000401,0.0
48453000402,0.0
48453000500,0.0
48453000601,0.0
48453000605,0.0
48453000606,0.0
48453000607,0.0
48453000608,0.125
48453000700,0.083333
48453000801,0.085286
48453000802,0.0
48453000803,0.0
48453000804,0.0
48453000901,0.0
48453000902,0.0
48453001000,0.0
48453001101,0.0
48453001102,0.0
48453001103,0.0
48453001200,0.0
48453001304,0.210784
48453001307,0.145271
48453001308,0.0
48453001309,0.0
48453001310,0.103142
48453001311,0.0
48453001312,0.0
48453001401,0.0
48453001402,0.0
48453001403,0.166667
48453001501,0.0
48453001503,0.0
48453001504,0.0
48453001505,0.0
48453001602,0.041667
48453001603,0.0
48453001604,0.125
48453001605,0.0
48453001606,0.0
48453001910,0.117732
48453001911,0.050336
48453001912,0.063578
48453001913,0.210182
48453001914,0.0
48453001915,0.0
48453001916,0.0
48453001917,0.139306
48453001918,0.154743
48453001919,0.0
48453001920,0.166667
48453001921,0.120381
48453001922,0.185841
48453001923,0.187065
48453002002,0.088887
48453002003,0.0
48453002004,0.144831
48453002006,0.21671
48453002007,0.203587
48453002104,0.0
48453002105,0.0
48453002106,0.0
48453002107,0.0
48453002108,0.002372
48453002109,0.0
48453002110,0.072201
48453002111,0.0
48453002112,0.0
48453002113,0.0
48453002201,0.0
48453002211,0.0
48453002213,0.0
48453002214,0.0
48453002215,0.0
48453002216,0.0
48453002217,0.115428
48453002218,0.28901
48453002219,0.125
48453002220,0.083333
48453002221,0.0
48453002222,0.0
48453002304,0.0
48453002307,0.0
48453002310,0.159137
48453002313,0.0
48453002314,0.083333
48453002315,0.0
48453002316,0.0
48453002319,0.0
48453002320,0.015455
48453002321,0.081935
48453002322,0.158641
48453002323,0.0
48453002324,0.0
48453002325,0.071008
48453002326,0.0
48453002327,0.0
48453002403,0.0
48453002407,0.0
48453002409,0.0
48453002410,0.0
48453002411,0.0
48453002412,0.0
48453002413,0.0
48453002419,0.0
48453002422,0.0
48453002423,0.0
48453002424,0.25
48453002430,0.0
48453002432,0.0
48453002434,0.0
48453002436,0.166667
48453002437,0.0
48453002438,0.0
48453002439,0.0
48453002440,0.125
48453002441,0.0
48453002442,0.0
48453002443,0.0
48453002444,0.0
48453002445,0.0
48453002446,0.0
48453002447,0.166667
48453002448,0.055556
48453002449,0.0
48453002450,0.0
48453002451,0.0
48453002452,0.0
48453002453,0.12313
48453002500,0.0
48453030000,0.170974
48453030100,0.033024
48453030200,0.0
48453030300,0.0
48453030400,0.0
48453030500,0.0
48453030600,0.0
48453030700,0.033364
48453030800,0.0
48453030900,0.0
48453031000,0.0
48453031100,0.0
48453031200,0.0
48453031300,0.0
48453031400,0.0
48453031500,0.0
48453031600,0.111111
48453031700,0.0
48453031800,0.0
48453031900,0.0
48453032000,0.147947
48453032100,0.0
48453032200,0.0
48453032300,0.0
48453032400,0.0
48453032500,0.0
48453032600,0.023794
48453032700,0.0
48453032800,0.40981
48453032900,0.083333
48453033000,0.0
48453033100,0.0
48453033200,0.0
48453033300,0.0
48453033400,0.074321
48453033500,0.055593
48453033600,0.166667
48453033700,0.125
48453033800,0.0
48453033900,0.096038
48453034000,0.008458
48453034100,0.0
48453034200,0.0
48453034300,0.0
48453034400,0.0
48453034500,0.0
48453034600,0.25
48453034700,0.0
48453034800,0.0
48453034900,0.0
48453035000,0.0
48453035100,0.0
48453035200,0.125
48453035300,0.339222
48453035400,0.0
48453035500,0.0
48453035600,0.0
48453035700,0.0
48453035800,0.125
48453035900,0.0
48453036000,0.0
48453036100,0.0
48453036200,0.25
48453036300,0.0
48453036400,0.125
48453036500,0.269441
48453036600,0.11763
48453036700,0.0
48453036800,0.280923
48453036900,0.0
48453037000,0.155841
48453037100,0.25
48453037200,0.0
48453037300,0.0
48453037400,0.0
48453037500,0.125
48453037600,0.0
48453040000,0.0
48453040100,0.075554
48453040200,0.083333
48453040300,0.0
48453040400,0.0
48453040500,0.0
48453040600,0.0
48453040700,0.074074
48453040800,0.0
48453040900,0.169247
48453041000,0.118575
48453041100,0.214519
48453041200,0.0
48453041300,0.0
48453041400,0.0
48453041500,0.0
48453041600,0.055556
48453041700,0.0
48453041800,0.0
48453041900,0.027778
48453042000,0.0
48453042100,0.0
48453042200,0.003532
48453042300,0.0
48453042400,0.0
48453042500,0.1
48453042600,0.25
48453042700,0.125
48453042800,0.0
48453042900,0.0
48453043000,0.0
48453043100,0.0
48453043200,0.202406
48453043300,0.0
48453043400,0.0
48453043500,0.0
48453043600,0.0
48453043700,0.0
48453043800,0.125
48453043900,0.055556
48453044000,0.0
48453044100,0.0
48453044200,0.0
48453044300,0.0
48453044400,0.0
48453044500,0.0
48453044600,0.0
48453044700,0.0
48453044800,0.0
48453044900,0.0
48453045000,0.0
48453045100,0.118031
48453045200,0.0
48453045300,0.083333
48453045400,0.0
48453045500,0.0
48453045600,0.083333
48453045700,0.0
48453045800,0.04386
48453045900,0.049328
48453046000,0.0
48453046100,0.0
48453046200,0.0
48453046300,0.0
48453046400,0.0
48453046500,0.0
48453046600,0.0
48453046700,0.0
48453046800,0.0
48453046900,0.0
48453047000,0.0
48453980000,0.341121
48455950100,0.087726
48455950200,0.03312
48455950300,0.022404
48455950400,0.025598
48455950500,0.11495
48459950101,0.111111
48459950102,0.17032
48459950200,0.031329
48459950301,0.212171
48459950302,0.000303
48459950400,0.192257
48459950501,0.009979
48459950502,0.059028
48459950600,0.002288
48459950700,0.031307
48461950100,0.058256
48463950100,0.058785
48463950201,0.00487
48463950202,0.167807
48463950300,0.100816
48463950400,0.164271
48463950500,0.128494
48465950202,0.295237
48465950203,0.191555
48465950301,0.17116
48465950302,0.186231
48465950400,0.199435
48465950501,0.228406
48465950502,0.168137
48465950601,0.317074
48465950602,0.21364
48465950701,0.220568
48465950702,0.119667
48465950801,0.166667
48465950802,0.140234
48465980000,0.0
48467950100,0.114355
48467950200,0.117875
48467950300,0.117371
48467950400,0.0
48467950500,0.0
48467950601,0.204931
48467950602,0.10118
48467950700,0.181253
48467950801,0.177895
48467950802,0.052871
48467950901,0.07858
48467950902,0.169751
48467951001,0.044016
48467951002,0.003825
48469000100,0.264375
48469000201,0.199308
48469000202,0.000149
48469000301,0.152727
48469000302,0.191329
48469000400,0.261881
48469000501,0.002562
48469000502,0.002294
48469000601,0.04394
48469000602,0.001283
48469000700,0.0625
48469000800,0.0
48469001300,0.243884
48469001401,0.061815
48469001402,0.055556
48469001501,0.041667
48469001503,0.10866
48469001504,0.121017
48469001601,0.002711
48469001604,0.002346
48469001605,0.00153
48469001607,0.0
48469001608,0.000323
48469001700,0.098908
48469980000,0.137494
48471790101,0.171325
48471790102,0.003989
48471790103,0.177922
48471790200,0.056157
48471790301,0.002664
48471790302,0.084676
48471790401,0.086181
48471790402,0.23302
48471790500,0.131855
48471790600,0.058331
48471790700,0.024882
48471790800,0.0
48473680100,0.0
48473680201,0.125
48473680202,0.055556
48473680301,0.06489
48473680302,0.002621
48473680303,0.001543
48473680501,0.055556
48473680502,0.001904
48473680601,0.125
48473680602,0.089179
48473980000,0.0
48477170100,0.138889
48477170201,0.042932
48477170202,0.015349
48477170300,0.021986
48477170400,0.049305
48477170501,0.047398
48477170502,0.089169
48477170601,0.004377
48477170602,0.17072
48479000101,0.014563
48479000105,0.096167
48479000106,0.144818
48479000107,0.0
48479000108,0.0
48479000109,0.268146
48479000200,0.039362
48479000300,0.0
48479000601,0.0
48479000602,0.0
48479000700,0.0
48479000800,0.0
48479000901,0.0
48479000903,0.166069
48479000904,0.0
48479001001,0.0
48479001003,0.0
48479001004,0.0
48479001101,0.125721
48479001103,0.0
48479001104,0.0
48479001105,0.0
48479001201,0.0
48479001202,0.0
48479001300,0.0
48479001401,0.0
48479001402,0.0
48479001501,0.134284
48479001502,0.0
48479001601,0.0
48479001602,0.013727
48479001706,0.0
48479001709,0.0
48479001710,0.000457
48479001711,0.0
48479001714,0.110074
48479001715,0.083333
48479001716,0.0
48479001717,0.0
48479001718,0.0
48479001719,0.0
48479001720,0.083333
48479001721,0.0
48479001722,0.0
48479001723,0.083333
48479001724,0.0
48479001725,0.004501
48479001726,0.0
48479001727,0.0
48479001806,0.0
48479001809,0.0
48479001810,0.180691
48479001811,0.0
48479001813,0.274119
48479001815,0.003226
48479001816,0.116668
48479001818,0.119939
48479001819,0.069916
48479001820,0.148677
48479001821,0.0
48479001822,0.0
48479001823,0.0
48479001824,0.0
48479001825,0.083333
48479001826,0.056261
48479001827,0.000657
48479001828,0.055556
48479001900,0.0
48479980000,0.160998
48481740100,0.003367
48481740200,0.18574
48481740300,0.0
48481740400,0.216172
48481740500,0.0
48481740600,0.094472
48481740700,0.066783
48481740800,0.036197
48481740901,0.169892
48481740902,0.195503
48481741000,0.006366
48481741100,0.083333
48489950300,0.16359
48489950400,0.050679
48489950500,0.00187
48489950600,0.0
48489950700,0.13076
48491020106,0.04831
48491020108,0.055556
48491020109,0.0
48491020111,0.0
48491020113,0.0
48491020114,0.083333
48491020115,0.003657
48491020116,0.166667
48491020117,0.0
48491020118,0.0
48491020119,0.25
48491020120,0.0
48491020121,0.0
48491020122,0.179161
48491020123,0.101232
48491020124,0.186041
48491020201,0.0
48491020203,0.0
48491020205,0.0
48491020206,0.0
48491020207,0.100395
48491020208,0.331769
48491020310,0.015906
48491020311,0.0
48491020319,0.013656
48491020321,0.0
48491020323,0.0
48491020325,0.0
48491020326,0.0
48491020327,0.0
48491020329,0.010893
48491020330,0.02582
48491020331,0.083333
48491020332,0.005318
48491020333,0.0
48491020334,0.0
48491020335,0.0
48491020336,0.0
48491020337,0.125
48491020338,0.0
48491020339,0.0
48491020340,0.0
48491020341,0.033356
48491020342,0.090017
48491020343,0.0
48491020344,0.083333
48491020345,0.0
48491020346,0.0
48491020347,0.0
48491020348,0.0
48491020349,0.0
48491020350,0.0
48491020351,0.0
48491020352,0.0
48491020353,0.0
48491020354,0.0
48491020355,0.0
48491020356,0.0
48491020403,0.083333
48491020404,0.0
48491020405,0.0
48491020406,0.0
48491020408,0.055556
48491020409,0.0
48491020410,0.0
48491020411,0.0
48491020503,0.0
48491020505,0.0
48491020507,0.125
48491020508,0.0
48491020509,0.0
48491020511,0.083333
48491020512,0.0
48491020513,0.0
48491020514,0.0
48491020515,0.0
48491020516,0.0
48491020517,0.0
48491020602,0.0
48491020604,0.0
48491020606,0.125
48491020607,0.0
48491020608,0.0
48491020609,0.0
48491020701,0.0
48491020704,0.0
48491020706,0.0
48491020707,0.0
48491020709,0.0
48491020710,0.0
48491020711,0.125
48491020712,0.125
48491020713,0.0
48491020808,0.0
48491020810,0.0
48491020811,0.0
48491020812,0.0
48491020813,0.0
48491020814,0.0
48491020815,0.0
48491020816,0.038269
48491020817,0.108255
48491020818,0.198212
48491020819,0.109607
48491020820,0.0
48491020821,0.0
48491020822,0.12787
48491020900,0.0
48491021000,0.125831
48491021100,0.219561
48491021201,0.0
48491021202,0.13985
48491021203,0.216106
48491021300,0.0
48491021402,0.0
48491021404,0.400827
48491021405,0.214416
48491021406,0.0
48491021407,0.0
48491021502,0.125
48491021503,0.0
48491021506,0.0
48491021509,0.0
48491021510,0.0
48491021511,0.0
48491021512,0.0
48491021513,0.0
48491021514,0.0
48491021515,0.0
48491021516,0.0
48491021517,0.0
48491021518,0.0
48491021601,0.0
48491021602,0.143832
48491021603,0.0
48493000102,0.218511
48493000103,0.002421
48493000104,0.000436
48493000201,0.214649
48493000202,0.038013
48493000300,0.138586
48493000402,0.172411
48493000404,0.017388
48493000405,0.002203
48493000406,0.176601
48493000500,0.14445
48493000600,0.053455
48497150101,0.027778
48497150103,0.299351
48497150104,0.0
48497150201,0.192661
48497150202,0.09842
48497150300,0.04558
48497150402,0.0
48497150403,0.0
48497150404,0.166667
48497150405,0.083333
48497150500,0.190108
48497150603,0.0
48497150604,0.0
48497150605,0.069444
48497150606,0.133273
48497150607,0.294543
48499950100,0.088528
48499950200,0.058811
48499950301,0.004592
48499950303,0.010923
48499950304,0.101775
48499950401,0.006309
48499950402,0.272741
48499950500,0.090205
48499950601,0.055556
48499950602,0.083333
48499950700,0.051712
48499950800,0.144828
48503950200,0.041667
48503950401,0.027518
48503950402,0.005916
48503950500,0.108376
48503950600,0.063529
48505950303,0.211148
48505950304,0.166697
48505950305,0.224848
48505950306,0.295622
48505950401,0.007281
48505950402,0.083333
48507950100,0.008375
48507950200,0.0
48507950301,0.004468
48507950302,0.111262
