GEOID,coverage_gap_score,region,transport_gap,transport_defined,building_gap,building_defined,poi_gap,poi_defined
40001376600,0.037506,eastern-ok,0.015402,True,0.013784,True,0.083333,True
40001376700,0.11765,eastern-ok,0.0,True,0.019617,True,0.333333,True
40001376800,0.191513,eastern-ok,0.217283,True,0.023922,True,0.333333,True
40001376900,0.154743,eastern-ok,0.448143,True,0.016086,True,0.0,True
40001377000,0.194926,eastern-ok,0.320801,True,0.013977,True,0.25,True
40003955600,0.157063,eastern-ok,0.382301,True,0.0,True,0.088889,True
40003955700,0.193631,eastern-ok,0.566908,True,0.013986,True,0.0,True
40003956000,0.114133,eastern-ok,0.2174,True,0.0,True,0.125,True
40005587600,0.155991,eastern-ok,0.217973,True,0.0,True,0.25,True
40005587700,0.258059,eastern-ok,0.524178,True,0.0,True,0.25,True
40005587800,0.219963,eastern-ok,0.472388,True,0.0,True,0.1875,True
40005587900,0.159449,eastern-ok,0.278347,True,0.0,True,0.2,True
40009966100,0.098541,eastern-ok,0.295623,True,0.0,True,0.0,True
40009966200,0.170428,eastern-ok,0.502847,True,0.008437,True,0.0,True
40009966800,0.229284,eastern-ok,0.463541,True,0.00209,True,0.222222,True
40011958600,0.071579,eastern-ok,0.210754,True,0.003982,True,0.0,True
40011958700,0.200943,eastern-ok,0.325051,True,0.0,True,0.277778,True
40011958800,0.305628,eastern-ok,0.541884,True,0.0,True,0.375,True
40011958900,0.256375,eastern-ok,0.685792,True,0.0,True,0.083333,True
40011959000,0.23903,eastern-ok,0.54473,True,0.005693,True,0.166667,True
40013795600,0.147913,eastern-ok,0.24374,True,0.0,True,0.2,True
40013795700,0.209275,eastern-ok,0.336158,True,0.0,True,0.291667,True
40013795900,0.102142,eastern-ok,0.056426,True,0.0,True,0.25,True
40013796002,0.217002,eastern-ok,0.480378,True,0.003961,True,0.166667,True
40013796003,0.1837,eastern-ok,0.252237,True,0.007198,True,0.291667,True
40013796004,0.300943,eastern-ok,0.853712,True,0.049118,True,0.0,True
40013796101,0.293408,eastern-ok,0.617142,True,0.013081,True,0.25,True
40013796102,0.129402,eastern-ok,0.384737,True,0.00347,True,0.0,True
40013796200,0.248262,eastern-ok,0.744785,True,0.0,True,0.0,True
40013796300,0.324958,eastern-ok,0.724873,True,0.0,True,0.25,True
40013796400,0.218562,eastern-ok,0.482685,True,0.006334,True,0.166667,True
40013796500,0.039759,eastern-ok,0.111852,True,0.007426,True,0.0,True
40013796600,0.207601,eastern-ok,0.456135,True,0.0,True,0.166667,True
40015161601,0.152964,eastern-ok,0.440674,True,0.018219,True,0.0,True
40015161602,0.151574,eastern-ok,0.254722,True,0.0,True,0.2,True
40015161700,0.046222,eastern-ok,0.0,True,0.013667,True,0.125,True
40015161800,0.127341,eastern-ok,0.289984,True,0.008707,True,0.083333,True
40015161900,0.078869,eastern-ok,0.104684,True,0.006922,True,0.125,True
40015162000,0.249015,eastern-ok,0.601912,True,0.020133,True,0.125,True
40015162101,0.259821,eastern-ok,0.766038,True,0.013426,True,0.0,True
40015162102,0.231091,eastern-ok,0.687074,True,0.006199,True,0.0,True
40015162200,0.241954,eastern-ok,0.327898,True,0.009076,True,0.388889,True
40015162300,0.228552,eastern-ok,0.496816,True,0.022175,True,0.166667,True
40017300100,0.170362,eastern-ok,0.257859,True,0.003228,True,0.25,True
40017300201,0.102297,eastern-ok,0.18189,True,0.0,True,0.125,True
40017300202,0.25573,eastern-ok,0.510766,True,0.006423,True,0.25,True
40017300300,0.306596,eastern-ok,0.912361,True,0.007427,True,0.0,True
40017300400,0.37956,eastern-ok,0.62804,True,0.010638,True,0.5,True
40017300500,0.354311,eastern-ok,0.893257,True,0.00301,True,0.166666,True
40017300600,0.245854,eastern-ok,0.729634,True,0.007927,True,0.0,True
40017300701,0.137414,eastern-ok,0.407228,True,0.005015,True,0.0,True
40017300702,0.105157,eastern-ok,0.31547,True,0.0,True,0.0,True
40017300802,0.332693,eastern-ok,0.998079,True,0.0,True,0.0,True
40017300803,0.173686,eastern-ok,0.521057,True,0.0,True,0.0,True
40017300804,0.318898,eastern-ok,0.956695,True,0.0,True,0.0,True
40017300805,0.188591,eastern-ok,0.565772,True,0.0,True,0.0,True
40017300806,0.271675,eastern-ok,0.315025,True,0.0,True,0.5,True
40017300901,0.126666,eastern-ok,0.379998,True,0.0,True,0.0,True
40017300902,0.206417,eastern-ok,0.61925,True,0.0,True,0.0,True
40017300904,0.0,eastern-ok,0.0,True,0.0,True,0.0,True
40017300905,0.0,eastern-ok,0.0,True,0.0,True,0.0,True
40017301001,0.0,eastern-ok,0.0,True,0.0,True,0.0,True
40017301003,0.041338,eastern-ok,0.124014,True,0.0,True,0.0,True
40017301006,0.023169,eastern-ok,0.069506,True,0.0,True,0.0,True
40017301010,0.166667,eastern-ok,0.500001,True,0.0,True,0.0,True
40017301011,0.0,eastern-ok,0.0,True,0.0,True,0.0,True
40017301012,0.0,eastern-ok,0.0,False,0.0,True,0.0,True
40017301013,0.0,eastern-ok,0.0,False,0.0,True,0.0,True
40017301014,0.02922,eastern-ok,0.087659,True,0.0,True,0.0,True
40017301015,0.0,eastern-ok,0.0,True,0.0,True,0.0,True
40017301100,0.089509,eastern-ok,0.268526,True,0.0,True,0.0,True
40017301201,0.253998,eastern-ok,0.754431,True,0.007563,True,0.0,True
40017301202,0.211191,eastern-ok,0.633574,True,0.0,True,0.0,True
40017301301,0.181884,eastern-ok,0.295653,True,0.0,True,0.25,True
40017301302,0.169982,eastern-ok,0.509946,True,0.0,True,0.0,True
40017301406,0.192979,eastern-ok,0.578938,True,0.0,True,0.0,True
40017301407,0.223101,eastern-ok,0.669303,True,0.0,True,0.0,True
40017301408,0.201465,eastern-ok,0.604396,True,0.0,True,0.0,True
40017301409,0.313961,eastern-ok,0.941883,True,0.0,True,0.0,True
40017301410,0.350413,eastern-ok,0.551238,True,0.0,True,0.5,True
40019892100,0.022219,eastern-ok,0.066658,True,0.0,True,0.0,True
40019892200,0.125056,eastern-ok,0.119987,True,0.005181,True,0.25,True
40019892301,0.141078,eastern-ok,0.412977,True,0.010256,True,0.0,True
40019892302,0.166649,eastern-ok,0.315977,True,0.017304,True,0.166667,True
40019892400,0.141767,eastern-ok,0.416608,True,0.008693,True,0.0,True
40019892501,0.204276,eastern-ok,0.597824,True,0.015003,True,0.0,True
40019892502,0.157679,eastern-ok,0.464237,True,0.0088,True,0.0,True
40019892601,0.279855,eastern-ok,0.833118,True,0.006447,True,0.0,True
40019892602,0.23035,eastern-ok,0.441049,True,0.0,True,0.25,True
40019892700,0.105864,eastern-ok,0.0,True,0.005093,True,0.3125,True
40019892801,0.002009,eastern-ok,0.0,False,0.004019,True,0.0,True
40019892802,0.391273,eastern-ok,0.66838,True,0.005438,True,0.5,True
40019892900,0.198673,eastern-ok,0.596018,True,0.0,True,0.0,True
40019893001,0.137631,eastern-ok,0.399839,True,0.013054,True,0.0,True
40019893002,0.146426,eastern-ok,0.434341,True,0.004935,True,0.0,True
40019893100,0.194111,eastern-ok,0.582333,True,0.0,True,0.0,True
40021977600,0.102538,eastern-ok,0.0,True,0.015949,True,0.291667,True
40021977701,0.124362,eastern-ok,0.061939,True,0.061146,True,0.25,True
40021977702,0.192347,eastern-ok,0.47017,True,0.023539,True,0.083333,True
40021977801,0.285541,eastern-ok,0.582014,True,0.024609,True,0.25,True
40021977802,0.057589,eastern-ok,0.147904,True,0.024864,True,0.0,True
40021977901,0.295171,eastern-ok,0.371724,True,0.013789,True,0.5,True
40021977902,0.025806,eastern-ok,0.077419,True,0.0,True,0.0,True
40021978000,0.121097,eastern-ok,0.363292,True,0.0,True,0.0,True
40021978100,0.223486,eastern-ok,0.658841,True,0.011619,True,0.0,True
40021978201,0.209735,eastern-ok,0.438539,True,0.024,True,0.166667,True
40021978202,0.154558,eastern-ok,0.394307,True,0.069368,True,0.0,True
40021978301,0.205446,eastern-ok,0.453709,True,0.037629,True,0.125,True
40021978302,0.388806,eastern-ok,0.814462,True,0.018623,True,0.333333,True
40023966900,0.069444,eastern-ok,0.0,True,0.0,True,0.208333,True
40023967000,0.094938,eastern-ok,0.284813,True,0.0,True,0.0,True
40023967100,0.146799,eastern-ok,0.440397,True,0.0,True,0.0,True
40023967200,0.133734,eastern-ok,0.151201,True,0.0,True,0.25,True
40023967300,0.160353,eastern-ok,0.131058,True,0.0,True,0.35,True
40027200100,0.0,eastern-ok,0.0,True,0.0,True,0.0,True
40027200200,0.372764,eastern-ok,0.860557,True,0.007735,True,0.25,True
40027200300,0.0,eastern-ok,0.0,True,0.0,True,0.0,True
40027200400,0.001845,eastern-ok,0.0,True,0.005535,True,0.0,True
40027200500,0.331898,eastern-ok,0.995693,True,0.0,True,0.0,True
40027200602,0.204582,eastern-ok,0.611579,True,0.002168,True,0.0,True
40027200603,0.0,eastern-ok,0.0,False,0.0,True,0.0,True
40027200604,0.259468,eastern-ok,0.778404,True,0.0,True,0.0,True
40027200700,0.258646,eastern-ok,0.720382,True,0.055556,True,0.0,True
40027200800,0.188315,eastern-ok,0.564946,True,0.0,True,0.0,True
40027200900,0.083333,eastern-ok,0.0,True,0.0,True,0.25,True
40027201000,0.0,eastern-ok,0.0,True,0.0,True,0.0,True
40027201102,0.33072,eastern-ok,0.992159,True,0.0,True,0.0,True
40027201103,0.023656,eastern-ok,0.070968,True,0.0,True,0.0,True
40027201104,0.131358,eastern-ok,0.394074,True,0.0,True,0.0,True
40027201201,0.254533,eastern-ok,0.763598,True,0.0,True,0.0,True
40027201202,0.359848,eastern-ok,1.0,True,0.079545,True,0.0,True
40027201204,0.0,eastern-ok,0.0,True,0.0,True,0.0,True
40027201205,0.0,eastern-ok,0.0,True,0.0,True,0.0,True
40027201302,0.278317,eastern-ok,0.834951,True,0.0,True,0.0,True
40027201303,0.049233,eastern-ok,0.1477,True,0.0,True,0.0,True
40027201403,0.143001,eastern-ok,0.429003,True,0.0,True,0.0,True
40027201404,0.097975,eastern-ok,0.293925,True,0.0,True,0.0,True
40027201405,0.156386,eastern-ok,0.469159,True,0.0,True,0.0,True
40027201505,0.002302,eastern-ok,0.0,True,0.006906,True,0.0,True
40027201508,0.0,eastern-ok,0.0,True,0.0,True,0.0,True
40027201509,0.0,eastern-ok,0.0,True,0.0,True,0.0,True
40027201511,0.003601,eastern-ok,0.0,False,0.007203,True,0.0,True
40027201512,0.004935,eastern-ok,0.0,True,0.014804,True,0.0,True
40027201513,0.085514,eastern-ok,0.0,True,0.006541,True,0.25,True
40027201514,0.0,eastern-ok,0.0,True,0.0,True,0.0,True
40027201602,0.234418,eastern-ok,0.703255,True,0.0,True,0.0,True
40027201603,0.185683,eastern-ok,0.223716,True,0.0,True,0.333333,True
40027201604,0.085625,eastern-ok,0.256875,True,0.0,True,0.0,True
40027201607,0.0,eastern-ok,0.0,True,0.0,True,0.0,True
40027201609,0.0,eastern-ok,0.0,True,0.0,True,0.0,True
40027201610,0.253692,eastern-ok,0.761075,True,0.0,True,0.0,True
40027201611,0.0,eastern-ok,0.0,True,0.0,True,0.0,True
40027201612,0.067518,eastern-ok,0.202554,True,0.0,True,0.0,True
40027201700,0.208138,eastern-ok,0.624414,True,0.0,True,0.0,True
40027201801,0.0,eastern-ok,0.0,True,0.0,True,0.0,True
40027201802,0.0,eastern-ok,0.0,False,0.0,True,0.0,True
40027201902,0.0,eastern-ok,0.0,False,0.0,True,0.0,True
40027201903,0.055813,eastern-ok,0.167439,True,0.0,True,0.0,True
40027201904,0.0,eastern-ok,0.0,False,0.0,True,0.0,True
40027202002,0.0,eastern-ok,0.0,True,0.0,True,0.0,True
40027202004,0.001744,eastern-ok,0.0,True,0.005232,True,0.0,True
40027202005,0.0,eastern-ok,0.0,True,0.0,True,0.0,True
40027202006,0.0,eastern-ok,0.0,False,0.0,True,0.0,True
40027202007,0.215823,eastern-ok,0.647468,True,0.0,True,0.0,True
40027202008,0.0,eastern-ok,0.0,False,0.0,True,0.0,True
40027202102,0.0,eastern-ok,0.0,True,0.0,True,0.0,True
40027202104,0.09021,eastern-ok,0.269691,True,0.000938,True,0.0,True
40027202105,0.253913,eastern-ok,0.761738,True,0.0,True,0.0,True
40027202106,0.11102,eastern-ok,0.330226,True,0.002835,True,0.0,True
40027202107,0.22684,eastern-ok,0.680519,True,0.0,True,0.0,True
40027202201,0.209304,eastern-ok,0.627912,True,0.0,True,0.0,True
40027202203,0.225176,eastern-ok,0.671235,True,0.004294,True,0.0,True
40027202205,0.0,eastern-ok,0.0,False,0.0,True,0.0,True
40027202207,0.0,eastern-ok,0.0,True,0.0,True,0.0,True
40027202208,0.016747,eastern-ok,0.05024,True,0.0,True,0.0,True
40027202301,0.263264,eastern-ok,0.789793,True,0.0,True,0.0,True
40027202302,0.0,eastern-ok,0.0,False,0.0,True,0.0,True
40027202403,0.142794,eastern-ok,0.428381,True,0.0,True,0.0,True
40027202404,0.100063,eastern-ok,0.046314,True,0.003875,True,0.25,True
40027202405,0.086128,eastern-ok,2.2e-05,True,0.008364,True,0.25,True
40027202406,0.118592,eastern-ok,0.355777,True,0.0,True,0.0,True
40027202407,0.364617,eastern-ok,0.834209,True,0.009642,True,0.25,True
40027202501,0.21519,eastern-ok,0.64557,True,0.0,True,0.0,True
40027202502,0.166705,eastern-ok,0.500114,True,0.0,True,0.0,True
40027202600,0.079845,eastern-ok,0.229781,True,0.009753,True,0.0,True
40029388100,0.137665,eastern-ok,0.287994,True,0.0,True,0.125,True
40029388200,0.18543,eastern-ok,0.18129,True,0.0,True,0.375,True
40031000100,0.0,eastern-ok,0.0,True,0.0,True,0.0,True
40031000200,0.001931,eastern-ok,0.0,False,0.003861,True,0.0,True
40031000300,0.083931,eastern-ok,0.0,True,0.001793,True,0.25,True
40031000402,0.001737,eastern-ok,0.0,True,0.005212,True,0.0,True
40031000403,0.0,eastern-ok,0.0,True,0.0,True,0.0,True
40031000404,0.209378,eastern-ok,0.622607,True,0.005528,True,0.0,True
40031000405,0.0,eastern-ok,0.0,True,0.0,True,0.0,True
40031000503,0.002179,eastern-ok,0.0,False,0.004357,True,0.0,True
40031000504,0.00107,eastern-ok,0.0,False,0.00214,True,0.0,True
40031000505,0.00164,eastern-ok,0.0,True,0.004921,True,0.0,True
40031000506,0.003562,eastern-ok,0.0,False,0.007124,True,0.0,True
40031000600,0.106663,eastern-ok,0.302248,True,0.01774,True,0.0,True
40031000700,0.125872,eastern-ok,0.372987,True,0.00463,True,0.0,True
40031000800,0.183196,eastern-ok,0.549587,True,0.0,True,0.0,True
40031000900,0.089928,eastern-ok,0.264459,True,0.005324,True,0.0,True
40031001000,0.000854,eastern-ok,0.0,True,0.002562,True,0.0,True
40031001100,0.0,eastern-ok,0.0,True,0.0,True,0.0,True
40031001400,0.126785,eastern-ok,0.360658,True,0.019697,True,0.0,True
40031001500,0.001718,eastern-ok,0.0,True,0.005155,True,0.0,True
40031001600,0.076896,eastern-ok,0.228534,True,0.002155,True,0.0,True
40031001700,0.002982,eastern-ok,0.0,True,0.008947,True,0.0,True
40031001901,0.226654,eastern-ok,0.667963,True,0.012,True,0.0,True
40031001902,0.226699,eastern-ok,0.674983,True,0.005115,True,0.0,True
40031002001,0.003501,eastern-ok,0.0,False,0.007002,True,0.0,True
40031002003,0.193087,eastern-ok,0.225944,True,0.019984,True,0.333334,True
40031002004,0.250737,eastern-ok,0.485199,True,0.017013,True,0.25,True
40031002005,0.090088,eastern-ok,0.0,True,0.020265,True,0.25,True
40031002101,0.189299,eastern-ok,0.559465,True,0.008433,True,0.0,True
40031002102,0.110686,eastern-ok,0.321832,True,0.010227,True,0.0,True
40031002201,0.191155,eastern-ok,0.555399,True,0.018065,True,0.0,True
40031002202,0.294678,eastern-ok,0.6057,True,0.028334,True,0.25,True
40031002301,0.06772,eastern-ok,0.19461,True,0.008551,True,0.0,True
40031002302,0.059647,eastern-ok,0.0,True,0.012273,True,0.166667,True
40031002401,0.045908,eastern-ok,0.137723,True,0.0,True,0.0,True
40031002403,0.270963,eastern-ok,0.81289,True,0.0,True,0.0,True
40031002405,0.358734,eastern-ok,0.576203,True,0.0,True,0.5,True
40031002406,0.084566,eastern-ok,0.0,True,0.003697,True,0.25,True
40031002500,0.0,eastern-ok,0.0,True,0.0,True,0.0,True
40033871100,0.10098,eastern-ok,0.302941,True,0.0,True,0.0,True
40033871200,0.28474,eastern-ok,0.47922,True,0.0,True,0.375,True
40035373100,0.155693,eastern-ok,0.334387,True,0.007692,True,0.125,True
40035373200,0.179493,eastern-ok,0.413478,True,0.0,True,0.125,True
40035373300,0.157732,eastern-ok,0.466711,True,0.006484,True,0.0,True
40035373400,0.194165,eastern-ok,0.580018,True,0.002477,True,0.0,True
40035373500,0.208462,eastern-ok,0.417052,True,0.0,True,0.208333,True
40037020101,0.263161,eastern-ok,0.789483,True,0.0,True,0.0,True
40037020102,0.179962,eastern-ok,0.530522,True,0.009363,True,0.0,True
40037020103,0.151795,eastern-ok,0.455385,True,0.0,True,0.0,True
40037020602,0.148879,eastern-ok,0.431306,True,0.015332,True,0.0,True
40037020603,0.171155,eastern-ok,0.510671,True,0.002793,True,0.0,True
40037020604,0.187744,eastern-ok,0.544346,True,0.018887,True,0.0,True
40037020702,0.176369,eastern-ok,0.504461,True,0.024646,True,0.0,True
40037020704,0.133977,eastern-ok,0.02693,True,0.0,True,0.375,True
40037020705,0.279261,eastern-ok,0.562924,True,0.024858,True,0.25,True
40037020706,0.211673,eastern-ok,0.438451,True,0.029902,True,0.166667,True
40037020707,0.224517,eastern-ok,0.656153,True,0.017397,True,0.0,True
40037020800,0.170586,eastern-ok,0.408463,True,0.019963,True,0.083333,True
40037020900,0.258267,eastern-ok,0.427711,True,0.013758,True,0.333333,True
40037021000,0.073367,eastern-ok,0.215678,True,0.004421,True,0.0,True
40037021101,0.236269,eastern-ok,0.559185,True,0.024622,True,0.125,True
40037021102,0.227923,eastern-ok,0.550454,True,0.008316,True,0.125,True
40037021201,0.077391,eastern-ok,0.229043,True,0.003131,True,0.0,True
40037021202,0.15162,eastern-ok,0.454859,True,0.0,True,0.0,True
40037021300,0.270753,eastern-ok,0.680536,True,0.006721,True,0.125,True
40037021401,0.130997,eastern-ok,0.39299,True,0.0,True,0.0,True
40037021402,0.229632,eastern-ok,0.682991,True,0.005906,True,0.0,True
40037021500,0.21917,eastern-ok,0.490843,True,0.0,True,0.166667,True
40037021600,0.44652,eastern-ok,0.839559,True,0.0,True,0.5,True
40039950800,0.094586,eastern-ok,0.185961,True,0.014465,True,0.083333,True
40039960401,0.160751,eastern-ok,0.096587,True,0.010667,True,0.375,True
40039960402,0.012703,eastern-ok,0.035647,True,0.002463,True,0.0,True
40039960600,0.003065,eastern-ok,0.0,True,0.009195,True,0.0,True
40039960701,0.003171,eastern-ok,0.0,True,0.009512,True,0.0,True
40039960702,0.131662,eastern-ok,0.385065,True,0.00992,True,0.0,True
40039961000,0.191135,eastern-ok,0.286899,True,0.008728,True,0.277778,True
40041375601,0.45608,eastern-ok,0.794066,True,0.074173,True,0.5,True
40041375602,0.401424,eastern-ok,0.700993,True,0.128279,True,0.375,True
40041375701,0.186411,eastern-ok,0.46541,True,0.093824,True,0.0,True
40041375702,0.222122,eastern-ok,0.655098,True,0.011269,True,0.0,True
40041375803,0.142567,eastern-ok,0.281424,True,0.021277,True,0.125,True
40041375804,0.25223,eastern-ok,0.256689,True,0.0,True,0.5,True
40041375805,0.396321,eastern-ok,0.552765,True,0.136199,True,0.5,True
40041375806,0.050427,eastern-ok,0.053433,True,0.097847,True,0.0,True
40041375901,0.327948,eastern-ok,0.625931,True,0.107914,True,0.25,True
40041375902,0.166827,eastern-ok,0.281003,True,0.219478,True,0.0,True
40041376000,0.239837,eastern-ok,0.711271,True,0.008239,True,0.0,True
40041376100,0.179608,eastern-ok,0.479193,True,0.009632,True,0.05,True
40041976200,0.219751,eastern-ok,0.530654,True,0.003599,True,0.125,True
40043959100,0.171115,eastern-ok,0.376477,True,0.011867,True,0.125,True
40043959200,0.298079,eastern-ok,0.545823,True,0.015081,True,0.333333,True
40043959300,0.139859,eastern-ok,0.099328,True,0.000803,True,0.319444,True
40045952600,0.184038,eastern-ok,0.25819,True,0.002256,True,0.291667,True
40045952800,0.184074,eastern-ok,0.412498,True,0.014723,True,0.125,True
40047000101,0.197803,eastern-ok,0.426741,True,0.0,True,0.166667,True
40047000102,0.223006,eastern-ok,0.656283,True,0.012736,True,0.0,True
40047000200,0.228792,eastern-ok,0.686377,True,0.0,True,0.0,True
40047000601,0.287358,eastern-ok,0.844453,True,0.017621,True,0.0,True
40047000602,0.32314,eastern-ok,0.965662,True,0.003759,True,0.0,True
40047000701,0.002429,eastern-ok,0.0,False,0.004857,True,0.0,True
40047000702,0.185755,eastern-ok,0.550369,True,0.006897,True,0.0,True
40047001100,0.291794,eastern-ok,0.601572,True,0.0,True,0.27381,True
40047001200,0.106906,eastern-ok,0.14929,True,0.0,True,0.171428,True
40047001301,0.193958,eastern-ok,0.581875,True,0.0,True,0.0,True
40047001302,0.180458,eastern-ok,0.541375,True,0.0,True,0.0,True
40047001401,0.284543,eastern-ok,0.843346,True,0.010283,True,0.0,True
40047001402,0.308281,eastern-ok,0.924843,True,0.0,True,0.0,True
40047001500,0.311757,eastern-ok,0.768605,True,0.0,True,0.166667,True
40047001602,0.234697,eastern-ok,0.454092,True,0.0,True,0.25,True
40047001603,0.314689,eastern-ok,0.809309,True,0.009759,True,0.125,True
40047001604,0.338532,eastern-ok,0.765595,True,0.0,True,0.25,True
40049681100,0.14791,eastern-ok,0.103616,True,0.006782,True,0.333333,True
40049681200,0.16126,eastern-ok,0.226938,True,0.006842,True,0.25,True
40049681300,0.155457,eastern-ok,0.466371,True,0.0,True,0.0,True
40049681400,0.115108,eastern-ok,0.090178,True,0.005147,True,0.25,True
40049681500,0.195612,eastern-ok,0.581767,True,0.005069,True,0.0,True
40049681600,0.08472,eastern-ok,0.243609,True,0.010553,True,0.0,True
40049681700,0.112232,eastern-ok,0.32707,True,0.009626,True,0.0,True
40049681800,0.110977,eastern-ok,0.325033,True,0.007898,True,0.0,True
40049681900,0.085601,eastern-ok,0.080957,True,0.009179,True,0.166667,True
40051000100,0.2428,eastern-ok,0.7284,True,0.0,True,0.0,True
40051000400,0.184523,eastern-ok,0.544843,True,0.008727,True,0.0,True
40051000501,0.003563,eastern-ok,0.0,True,0.010688,True,0.0,True
40051000502,0.158446,eastern-ok,0.46056,True,0.014778,True,0.0,True
40051000600,0.216754,eastern-ok,0.465066,True,0.01853,True,0.166667,True
40051000701,0.05431,eastern-ok,0.024098,True,0.013833,True,0.125,True
40051000702,0.212254,eastern-ok,0.375054,True,0.011708,True,0.25,True
40051000801,0.218608,eastern-ok,0.655823,True,0.0,True,0.0,True
40051000802,0.199361,eastern-ok,0.473084,True,0.0,True,0.125,True
40051000901,0.190729,eastern-ok,0.447186,True,0.0,True,0.125,True
40051000902,0.18484,eastern-ok,0.387853,True,0.0,True,0.166667,True
40051000904,0.365952,eastern-ok,0.976002,True,0.0,True,0.121853,True
40051000905,0.170748,eastern-ok,0.512244,True,0.0,True,0.0,True
40051000906,0.070709,eastern-ok,0.212127,True,0.0,True,0.0,True
40051001000,0.227766,eastern-ok,0.683299,True,0.0,True,0.0,True
40053956400,0.225001,eastern-ok,0.425002,True,0.0,True,0.25,True
40053956500,0.106431,eastern-ok,0.11096,True,0.0,True,0.208333,True
40055967100,0.222374,eastern-ok,0.239641,True,0.010816,True,0.416667,True
40055967200,0.148299,eastern-ok,0.094902,True,0.016662,True,0.333333,True
40059952100,0.112535,eastern-ok,0.170937,True,0.0,True,0.166667,True
40059952200,0.213666,eastern-ok,0.390998,True,0.0,True,0.25,True
40061279100,0.140595,eastern-ok,0.274314,True,0.022472,True,0.125,True
40061279200,0.195894,eastern-ok,0.32193,True,0.01575,True,0.25,True
40061279300,0.186837,eastern-ok,0.224756,True,0.002421,True,0.333333,True
40061279400,0.224087,eastern-ok,0.442845,True,0.007194,True,0.222222,True
40063484600,0.082518,eastern-ok,0.104858,True,0.017696,True,0.125,True
40063484700,0.201008,eastern-ok,0.221485,True,0.00654,True,0.375,True
40063484800,0.194377,eastern-ok,0.574155,True,0.008974,True,0.0,True
40063484900,0.146232,eastern-ok,0.421851,True,0.016844,True,0.0,True
40063485000,0.228512,eastern-ok,0.430791,True,0.004744,True,0.25,True
40065968100,0.24173,eastern-ok,0.512533,True,0.012658,True,0.2,True
40065968200,0.223101,eastern-ok,0.65749,True,0.011814,True,0.0,True
40065968300,0.245775,eastern-ok,0.30499,True,0.015668,True,0.416667,True
40065968400,0.29858,eastern-ok,0.64574,True,0.0,True,0.25,True
40065968500,0.112751,eastern-ok,0.213254,True,0.0,True,0.125,True
40065968600,0.313687,eastern-ok,0.685911,True,0.005151,True,0.25,True
40065968700,0.34311,eastern-ok,0.767994,True,0.011336,True,0.25,True
40065968800,0.33517,eastern-ok,1.0,True,0.00551,True,0.0,True
40067371600,0.132108,eastern-ok,0.049525,True,0.013467,True,0.333333,True
40067371700,0.116854,eastern-ok,0.163063,True,0.0,True,0.1875,True
40067371800,0.038109,eastern-ok,0.058773,True,0.0,True,0.055556,True
40069660198,0.12383,eastern-ok,0.121491,True,0.0,True,0.25,True
40069660201,0.19687,eastern-ok,0.588618,True,0.001991,True,0.0,True
40069660202,0.300285,eastern-ok,0.390522,True,0.010333,True,0.5,True
40069660300,0.257533,eastern-ok,0.534712,True,0.008721,True,0.229167,True
40071000100,0.125,eastern-ok,0.0,False,0.0,True,0.25,True
40071000201,0.000742,eastern-ok,0.0,True,0.002227,True,0.0,True
40071000202,0.084645,eastern-ok,0.0,True,0.003935,True,0.25,True
40071000300,0.0,eastern-ok,0.0,True,0.0,True,0.0,True
40071000400,0.215609,eastern-ok,0.646826,True,0.0,True,0.0,True
40071000500,0.031121,eastern-ok,0.089093,True,0.00427,True,0.0,True
40071000600,0.170876,eastern-ok,0.512629,True,0.0,True,0.0,True
40071001100,0.167829,eastern-ok,0.251865,True,0.00162,True,0.25,True
40071001200,0.208109,eastern-ok,0.374326,True,0.0,True,0.25,True
40071001301,0.284544,eastern-ok,0.59739,True,0.006241,True,0.25,True
40071001302,0.124429,eastern-ok,0.237658,True,0.010628,True,0.125,True
40073958100,0.14456,eastern-ok,0.433681,True,0.0,True,0.0,True
40073958200,0.153937,eastern-ok,0.399312,True,0.0,True,0.0625,True
40073958300,0.22776,eastern-ok,0.426669,True,0.006612,True,0.25,True
40073958400,0.1969,eastern-ok,0.578668,True,0.012031,True,0.0,True
40075963600,0.136364,eastern-ok,0.030217,True,0.003876,True,0.375,True
40075963700,0.111346,eastern-ok,0.161627,True,0.005744,True,0.166667,True
40075964200,0.116955,eastern-ok,0.070182,True,0.002907,True,0.277778,True
40077087100,0.237728,eastern-ok,0.37901,True,0.00084,True,0.333333,True
40077087200,0.138781,eastern-ok,0.355011,True,0.005778,True,0.055556,True
40077087300,0.279128,eastern-ok,0.575238,True,0.012147,True,0.25,True
40079040102,0.20687,eastern-ok,0.448388,True,0.005556,True,0.166667,True
40079040198,0.179097,eastern-ok,0.287292,True,0.0,True,0.25,True
40079040299,0.180181,eastern-ok,0.283742,True,0.0068,True,0.25,True
40079040301,0.189478,eastern-ok,0.380933,True,0.0,True,0.1875,True
40079040302,0.056231,eastern-ok,0.029532,True,0.014161,True,0.125,True
40079040303,0.287997,eastern-ok,0.477013,True,0.011976,True,0.375,True
40079040401,0.269798,eastern-ok,0.555959,True,0.003434,True,0.25,True
40079040402,0.327611,eastern-ok,0.649498,True,0.0,True,0.333333,True
40079040500,0.187971,eastern-ok,0.33094,True,0.001723,True,0.23125,True
40079040601,0.221742,eastern-ok,0.650025,True,0.0152,True,0.0,True
40079040602,0.293298,eastern-ok,0.586516,True,0.015601,True,0.277778,True
40079040700,0.216958,eastern-ok,0.317258,True,0.000283,True,0.333333,True
40081961100,0.151409,eastern-ok,0.365193,True,0.005699,True,0.083333,True
40081961200,0.061213,eastern-ok,0.118588,True,0.01505,True,0.05,True
40081961300,0.221863,eastern-ok,0.318366,True,0.0,True,0.347222,True
40081961401,0.218258,eastern-ok,0.339899,True,0.023208,True,0.291667,True
40081961402,0.033016,eastern-ok,0.0,True,0.015716,True,0.083333,True
40081961500,0.260115,eastern-ok,0.437643,True,0.009368,True,0.333333,True
40081961600,0.158576,eastern-ok,0.3957,True,0.017526,True,0.0625,True
40081961700,0.139303,eastern-ok,0.411149,True,0.006758,True,0.0,True
40083600101,0.145269,eastern-ok,0.420619,True,0.015188,True,0.0,True
40083600200,0.226871,eastern-ok,0.680613,True,0.0,True,0.0,True
40083600300,0.176848,eastern-ok,0.530544,True,0.0,True,0.0,True
40083600401,0.11926,eastern-ok,0.349902,True,0.007879,True,0.0,True
40083600402,0.007004,eastern-ok,0.0,False,0.014007,True,0.0,True
40083600501,0.111307,eastern-ok,0.333585,True,0.000335,True,0.0,True
40083600502,0.292371,eastern-ok,0.87094,True,0.006173,True,0.0,True
40083600600,0.211835,eastern-ok,0.375716,True,0.009789,True,0.25,True
40083600700,0.200916,eastern-ok,0.544755,True,0.007994,True,0.05,True
40083600801,0.051901,eastern-ok,0.006092,True,0.009976,True,0.139634,True
40083600802,0.187293,eastern-ok,0.555796,True,0.006085,True,0.0,True
40083600903,0.043628,eastern-ok,0.130884,True,0.0,True,0.0,True
40083601000,0.193372,eastern-ok,0.580115,True,0.0,True,0.0,True
40085094100,0.183251,eastern-ok,0.209898,True,0.006521,True,0.333333,True
40085094200,0.080269,eastern-ok,0.0,True,0.011639,True,0.229167,True
40085094300,0.156536,eastern-ok,0.206325,True,0.013281,True,0.25,True
40087400103,0.159666,eastern-ok,0.478528,True,0.000469,True,0.0,True
40087400104,0.199441,eastern-ok,0.426304,True,0.005353,True,0.166667,True
40087400105,0.225087,eastern-ok,0.675261,True,0.0,True,0.0,True
40087400106,0.204842,eastern-ok,0.614527,True,0.0,True,0.0,True
40087400201,0.119134,eastern-ok,0.351492,True,0.005912,True,0.0,True
40087400203,0.151046,eastern-ok,0.44507,True,0.008069,True,0.0,True
40087400204,0.172275,eastern-ok,0.261514,True,0.005312,True,0.25,True
40087400300,0.1096,eastern-ok,0.3288,True,0.0,True,0.0,True
40087400400,0.254851,eastern-ok,0.509649,True,0.004905,True,0.25,True
40089098200,0.207606,eastern-ok,0.474008,True,0.0,True,0.148809,True
40089098300,0.085916,eastern-ok,0.007749,True,0.0,True,0.25,True
40089098400,0.034249,eastern-ok,0.002747,True,0.0,True,0.1,True
40089098501,0.180396,eastern-ok,0.52658,True,0.014607,True,0.0,True
40089098502,0.094635,eastern-ok,0.283906,True,0.0,True,0.0,True
40089098600,0.207223,eastern-ok,0.501659,True,0.008898,True,0.111111,True
40089098700,0.196593,eastern-ok,0.339779,True,0.0,True,0.25,True
40089098800,0.216858,eastern-ok,0.637802,True,0.012772,True,0.0,True
40089098900,0.18921,eastern-ok,0.223889,True,0.010408,True,0.333333,True
40091779601,0.253593,eastern-ok,0.22852,True,0.032258,True,0.5,True
40091779602,0.241488,eastern-ok,0.212749,True,0.011714,True,0.5,True
40091779700,0.06413,eastern-ok,0.025723,True,0.0,True,0.166667,True
40091779900,0.095409,eastern-ok,0.04101,True,0.030933,True,0.214286,True
40091780100,0.180329,eastern-ok,0.010685,True,0.030303,True,0.5,True
40091780200,0.080645,eastern-ok,0.116935,True,0.0,True,0.125,True
40091780301,0.211826,eastern-ok,0.000728,True,0.13475,True,0.5,True
40091780302,0.196077,eastern-ok,0.308385,True,0.029846,True,0.25,True
40093955100,0.275654,eastern-ok,0.543811,True,0.012318,True,0.270833,True
40093955200,0.135162,eastern-ok,0.153988,True,0.001498,True,0.25,True
40093955300,0.194238,eastern-ok,0.582715,True,0.0,True,0.0,True
40095094698,0.244693,eastern-ok,0.378743,True,0.022003,True,0.333334,True
40095094700,0.189476,eastern-ok,0.561559,True,0.006869,True,0.0,True
40095094803,0.196326,eastern-ok,0.0,False,0.017652,True,0.375,True
40095094804,0.378852,eastern-ok,0.611791,True,0.024766,True,0.5,True
40095094805,0.181039,eastern-ok,0.543116,True,0.0,True,0.0,True
40095094806,0.437214,eastern-ok,1.0,True,0.061642,True,0.25,True
40097040100,0.268057,eastern-ok,0.553374,True,0.000797,True,0.25,True
40097040200,0.181694,eastern-ok,0.544107,True,0.000975,True,0.0,True
40097040300,0.136725,eastern-ok,0.410174,True,0.0,True,0.0,True
40097040400,0.138257,eastern-ok,0.413932,True,0.000839,True,0.0,True
40097040501,0.184286,eastern-ok,0.542384,True,0.010474,True,0.0,True
40097040502,0.284529,eastern-ok,0.563699,True,0.01211,True,0.277778,True
40097040600,0.175517,eastern-ok,0.497932,True,0.028619,True,0.0,True
40097040700,0.11096,eastern-ok,0.229493,True,0.003388,True,0.1,True
40097040801,0.34169,eastern-ok,0.516915,True,0.008154,True,0.5,True
40097040802,0.161968,eastern-ok,0.467661,True,0.018243,True,0.0,True
40099790600,0.192094,eastern-ok,0.07422,True,0.002063,True,0.5,True
40099790701,0.143368,eastern-ok,0.346771,True,0.0,True,0.083333,True
40099790702,0.166667,eastern-ok,0.0,True,0.0,True,0.5,True
40099790801,0.21198,eastern-ok,0.635941,True,0.0,True,0.0,True
40099790802,0.219094,eastern-ok,0.157283,True,0.0,True,0.5,True
40101000100,0.235273,eastern-ok,0.702054,True,0.003766,True,0.0,True
40101000200,0.215207,eastern-ok,0.639112,True,0.006509,True,0.0,True
40101000300,0.223651,eastern-ok,0.666478,True,0.004474,True,0.0,True
40101000400,0.164153,eastern-ok,0.492459,True,0.0,True,0.0,True
40101000600,0.200604,eastern-ok,0.601813,True,0.0,True,0.0,True
40101000700,0.091935,eastern-ok,0.275805,True,0.0,True,0.0,True
40101000801,0.002119,eastern-ok,0.0,False,0.004237,True,0.0,True
40101000802,0.14728,eastern-ok,0.441841,True,0.0,True,0.0,True
40101000901,0.179277,eastern-ok,0.537831,True,0.0,True,0.0,True
40101000902,0.000806,eastern-ok,0.0,False,0.001613,True,0.0,True
40101001000,0.200905,eastern-ok,0.601608,True,0.001106,True,0.0,True
40101001100,0.055661,eastern-ok,0.0,True,0.000316,True,0.166666,True
40101001200,0.292589,eastern-ok,0.620182,True,0.007586,True,0.25,True
40101001301,0.105098,eastern-ok,0.306162,True,0.009132,True,0.0,True
40101001302,0.071363,eastern-ok,0.026848,True,0.020576,True,0.166666,True
40101001401,0.238466,eastern-ok,0.715398,True,0.0,True,0.0,True
40101001402,0.171414,eastern-ok,0.24143,True,0.02281,True,0.25,True
40101001501,0.01074,eastern-ok,0.018793,True,0.013429,True,0.0,True
40101001502,0.104855,eastern-ok,0.050897,True,0.013667,True,0.25,True
40101001600,0.210513,eastern-ok,0.381538,True,0.0,True,0.25,True
40103956600,0.189448,eastern-ok,0.483741,True,0.001269,True,0.083333,True
40103956900,0.262051,eastern-ok,0.786154,True,0.0,True,0.0,True
40103957000,0.205106,eastern-ok,0.614697,True,0.000622,True,0.0,True
40103957100,0.234681,eastern-ok,0.402864,True,0.009511,True,0.291667,True
40105172100,0.167454,eastern-ok,0.370493,True,0.006869,True,0.125,True
40105172200,0.085578,eastern-ok,0.249698,True,0.007035,True,0.0,True
40105172300,0.211002,eastern-ok,0.11173,True,0.021277,True,0.5,True
40105172400,0.119189,eastern-ok,0.348252,True,0.009316,True,0.0,True
40107080600,0.147163,eastern-ok,0.217922,True,0.036066,True,0.1875,True
40107080700,0.108589,eastern-ok,0.219761,True,0.022672,True,0.083333,True
40107080900,0.109753,eastern-ok,0.323733,True,0.005525,True,0.0,True
40107081000,0.194797,eastern-ok,0.394997,True,0.022727,True,0.166667,True
40109100100,0.0,eastern-ok,0.0,True,0.0,True,0.0,True
40109100201,0.0,eastern-ok,0.0,False,0.0,True,0.0,True
40109100202,0.0,eastern-ok,0.0,True,0.0,True,0.0,True
40109100203,0.0,eastern-ok,0.0,True,0.0,True,0.0,True
40109100300,0.007018,eastern-ok,0.021055,True,0.0,True,0.0,True
40109100400,0.0,eastern-ok,0.0,False,0.0,True,0.0,True
40109100500,0.166667,eastern-ok,0.0,True,0.0,True,0.5,True
40109100800,0.0,eastern-ok,0.0,False,0.0,True,0.0,True
40109100900,0.021934,eastern-ok,0.065802,True,0.0,True,0.0,True
40109101000,0.0,eastern-ok,0.0,False,0.0,True,0.0,True
40109101100,0.0,eastern-ok,0.0,False,0.0,True,0.0,True
40109101200,0.062689,eastern-ok,0.188066,True,0.0,True,0.0,True
40109101300,0.166667,eastern-ok,0.0,True,0.0,True,0.5,True
40109101400,0.0,eastern-ok,0.0,False,0.0,True,0.0,True
40109101500,0.0,eastern-ok,0.0,True,0.0,True,0.0,True
40109101800,0.0,eastern-ok,0.0,False,0.0,True,0.0,True
40109101900,0.03125,eastern-ok,0.0,False,0.0,True,0.0625,True
40109102000,0.0,eastern-ok,0.0,False,0.0,True,0.0,True
40109102100,0.095576,eastern-ok,0.286729,True,0.0,True,0.0,True
40109102200,0.007815,eastern-ok,0.023446,True,0.0,True,0.0,True
40109102300,0.0,eastern-ok,0.0,False,0.0,True,0.0,True
40109102400,0.0,eastern-ok,0.0,False,0.0,True,0.0,True
40109102500,0.0,eastern-ok,0.0,False,0.0,True,0.0,True
40109103200,0.0,eastern-ok,0.0,False,0.0,True,0.0,True
40109103300,0.0,eastern-ok,0.0,False,0.0,True,0.0,True
40109103900,0.0,eastern-ok,0.0,False,0.0,True,0.0,True
40109104100,0.0,eastern-ok,0.0,False,0.0,True,0.0,True
40109104200,0.152872,eastern-ok,0.458616,True,0.0,True,0.0,True
40109104300,0.0,eastern-ok,0.0,False,0.0,True,0.0,True
40109104400,0.0,eastern-ok,0.0,False,0.0,True,0.0,True
40109104500,0.0,eastern-ok,0.0,False,0.0,True,0.0,True
40109104600,0.0,eastern-ok,0.0,False,0.0,True,0.0,True
40109104700,0.0,eastern-ok,0.0,False,0.0,True,0.0,True
40109104800,0.0,eastern-ok,0.0,False,0.0,True,0.0,True
40109104900,0.0,eastern-ok,0.0,False,0.0,True,0.0,True
40109105000,0.0,eastern-ok,0.0,False,0.0,True,0.0,True
40109105101,0.0,eastern-ok,0.0,True,0.0,True,0.0,True
40109105201,0.0,eastern-ok,0.0,False,0.0,True,0.0,True
40109105202,0.0,eastern-ok,0.0,False,0.0,True,0.0,True
40109105300,0.063695,eastern-ok,0.191086,True,0.0,True,0.0,True
40109105400,0.0,eastern-ok,0.0,False,0.0,True,0.0,True
40109105500,0.0,eastern-ok,0.0,False,0.0,True,0.0,True
40109105600,0.142217,eastern-ok,0.426651,True,0.0,True,0.0,True
40109105903,0.041341,eastern-ok,0.124023,True,0.0,True,0.0,True
40109105904,0.0026,eastern-ok,0.0078,True,0.0,True,0.0,True
40109105905,0.0,eastern-ok,0.0,False,0.0,True,0.0,True
40109105906,0.0,eastern-ok,0.0,False,0.0,True,0.0,True
40109105907,0.0,eastern-ok,0.0,False,0.0,True,0.0,True
40109106000,0.166667,eastern-ok,0.0,True,0.0,True,0.5,True
40109106100,0.0,eastern-ok,0.0,True,0.0,True,0.0,True
40109106200,0.0,eastern-ok,0.0,True,0.0,True,0.0,True
40109106301,0.0,eastern-ok,0.0,True,0.0,True,0.0,True
40109106302,0.026946,eastern-ok,0.080838,True,0.0,True,0.0,True
40109106303,0.0,eastern-ok,0.0,False,0.0,True,0.0,True
40109106401,0.0,eastern-ok,0.0,False,0.0,True,0.0,True
40109106402,0.0,eastern-ok,0.0,False,0.0,True,0.0,True
40109106403,0.0625,eastern-ok,0.0,False,0.0,True,0.125,True
40109106501,0.058822,eastern-ok,0.176466,True,0.0,True,0.0,True
40109106502,0.0,eastern-ok,0.0,True,0.0,True,0.0,True
40109106503,0.0,eastern-ok,0.0,True,0.0,True,0.0,True
40109106601,0.094838,eastern-ok,0.284515,True,0.0,True,0.0,True
40109106602,0.122818,eastern-ok,0.368455,True,0.0,True,0.0,True
40109106606,0.0,eastern-ok,0.0,True,0.0,True,0.0,True
40109106607,0.0,eastern-ok,0.0,True,0.0,True,0.0,True
40109106608,0.155513,eastern-ok,0.466538,True,0.0,True,0.0,True
40109106609,0.10422,eastern-ok,0.31266,True,0.0,True,0.0,True
40109106610,0.046349,eastern-ok,0.139046,True,0.0,True,0.0,True
40109106611,0.077852,eastern-ok,0.233557,True,0.0,True,0.0,True
40109106702,0.0,eastern-ok,0.0,False,0.0,True,0.0,True
40109106704,0.123456,eastern-ok,0.120369,True,0.0,True,0.25,True
40109106705,0.131785,eastern-ok,0.395356,True,0.0,True,0.0,True
40109106706,0.0,eastern-ok,0.0,False,0.0,True,0.0,True
40109106708,0.0,eastern-ok,0.0,False,0.0,True,0.0,True
40109106709,0.0,eastern-ok,0.0,False,0.0,True,0.0,True
40109106710,0.008702,eastern-ok,0.0,True,0.0,True,0.026106,True
40109106801,0.205643,eastern-ok,0.61693,True,0.0,True,0.0,True
40109106802,0.144833,eastern-ok,0.434499,True,0.0,True,0.0,True
40109106803,0.066622,eastern-ok,0.199866,True,0.0,True,0.0,True
40109106804,0.0,eastern-ok,0.0,True,0.0,True,0.0,True
40109106902,0.0,eastern-ok,0.0,False,0.0,True,0.0,True
40109106903,0.0,eastern-ok,0.0,False,0.0,True,0.0,True
40109106906,0.0,eastern-ok,0.0,False,0.0,True,0.0,True
40109106907,0.0,eastern-ok,0.0,False,0.0,True,0.0,True
40109106909,0.0,eastern-ok,0.0,False,0.0,True,0.0,True
40109106910,0.0,eastern-ok,0.0,False,0.0,True,0.0,True
40109106911,0.0,eastern-ok,0.0,False,0.0,True,0.0,True
40109106912,0.0,eastern-ok,0.0,False,0.0,True,0.0,True
40109106913,0.0,eastern-ok,0.0,False,0.0,True,0.0,True
40109106914,0.0,eastern-ok,0.0,False,0.0,True,0.0,True
40109106916,0.0,eastern-ok,0.0,False,0.0,True,0.0,True
40109106917,0.0,eastern-ok,0.0,False,0.0,True,0.0,True
40109107001,0.123993,eastern-ok,0.371979,True,0.0,True,0.0,True
40109107002,0.0,eastern-ok,0.0,True,0.0,True,0.0,True
40109107101,0.166667,eastern-ok,0.0,True,0.0,True,0.5,True
40109107103,0.0,eastern-ok,0.0,False,0.0,True,0.0,True
40109107104,0.221599,eastern-ok,0.664797,True,0.0,True,0.0,True
40109107206,0.119905,eastern-ok,0.359716,True,0.0,True,0.0,True
40109107207,0.097201,eastern-ok,0.291603,True,0.0,True,0.0,True
40109107212,0.151322,eastern-ok,0.453967,True,0.0,True,0.0,True
40109107213,0.216587,eastern-ok,0.649762,True,0.0,True,0.0,True
40109107214,0.196684,eastern-ok,0.590052,True,0.0,True,0.0,True
40109107215,0.0,eastern-ok,0.0,False,0.0,True,0.0,True
40109107216,0.0,eastern-ok,0.0,False,0.0,True,0.0,True
40109107217,0.0,eastern-ok,0.0,False,0.0,True,0.0,True
40109107218,0.0,eastern-ok,0.0,False,0.0,True,0.0,True
40109107219,0.0,eastern-ok,0.0,False,0.0,True,0.0,True
40109107220,0.0,eastern-ok,0.0,False,0.0,True,0.0,True
40109107221,0.216059,eastern-ok,0.648178,True,0.0,True,0.0,True
40109107222,0.0,eastern-ok,0.0,True,0.0,True,0.0,True
40109107223,0.0,eastern-ok,0.0,False,0.0,True,0.0,True
40109107224,0.166942,eastern-ok,0.500825,True,0.0,True,0.0,True
40109107225,0.0,eastern-ok,0.0,False,0.0,True,0.0,True
40109107226,0.0,eastern-ok,0.0,True,0.0,True,0.0,True
40109107302,0.102961,eastern-ok,0.308882,True,0.0,True,0.0,True
40109107303,0.0,eastern-ok,0.0,True,0.0,True,0.0,True
40109107305,0.0,eastern-ok,0.0,True,0.0,True,0.0,True
40109107306,0.0,eastern-ok,0.0,True,0.0,True,0.0,True
40109107401,0.166667,eastern-ok,0.0,True,0.0,True,0.5,True
40109107404,0.0,eastern-ok,0.0,False,0.0,True,0.0,True
40109107405,0.0,eastern-ok,0.0,True,0.0,True,0.0,True
40109107406,0.0,eastern-ok,0.0,True,0.0,True,0.0,True
40109107407,0.008804,eastern-ok,0.026412,True,0.0,True,0.0,True
40109107601,0.166667,eastern-ok,0.0,True,0.0,True,0.5,True
40109107604,0.0,eastern-ok,0.0,False,0.0,True,0.0,True
40109107605,0.0,eastern-ok,0.0,False,0.0,True,0.0,True
40109107608,0.0,eastern-ok,0.0,False,0.0,True,0.0,True
40109107703,0.0,eastern-ok,0.0,False,0.0,True,0.0,True
40109107704,0.0,eastern-ok,0.0,False,0.0,True,0.0,True
40109107705,0.001647,eastern-ok,0.0,False,0.003293,True,0.0,True
40109107706,0.0,eastern-ok,0.0,False,0.0,True,0.0,True
40109107707,0.0,eastern-ok,0.0,False,0.0,True,0.0,True
40109107801,0.0,eastern-ok,0.0,False,0.0,True,0.0,True
40109107804,0.000482,eastern-ok,0.0,True,0.001445,True,0.0,True
40109107805,0.267664,eastern-ok,0.302991,True,0.0,True,0.5,True
40109107806,0.0,eastern-ok,0.0,True,0.0,True,0.0,True
40109107807,0.0,eastern-ok,0.0,False,0.0,True,0.0,True
40109107808,0.0,eastern-ok,0.0,False,0.0,True,0.0,True
40109107809,0.0,eastern-ok,0.0,False,0.0,True,0.0,True
40109107810,0.0,eastern-ok,0.0,False,0.0,True,0.0,True
40109107900,0.229808,eastern-ok,0.689425,True,0.0,True,0.0,True
40109108003,0.0,eastern-ok,0.0,True,0.0,True,0.0,True
40109108005,0.0,eastern-ok,0.0,True,0.0,True,0.0,True
40109108006,0.0,eastern-ok,0.0,False,0.0,True,0.0,True
40109108007,0.125,eastern-ok,0.0,False,0.0,True,0.25,True
40109108008,0.003072,eastern-ok,0.0,False,0.006143,True,0.0,True
40109108009,0.001985,eastern-ok,0.0,False,0.003971,True,0.0,True
40109108010,0.001597,eastern-ok,0.0,True,0.00479,True,0.0,True
40109108011,0.004162,eastern-ok,0.0,True,0.012485,True,0.0,True
40109108101,0.196732,eastern-ok,0.590197,True,0.0,True,0.0,True
40109108106,0.150616,eastern-ok,0.440175,True,0.011673,True,0.0,True
40109108107,0.165391,eastern-ok,0.496172,True,0.0,True,0.0,True
40109108109,0.115094,eastern-ok,0.345282,True,0.0,True,0.0,True
40109108110,0.157746,eastern-ok,0.473237,True,0.0,True,0.0,True
40109108113,0.171157,eastern-ok,0.513472,True,0.0,True,0.0,True
40109108114,0.181319,eastern-ok,0.543956,True,0.0,True,0.0,True
40109108201,0.140152,eastern-ok,0.170455,True,0.0,True,0.25,True
40109108203,0.0,eastern-ok,0.0,False,0.0,True,0.0,True
40109108204,0.0,eastern-ok,0.0,False,0.0,True,0.0,True
40109108207,0.101564,eastern-ok,0.298282,True,0.00641,True,0.0,True
40109108208,0.000446,eastern-ok,0.0,False,0.000893,True,0.0,True
40109108215,0.0,eastern-ok,0.0,False,0.0,True,0.0,True
40109108216,0.004332,eastern-ok,0.0,False,0.008664,True,0.0,True
40109108217,0.127363,eastern-ok,0.0,False,0.004725,True,0.25,True
40109108222,0.0,eastern-ok,0.0,False,0.0,True,0.0,True
40109108223,0.008355,eastern-ok,0.0,False,0.01671,True,0.0,True
40109108224,0.1494,eastern-ok,0.0,False,0.001591,True,0.297209,True
40109108225,0.0,eastern-ok,0.0,False,0.0,True,0.0,True
40109108226,0.0,eastern-ok,0.0,False,0.0,True,0.0,True
40109108227,0.0,eastern-ok,0.0,False,0.0,True,0.0,True
40109108228,0.0,eastern-ok,0.0,False,0.0,True,0.0,True
40109108229,0.0,eastern-ok,0.0,False,0.0,True,0.0,True
40109108230,0.0,eastern-ok,0.0,False,0.0,True,0.0,True
40109108231,0.051747,eastern-ok,0.0,False,0.013962,True,0.089533,True
40109108232,0.0,eastern-ok,0.0,False,0.0,True,0.0,True
40109108233,0.0,eastern-ok,0.0,False,0.0,True,0.0,True
40109108234,0.007344,eastern-ok,0.0,False,0.0,True,0.014688,True
40109108235,0.081578,eastern-ok,0.0,False,0.0,True,0.163156,True
40109108236,0.0,eastern-ok,0.0,False,0.0,True,0.0,True
40109108237,0.0,eastern-ok,0.0,False,0.0,True,0.0,True
40109108238,0.0,eastern-ok,0.0,False,0.0,True,0.0,True
40109108301,0.0,eastern-ok,0.0,True,0.0,True,0.0,True
40109108302,0.0,eastern-ok,0.0,True,0.0,True,0.0,True
40109108304,0.00598,eastern-ok,0.017941,True,0.0,True,0.0,True
40109108307,0.0,eastern-ok,0.0,False,0.0,True,0.0,True
40109108309,0.0,eastern-ok,0.0,False,0.0,True,0.0,True
40109108310,0.0,eastern-ok,0.0,False,0.0,True,0.0,True
40109108314,0.0,eastern-ok,0.0,False,0.0,True,0.0,True
40109108317,0.0,eastern-ok,0.0,False,0.0,True,0.0,True
40109108318,0.0,eastern-ok,0.0,True,0.0,True,0.0,True
40109108319,0.0,eastern-ok,0.0,True,0.0,True,0.0,True
40109108320,0.0,eastern-ok,0.0,False,0.0,True,0.0,True
40109108321,0.0,eastern-ok,0.0,False,0.0,True,0.0,True
40109108322,0.0,eastern-ok,0.0,False,0.0,True,0.0,True
40109108323,0.0,eastern-ok,0.0,True,0.0,True,0.0,True
40109108324,0.0,eastern-ok,0.0,False,0.0,True,0.0,True
40109108325,0.0,eastern-ok,0.0,False,0.0,True,0.0,True
40109108326,0.0,eastern-ok,0.0,True,0.0,True,0.0,True
40109108402,0.0,eastern-ok,0.0,True,0.0,True,0.0,True
40109108403,0.0,eastern-ok,0.0,False,0.0,True,0.0,True
40109108404,0.03125,eastern-ok,0.0,False,0.0,True,0.0625,True
40109108506,0.139701,eastern-ok,0.419103,True,0.0,True,0.0,True
40109108507,0.104216,eastern-ok,0.312647,True,0.0,True,0.0,True
40109108508,0.215079,eastern-ok,0.645238,True,0.0,True,0.0,True
40109108513,0.0,eastern-ok,0.0,False,0.0,True,0.0,True
40109108514,0.105412,eastern-ok,0.316235,True,0.0,True,0.0,True
40109108515,0.033939,eastern-ok,0.101816,True,0.0,True,0.0,True
40109108520,0.120961,eastern-ok,0.362883,True,0.0,True,0.0,True
40109108521,0.178356,eastern-ok,0.535067,True,0.0,True,0.0,True
40109108523,0.079029,eastern-ok,0.237086,True,0.0,True,0.0,True
40109108524,0.0,eastern-ok,0.0,True,0.0,True,0.0,True
40109108525,0.0,eastern-ok,0.0,False,0.0,True,0.0,True
40109108526,0.0,eastern-ok,0.0,True,0.0,True,0.0,True
40109108527,0.0,eastern-ok,0.0,True,0.0,True,0.0,True
40109108528,0.0,eastern-ok,0.0,True,0.0,True,0.0,True
40109108529,0.0,eastern-ok,0.0,False,0.0,True,0.0,True
40109108530,0.0,eastern-ok,0.0,False,0.0,True,0.0,True
40109108531,0.0,eastern-ok,0.0,True,0.0,True,0.0,True
40109108532,0.238832,eastern-ok,0.51934,True,0.0,True,0.197157,True
40109108533,0.236249,eastern-ok,0.458747,True,0.0,True,0.25,True
40109108534,0.0,eastern-ok,0.0,True,0.0,True,0.0,True
40109108535,0.0,eastern-ok,0.0,True,0.0,True,0.0,True
40109108536,0.0,eastern-ok,0.0,False,0.0,True,0.0,True
40109108537,0.071776,eastern-ok,0.215329,True,0.0,True,0.0,True
40109108538,0.0,eastern-ok,0.0,False,0.0,True,0.0,True
40109108603,0.0,eastern-ok,0.0,True,0.0,True,0.0,True
40109108604,0.0,eastern-ok,0.0,True,0.0,True,0.0,True
40109108701,0.130371,eastern-ok,0.391113,True,0.0,True,0.0,True
40109108706,0.002189,eastern-ok,0.0,False,0.004378,True,0.0,True
40109108707,0.0,eastern-ok,0.0,False,0.0,True,0.0,True
40109108708,0.135111,eastern-ok,0.405332,True,0.0,True,0.0,True
40109108709,0.187257,eastern-ok,0.561772,True,0.0,True,0.0,True
40109108710,0.0,eastern-ok,0.0,False,0.0,True,0.0,True
40109108711,0.125,eastern-ok,0.0,False,0.0,True,0.25,True
40109108712,0.227301,eastern-ok,0.681903,True,0.0,True,0.0,True
40109108713,0.225794,eastern-ok,0.677381,True,0.0,True,0.0,True
40109108802,0.150766,eastern-ok,0.327298,True,0.0,True,0.125,True
40109108803,0.0,eastern-ok,0.0,False,0.0,True,0.0,True
40109108804,0.25,eastern-ok,0.0,False,0.0,True,0.5,True
40109108805,0.166665,eastern-ok,0.499995,True,0.0,True,0.0,True
40109108806,0.001143,eastern-ok,0.0,False,0.002286,True,0.0,True
40109108807,0.000677,eastern-ok,0.0,False,0.001353,True,0.0,True
40109108900,0.392417,eastern-ok,0.927251,True,0.0,True,0.25,True
40109109001,0.180393,eastern-ok,0.541178,True,0.0,True,0.0,True
40109109003,0.183677,eastern-ok,0.421375,True,0.004654,True,0.125,True
40109109004,0.157256,eastern-ok,0.460342,True,0.011426,True,0.0,True
40109109202,0.234809,eastern-ok,0.454428,True,0.0,True,0.25,True
40109109203,0.412918,eastern-ok,0.729551,True,0.009202,True,0.5,True
40109109204,0.228032,eastern-ok,0.67322,True,0.010877,True,0.0,True
40109109205,0.21496,eastern-ok,0.64488,True,0.0,True,0.0,True
40109109300,0.236689,eastern-ok,0.543402,True,0.0,True,0.166666,True
40109109400,0.0,eastern-ok,0.0,True,0.0,True,0.0,True
40109109500,0.0,eastern-ok,0.0,True,0.0,True,0.0,True
40109109600,0.0,eastern-ok,0.0,True,0.0,True,0.0,True
40109109700,0.0,eastern-ok,0.0,True,0.0,True,0.0,True
40109109800,0.0,eastern-ok,0.0,True,0.0,True,0.0,True
40109109900,0.0,eastern-ok,0.0,True,0.0,True,0.0,True
40109110000,0.0,eastern-ok,0.0,True,0.0,True,0.0,True
40109980001,0.125,eastern-ok,0.0,True,0.0,True,0.375,True
40109980002,0.188078,eastern-ok,0.564235,True,0.0,True,0.0,True
40109980003,0.053368,eastern-ok,0.0,False,0.0,True,0.106736,True
40109980004,0.0,eastern-ok,0.0,False,0.0,True,0.0,True
40109980005,0.0,eastern-ok,0.0,False,0.0,True,0.0,True
40109980006,0.0,eastern-ok,0.0,False,0.0,True,0.0,True
40109980007,0.0,eastern-ok,0.0,False,0.0,True,0.0,True
40109980008,0.0,eastern-ok,0.0,False,0.0,True,0.0,True
40109980009,0.0625,eastern-ok,0.0,False,0.125,True,0.0,True
40111000100,0.179982,eastern-ok,0.539945,True,0.0,True,0.0,True
40111000200,0.226807,eastern-ok,0.677223,True,0.003198,True,0.0,True
40111000300,0.215463,eastern-ok,0.646389,True,0.0,True,0.0,True
40111000400,0.138212,eastern-ok,0.410764,True,0.003871,True,0.0,True
40111000500,0.205821,eastern-ok,0.483041,True,0.009423,True,0.125,True
40111000601,0.371058,eastern-ok,0.61029,True,0.002883,True,0.5,True
40111000602,0.177957,eastern-ok,0.277921,True,0.005949,True,0.25,True
40111000700,0.081146,eastern-ok,0.118439,True,0.0,True,0.125,True
40111000800,0.207743,eastern-ok,0.366108,True,0.007121,True,0.25,True
40111000901,0.176948,eastern-ok,0.522908,True,0.007937,True,0.0,True
40111000902,0.369658,eastern-ok,0.608975,True,0.0,True,0.5,True
40113940001,0.138078,eastern-ok,0.280901,True,0.0,True,0.133333,True
40113940003,0.20966,eastern-ok,0.390621,True,0.013358,True,0.225,True
40113940004,0.103861,eastern-ok,0.092833,True,0.0,True,0.21875,True
40113940005,0.272558,eastern-ok,0.567674,True,0.0,True,0.25,True
40113940006,0.035287,eastern-ok,0.105862,True,0.0,True,0.0,True
40113940007,0.196477,eastern-ok,0.577855,True,0.011575,True,0.0,True
40113940008,0.094311,eastern-ok,0.026742,True,0.00619,True,0.25,True
40113940009,0.254843,eastern-ok,0.514529,True,0.0,True,0.25,True
40113940011,0.21136,eastern-ok,0.393655,True,0.008282,True,0.232143,True
40113940012,0.290213,eastern-ok,0.578026,True,0.042612,True,0.25,True
40113940013,0.391552,eastern-ok,0.674655,True,0.0,True,0.5,True
40113940014,0.415243,eastern-ok,0.995729,True,0.0,True,0.25,True
40113940015,0.194056,eastern-ok,0.582169,True,0.0,True,0.0,True
40115574100,0.193585,eastern-ok,0.576106,True,0.004648,True,0.0,True
40115574200,0.272773,eastern-ok,0.798644,True,0.019676,True,0.0,True
40115574300,0.349202,eastern-ok,0.791009,True,0.006598,True,0.25,True
40115574400,0.268957,eastern-ok,0.801481,True,0.005389,True,0.0,True
40115574500,0.25215,eastern-ok,0.68252,True,0.07393,True,0.0,True
40115574600,0.224881,eastern-ok,0.64904,True,0.025602,True,0.0,True
40115574700,0.195902,eastern-ok,0.580578,True,0.007129,True,0.0,True
40115574800,0.186969,eastern-ok,0.387236,True,0.007006,True,0.166667,True
40115574900,0.200012,eastern-ok,0.474004,True,0.001031,True,0.125,True
40117957100,0.264121,eastern-ok,0.618851,True,0.006843,True,0.166667,True
40117957200,0.284272,eastern-ok,0.447367,True,0.005448,True,0.4,True
40117957300,0.196938,eastern-ok,0.465815,True,0.0,True,0.125,True
40117957400,0.307445,eastern-ok,0.417667,True,0.004668,True,0.5,True
40117957500,0.19685,eastern-ok,0.59055,True,0.0,True,0.0,True
40119010101,0.205761,eastern-ok,0.617282,True,0.0,True,0.0,True
40119010102,0.136208,eastern-ok,0.408625,True,0.0,True,0.0,True
40119010201,0.166667,eastern-ok,0.0,True,0.0,True,0.5,True
40119010202,0.001984,eastern-ok,0.0,False,0.003968,True,0.0,True
40119010300,0.101103,eastern-ok,0.30331,True,0.0,True,0.0,True
40119010400,0.253906,eastern-ok,0.0,False,0.007812,True,0.5,True
40119010501,0.19878,eastern-ok,0.596341,True,0.0,True,0.0,True
40119010502,0.0,eastern-ok,0.0,False,0.0,True,0.0,True
40119010503,0.0,eastern-ok,0.0,True,0.0,True,0.0,True
40119010600,0.226905,eastern-ok,0.680715,True,0.0,True,0.0,True
40119010700,0.105035,eastern-ok,0.315106,True,0.0,True,0.0,True
40119010800,0.151487,eastern-ok,0.454461,True,0.0,True,0.0,True
40119010901,0.085233,eastern-ok,0.255699,True,0.0,True,0.0,True
40119010902,0.259202,eastern-ok,0.527607,True,0.0,True,0.25,True
40119011001,0.103987,eastern-ok,0.300548,True,0.011414,True,0.0,True
40119011002,0.18803,eastern-ok,0.545032,True,0.019057,True,0.0,True
40119011101,0.211142,eastern-ok,0.505875,True,0.002552,True,0.125,True
40119011103,0.333252,eastern-ok,0.741863,True,0.007894,True,0.25,True
40119011104,0.314081,eastern-ok,0.690125,True,0.002119,True,0.25,True
40119011200,0.154674,eastern-ok,0.447301,True,0.016719,True,0.0,True
40119011301,0.202624,eastern-ok,0.59695,True,0.010923,True,0.0,True
40119011302,0.004174,eastern-ok,0.0,False,0.008348,True,0.0,True
40119011400,0.227856,eastern-ok,0.66711,True,0.01646,True,0.0,True
40121485601,0.180646,eastern-ok,0.0,True,0.041938,True,0.5,True
40121485602,0.036822,eastern-ok,0.072776,True,0.037688,True,0.0,True
40121485700,0.106123,eastern-ok,0.059041,True,0.009328,True,0.25,True
40121485800,0.070847,eastern-ok,0.0,True,0.018097,True,0.194444,True
40121485900,0.243049,eastern-ok,0.518383,True,0.00243,True,0.208333,True
40121486000,0.121308,eastern-ok,0.277448,True,0.003144,True,0.083333,True
40121486100,0.173976,eastern-ok,0.270097,True,0.001832,True,0.25,True
40121486200,0.20768,eastern-ok,0.62304,True,0.0,True,0.0,True
40121486300,0.228082,eastern-ok,0.644511,True,0.039735,True,0.0,True
40121486400,0.275612,eastern-ok,0.576835,True,0.0,True,0.25,True
40121486500,0.263004,eastern-ok,0.538692,True,0.000321,True,0.25,True
40121486600,0.167854,eastern-ok,0.253563,True,0.0,True,0.25,True
40121486700,0.031329,eastern-ok,0.08978,True,0.004208,True,0.0,True
40121486800,0.065115,eastern-ok,0.0,True,0.007845,True,0.1875,True
40123088600,0.252968,eastern-ok,0.625993,True,0.007911,True,0.125,True
40123088700,0.233438,eastern-ok,0.616982,True,0.0,True,0.083333,True
40123088801,0.271055,eastern-ok,0.807261,True,0.005906,True,0.0,True
40123088802,0.213882,eastern-ok,0.641221,True,0.000426,True,0.0,True
40123088900,0.343163,eastern-ok,0.77703,True,0.00246,True,0.25,True
40123089000,0.160952,eastern-ok,0.478069,True,0.004786,True,0.0,True
40123089100,0.206229,eastern-ok,0.612224,True,0.006462,True,0.0,True
40123089200,0.090729,eastern-ok,0.272186,True,0.0,True,0.0,True
40123089300,0.183043,eastern-ok,0.548105,True,0.001024,True,0.0,True
40123089598,0.21747,eastern-ok,0.400207,True,0.002202,True,0.25,True
40123089600,0.246553,eastern-ok,0.48966,True,0.0,True,0.25,True
40125500200,0.306162,eastern-ok,0.417784,True,0.000702,True,0.5,True
40125500301,0.217919,eastern-ok,0.653757,True,0.0,True,0.0,True
40125500302,0.384255,eastern-ok,0.902766,True,0.0,True,0.25,True
40125500400,0.263856,eastern-ok,0.791568,True,0.0,True,0.0,True
40125500500,0.230403,eastern-ok,0.684945,True,0.006263,True,0.0,True
40125500600,0.229455,eastern-ok,0.688366,True,0.0,True,0.0,True
40125500700,0.2086,eastern-ok,0.618542,True,0.007258,True,0.0,True
40125500800,0.249195,eastern-ok,0.742773,True,0.004812,True,0.0,True
40125500901,0.187335,eastern-ok,0.554117,True,0.007887,True,0.0,True
40125500902,0.277357,eastern-ok,0.57586,True,0.006211,True,0.25,True
40125501003,0.352326,eastern-ok,0.556977,True,0.0,True,0.5,True
40125501004,0.244421,eastern-ok,0.729143,True,0.004121,True,0.0,True
40125501005,0.278359,eastern-ok,0.585076,True,0.0,True,0.25,True
40125501006,0.175101,eastern-ok,0.52056,True,0.004743,True,0.0,True
40125501101,0.247962,eastern-ok,0.493887,True,0.0,True,0.25,True
40125501103,0.222056,eastern-ok,0.660118,True,0.006048,True,0.0,True
40125501104,0.367263,eastern-ok,0.82401,True,0.0,True,0.277778,True
40125501105,0.259472,eastern-ok,0.778415,True,0.0,True,0.0,True
40125501201,0.220008,eastern-ok,0.650332,True,0.009691,True,0.0,True
40125501300,0.259832,eastern-ok,0.469834,True,0.009662,True,0.3,True
40127097600,0.143618,eastern-ok,0.180853,True,0.0,True,0.25,True
40127097701,0.148204,eastern-ok,0.444612,True,0.0,True,0.0,True
40127097702,0.154373,eastern-ok,0.338118,True,0.0,True,0.125,True
40127097800,0.202897,eastern-ok,0.508692,True,0.0,True,0.1,True
40129960000,0.195256,eastern-ok,0.466719,True,0.0,True,0.119048,True
40131050101,0.18881,eastern-ok,0.566429,True,0.0,True,0.0,True
40131050103,0.334722,eastern-ok,1.0,True,0.004167,True,0.0,True
40131050104,0.271114,eastern-ok,0.813342,True,0.0,True,0.0,True
40131050105,0.333019,eastern-ok,0.749056,True,0.0,True,0.25,True
40131050201,0.322245,eastern-ok,0.705197,True,0.011538,True,0.25,True
40131050202,0.229357,eastern-ok,0.685068,True,0.003005,True,0.0,True
40131050203,0.234053,eastern-ok,0.70216,True,0.0,True,0.0,True
40131050301,0.248515,eastern-ok,0.401179,True,0.011034,True,0.333334,True
40131050302,0.270127,eastern-ok,0.80323,True,0.00715,True,0.0,True
40131050303,0.278094,eastern-ok,0.826123,True,0.00816,True,0.0,True
40131050304,0.352032,eastern-ok,0.556095,True,0.0,True,0.5,True
40131050403,0.282034,eastern-ok,0.846102,True,0.0,True,0.0,True
40131050404,0.241541,eastern-ok,0.724623,True,0.0,True,0.0,True
40131050405,0.217262,eastern-ok,0.651786,True,0.0,True,0.0,True
40131050406,0.108412,eastern-ok,0.325235,True,0.0,True,0.0,True
40131050407,0.235869,eastern-ok,0.707608,True,0.0,True,0.0,True
40131050408,0.216218,eastern-ok,0.648653,True,0.0,True,0.0,True
40131050409,0.103509,eastern-ok,0.291321,True,0.0,True,0.019206,True
40131050501,0.069833,eastern-ok,0.199706,True,0.009793,True,0.0,True
40131050502,0.062938,eastern-ok,0.0,False,0.000877,True,0.125,True
40131050601,0.215239,eastern-ok,0.491925,True,0.0,True,0.153793,True
40131050602,0.261628,eastern-ok,0.534883,True,0.0,True,0.25,True
40131050603,0.162179,eastern-ok,0.486538,True,0.0,True,0.0,True
40131050604,0.21107,eastern-ok,0.627287,True,0.005923,True,0.0,True
40131050701,0.236603,eastern-ok,0.706056,True,0.003754,True,0.0,True
40131050702,0.350435,eastern-ok,0.551304,True,0.0,True,0.5,True
40131050801,0.248629,eastern-ok,0.490826,True,0.005061,True,0.25,True
40131050802,0.225339,eastern-ok,0.421192,True,0.004826,True,0.25,True
40133583100,0.033335,eastern-ok,0.07838,True,0.021624,True,0.0,True
40133583200,0.156604,eastern-ok,0.209549,True,0.010262,True,0.25,True
40133583300,0.212357,eastern-ok,0.637071,True,0.0,True,0.0,True
40133583400,0.265684,eastern-ok,0.537952,True,0.009101,True,0.25,True
40133583500,0.219602,eastern-ok,0.657996,True,0.00081,True,0.0,True
40133583600,0.127411,eastern-ok,0.380104,True,0.002128,True,0.0,True
40133583700,0.187717,eastern-ok,0.546687,True,0.016463,True,0.0,True
40133583800,0.294085,eastern-ok,0.540712,True,0.00821,True,0.333333,True
40133583900,0.07566,eastern-ok,0.116459,True,0.010521,True,0.1,True
40135030101,0.255286,eastern-ok,0.591629,True,0.007561,True,0.166667,True
40135030103,0.152861,eastern-ok,0.208584,True,0.0,True,0.25,True
40135030105,0.130255,eastern-ok,0.154567,True,0.021913,True,0.214286,True
40135030106,0.262442,eastern-ok,0.537327,True,0.0,True,0.25,True
40135030201,0.247406,eastern-ok,0.190558,True,0.05166,True,0.5,True
40135030202,0.167573,eastern-ok,0.152286,True,0.000434,True,0.35,True
40135030301,0.209309,eastern-ok,0.623583,True,0.004344,True,0.0,True
40135030303,0.383891,eastern-ok,0.651672,True,0.0,True,0.5,True
40135030304,0.138053,eastern-ok,0.412123,True,0.002037,True,0.0,True
40135030401,0.164375,eastern-ok,0.351976,True,0.016149,True,0.125,True
40135030403,0.285532,eastern-ok,0.506275,True,0.016988,True,0.333333,True
40135030404,0.163932,eastern-ok,0.320893,True,0.004237,True,0.166667,True
40137000101,0.022433,eastern-ok,0.067298,True,0.0,True,0.0,True
40137000102,0.001289,eastern-ok,0.0,True,0.003868,True,0.0,True
40137000200,0.236829,eastern-ok,0.706334,True,0.004151,True,0.0,True
40137000300,0.21653,eastern-ok,0.481475,True,0.001447,True,0.166667,True
40137000400,0.369199,eastern-ok,0.857597,True,0.0,True,0.25,True
40137000600,0.087555,eastern-ok,0.262666,True,0.0,True,0.0,True
40137000800,0.209323,eastern-ok,0.370803,True,0.007167,True,0.25,True
40137000901,0.137571,eastern-ok,0.156856,True,0.005857,True,0.25,True
40137000902,0.323332,eastern-ok,0.577769,True,0.003337,True,0.388889,True
40137001000,0.201476,eastern-ok,0.390166,True,0.009076,True,0.205186,True
40137001100,0.10389,eastern-ok,0.245795,True,0.003374,True,0.0625,True
40141070100,0.107046,eastern-ok,0.144888,True,0.009583,True,0.166667,True
40141070200,0.283401,eastern-ok,0.428573,True,0.004963,True,0.416667,True
40141070300,0.092266,eastern-ok,0.27551,True,0.001287,True,0.0,True
40141070400,0.296112,eastern-ok,0.638336,True,0.0,True,0.25,True
40141070500,0.180568,eastern-ok,0.375036,True,0.0,True,0.166667,True
40143000200,0.0,eastern-ok,0.0,True,0.0,True,0.0,True
40143000300,0.0,eastern-ok,0.0,False,0.0,True,0.0,True
40143000400,0.083688,eastern-ok,0.0,True,0.001064,True,0.25,True
40143000500,0.024804,eastern-ok,0.06373,True,0.010684,True,0.0,True
40143000800,0.0,eastern-ok,0.0,True,0.0,True,0.0,True
40143000900,0.0,eastern-ok,0.0,True,0.0,True,0.0,True
40143001000,0.0,eastern-ok,0.0,True,0.0,True,0.0,True
40143001200,0.187438,eastern-ok,0.062315,True,0.0,True,0.5,True
40143001300,0.0,eastern-ok,0.0,True,0.0,True,0.0,True
40143001400,0.0,eastern-ok,0.0,False,0.0,True,0.0,True
40143001500,0.0,eastern-ok,0.0,False,0.0,True,0.0,True
40143001600,0.0,eastern-ok,0.0,True,0.0,True,0.0,True
40143001700,0.0,eastern-ok,0.0,True,0.0,True,0.0,True
40143001800,0.034894,eastern-ok,0.104682,True,0.0,True,0.0,True
40143001900,0.101463,eastern-ok,0.304389,True,0.0,True,0.0,True
40143002000,0.051514,eastern-ok,0.154541,True,0.0,True,0.0,True
40143002100,0.0,eastern-ok,0.0,False,0.0,True,0.0,True
40143002301,0.0,eastern-ok,0.0,True,0.0,True,0.0,True
40143002500,0.0,eastern-ok,0.0,True,0.0,True,0.0,True
40143002700,0.138475,eastern-ok,0.415426,True,0.0,True,0.0,True
40143002900,0.192114,eastern-ok,0.576342,True,0.0,True,0.0,True
40143003000,0.25,eastern-ok,0.0,False,0.0,True,0.5,True
40143003100,0.0,eastern-ok,0.0,True,0.0,True,0.0,True
40143003200,0.0,eastern-ok,0.0,True,0.0,True,0.0,True
40143003300,0.0,eastern-ok,0.0,False,0.0,True,0.0,True
40143003400,0.074933,eastern-ok,0.224799,True,0.0,True,0.0,True
40143003500,0.0,eastern-ok,0.0,True,0.0,True,0.0,True
40143003600,0.060138,eastern-ok,0.180413,True,0.0,True,0.0,True
40143003700,0.0,eastern-ok,0.0,False,0.0,True,0.0,True
40143003800,0.0,eastern-ok,0.0,False,0.0,True,0.0,True
40143003900,0.086219,eastern-ok,0.258657,True,0.0,True,0.0,True
40143004000,0.0,eastern-ok,0.0,False,0.0,True,0.0,True
40143004101,0.0,eastern-ok,0.0,False,0.0,True,0.0,True
40143004200,0.0,eastern-ok,0.0,True,0.0,True,0.0,True
40143004301,0.0,eastern-ok,0.0,False,0.0,True,0.0,True
40143004302,0.002183,eastern-ok,0.0,False,0.004367,True,0.0,True
40143004400,0.0,eastern-ok,0.0,False,0.0,True,0.0,True
40143004500,0.0,eastern-ok,0.0,False,0.0,True,0.0,True
40143004600,0.109952,eastern-ok,0.329857,True,0.0,True,0.0,True
40143004700,0.170485,eastern-ok,0.011456,True,0.0,True,0.5,True
40143004800,0.219645,eastern-ok,0.408935,True,0.0,True,0.25,True
40143004900,0.106232,eastern-ok,0.318696,True,0.0,True,0.0,True
40143005001,0.001953,eastern-ok,0.0,True,0.005859,True,0.0,True
40143005002,0.0,eastern-ok,0.0,True,0.0,True,0.0,True
40143005100,0.001909,eastern-ok,0.0,True,0.005727,True,0.0,True
40143005200,0.0,eastern-ok,0.0,True,0.0,True,0.0,True
40143005300,0.0,eastern-ok,0.0,True,0.0,True,0.0,True
40143005401,0.197866,eastern-ok,0.593599,True,0.0,True,0.0,True
40143005403,0.227184,eastern-ok,0.681551,True,0.0,True,0.0,True
40143005404,0.133411,eastern-ok,0.400233,True,0.0,True,0.0,True
40143005500,0.308037,eastern-ok,0.67411,True,0.0,True,0.25,True
40143005600,0.270552,eastern-ok,0.728324,True,0.0,True,0.083333,True
40143005700,0.218701,eastern-ok,0.656103,True,0.0,True,0.0,True
40143005801,0.127526,eastern-ok,0.292653,True,0.0,True,0.089924,True
40143005805,0.120003,eastern-ok,0.360008,True,0.0,True,0.0,True
40143005808,0.02306,eastern-ok,0.069179,True,0.0,True,0.0,True
40143005809,0.0,eastern-ok,0.0,True,0.0,True,0.0,True
40143005810,0.166928,eastern-ok,0.500785,True,0.0,True,0.0,True
40143005811,0.186534,eastern-ok,0.559601,True,0.0,True,0.0,True
40143005812,0.0,eastern-ok,0.0,False,0.0,True,0.0,True
40143005813,0.0,eastern-ok,0.0,False,0.0,True,0.0,True
40143005900,0.144842,eastern-ok,0.434526,True,0.0,True,0.0,True
40143006000,0.090789,eastern-ok,0.022368,True,0.0,True,0.25,True
40143006200,0.000513,eastern-ok,0.0,True,0.00154,True,0.0,True
40143006506,0.05373,eastern-ok,0.161189,True,0.0,True,0.0,True
40143006507,0.0,eastern-ok,0.0,True,0.0,True,0.0,True
40143006600,0.177919,eastern-ok,0.200424,True,0.0,True,0.333333,True
40143006701,0.076882,eastern-ok,0.230646,True,0.0,True,0.0,True
40143006703,0.0,eastern-ok,0.0,True,0.0,True,0.0,True
40143006708,0.0,eastern-ok,0.0,False,0.0,True,0.0,True
40143006709,0.103206,eastern-ok,0.309618,True,0.0,True,0.0,True
40143006710,0.0,eastern-ok,0.0,True,0.0,True,0.0,True
40143006711,0.0,eastern-ok,0.0,True,0.0,True,0.0,True
40143006712,0.060116,eastern-ok,0.180347,True,0.0,True,0.0,True
40143006713,0.14923,eastern-ok,0.44769,True,0.0,True,0.0,True
40143006801,0.0,eastern-ok,0.0,True,0.0,True,0.0,True
40143006803,0.0,eastern-ok,0.0,True,0.0,True,0.0,True
40143006804,0.0,eastern-ok,0.0,True,0.0,True,0.0,True
40143006901,0.0,eastern-ok,0.0,False,0.0,True,0.0,True
40143006902,0.00128,eastern-ok,0.0,False,0.002561,True,0.0,True
40143006903,0.0,eastern-ok,0.0,False,0.0,True,0.0,True
40143006905,0.0,eastern-ok,0.0,False,0.0,True,0.0,True
40143006906,0.007422,eastern-ok,0.0,True,0.022265,True,0.0,True
40143006907,0.001594,eastern-ok,0.0,False,0.003188,True,0.0,True
40143007000,0.008688,eastern-ok,0.026063,True,0.0,True,0.0,True
40143007101,0.0,eastern-ok,0.0,False,0.0,True,0.0,True
40143007102,0.0,eastern-ok,0.0,False,0.0,True,0.0,True
40143007200,0.0,eastern-ok,0.0,False,0.0,True,0.0,True
40143007304,0.0,eastern-ok,0.0,True,0.0,True,0.0,True
40143007306,0.0,eastern-ok,0.0,False,0.0,True,0.0,True
40143007308,0.2365,eastern-ok,0.709501,True,0.0,True,0.0,True
40143007309,0.166667,eastern-ok,0.0,True,0.0,True,0.5,True
40143007310,0.0,eastern-ok,0.0,True,0.0,True,0.0,True
40143007311,0.0,eastern-ok,0.0,True,0.0,True,0.0,True
40143007312,0.0,eastern-ok,0.0,False,0.0,True,0.0,True
40143007313,0.102479,eastern-ok,0.307437,True,0.0,True,0.0,True
40143007314,0.125761,eastern-ok,0.377284,True,0.0,True,0.0,True
40143007402,0.0,eastern-ok,0.0,False,0.0,True,0.0,True
40143007408,0.0,eastern-ok,0.0,True,0.0,True,0.0,True
40143007409,0.0,eastern-ok,0.0,False,0.0,True,0.0,True
40143007410,0.016319,eastern-ok,0.048956,True,0.0,True,0.0,True
40143007411,0.0,eastern-ok,0.0,True,0.0,True,0.0,True
40143007412,0.000414,eastern-ok,0.0,False,0.000829,True,0.0,True
40143007413,0.0,eastern-ok,0.0,False,0.0,True,0.0,True
40143007414,0.0,eastern-ok,0.0,True,0.0,True,0.0,True
40143007415,0.25,eastern-ok,0.0,False,0.0,True,0.5,True
40143007416,0.004742,eastern-ok,0.0,True,0.014225,True,0.0,True
40143007417,0.0,eastern-ok,0.0,True,0.0,True,0.0,True
40143007503,0.0,eastern-ok,0.0,False,0.0,True,0.0,True
40143007507,0.125329,eastern-ok,0.0,False,0.000658,True,0.25,True
40143007510,0.001565,eastern-ok,0.0,False,0.00313,True,0.0,True
40143007511,0.0,eastern-ok,0.0,False,0.0,True,0.0,True
40143007512,0.0,eastern-ok,0.0,False,0.0,True,0.0,True
40143007518,0.002756,eastern-ok,0.0,False,0.005512,True,0.0,True
40143007519,0.000397,eastern-ok,0.0,False,0.000793,True,0.0,True
40143007520,0.00194,eastern-ok,0.0,False,0.00388,True,0.0,True
40143007522,0.0,eastern-ok,0.0,True,0.0,True,0.0,True
40143007523,0.0,eastern-ok,0.0,False,0.0,True,0.0,True
40143007525,0.125,eastern-ok,0.0,False,0.0,True,0.25,True
40143007526,0.0,eastern-ok,0.0,False,0.0,True,0.0,True
40143007527,0.050073,eastern-ok,0.0,False,0.005859,True,0.094287,True
40143007528,0.048793,eastern-ok,0.146379,True,0.0,True,0.0,True
40143007529,0.001361,eastern-ok,0.0,False,0.002723,True,0.0,True
40143007530,0.0,eastern-ok,0.0,True,0.0,True,0.0,True
40143007531,0.0,eastern-ok,0.0,True,0.0,True,0.0,True
40143007532,0.0,eastern-ok,0.0,False,0.0,True,0.0,True
40143007533,0.0,eastern-ok,0.0,False,0.0,True,0.0,True
40143007534,0.0,eastern-ok,0.0,False,0.0,True,0.0,True
40143007535,0.166667,eastern-ok,0.0,True,0.0,True,0.5,True
40143007536,0.0,eastern-ok,0.0,False,0.0,True,0.0,True
40143007608,0.0,eastern-ok,0.0,False,0.0,True,0.0,True
40143007611,0.001022,eastern-ok,0.0,False,0.002045,True,0.0,True
40143007612,0.0,eastern-ok,0.0,False,0.0,True,0.0,True
40143007613,0.000978,eastern-ok,0.0,False,0.001957,True,0.0,True
40143007614,0.004662,eastern-ok,0.0,False,0.009324,True,0.0,True
40143007615,0.000809,eastern-ok,0.0,False,0.001618,True,0.0,True
40143007616,0.0,eastern-ok,0.0,False,0.0,True,0.0,True
40143007617,0.0,eastern-ok,0.0,False,0.0,True,0.0,True
40143007619,0.0,eastern-ok,0.0,False,0.0,True,0.0,True
40143007629,0.001422,eastern-ok,0.0,True,0.004266,True,0.0,True
40143007630,0.142303,eastern-ok,0.42691,True,0.0,True,0.0,True
40143007631,0.0,eastern-ok,0.0,False,0.0,True,0.0,True
40143007632,0.00463,eastern-ok,0.0,False,0.009259,True,0.0,True
40143007633,0.002356,eastern-ok,0.0,True,0.007067,True,0.0,True
40143007634,0.0,eastern-ok,0.0,True,0.0,True,0.0,True
40143007636,0.168403,eastern-ok,0.50521,True,0.0,True,0.0,True
40143007638,0.0,eastern-ok,0.0,False,0.0,True,0.0,True
40143007639,0.0,eastern-ok,0.0,False,0.0,True,0.0,True
40143007641,0.009091,eastern-ok,0.0,False,0.018182,True,0.0,True
40143007642,0.0,eastern-ok,0.0,False,0.0,True,0.0,True
40143007643,0.002632,eastern-ok,0.0,False,0.005263,True,0.0,True
40143007644,0.0,eastern-ok,0.0,False,0.0,True,0.0,True
40143007645,0.002656,eastern-ok,0.0,False,0.005312,True,0.0,True
40143007646,0.003295,eastern-ok,0.0,False,0.00659,True,0.0,True
40143007647,0.0,eastern-ok,0.0,False,0.0,True,0.0,True
40143007648,0.0,eastern-ok,0.0,False,0.0,True,0.0,True
40143007649,0.0,eastern-ok,0.0,False,0.0,True,0.0,True
40143007650,0.061553,eastern-ok,0.0,False,0.0,True,0.123106,True
40143007651,0.22673,eastern-ok,0.674923,True,0.005268,True,0.0,True
40143007652,0.23746,eastern-ok,0.712381,True,0.0,True,0.0,True
40143007653,0.001208,eastern-ok,0.0,False,0.002415,True,0.0,True
40143007654,0.002281,eastern-ok,0.0,False,0.004563,True,0.0,True
40143007655,0.16671,eastern-ok,0.500131,True,0.0,True,0.0,True
40143007656,0.022445,eastern-ok,0.067334,True,0.0,True,0.0,True
40143007703,0.235601,eastern-ok,0.706803,True,0.0,True,0.0,True
40143007704,0.241039,eastern-ok,0.629051,True,0.0,True,0.094066,True
40143007705,0.217771,eastern-ok,0.653314,True,0.0,True,0.0,True
40143007706,0.001989,eastern-ok,0.0,False,0.003978,True,0.0,True
40143007707,0.210389,eastern-ok,0.631167,True,0.0,True,0.0,True
40143007801,0.211916,eastern-ok,0.635749,True,0.0,True,0.0,True
40143007803,0.32571,eastern-ok,0.47713,True,0.0,True,0.5,True
40143007804,0.31484,eastern-ok,0.942742,True,0.001778,True,0.0,True
40143007900,0.172403,eastern-ok,0.517208,True,0.0,True,0.0,True
40143008001,0.237879,eastern-ok,0.713637,True,0.0,True,0.0,True
40143008002,0.004443,eastern-ok,0.01333,True,0.0,True,0.0,True
40143008200,0.0,eastern-ok,0.0,True,0.0,True,0.0,True
40143008300,0.0,eastern-ok,0.0,False,0.0,True,0.0,True
40143008400,0.0,eastern-ok,0.0,True,0.0,True,0.0,True
40143008501,0.0,eastern-ok,0.0,True,0.0,True,0.0,True
40143008502,0.083333,eastern-ok,0.0,True,0.0,True,0.25,True
40143008600,0.0,eastern-ok,0.0,True,0.0,True,0.0,True
40143008700,0.000372,eastern-ok,0.001116,True,0.0,True,0.0,True
40143008800,0.0,eastern-ok,0.0,True,0.0,True,0.0,True
40143008900,0.0,eastern-ok,0.0,True,0.0,True,0.0,True
40143009006,0.0,eastern-ok,0.0,False,0.0,True,0.0,True
40143009008,0.012595,eastern-ok,0.037785,True,0.0,True,0.0,True
40143009010,0.072106,eastern-ok,0.0,False,0.002265,True,0.141946,True
40143009011,0.15086,eastern-ok,0.452579,True,0.0,True,0.0,True
40143009012,0.137259,eastern-ok,0.411777,True,0.0,True,0.0,True
40143009013,0.0,eastern-ok,0.0,False,0.0,True,0.0,True
40143009014,0.0,eastern-ok,0.0,False,0.0,True,,False
40143009015,0.000357,eastern-ok,0.0,False,0.000714,True,0.0,True
40143009016,0.002791,eastern-ok,0.0,False,0.005581,True,0.0,True
40143009017,0.004444,eastern-ok,0.0,False,0.008889,True,0.0,True
40143009018,0.002706,eastern-ok,0.0,False,0.005413,True,0.0,True
40143009019,0.0,eastern-ok,0.0,True,0.0,True,0.0,True
40143009020,0.0,eastern-ok,0.0,False,0.0,True,0.0,True
40143009021,0.002232,eastern-ok,0.0,False,0.004464,True,0.0,True
40143009101,0.297301,eastern-ok,0.766902,True,0.0,True,0.125,True
40143009104,0.238733,eastern-ok,0.716199,True,0.0,True,0.0,True
40143009200,0.267666,eastern-ok,0.552998,True,0.0,True,0.25,True
40143009300,0.225175,eastern-ok,0.675524,True,0.0,True,0.0,True
40143009401,0.062067,eastern-ok,0.1862,True,0.0,True,0.0,True
40143009403,0.083333,eastern-ok,0.0,True,0.0,True,0.25,True
40143009404,0.118427,eastern-ok,0.355282,True,0.0,True,0.0,True
40143009500,0.15476,eastern-ok,0.297614,True,0.0,True,0.166667,True
40143011300,0.0,eastern-ok,0.0,True,0.0,True,0.0,True
40143011400,0.0,eastern-ok,0.0,False,0.0,True,0.0,True
40145030101,0.185387,eastern-ok,0.556161,True,0.0,True,0.0,True
40145030102,0.125307,eastern-ok,0.37592,True,0.0,True,0.0,True
40145030201,0.3233,eastern-ok,0.931794,True,0.038106,True,0.0,True
40145030202,0.005875,eastern-ok,0.0,True,0.017624,True,0.0,True
40145030300,0.142916,eastern-ok,0.424434,True,0.004313,True,0.0,True
40145030402,0.085164,eastern-ok,0.0,True,0.005492,True,0.25,True
40145030403,0.200906,eastern-ok,0.102718,True,0.0,True,0.5,True
40145030406,0.333333,eastern-ok,1.0,True,0.0,True,0.0,True
40145030407,0.0,eastern-ok,0.0,False,0.0,True,0.0,True
40145030408,4.4e-05,eastern-ok,8.8e-05,True,0.0,True,,False
40145030502,0.177512,eastern-ok,0.0,True,0.0,True,0.532536,True
40145030505,0.002172,eastern-ok,0.0,True,0.006515,True,0.0,True
40145030506,0.0,eastern-ok,0.0,True,0.0,True,0.0,True
40145030507,0.001188,eastern-ok,0.0,False,0.002375,True,0.0,True
40145030508,0.005538,eastern-ok,0.0,True,0.016615,True,0.0,True
40145030509,0.012483,eastern-ok,0.0,False,0.024967,True,0.0,True
40145030510,0.0,eastern-ok,0.0,True,0.0,True,0.0,True
40145030511,0.0,eastern-ok,0.0,True,0.0,True,0.0,True
40145030512,0.000578,eastern-ok,0.001734,True,0.0,True,0.0,True
40145030601,0.0,eastern-ok,0.0,True,0.0,True,0.0,True
40145030603,0.124661,eastern-ok,0.373984,True,0.0,True,0.0,True
40145030604,0.29261,eastern-ok,0.627829,True,0.0,True,0.25,True
40145030605,0.234608,eastern-ok,0.703824,True,0.0,True,0.0,True
40145030798,0.08953,eastern-ok,0.185256,True,0.0,True,0.083333,True
40145030800,0.048008,eastern-ok,0.144025,True,0.0,True,0.0,True
40147000100,0.25063,eastern-ok,0.0,False,0.001259,True,0.5,True
40147000200,0.174023,eastern-ok,0.52207,True,0.0,True,0.0,True
40147000300,0.050698,eastern-ok,0.152094,True,0.0,True,0.0,True
40147000400,0.15659,eastern-ok,0.467268,True,0.002502,True,0.0,True
40147000500,0.000124,eastern-ok,0.0,True,0.000371,True,0.0,True
40147000601,0.216654,eastern-ok,0.646414,True,0.003548,True,0.0,True
40147000602,0.276802,eastern-ok,0.825138,True,0.005267,True,0.0,True
40147000700,0.201174,eastern-ok,0.599624,True,0.003899,True,0.0,True
40147000800,0.187408,eastern-ok,0.559568,True,0.002655,True,0.0,True
40147000900,0.334579,eastern-ok,1.0,True,0.003738,True,0.0,True
40147001000,0.165166,eastern-ok,0.365662,True,0.004836,True,0.125,True
40147001100,0.125724,eastern-ok,0.373522,True,0.00365,True,0.0,True
40147001200,0.284239,eastern-ok,0.346835,True,0.005882,True,0.5,True
40147001300,0.184487,eastern-ok,0.422225,True,0.006236,True,0.125,True
40149964900,0.056865,eastern-ok,0.016694,True,0.003901,True,0.15,True
40149965000,0.230842,eastern-ok,0.432827,True,0.009698,True,0.25,True
40149965100,0.138585,eastern-ok,0.319716,True,0.012704,True,0.083333,True
40149965400,0.236405,eastern-ok,0.459216,True,0.0,True,0.25,True
40151954201,0.106895,eastern-ok,0.320686,True,0.0,True,0.0,True
40151954202,0.27054,eastern-ok,0.422731,True,0.0,True,0.388889,True
40151954300,0.271499,eastern-ok,0.814497,True,0.0,True,0.0,True
40151954400,0.237586,eastern-ok,0.364984,True,0.01444,True,0.333333,True
40153953100,0.176989,eastern-ok,0.272614,True,0.008354,True,0.25,True
40153953200,0.252574,eastern-ok,0.445221,True,0.0,True,0.3125,True
40153953300,0.23029,eastern-ok,0.68429,True,0.006581,True,0.0,True
40153953400,0.324965,eastern-ok,0.712294,True,0.012602,True,0.25,True
40153953500,0.318199,eastern-ok,0.951332,True,0.003264,True,0.0,True
06007000102,0.002288,northern-ca,0.0,True,0.006865,True,0.0,True
06007000103,0.000686,northern-ca,0.0,True,0.002059,True,0.0,True
06007000104,0.000554,northern-ca,0.0,False,0.001109,True,0.0,True
06007000201,0.243054,northern-ca,0.729161,True,0.0,True,0.0,True
06007000202,0.166667,northern-ca,0.0,True,0.0,True,0.5,True
06007000300,0.064567,northern-ca,0.193701,True,0.0,True,0.0,True
06007000401,0.005793,northern-ca,0.0,True,0.01738,True,0.0,True
06007000403,0.0,northern-ca,0.0,False,0.0,True,0.0,True
06007000404,0.0,northern-ca,0.0,False,0.0,True,0.0,True
06007000501,0.117619,northern-ca,0.304556,True,0.0,True,0.0483,True
06007000502,0.227892,northern-ca,0.683676,True,0.0,True,0.0,True
06007000601,0.0,northern-ca,0.0,False,0.0,True,0.0,True
06007000603,0.0,northern-ca,0.0,False,0.0,True,0.0,True
06007000604,0.0,northern-ca,0.0,False,0.0,True,0.0,True
06007000700,0.055556,northern-ca,0.0,True,0.0,True,0.166667,True
06007000800,0.125895,northern-ca,0.377685,True,0.0,True,0.0,True
06007000901,0.000249,northern-ca,0.0,True,0.000747,True,0.0,True
06007000903,0.075229,northern-ca,0.225686,True,0.0,True,0.0,True
06007000904,0.160182,northern-ca,0.479144,True,0.001403,True,0.0,True
06007001000,0.052124,northern-ca,0.156373,True,0.0,True,0.0,True
06007001100,0.153755,northern-ca,0.461265,True,0.0,True,0.0,True
06007001200,0.0,northern-ca,0.0,False,0.0,True,0.0,True
06007001300,0.0,northern-ca,0.0,True,0.0,True,0.0,True
06007001400,0.178131,northern-ca,0.284394,True,0.0,True,0.25,True
06007001500,0.0,northern-ca,0.0,True,0.0,True,0.0,True
06007001601,0.323052,northern-ca,0.505537,True,0.088617,True,0.375,True
06007001602,0.254136,northern-ca,0.254157,True,0.008251,True,0.5,True
06007001702,0.0,northern-ca,0.0,False,0.0,True,0.0,True
06007001703,0.190517,northern-ca,0.0,False,0.0,True,0.381033,True
06007001704,0.00929,northern-ca,0.0,False,0.01858,True,0.0,True
06007001800,0.125,northern-ca,0.0,False,0.0,True,0.25,True
06007001900,0.0,northern-ca,0.0,False,0.0,True,0.0,True
06007002000,0.008232,northern-ca,0.0,False,0.016464,True,0.0,True
06007002100,0.0,northern-ca,0.0,False,0.0,True,0.0,True
06007002200,0.248777,northern-ca,0.246332,True,0.0,True,0.5,True
06007002300,0.252127,northern-ca,0.494895,True,0.011488,True,0.25,True
06007002401,0.069444,northern-ca,0.0,True,0.0,True,0.208333,True
06007002402,0.166667,northern-ca,0.0,True,0.0,True,0.5,True
06007002500,0.064185,northern-ca,0.192556,True,0.0,True,0.0,True
06007002601,0.304816,northern-ca,0.902712,True,0.011736,True,0.0,True
06007002602,0.36002,northern-ca,0.574391,True,0.005668,True,0.5,True
06007002700,0.084611,northern-ca,0.0,True,0.003834,True,0.25,True
06007002800,0.159737,northern-ca,0.145877,True,0.0,True,0.333333,True
06007002900,0.027778,northern-ca,0.0,True,0.0,True,0.083334,True
06007003001,0.212354,northern-ca,0.632824,True,0.004237,True,0.0,True
06007003002,0.001279,northern-ca,0.0,True,0.003838,True,0.0,True
06007003100,0.381007,northern-ca,0.883373,True,0.009649,True,0.25,True
06007003200,0.133018,northern-ca,0.0,False,0.016036,True,0.25,True
06007003300,0.044946,northern-ca,0.0,True,0.009839,True,0.125,True
06007003400,0.167637,northern-ca,0.491559,True,0.011353,True,0.0,True
06007003501,0.087632,northern-ca,0.0,True,0.012896,True,0.25,True
06007003502,0.234802,northern-ca,0.447009,True,0.007396,True,0.25,True
06007003600,0.142747,northern-ca,0.303241,True,0.0,True,0.125,True
06007003700,0.278248,northern-ca,0.584387,True,0.000356,True,0.25,True
06011000100,0.041667,northern-ca,0.0,True,0.0,True,0.125,True
06011000200,0.226609,northern-ca,0.513162,True,0.0,True,0.166666,True
06011000301,0.0,northern-ca,0.0,True,0.0,True,0.0,True
06011000302,0.083333,northern-ca,0.0,True,0.0,True,0.25,True
06011000400,0.059524,northern-ca,0.0,True,0.0,True,0.178572,True
06011000500,0.277189,northern-ca,0.706566,True,0.0,True,0.125,True
06015000202,0.140243,northern-ca,0.29573,True,0.0,True,0.125,True
06017030601,0.192619,northern-ca,0.326555,True,0.001303,True,0.25,True
06017030603,0.289397,northern-ca,0.701525,True,0.0,True,0.166667,True
06017030604,0.125,northern-ca,0.0,False,0.0,True,0.25,True
06017030605,0.300689,northern-ca,0.645876,True,0.006192,True,0.25,True
06017030606,0.279145,northern-ca,0.636244,True,0.001191,True,0.2,True
06017030701,0.001262,northern-ca,0.0,False,0.002523,True,0.0,True
06017030706,0.0,northern-ca,0.0,True,0.0,True,0.0,True
06017030709,0.002555,northern-ca,0.0,False,0.005109,True,0.0,True
06017030710,0.000843,northern-ca,0.0,False,0.001686,True,0.0,True
06017030801,0.09403,northern-ca,0.0,False,0.007219,True,0.180841,True
06017030901,0.084113,northern-ca,0.0,True,0.002338,True,0.25,True
06017030902,0.097365,northern-ca,0.037624,True,0.004472,True,0.25,True
06017031000,0.164154,northern-ca,0.484013,True,0.00845,True,0.0,True
06017031100,0.145757,northern-ca,0.431977,True,0.005295,True,0.0,True
06017031700,0.004244,northern-ca,0.0,False,0.008488,True,0.0,True
06021010101,0.194769,northern-ca,0.582648,True,0.00166,True,0.0,True
06021010102,0.145771,northern-ca,0.437314,True,0.0,True,0.0,True
06021010200,0.001488,northern-ca,0.0,True,0.004465,True,0.0,True
06021010300,0.13713,northern-ca,0.115388,True,0.004337,True,0.291666,True
06021010401,0.0,northern-ca,0.0,True,0.0,True,0.0,True
06021010402,0.175966,northern-ca,0.36123,True,0.0,True,0.166667,True
06021010501,0.113323,northern-ca,0.339968,True,0.0,True,0.0,True
06021010502,0.0625,northern-ca,0.0,True,0.0,True,0.1875,True
06023001200,0.083333,northern-ca,0.0,True,0.0,True,0.25,True
06023010102,0.220454,northern-ca,0.536363,True,0.0,True,0.125,True
06023010902,0.089395,northern-ca,0.0,True,0.018186,True,0.25,True
06023011600,0.177012,northern-ca,0.356036,True,0.0,True,0.175,True
06023940000,0.111291,northern-ca,0.00054,True,0.0,True,0.333333,True
06033000100,0.064145,northern-ca,0.0,True,0.004934,True,0.1875,True
06033000300,0.167684,northern-ca,0.0,True,0.003052,True,0.5,True
06033000401,0.0,northern-ca,0.0,True,0.0,True,0.0,True
06033000402,0.041667,northern-ca,0.0,True,0.0,True,0.125,True
06033000501,0.027218,northern-ca,0.053309,True,0.028346,True,0.0,True
06033000502,0.008125,northern-ca,0.0,True,0.024375,True,0.0,True
06033000601,0.031211,northern-ca,0.011855,True,0.081778,True,0.0,True
06033000602,0.212917,northern-ca,0.082412,True,0.056338,True,0.5,True
06033000702,0.052143,northern-ca,0.156428,True,0.0,True,0.0,True
06033000703,0.0,northern-ca,0.0,True,0.0,True,0.0,True
06033000704,0.260794,northern-ca,0.0,False,0.021588,True,0.5,True
06033000801,0.172792,northern-ca,0.0,True,0.018375,True,0.5,True
06033000802,0.001042,northern-ca,0.0,True,0.003126,True,0.0,True
06033000901,0.08951,northern-ca,0.0,True,0.01853,True,0.25,True
06033000902,0.090421,northern-ca,0.0,True,0.021263,True,0.25,True
06033001000,0.018308,northern-ca,0.054925,True,0.0,True,0.0,True
06033001101,0.166667,northern-ca,0.0,True,0.0,True,0.5,True
06033001102,0.0,northern-ca,0.0,True,0.0,True,0.0,True
06033001200,0.0,northern-ca,0.0,True,0.0,True,0.0,True
06033001301,0.006647,northern-ca,0.01994,True,0.0,True,0.0,True
06033001302,0.069823,northern-ca,0.126136,True,0.0,True,0.083333,True
06035040100,0.083333,northern-ca,0.0,True,0.0,True,0.25,True
06035040200,0.05095,northern-ca,0.0,True,0.009993,True,0.142857,True
06035040302,0.123076,northern-ca,0.202561,True,0.0,True,0.166667,True
06035040303,0.029108,northern-ca,0.087324,True,0.0,True,0.0,True
06035040304,0.237892,northern-ca,0.713676,True,0.0,True,0.0,True
06035040305,0.0,northern-ca,0.0,True,0.0,True,0.0,True
06035040400,0.083333,northern-ca,0.0,True,0.0,True,0.25,True
06035040500,0.000379,northern-ca,0.0,True,0.001136,True,0.0,True
06035040600,0.0625,northern-ca,0.0,True,0.0,True,0.1875,True
06045010100,0.165068,northern-ca,0.245205,True,0.0,True,0.25,True
06045010200,0.175926,northern-ca,0.384922,True,0.0,True,0.142857,True
06045010601,0.32185,northern-ca,0.709362,True,0.006188,True,0.25,True
06045010602,0.357114,northern-ca,0.571341,True,0.0,True,0.5,True
06045010801,0.140607,northern-ca,0.421822,True,0.0,True,0.0,True
06045010802,0.0,northern-ca,0.0,True,0.0,True,0.0,True
06045011700,0.080081,northern-ca,0.240243,True,0.0,True,0.0,True
06045011800,0.238093,northern-ca,0.589279,True,0.0,True,0.125,True
06049000100,0.218306,northern-ca,0.404917,True,0.0,True,0.25,True
06049000200,0.083333,northern-ca,0.0,True,0.0,True,0.25,True
06049000300,0.113689,northern-ca,0.122318,True,0.0,True,0.21875,True
06055201800,0.266652,northern-ca,0.549955,True,0.0,True,0.25,True
06057000102,0.0,northern-ca,0.0,True,0.0,True,0.0,True
06057000104,0.166667,northern-ca,0.0,True,0.0,True,0.5,True
06057000105,0.099027,northern-ca,0.29708,True,0.0,True,0.0,True
06057000106,0.159722,northern-ca,0.479166,True,0.0,True,0.0,True
06057000107,0.098943,northern-ca,0.296829,True,0.0,True,0.0,True
06057000200,0.0625,northern-ca,0.0,False,0.0,True,0.125,True
06057000300,0.166667,northern-ca,0.0,True,0.0,True,0.5,True
06057000401,0.127635,northern-ca,0.0,False,0.005271,True,0.25,True
06057000403,0.209156,northern-ca,0.624483,True,0.002985,True,0.0,True
06057000404,0.002754,northern-ca,0.0,True,0.008263,True,0.0,True
06057000502,0.016667,northern-ca,0.0,True,0.0,True,0.05,True
06057000503,0.001393,northern-ca,0.0,False,0.002786,True,0.0,True
06057000504,0.037629,northern-ca,0.112886,True,0.0,True,0.0,True
06057000601,0.135848,northern-ca,0.407544,True,0.0,True,0.0,True
06057000602,0.213093,northern-ca,0.38928,True,0.0,True,0.25,True
06057000701,0.300542,northern-ca,0.776626,True,0.0,True,0.125,True
06057000702,0.282228,northern-ca,0.596684,True,0.0,True,0.25,True
06057000801,0.243505,northern-ca,0.230514,True,0.0,True,0.5,True
06057000802,0.129618,northern-ca,0.388853,True,0.0,True,0.0,True
06057000900,0.069444,northern-ca,0.0,True,0.0,True,0.208333,True
06061020200,0.0,northern-ca,0.0,False,0.0,True,0.0,True
06061020300,0.154122,northern-ca,0.212365,True,0.0,True,0.25,True
06061020401,0.109314,northern-ca,0.327942,True,0.0,True,0.0,True
06061020402,0.262654,northern-ca,0.787962,True,0.0,True,0.0,True
06061020501,0.162503,northern-ca,0.435204,True,0.010073,True,0.042232,True
06061020502,0.01262,northern-ca,0.032455,True,0.005403,True,0.0,True
06061020601,0.259029,northern-ca,0.0,False,0.010107,True,0.507952,True
06061020604,0.128255,northern-ca,0.0,False,0.006509,True,0.25,True
06061020605,0.125,northern-ca,0.0,False,0.0,True,0.25,True
06061020606,0.001937,northern-ca,0.0,False,0.003873,True,0.0,True
06061020607,0.001646,northern-ca,0.0,True,0.004937,True,0.0,True
06061020608,0.084331,northern-ca,0.0,True,0.002992,True,0.25,True
06061020710,0.004923,northern-ca,0.0,False,0.009847,True,0.0,True
06061020711,0.0,northern-ca,0.0,False,0.0,True,0.0,True
06061020712,0.000838,northern-ca,0.0,True,0.002513,True,0.0,True
06061020713,0.001911,northern-ca,0.0,True,0.005734,True,0.0,True
06061020714,0.004052,northern-ca,0.0,True,0.012156,True,0.0,True
06061020715,0.0,northern-ca,0.0,False,0.0,True,0.0,True
06061020717,0.0,northern-ca,0.0,True,0.0,True,0.0,True
06061020805,0.006092,northern-ca,0.0,True,0.018275,True,0.0,True
06061020806,0.003427,northern-ca,0.0,True,0.010281,True,0.0,True
06061020901,0.0,northern-ca,0.0,False,0.0,True,0.0,True
06061020908,0.0,northern-ca,0.0,False,0.0,True,0.0,True
06061021003,0.0,northern-ca,0.0,True,0.0,True,0.0,True
06061021034,0.001719,northern-ca,0.0,False,0.003439,True,0.0,True
06061021037,0.004013,northern-ca,0.0,False,0.008026,True,0.0,True
06061021038,0.002256,northern-ca,0.0,False,0.004512,True,0.0,True
06061021039,0.002979,northern-ca,0.0,False,0.005957,True,0.0,True
06061021040,0.002686,northern-ca,0.0,False,0.005371,True,0.0,True
06061021043,0.384828,northern-ca,0.0,False,0.0,True,0.769657,True
06061021044,0.0,northern-ca,0.0,False,0.0,True,0.0,True
06061021045,0.002853,northern-ca,0.0,False,0.005706,True,0.0,True
06061021046,0.0,northern-ca,0.0,False,0.0,True,0.0,True
06061021047,0.0,northern-ca,0.0,False,0.0,True,0.0,True
06061021048,0.005314,northern-ca,0.0,False,0.005314,True,,False
06061021103,0.0,northern-ca,0.0,True,0.0,True,0.0,True
06061021106,0.003995,northern-ca,0.0,False,0.007991,True,0.0,True
06061021108,0.062599,northern-ca,0.0,True,0.019071,True,0.168725,True
06061021109,0.003165,northern-ca,0.0,True,0.009495,True,0.0,True
06061021122,0.0,northern-ca,0.0,False,0.0,True,0.0,True
06061021123,0.0,northern-ca,0.0,False,0.0,True,0.0,True
06061021128,0.003036,northern-ca,0.0,False,0.006073,True,0.0,True
06061021129,0.00038,northern-ca,0.0,True,0.00114,True,0.0,True
06061021130,0.005698,northern-ca,0.0,False,0.011396,True,0.0,True
06061021131,0.00738,northern-ca,0.0,False,0.01476,True,0.0,True
06061021203,0.001987,northern-ca,0.0,True,0.00596,True,0.0,True
06061021204,0.153737,northern-ca,0.456409,True,0.004803,True,0.0,True
06061021304,0.133,northern-ca,0.396007,True,0.002994,True,0.0,True
06061021323,0.0,northern-ca,0.0,True,0.0,True,0.0,True
06061021324,0.0,northern-ca,0.0,False,0.0,True,0.0,True
06061021325,0.0,northern-ca,0.0,False,0.0,True,0.0,True
06061021326,0.0,northern-ca,0.0,False,0.0,True,0.0,True
06061021327,0.0,northern-ca,0.0,False,0.0,True,0.0,True
06061021328,0.0,northern-ca,0.0,True,0.0,True,0.0,True
06061021401,0.211751,northern-ca,0.55442,True,0.0,True,0.080832,True
06061021403,0.061564,northern-ca,0.184692,True,0.0,True,0.0,True
06061021501,0.167565,northern-ca,0.499567,True,0.003129,True,0.0,True
06061021502,0.193887,northern-ca,0.331661,True,0.0,True,0.25,True
06061021603,0.159042,northern-ca,0.468172,True,0.008953,True,0.0,True
06061021604,0.1825,northern-ca,0.543571,True,0.003931,True,0.0,True
06061021801,0.227567,northern-ca,0.682702,True,0.0,True,0.0,True
06061021802,0.00663,northern-ca,0.019889,True,0.0,True,0.0,True
06061021901,0.008762,northern-ca,0.0,True,0.026287,True,0.0,True
06061021902,0.004496,northern-ca,0.0,True,0.013487,True,0.0,True
06061022002,0.031372,northern-ca,0.0,True,0.010782,True,0.083333,True
06061022013,0.083333,northern-ca,0.0,True,0.0,True,0.25,True
06061022014,0.132374,northern-ca,0.230455,True,0.0,True,0.166667,True
06061022400,0.0,northern-ca,0.0,True,0.0,True,0.0,True
06061022500,0.01106,northern-ca,0.0,False,0.02212,True,0.0,True
06061022600,0.000303,northern-ca,0.0,True,0.000909,True,0.0,True
06061022800,0.0,northern-ca,0.0,True,0.0,True,0.0,True
06061022900,0.001087,northern-ca,0.0,False,0.002174,True,0.0,True
06061023000,0.0,northern-ca,0.0,True,0.0,True,0.0,True
06061023100,0.0,northern-ca,0.0,False,0.0,True,0.0,True
06061023200,0.0,northern-ca,0.0,True,0.0,True,0.0,True
06061023300,0.001413,northern-ca,0.0,True,0.004239,True,0.0,True
06061023400,0.062781,northern-ca,0.188343,True,0.0,True,0.0,True
06061023501,0.0,northern-ca,0.0,False,0.0,True,0.0,True
06061023502,0.0,northern-ca,0.0,True,0.0,True,0.0,True
06061023600,0.000358,northern-ca,0.0,False,0.000358,True,,False
06061023700,0.0,northern-ca,0.0,True,0.0,True,0.0,True
06061023800,0.079771,northern-ca,0.239313,True,0.0,True,0.0,True
06061023900,0.086218,northern-ca,0.0,True,0.008655,True,0.25,True
06063000100,0.184306,northern-ca,0.302919,True,0.0,True,0.25,True
06063000201,0.125,northern-ca,0.0,True,0.0,True,0.375,True
06063000202,0.1,northern-ca,0.0,True,0.0,True,0.3,True
06063000300,0.063827,northern-ca,0.066482,True,0.0,True,0.125,True
06063000400,0.234401,northern-ca,0.411339,True,0.014085,True,0.277778,True
06063000501,0.290587,northern-ca,0.668859,True,0.140401,True,0.0625,True
06063000502,0.2541,northern-ca,0.176288,True,0.136012,True,0.45,True
06067000100,0.127376,northern-ca,0.379813,True,0.002313,True,0.0,True
06067000200,0.000439,northern-ca,0.0,False,0.000878,True,0.0,True
06067000300,0.0,northern-ca,0.0,False,0.0,True,0.0,True
06067000400,0.069514,northern-ca,0.208542,True,0.0,True,0.0,True
06067000501,0.206996,northern-ca,0.620987,True,0.0,True,0.0,True
06067000502,0.327878,northern-ca,0.983633,True,0.0,True,0.0,True
06067000600,0.0,northern-ca,0.0,True,0.0,True,0.0,True
06067000700,0.0,northern-ca,0.0,True,0.0,True,0.0,True
06067000800,0.0,northern-ca,0.0,True,0.0,True,0.0,True
06067001102,0.0,northern-ca,0.0,True,0.0,True,0.0,True
06067001103,0.0,northern-ca,0.0,True,0.0,True,0.0,True
06067001201,0.0,northern-ca,0.0,True,0.0,True,0.0,True
06067001202,0.0,northern-ca,0.0,True,0.0,True,0.0,True
06067001300,0.0,northern-ca,0.0,True,0.0,True,0.0,True
06067001400,0.0,northern-ca,0.0,True,0.0,True,0.0,True
06067001500,0.0,northern-ca,0.0,False,0.0,True,0.0,True
06067001601,0.0,northern-ca,0.0,True,0.0,True,0.0,True
06067001602,0.11536,northern-ca,0.0,False,0.0,True,0.230721,True
06067001702,0.086598,northern-ca,0.0,True,0.009793,True,0.25,True
06067001800,0.0,northern-ca,0.0,True,0.0,True,0.0,True
06067001900,0.0,northern-ca,0.0,True,0.0,True,0.0,True
06067002000,0.041849,northern-ca,0.125546,True,0.0,True,0.0,True
06067002100,0.0,northern-ca,0.0,True,0.0,True,0.0,True
06067002200,0.0,northern-ca,0.0,True,0.0,True,0.0,True
06067002300,0.068478,northern-ca,0.205434,True,0.0,True,0.0,True
06067002400,0.0,northern-ca,0.0,True,0.0,True,0.0,True
06067002500,0.009667,northern-ca,0.0,False,0.019335,True,0.0,True
06067002600,0.0,northern-ca,0.0,False,0.0,True,0.0,True
06067002700,0.0,northern-ca,0.0,True,0.0,True,0.0,True
06067005301,0.087647,northern-ca,0.262941,True,0.0,True,0.0,True
06067005402,0.0,northern-ca,0.0,True,0.0,True,0.0,True
06067005403,0.004854,northern-ca,0.0,False,0.009709,True,0.0,True
06067005404,0.003109,northern-ca,0.0,False,0.006217,True,0.0,True
06067005502,0.0,northern-ca,0.0,True,0.0,True,0.0,True
06067005505,0.0,northern-ca,0.0,False,0.0,True,0.0,True
06067005506,0.0,northern-ca,0.0,False,0.0,True,0.0,True
06067005508,0.003831,northern-ca,0.0,False,0.007663,True,0.0,True
06067005509,0.0,northern-ca,0.0,False,0.0,True,0.0,True
06067005510,0.0,northern-ca,0.0,False,0.0,True,0.0,True
06067005601,0.0,northern-ca,0.0,False,0.0,True,0.0,True
06067005605,0.0,northern-ca,0.0,False,0.0,True,0.0,True
06067005606,0.003427,northern-ca,0.0,False,0.006853,True,0.0,True
06067005701,0.00467,northern-ca,0.0,False,0.00934,True,0.0,True
06067005702,0.003773,northern-ca,0.0,False,0.007545,True,0.0,True
06067005801,0.005221,northern-ca,0.0,False,0.010441,True,0.0,True
06067005803,0.0,northern-ca,0.0,False,0.0,True,0.0,True
06067005901,0.002159,northern-ca,0.0,False,0.004318,True,0.0,True
06067005903,0.001048,northern-ca,0.0,False,0.002096,True,0.0,True
06067005904,0.003029,northern-ca,0.0,False,0.006057,True,0.0,True
06067006002,0.005473,northern-ca,0.0,False,0.010947,True,0.0,True
06067006003,0.003954,northern-ca,0.0,False,0.007909,True,0.0,True
06067006004,0.000484,northern-ca,0.0,False,0.000968,True,0.0,True
06067006101,0.003115,northern-ca,0.0,False,0.006231,True,0.0,True
06067006102,0.001763,northern-ca,0.0,False,0.003525,True,0.0,True
06067006202,0.0,northern-ca,0.0,True,0.0,True,0.0,True
06067006203,0.003317,northern-ca,0.0,False,0.006633,True,0.0,True
06067006204,0.004514,northern-ca,0.0,False,0.009027,True,0.0,True
06067006300,0.0,northern-ca,0.0,False,0.0,True,0.0,True
06067006400,0.0,northern-ca,0.0,True,0.0,True,0.0,True
06067006501,0.000502,northern-ca,0.0,True,0.001506,True,0.0,True
06067006502,0.003165,northern-ca,0.0,True,0.009494,True,0.0,True
06067006600,0.0,northern-ca,0.0,False,0.0,True,0.0,True
06067006703,0.000491,northern-ca,0.0,True,0.001472,True,0.0,True
06067006704,0.00165,northern-ca,0.0,True,0.00495,True,0.0,True
06067006705,0.0,northern-ca,0.0,True,0.0,True,0.0,True
06067006706,0.000556,northern-ca,0.0,True,0.001669,True,0.0,True
06067006801,0.0,northern-ca,0.0,False,0.0,True,0.0,True
06067006802,0.0,northern-ca,0.0,False,0.0,True,0.0,True
06067006803,0.0,northern-ca,0.0,False,0.0,True,0.0,True
06067006901,0.0,northern-ca,0.0,True,0.0,True,0.0,True
06067006902,0.25,northern-ca,0.0,False,0.0,True,0.5,True
06067007001,0.0,northern-ca,0.0,True,0.0,True,0.0,True
06067007007,0.0,northern-ca,0.0,True,0.0,True,0.0,True
06067007010,0.013667,northern-ca,0.010255,True,0.030747,True,0.0,True
06067007011,0.124278,northern-ca,0.115817,True,0.007018,True,0.25,True
06067007012,0.0,northern-ca,0.0,False,0.0,True,0.0,True
06067007013,0.0,northern-ca,0.0,False,0.0,True,0.0,True
06067007016,0.004049,northern-ca,0.0,True,0.012148,True,0.0,True
06067007017,0.002801,northern-ca,0.0,True,0.008403,True,0.0,True
06067007019,0.0,northern-ca,0.0,True,0.0,True,0.0,True
06067007020,0.001689,northern-ca,0.0,True,0.005066,True,0.0,True
06067007021,0.001664,northern-ca,0.0,True,0.004992,True,0.0,True
06067007022,0.002058,northern-ca,0.0,True,0.006173,True,0.0,True
06067007023,0.002246,northern-ca,0.0,False,0.004491,True,0.0,True
06067007024,0.0,northern-ca,0.0,False,0.0,True,0.0,True
06067007025,0.0,northern-ca,0.0,True,0.0,True,0.0,True
06067007026,0.0,northern-ca,0.0,False,0.0,True,0.0,True
06067007027,0.0,northern-ca,0.0,True,0.0,True,0.0,True
06067007028,0.009229,northern-ca,0.027687,True,0.0,True,0.0,True
06067007101,0.166667,northern-ca,0.0,True,0.0,True,0.5,True
06067007103,0.055748,northern-ca,0.0,False,0.0,True,0.111496,True
06067007105,0.195031,northern-ca,0.0,False,0.015062,True,0.375,True
06067007106,0.098049,northern-ca,0.0,False,0.010365,True,0.185732,True
06067007107,0.182227,northern-ca,0.042917,True,0.003762,True,0.5,True
06067007108,0.001209,northern-ca,0.0,True,0.003627,True,0.0,True
06067007109,0.005126,northern-ca,0.0,False,0.010253,True,0.0,True
06067007110,0.007258,northern-ca,0.0,False,0.014516,True,0.0,True
06067007111,0.002756,northern-ca,0.0,False,0.005512,True,0.0,True
06067007202,0.000341,northern-ca,0.0,False,0.000683,True,0.0,True
06067007204,0.0,northern-ca,0.0,False,0.0,True,0.0,True
06067007206,0.0,northern-ca,0.0,False,0.0,True,0.0,True
06067007207,0.25,northern-ca,0.0,False,0.0,True,0.5,True
06067007208,0.0625,northern-ca,0.0,False,0.0,True,0.125,True
06067007209,0.0,northern-ca,0.0,False,0.0,True,0.0,True
06067007301,0.027778,northern-ca,0.0,False,0.0,True,0.055556,True
06067007402,0.040183,northern-ca,0.0,False,0.003091,True,0.077276,True
06067007403,0.004502,northern-ca,0.0,False,0.009004,True,0.0,True
06067007413,0.000918,northern-ca,0.0,True,0.002753,True,0.0,True
06067007414,0.0,northern-ca,0.0,False,0.0,True,0.0,True
06067007415,0.006072,northern-ca,0.0,True,0.018215,True,0.0,True
06067007416,0.004869,northern-ca,0.0,False,0.009738,True,0.0,True
06067007417,0.036592,northern-ca,0.0,False,0.012186,True,0.060998,True
06067007422,0.005155,northern-ca,0.0,False,0.010309,True,0.0,True
06067007423,0.093966,northern-ca,0.0,False,0.017268,True,0.170663,True
06067007424,0.005208,northern-ca,0.0,True,0.015625,True,0.0,True
06067007426,0.0,northern-ca,0.0,False,0.0,True,0.0,True
06067007427,0.004267,northern-ca,0.0,False,0.008533,True,0.0,True
06067007428,0.007258,northern-ca,0.0,False,0.014516,True,0.0,True
06067007429,0.003511,northern-ca,0.0,False,0.007021,True,0.0,True
06067007430,0.007293,northern-ca,0.0,False,0.014585,True,0.0,True
06067007431,0.009893,northern-ca,0.0,False,0.019786,True,0.0,True
06067007432,0.005529,northern-ca,0.0,False,0.011057,True,0.0,True
06067007434,0.00027,northern-ca,0.0,False,0.00054,True,0.0,True
06067007435,0.001871,northern-ca,0.0,False,0.003742,True,0.0,True
06067007436,0.348969,northern-ca,0.0,False,0.027888,True,0.67005,True
06067007437,0.007657,northern-ca,0.0,False,0.015313,True,0.0,True
06067007438,0.081757,northern-ca,0.0,False,0.045322,True,0.118193,True
06067007439,0.008315,northern-ca,0.0,False,0.016631,True,0.0,True
06067007501,0.059844,northern-ca,0.0,True,0.012865,True,0.166666,True
06067007503,0.0,northern-ca,0.0,True,0.0,True,0.0,True
06067007504,0.0,northern-ca,0.0,True,0.0,True,0.0,True
06067007602,0.002799,northern-ca,0.0,False,0.005597,True,0.0,True
06067007603,0.00053,northern-ca,0.0,False,0.00106,True,0.0,True
06067007604,0.001082,northern-ca,0.0,False,0.002165,True,0.0,True
06067007701,0.003091,northern-ca,0.0,False,0.006182,True,0.0,True
06067007702,0.004613,northern-ca,0.0,False,0.009225,True,0.0,True
06067007801,0.001208,northern-ca,0.0,False,0.002417,True,0.0,True
06067007802,0.003867,northern-ca,0.0,False,0.007735,True,0.0,True
06067007903,0.008686,northern-ca,0.0,False,0.017372,True,0.0,True
06067007904,0.0,northern-ca,0.0,False,0.0,True,0.0,True
06067007905,0.0,northern-ca,0.0,False,0.0,True,0.0,True
06067007906,0.007704,northern-ca,0.0,False,0.015407,True,0.0,True
06067008005,0.0,northern-ca,0.0,False,0.0,True,0.0,True
06067008006,0.000833,northern-ca,0.0,False,0.001665,True,0.0,True
06067008007,0.003435,northern-ca,0.0,False,0.006869,True,0.0,True
06067008008,0.004158,northern-ca,0.0,False,0.008316,True,0.0,True
06067008009,0.0,northern-ca,0.0,False,0.0,True,0.0,True
06067008010,0.057791,northern-ca,0.0,False,0.003685,True,0.111896,True
06067008111,0.013264,northern-ca,0.0,False,0.026527,True,0.0,True
06067008113,0.083105,northern-ca,0.231007,True,0.018309,True,0.0,True
06067008117,0.006782,northern-ca,0.0,False,0.013564,True,0.0,True
06067008119,0.0,northern-ca,0.0,False,0.0,True,0.0,True
06067008120,0.0,northern-ca,0.0,False,0.0,True,0.0,True
06067008122,0.0,northern-ca,0.0,False,0.0,True,0.0,True
06067008124,0.005645,northern-ca,0.0,False,0.01129,True,0.0,True
06067008125,0.003611,northern-ca,0.0,False,0.007222,True,0.0,True
06067008127,0.008479,northern-ca,0.0,False,0.016959,True,0.0,True
06067008128,0.110477,northern-ca,0.327499,True,0.003933,True,0.0,True
06067008129,0.006574,northern-ca,0.0,True,0.019721,True,0.0,True
06067008130,0.005977,northern-ca,0.0,True,0.017931,True,0.0,True
06067008131,0.008879,northern-ca,0.0,True,0.026638,True,0.0,True
06067008132,0.07324,northern-ca,0.187597,True,0.032124,True,0.0,True
06067008133,0.025903,northern-ca,0.0,False,0.051805,True,0.0,True
06067008134,0.01875,northern-ca,0.0,False,0.0375,True,0.0,True
06067008135,0.014381,northern-ca,0.0,False,0.028761,True,0.0,True
06067008136,0.004983,northern-ca,0.0,False,0.009967,True,0.0,True
06067008137,0.0,northern-ca,0.0,False,0.0,True,0.0,True
06067008138,0.136045,northern-ca,0.0,False,0.02209,True,0.25,True
06067008139,0.009286,northern-ca,0.0,False,0.018571,True,0.0,True
06067008140,0.006488,northern-ca,0.0,False,0.012976,True,0.0,True
06067008141,0.014395,northern-ca,0.0,False,0.02879,True,0.0,True
06067008142,0.009865,northern-ca,0.0,False,0.019731,True,0.0,True
06067008143,0.008217,northern-ca,0.0,False,0.016433,True,0.0,True
06067008144,0.00556,northern-ca,0.0,False,0.011121,True,0.0,True
06067008145,0.255954,northern-ca,0.0,False,0.011909,True,0.5,True
06067008203,0.057428,northern-ca,0.0,False,0.0,True,0.114856,True
06067008204,0.0,northern-ca,0.0,False,0.0,True,0.0,True
06067008206,0.0,northern-ca,0.0,False,0.0,True,0.0,True
06067008207,0.0,northern-ca,0.0,False,0.0,True,0.0,True
06067008208,0.0,northern-ca,0.0,False,0.0,True,0.0,True
06067008209,0.0,northern-ca,0.0,False,0.0,True,0.0,True
06067008210,0.0,northern-ca,0.0,False,0.0,True,0.0,True
06067008211,0.0,northern-ca,0.0,False,0.0,True,0.0,True
06067008402,0.0,northern-ca,0.0,False,0.0,True,0.0,True
06067008403,0.0,northern-ca,0.0,False,0.0,True,0.0,True
06067008404,0.0,northern-ca,0.0,False,0.0,True,0.0,True
06067008501,0.000871,northern-ca,0.0,False,0.001742,True,0.0,True
06067008504,0.0,northern-ca,0.0,True,0.0,True,0.0,True
06067008505,0.0,northern-ca,0.0,False,0.0,True,0.0,True
06067008506,0.0,northern-ca,0.0,False,0.0,True,0.0,True
06067008507,0.0,northern-ca,0.0,True,0.0,True,0.0,True
06067008508,0.0,northern-ca,0.0,True,0.0,True,0.0,True
06067008509,0.003564,northern-ca,0.0,False,0.007129,True,0.0,True
06067008510,0.002655,northern-ca,0.0,False,0.005311,True,0.0,True
06067008512,0.0,northern-ca,0.0,False,0.0,True,0.0,True
06067008702,0.00037,northern-ca,0.0,False,0.000739,True,0.0,True
06067008703,0.0,northern-ca,0.0,True,0.0,True,0.0,True
06067008909,0.004249,northern-ca,0.0,False,0.008499,True,0.0,True
06067008912,0.0,northern-ca,0.0,False,0.0,True,0.0,True
06067008913,0.05,northern-ca,0.0,False,0.0,True,0.1,True
06067988300,0.0,northern-ca,0.0,False,0.0,True,0.0,True
06089010100,0.260486,northern-ca,0.531459,True,0.0,True,0.25,True
06089010200,0.0,northern-ca,0.0,True,0.0,True,0.0,True
06089010300,0.0,northern-ca,0.0,True,0.0,True,0.0,True
06089010400,0.014346,northern-ca,0.043039,True,0.0,True,0.0,True
06089010500,0.055556,northern-ca,0.0,True,0.0,True,0.166667,True
06089010601,0.166667,northern-ca,0.0,True,0.0,True,0.5,True
06089010602,0.167617,northern-ca,0.502851,True,0.0,True,0.0,True
06089010603,0.099522,northern-ca,0.0,True,0.173567,True,0.125,True
06089010702,0.017535,northern-ca,0.052604,True,0.0,True,0.0,True
06089010703,0.013455,northern-ca,0.040365,True,0.0,True,0.0,True
06089010704,0.0,northern-ca,0.0,True,0.0,True,0.0,True
06089010803,0.078714,northern-ca,0.152807,True,0.0,True,0.083333,True
06089010804,0.003101,northern-ca,0.0,True,0.009302,True,0.0,True
06089010805,0.0,northern-ca,0.0,True,0.0,True,0.0,True
06089010806,0.008408,northern-ca,0.0,True,0.0,True,0.025224,True
06089010807,0.166667,northern-ca,0.0,True,0.0,True,0.5,True
06089010900,0.0,northern-ca,0.0,True,0.0,True,0.0,True
06089011001,0.0,northern-ca,0.0,False,0.0,True,0.0,True
06089011002,0.200162,northern-ca,0.43382,True,0.0,True,0.166666,True
06089011100,0.125,northern-ca,0.0,False,0.0,True,0.25,True
06089011209,0.0,northern-ca,0.0,True,0.0,True,0.0,True
06089011300,0.0,northern-ca,0.0,True,0.0,True,0.0,True
06089011401,0.0,northern-ca,0.0,False,0.0,True,0.0,True
06089011402,0.0,northern-ca,0.0,False,0.0,True,0.0,True
06089011403,0.0,northern-ca,0.0,True,0.0,True,0.0,True
06089011501,0.002497,northern-ca,0.0,True,0.007491,True,0.0,True
06089011502,0.083333,northern-ca,0.0,False,0.0,True,0.166667,True
06089011600,0.1951,northern-ca,0.3353,True,0.0,True,0.25,True
06089011701,0.166667,northern-ca,0.0,True,0.0,True,0.5,True
06089011702,0.18749,northern-ca,0.56247,True,0.0,True,0.0,True
06089011703,0.154193,northern-ca,0.462579,True,0.0,True,0.0,True
06089011801,0.08142,northern-ca,0.217679,True,0.026581,True,0.0,True
06089011802,0.179558,northern-ca,0.482638,True,0.056036,True,0.0,True
06089011803,0.027228,northern-ca,0.0,True,0.081685,True,0.0,True
06089011900,0.019231,northern-ca,0.0,True,0.057692,True,0.0,True
06089012000,0.020421,northern-ca,0.0,True,0.061263,True,0.0,True
06089012101,0.004957,northern-ca,0.0,True,0.014872,True,0.0,True
06089012102,0.005768,northern-ca,0.0,True,0.017304,True,0.0,True
06089012200,0.014664,northern-ca,0.0,True,0.043991,True,0.0,True
06089012301,0.104485,northern-ca,0.313456,True,0.0,True,0.0,True
06089012302,0.070972,northern-ca,0.0,False,0.016945,True,0.125,True
06089012303,0.017948,northern-ca,0.0,True,0.053844,True,0.0,True
06089012400,0.075623,northern-ca,0.0,True,0.12687,True,0.1,True
06089012500,0.037147,northern-ca,0.0,True,0.11144,True,0.0,True
06089012603,0.359788,northern-ca,0.484111,True,0.095253,True,0.5,True
06089012604,0.109381,northern-ca,0.216306,True,0.111836,True,0.0,True
06089012605,0.121746,northern-ca,0.027219,True,0.088018,True,0.25,True
06089012606,0.2272,northern-ca,0.498736,True,0.099531,True,0.083333,True
06089012701,0.246583,northern-ca,0.357167,True,0.082581,True,0.3,True
06089012702,0.193952,northern-ca,0.394357,True,0.0,True,0.1875,True
06091010000,0.055556,northern-ca,0.0,True,0.0,True,0.166667,True
06093000300,0.027778,northern-ca,0.0,True,0.0,True,0.083333,True
06093000701,0.107625,northern-ca,0.072875,True,0.0,True,0.25,True
06093000800,0.057581,northern-ca,0.006077,True,0.0,True,0.166667,True
06093000901,0.055556,northern-ca,0.0,True,0.0,True,0.166667,True
06093000902,0.166667,northern-ca,0.0,True,0.0,True,0.5,True
06093001001,0.166667,northern-ca,0.0,True,0.0,True,0.5,True
06093001002,0.166667,northern-ca,0.0,True,0.0,True,0.5,True
06093001003,0.041667,northern-ca,0.0,True,0.0,True,0.125,True
06093001100,0.010284,northern-ca,0.030852,True,0.0,True,0.0,True
06093001200,0.041849,northern-ca,0.0,True,0.000548,True,0.125,True
06093001300,0.083333,northern-ca,0.0,True,0.0,True,0.25,True
06097154100,0.095117,northern-ca,0.160352,True,0.0,True,0.125,True
06101050101,0.003138,northern-ca,0.0,True,0.009415,True,0.0,True
06101050102,0.003907,northern-ca,0.0,True,0.011722,True,0.0,True
06101050201,0.005188,northern-ca,0.0,True,0.015564,True,0.0,True
06101050202,0.005735,northern-ca,0.0,True,0.017206,True,0.0,True
06101050301,0.143892,northern-ca,0.427241,True,0.004435,True,0.0,True
06101050302,0.00057,northern-ca,0.0,False,0.00114,True,0.0,True
06101050401,0.007111,northern-ca,0.0,True,0.021333,True,0.0,True
06101050402,0.14978,northern-ca,0.445465,True,0.003876,True,0.0,True
06101050403,0.007776,northern-ca,0.0,False,0.015552,True,0.0,True
06101050501,0.148056,northern-ca,0.430823,True,0.013346,True,0.0,True
06101050503,0.243219,northern-ca,0.723528,True,0.00613,True,0.0,True
06101050504,0.336941,northern-ca,1.0,True,0.010824,True,0.0,True
06101050601,0.19524,northern-ca,0.335721,True,0.0,True,0.25,True
06101050603,0.001111,northern-ca,0.0,True,0.003332,True,0.0,True
06101050604,0.114238,northern-ca,0.314327,True,0.028389,True,0.0,True
06101050701,0.188996,northern-ca,0.566989,True,0.0,True,0.0,True
06101050702,0.058646,northern-ca,0.169272,True,0.006667,True,0.0,True
06101050800,0.063101,northern-ca,0.189304,True,0.0,True,0.0,True
06101050900,0.113493,northern-ca,0.214695,True,0.000784,True,0.125,True
06101051000,0.116751,northern-ca,0.336689,True,0.013566,True,0.0,True
06101051100,0.041667,northern-ca,0.0,True,0.0,True,0.125,True
06103000100,0.181395,northern-ca,0.251059,True,0.043124,True,0.25,True
06103000201,0.181638,northern-ca,0.450913,True,0.094,True,0.0,True
06103000202,0.208111,northern-ca,0.0,True,0.074046,True,0.550288,True
06103000300,0.099445,northern-ca,0.0,True,0.048335,True,0.25,True
06103000400,0.285661,northern-ca,0.499451,True,0.107531,True,0.25,True
06103000500,0.298596,northern-ca,0.61801,True,0.0,True,0.277778,True
06103000600,0.173922,northern-ca,0.39315,True,0.045283,True,0.083333,True
06103000701,0.115865,northern-ca,0.315337,True,0.032258,True,0.0,True
06103000702,0.0,northern-ca,0.0,True,0.0,True,0.0,True
06103000800,0.012786,northern-ca,0.0,True,0.038358,True,0.0,True
06103000900,0.041667,northern-ca,0.0,True,0.0,True,0.125,True
06103001000,0.06507,northern-ca,0.0,False,0.005139,True,0.125,True
06103001101,0.018246,northern-ca,0.0,True,0.054739,True,0.0,True
06103001102,0.0,northern-ca,0.0,True,0.0,True,0.0,True
06105000101,0.160946,northern-ca,0.429011,True,0.053826,True,0.0,True
06105000102,0.10853,northern-ca,0.316489,True,0.009102,True,0.0,True
06105000200,0.121753,northern-ca,0.143036,True,0.0,True,0.222222,True
06105000500,0.103175,northern-ca,0.0,True,0.0,True,0.309524,True
06113010102,0.166667,northern-ca,0.0,True,0.0,True,0.5,True
06113010103,0.219781,northern-ca,0.409343,True,0.0,True,0.25,True
06113010104,0.0,northern-ca,0.0,False,0.0,True,0.0,True
06113010105,0.0,northern-ca,0.0,True,0.0,True,0.0,True
06113010201,0.106808,northern-ca,0.320424,True,0.0,True,0.0,True
06113010203,0.0,northern-ca,0.0,True,0.0,True,0.0,True
06113010204,0.204837,northern-ca,0.526764,True,0.0,True,0.087748,True
06113010313,0.0,northern-ca,0.0,False,0.0,True,0.0,True
06113010315,0.101589,northern-ca,0.304768,True,0.0,True,0.0,True
06113010401,0.083333,northern-ca,0.0,True,0.0,True,0.25,True
06113010505,0.083333,northern-ca,0.0,True,0.0,True,0.25,True
06113010800,0.076609,northern-ca,0.177994,True,0.0,True,0.051834,True
06113010901,0.250208,northern-ca,0.750623,True,0.0,True,0.0,True
06113010902,0.224992,northern-ca,0.674975,True,0.0,True,0.0,True
06113011001,0.0,northern-ca,0.0,False,0.0,True,0.0,True
06113011002,0.0,northern-ca,0.0,False,0.0,True,0.0,True
06113011101,0.0,northern-ca,0.0,False,0.0,True,0.0,True
06113011102,0.0,northern-ca,0.0,False,0.0,True,0.0,True
06113011103,0.0,northern-ca,0.0,True,0.0,True,0.0,True
06113011203,0.0,northern-ca,0.0,False,0.0,True,0.0,True
06113011204,0.0,northern-ca,0.0,True,0.0,True,0.0,True
06113011207,0.138052,northern-ca,0.289155,True,0.0,True,0.125,True
06113011208,0.007472,northern-ca,0.022417,True,0.0,True,0.0,True
06113011209,0.0,northern-ca,0.0,True,0.0,True,0.0,True
06113011210,0.0,northern-ca,0.0,False,0.0,True,0.0,True
06113011211,0.006944,northern-ca,0.0,False,0.013889,True,0.0,True
06113011400,0.020833,northern-ca,0.0,True,0.0,True,0.0625,True
06113011500,0.048152,northern-ca,0.0016,True,0.0,True,0.142857,True
06115040100,0.053627,northern-ca,0.160881,True,0.0,True,0.0,True
06115040201,0.293522,northern-ca,0.879825,True,0.000742,True,0.0,True
06115040202,0.163713,northern-ca,0.49114,True,0.0,True,0.0,True
06115040301,0.006513,northern-ca,0.0,False,0.013026,True,0.0,True
06115040302,0.003844,northern-ca,0.0,True,0.011532,True,0.0,True
06115040304,0.004688,northern-ca,0.0,False,0.009376,True,0.0,True
06115040305,0.0,northern-ca,0.0,False,0.0,True,0.0,True
06115040400,0.0,northern-ca,0.0,True,0.0,True,0.0,True
06115040500,0.00316,northern-ca,0.0,True,0.009479,True,0.0,True
06115040600,0.022016,northern-ca,0.0,True,0.003548,True,0.0625,True
06115040701,0.001936,northern-ca,0.0,True,0.005808,True,0.0,True
06115040702,0.08506,northern-ca,0.0,True,0.005181,True,0.25,True
06115040800,0.027778,northern-ca,0.0,True,0.0,True,0.083333,True
06115040901,0.044943,northern-ca,0.0,True,0.009829,True,0.125,True
06115040902,0.125,northern-ca,0.0,False,0.0,True,0.25,True
06115041001,0.091462,northern-ca,0.265582,True,0.008803,True,0.0,True
06115041002,0.064934,northern-ca,0.0,True,0.007303,True,0.1875,True
06115041101,0.086735,northern-ca,0.0,True,0.010204,True,0.25,True
06115041102,0.17258,northern-ca,0.0,False,0.011827,True,0.333333,True
04001944902,0.166667,maricopa-az,0.0,True,0.0,True,0.5,True
04001945100,0.191781,maricopa-az,0.075342,True,0.0,True,0.5,True
04001970201,0.18203,maricopa-az,0.54609,True,0.0,True,0.0,True
04001970202,0.083333,maricopa-az,0.0,True,0.0,True,0.25,True
04001970300,0.242623,maricopa-az,0.665368,True,0.0,True,0.0625,True
04001970501,0.238515,maricopa-az,0.715544,True,0.0,True,0.0,True
04001970502,0.216931,maricopa-az,0.484126,True,0.0,True,0.166667,True
04003000101,0.0625,maricopa-az,0.0,True,0.0,True,0.1875,True
04003000102,0.135776,maricopa-az,0.407327,True,0.0,True,0.0,True
04003000201,0.133642,maricopa-az,0.400927,True,0.0,True,0.0,True
04003000202,0.254386,maricopa-az,0.638158,True,0.0,True,0.125,True
04003000203,0.093678,maricopa-az,0.281034,True,0.0,True,0.0,True
04003000301,0.074807,maricopa-az,0.22442,True,0.0,True,0.0,True
04003000303,0.041667,maricopa-az,0.0,True,0.0,True,0.125,True
04003000304,0.102668,maricopa-az,0.308005,True,0.0,True,0.0,True
04003000305,0.251184,maricopa-az,0.503553,True,0.0,True,0.25,True
04003000400,0.0,maricopa-az,0.0,True,0.0,True,0.0,True
04003000501,0.068611,maricopa-az,0.155833,True,0.0,True,0.05,True
04003000502,0.120971,maricopa-az,0.362914,True,0.0,True,0.0,True
04003000503,0.298523,maricopa-az,0.895569,True,0.0,True,0.0,True
04003000600,0.131035,maricopa-az,0.143105,True,0.0,True,0.25,True
04003000700,0.408972,maricopa-az,0.851916,True,0.0,True,0.375,True
04003000800,0.075888,maricopa-az,0.102665,True,0.0,True,0.125,True
04003000901,0.079385,maricopa-az,0.238156,True,0.0,True,0.0,True
04003000902,0.275423,maricopa-az,0.826269,True,0.0,True,0.0,True
04003001000,0.087539,maricopa-az,0.262617,True,0.0,True,0.0,True
04003001100,0.083333,maricopa-az,0.0,True,0.0,True,0.25,True
04003001200,0.069422,maricopa-az,0.208267,True,0.0,True,0.0,True
04003001301,0.061111,maricopa-az,0.183332,True,0.0,True,0.0,True
04003001302,0.173367,maricopa-az,0.2701,True,0.0,True,0.25,True
04003001401,0.0,maricopa-az,0.0,True,0.0,True,0.0,True
04003001402,0.012658,maricopa-az,0.0,False,0.025316,True,0.0,True
04003001501,0.0,maricopa-az,0.0,False,0.0,True,0.0,True
04003001502,0.083333,maricopa-az,0.0,True,0.0,True,0.25,True
04003001601,0.0,maricopa-az,0.0,True,0.0,True,0.0,True
04003001602,0.0,maricopa-az,0.0,True,0.0,True,0.0,True
04003001701,0.153064,maricopa-az,0.459193,True,0.0,True,0.0,True
04003001702,0.0,maricopa-az,0.0,True,0.0,True,0.0,True
04003001703,0.2608,maricopa-az,0.782401,True,0.0,True,0.0,True
04003001801,0.0,maricopa-az,0.0,True,0.0,True,0.0,True
04003001802,0.0,maricopa-az,0.0,True,0.0,True,0.0,True
04003001900,0.178208,maricopa-az,0.034625,True,0.0,True,0.5,True
04003002001,0.103904,maricopa-az,0.311713,True,0.0,True,0.0,True
04003002002,0.0,maricopa-az,0.0,True,0.0,True,0.0,True
04003002100,0.0,maricopa-az,0.0,True,0.0,True,0.0,True
04005000200,0.165405,maricopa-az,0.496216,True,0.0,True,0.0,True
04005000601,0.0,maricopa-az,0.0,False,0.0,True,0.0,True
04005000602,0.206845,maricopa-az,0.620535,True,0.0,True,0.0,True
04005000700,0.283286,maricopa-az,0.599859,True,0.0,True,0.25,True
04005000800,0.10121,maricopa-az,0.053629,True,0.0,True,0.25,True
04005000901,0.178474,maricopa-az,0.14422,True,0.0,True,0.391202,True
04005000902,0.0,maricopa-az,0.0,True,0.0,True,0.0,True
04005001000,0.089095,maricopa-az,0.267286,True,0.0,True,0.0,True
04005001101,0.0,maricopa-az,0.0,True,0.0,True,0.0,True
04005001103,0.237412,maricopa-az,0.712237,True,0.0,True,0.0,True
04005001104,0.307722,maricopa-az,0.673167,True,0.0,True,0.25,True
04005001201,0.237544,maricopa-az,0.712631,True,0.0,True,0.0,True
04005001302,0.086299,maricopa-az,0.133897,True,0.0,True,0.125,True
04005001500,0.193858,maricopa-az,0.224431,True,0.0,True,0.357143,True
04005001601,0.016386,maricopa-az,0.049159,True,0.0,True,0.0,True
04005001602,0.083333,maricopa-az,0.0,True,0.0,True,0.25,True
04005001700,0.041667,maricopa-az,0.0,True,0.0,True,0.125,True
04005002201,0.188773,maricopa-az,0.232987,True,0.0,True,0.333334,True
04005002202,0.183503,maricopa-az,0.300508,True,0.0,True,0.25,True
04005002302,0.000771,maricopa-az,0.0,True,0.002313,True,0.0,True
04005945100,0.124033,maricopa-az,0.163765,True,0.0,True,0.208333,True
04005980100,0.005291,maricopa-az,0.0,False,0.010582,True,0.0,True
04005980200,0.0,maricopa-az,0.0,False,0.0,True,,False
04007000100,0.235221,maricopa-az,0.580662,True,0.0,True,0.125,True
04007000200,0.12963,maricopa-az,0.0,True,0.0,True,0.388889,True
04007000301,0.245114,maricopa-az,0.735342,True,0.0,True,0.0,True
04007000302,0.223104,maricopa-az,0.669311,True,0.0,True,0.0,True
04007000400,0.260304,maricopa-az,0.530912,True,0.0,True,0.25,True
04007000500,0.344967,maricopa-az,0.659901,True,0.0,True,0.375,True
04007000600,0.307289,maricopa-az,0.796866,True,0.0,True,0.125,True
04007000700,0.289319,maricopa-az,0.742956,True,0.0,True,0.125,True
04007000800,0.375825,maricopa-az,0.627474,True,0.0,True,0.5,True
04007000900,0.11564,maricopa-az,0.339857,True,0.007063,True,0.0,True
04007001000,0.364337,maricopa-az,0.593011,True,0.0,True,0.5,True
04007001100,0.185314,maricopa-az,0.555943,True,0.0,True,0.0,True
04007001200,0.130894,maricopa-az,0.392682,True,0.0,True,0.0,True
04007001300,0.096384,maricopa-az,0.021061,True,0.01809,True,0.25,True
04007940200,0.143781,maricopa-az,0.431343,True,0.0,True,0.0,True
04007940400,0.086205,maricopa-az,0.258615,True,0.0,True,0.0,True
04009940500,0.0,maricopa-az,0.0,True,0.0,True,0.0,True
04009961100,0.200217,maricopa-az,0.60065,True,0.0,True,0.0,True
04009961201,0.129893,maricopa-az,0.389678,True,0.0,True,0.0,True
04009961202,0.0,maricopa-az,0.0,False,0.0,True,0.0,True
04009961300,0.196879,maricopa-az,0.590637,True,0.0,True,0.0,True
04009961400,0.290308,maricopa-az,0.870924,True,0.0,True,0.0,True
04009961500,0.082003,maricopa-az,0.246009,True,0.0,True,0.0,True
04009961600,0.192269,maricopa-az,0.576808,True,0.0,True,0.0,True
04009961700,0.211121,maricopa-az,0.633364,True,0.0,True,0.0,True
04011960100,0.169356,maricopa-az,0.508068,True,0.0,True,0.0,True
04011960200,0.314849,maricopa-az,0.694547,True,0.0,True,0.25,True
04011960300,0.110788,maricopa-az,0.332363,True,0.0,True,0.0,True
04012020101,0.142524,maricopa-az,0.177573,True,0.0,True,0.25,True
04012020102,0.109061,maricopa-az,0.077182,True,0.0,True,0.25,True
04013010102,0.110396,maricopa-az,0.331187,True,0.0,True,0.0,True
04013010103,0.0,maricopa-az,0.0,False,0.0,True,0.0,True
04013010104,0.000707,maricopa-az,0.0,False,0.001414,True,0.0,True
04013030401,0.0,maricopa-az,0.0,False,0.0,True,0.0,True
04013030402,0.002821,maricopa-az,0.0,False,0.001146,True,0.004496,True
04013040502,0.00106,maricopa-az,0.003179,True,0.0,True,0.0,True
04013040506,0.0,maricopa-az,0.0,False,0.0,True,0.0,True
04013040507,0.281779,maricopa-az,0.345336,True,0.0,True,0.5,True
04013040512,0.289549,maricopa-az,0.570915,True,0.008183,True,,False
04013040513,0.003906,maricopa-az,0.0,False,0.007812,True,0.0,True
04013040514,0.006055,maricopa-az,0.0,False,0.01211,True,0.0,True
04013040515,0.031177,maricopa-az,0.093531,True,0.0,True,0.0,True
04013040516,0.0,maricopa-az,0.0,False,0.0,True,0.0,True
04013040522,0.248587,maricopa-az,0.736578,True,0.009184,True,0.0,True
04013040523,0.215056,maricopa-az,0.62161,True,0.023558,True,0.0,True
04013040524,0.418392,maricopa-az,0.615562,True,0.028493,True,0.611122,True
04013040525,0.238073,maricopa-az,0.666286,True,0.020128,True,0.027805,True
04013040526,0.043026,maricopa-az,0.0,False,0.0,True,0.086052,True
04013040527,0.219269,maricopa-az,0.657808,True,0.0,True,0.0,True
04013040528,0.358442,maricopa-az,0.575326,True,0.0,True,0.5,True
04013040529,0.258934,maricopa-az,0.776801,True,0.0,True,0.0,True
04013040530,0.0,maricopa-az,0.0,False,0.0,True,0.0,True
04013040531,0.159649,maricopa-az,0.478946,True,0.0,True,0.0,True
04013040532,0.004359,maricopa-az,0.005999,True,0.007077,True,0.0,True
04013040533,0.111097,maricopa-az,0.33329,True,0.0,True,0.0,True
04013040534,0.007793,maricopa-az,0.0,False,0.015586,True,0.0,True
04013040535,0.077826,maricopa-az,0.233477,True,0.0,True,0.0,True
04013040536,0.0,maricopa-az,0.0,True,0.0,True,0.0,True
04013040537,0.192179,maricopa-az,0.576536,True,0.0,True,0.0,True
04013040538,0.12495,maricopa-az,0.37485,True,0.0,True,0.0,True
04013040539,0.231884,maricopa-az,0.695651,True,0.0,True,0.0,True
04013040540,0.152706,maricopa-az,0.458118,True,0.0,True,0.0,True
04013040541,0.206794,maricopa-az,0.620383,True,0.0,True,0.0,True
04013050603,0.052653,maricopa-az,0.157959,True,0.0,True,0.0,True
04013050604,0.083333,maricopa-az,0.0,True,0.0,True,0.25,True
04013050609,0.08206,maricopa-az,0.24618,True,0.0,True,0.0,True
04013050611,0.0,maricopa-az,0.0,False,0.0,True,0.0,True
04013050612,0.119048,maricopa-az,0.0,True,0.0,True,0.357143,True
04013050613,0.0,maricopa-az,0.0,False,0.0,True,0.0,True
04013050614,0.0,maricopa-az,0.0,False,0.0,True,0.0,True
04013050615,0.0,maricopa-az,0.0,True,0.0,True,0.0,True
04013050616,0.125296,maricopa-az,0.375889,True,0.0,True,0.0,True
04013050617,0.015507,maricopa-az,0.04652,True,0.0,True,0.0,True
04013050618,0.013146,maricopa-az,0.0,False,0.026292,True,0.0,True
04013050619,0.0,maricopa-az,0.0,True,0.0,True,0.0,True
04013050620,0.0,maricopa-az,0.0,True,0.0,True,0.0,True
04013050621,0.07627,maricopa-az,0.228809,True,0.0,True,0.0,True
04013050701,0.0,maricopa-az,0.0,False,0.0,True,0.0,True
04013050702,0.0,maricopa-az,0.0,False,0.0,True,0.0,True
04013060801,0.004883,maricopa-az,0.014648,True,0.0,True,0.0,True
04013060802,0.217292,maricopa-az,0.651877,True,0.0,True,0.0,True
04013060901,0.0,maricopa-az,0.0,True,0.0,True,0.0,True
04013060902,0.006395,maricopa-az,0.019184,True,0.0,True,0.0,True
04013060903,0.016038,maricopa-az,0.0,False,0.019372,True,0.012704,True
04013060904,0.331225,maricopa-az,0.991005,True,0.002669,True,0.0,True
04013061010,0.126877,maricopa-az,0.0,False,0.003755,True,0.25,True
04013061011,0.002091,maricopa-az,0.0,True,0.006272,True,0.0,True
04013061013,0.002269,maricopa-az,0.0,False,0.004538,True,0.0,True
04013061014,0.006717,maricopa-az,0.0,False,0.013435,True,0.0,True
04013061015,0.006469,maricopa-az,0.0,False,0.012937,True,0.0,True
04013061017,0.0,maricopa-az,0.0,True,0.0,True,0.0,True
04013061018,0.0,maricopa-az,0.0,True,0.0,True,0.0,True
04013061020,0.0,maricopa-az,0.0,False,0.0,True,0.0,True
04013061021,0.272036,maricopa-az,0.0,False,0.0,True,0.544072,True
04013061024,0.0,maricopa-az,0.0,False,0.0,True,0.0,True
04013061026,0.0,maricopa-az,0.0,True,0.0,True,0.0,True
04013061027,0.125,maricopa-az,0.0,False,0.0,True,0.25,True
04013061028,0.0,maricopa-az,0.0,False,0.0,True,0.0,True
04013061029,0.0,maricopa-az,0.0,True,0.0,True,0.0,True
04013061031,0.083333,maricopa-az,0.0,True,0.0,True,0.25,True
04013061032,0.001927,maricopa-az,0.0,False,0.003854,True,0.0,True
04013061033,0.001671,maricopa-az,0.0,False,0.003342,True,0.0,True
04013061034,0.006313,maricopa-az,0.0,False,0.012625,True,0.0,True
04013061035,0.007848,maricopa-az,0.0,False,0.015696,True,0.0,True
04013061036,0.0,maricopa-az,0.0,False,0.0,True,0.0,True
04013061037,0.0,maricopa-az,0.0,False,0.0,True,0.0,True
04013061038,0.061543,maricopa-az,0.0,False,0.015347,True,0.107738,True
04013061039,0.293266,maricopa-az,0.0,False,0.006042,True,0.580489,True
04013061040,0.0,maricopa-az,0.0,False,0.0,True,0.0,True
04013061041,0.01041,maricopa-az,0.0,False,0.020819,True,0.0,True
04013061042,0.001091,maricopa-az,0.0,False,0.002182,True,0.0,True
04013061043,0.002301,maricopa-az,0.0,True,0.006902,True,0.0,True
04013061044,0.083333,maricopa-az,0.0,True,0.0,True,0.25,True
04013061045,0.018285,maricopa-az,0.0,True,0.0,True,0.054855,True
04013061046,0.000593,maricopa-az,0.0,False,0.001186,True,0.0,True
04013061047,0.014162,maricopa-az,0.0,False,0.028324,True,0.0,True
04013061048,0.0,maricopa-az,0.0,True,0.0,True,0.0,True
04013061049,0.006955,maricopa-az,0.0,False,0.01391,True,0.0,True
04013061050,0.008009,maricopa-az,0.0,False,0.016017,True,0.0,True
04013061051,0.0,maricopa-az,0.0,False,0.0,True,0.0,True
04013061052,0.158026,maricopa-az,0.0,False,0.003748,True,0.312304,True
04013061053,0.0,maricopa-az,0.0,True,0.0,True,0.0,True
04013061054,0.000661,maricopa-az,0.0,True,0.001984,True,0.0,True
04013061055,0.0,maricopa-az,0.0,True,0.0,True,0.0,True
04013061056,0.0,maricopa-az,0.0,True,0.0,True,0.0,True
04013061057,0.083333,maricopa-az,0.0,True,0.0,True,0.25,True
04013061058,0.003914,maricopa-az,0.0,False,0.007828,True,0.0,True
04013061059,0.0,maricopa-az,0.0,False,0.0,True,0.0,True
04013061060,0.0,maricopa-az,0.0,False,0.0,True,0.0,True
04013061061,0.0,maricopa-az,0.0,False,0.0,True,0.0,True
04013061062,0.0,maricopa-az,0.0,False,0.0,True,0.0,True
04013061063,0.0,maricopa-az,0.0,True,0.0,True,0.0,True
04013061064,0.0,maricopa-az,0.0,True,0.0,True,0.0,True
04013061100,0.0,maricopa-az,0.0,False,0.0,True,0.0,True
04013061200,0.0,maricopa-az,0.0,True,0.0,True,0.0,True
04013061300,0.125,maricopa-az,0.0,False,0.0,True,0.25,True
04013061401,0.033117,maricopa-az,0.0,False,0.012522,True,0.053712,True
04013061402,0.0,maricopa-az,0.0,False,0.0,True,0.0,True
04013071503,0.195373,maricopa-az,0.563704,True,0.022415,True,0.0,True
04013071504,0.0,maricopa-az,0.0,False,0.0,True,0.0,True
04013071505,0.173824,maricopa-az,0.521473,True,0.0,True,0.0,True
04013071506,0.0,maricopa-az,0.0,False,0.0,True,0.0,True
04013071509,0.0,maricopa-az,0.0,False,0.0,True,0.0,True
04013071510,0.002116,maricopa-az,0.0,False,0.004232,True,0.0,True
04013071511,0.0,maricopa-az,0.0,False,0.0,True,0.0,True
04013071512,0.0,maricopa-az,0.0,False,0.0,True,0.0,True
04013071513,0.008095,maricopa-az,0.0,False,0.01619,True,0.0,True
04013071514,0.0,maricopa-az,0.0,True,0.0,True,0.0,True
04013071515,0.001637,maricopa-az,0.0,True,0.004912,True,0.0,True
04013071516,0.077055,maricopa-az,0.231165,True,0.0,True,0.0,True
04013071517,0.118597,maricopa-az,0.355791,True,0.0,True,0.0,True
04013071600,0.37893,maricopa-az,0.886791,True,0.0,True,0.25,True
04013071701,0.019553,maricopa-az,0.0,False,0.039106,True,0.0,True
04013071702,0.124779,maricopa-az,0.353113,True,0.021224,True,0.0,True
04013071801,0.051497,maricopa-az,0.15449,True,0.0,True,0.0,True
04013071802,0.008201,maricopa-az,0.0,False,0.016402,True,0.0,True
04013071903,0.000768,maricopa-az,0.0,False,0.001536,True,0.0,True
04013071906,0.001493,maricopa-az,0.0,True,0.00448,True,0.0,True
04013071909,0.005166,maricopa-az,0.0,True,0.015499,True,0.0,True
04013071910,0.0,maricopa-az,0.0,True,0.0,True,0.0,True
04013071911,0.078434,maricopa-az,0.235303,True,0.0,True,0.0,True
04013071912,0.09689,maricopa-az,0.290669,True,0.0,True,0.0,True
04013071913,0.121589,maricopa-az,0.364767,True,0.0,True,0.0,True
04013071914,0.002339,maricopa-az,0.0,False,0.004677,True,0.0,True
04013071915,0.0,maricopa-az,0.0,False,0.0,True,0.0,True
04013082002,0.0,maricopa-az,0.0,False,0.0,True,0.0,True
04013082007,0.004351,maricopa-az,0.0,False,0.008703,True,0.0,True
04013082008,0.003234,maricopa-az,0.0,False,0.006468,True,0.0,True
04013082009,0.002128,maricopa-az,0.0,False,0.004255,True,0.0,True
04013082010,0.003033,maricopa-az,0.0,False,0.006066,True,0.0,True
04013082012,0.002559,maricopa-az,0.0,False,0.005119,True,0.0,True
04013082016,0.0,maricopa-az,0.0,True,0.0,True,0.0,True
04013082017,0.0,maricopa-az,0.0,True,0.0,True,0.0,True
04013082018,0.007053,maricopa-az,0.0,False,0.014105,True,0.0,True
04013082019,0.018066,maricopa-az,0.0,False,0.036132,True,0.0,True
04013082020,0.023142,maricopa-az,0.0,False,0.023142,True,,False
04013082021,0.0,maricopa-az,0.0,False,0.0,True,0.0,True
04013082022,0.0,maricopa-az,0.0,True,0.0,True,0.0,True
04013082023,0.000166,maricopa-az,0.0,True,0.000497,True,0.0,True
04013082024,0.0,maricopa-az,0.0,True,0.0,True,0.0,True
04013082025,0.007481,maricopa-az,0.0,True,0.022442,True,0.0,True
04013082026,0.002851,maricopa-az,0.0,False,0.005701,True,0.0,True
04013082027,0.000286,maricopa-az,0.0,True,0.000859,True,0.0,True
04013082028,0.0,maricopa-az,0.0,False,0.0,True,0.0,True
04013082204,0.128384,maricopa-az,0.0,False,0.006768,True,0.25,True
04013082205,0.00303,maricopa-az,0.0,False,0.006061,True,0.0,True
04013082206,0.0,maricopa-az,0.0,False,0.0,True,0.0,True
04013082207,0.0,maricopa-az,0.0,False,0.0,True,0.0,True
04013082208,0.0,maricopa-az,0.0,False,0.0,True,0.0,True
04013082209,0.0,maricopa-az,0.0,False,0.0,True,0.0,True
04013082210,0.0,maricopa-az,0.0,False,0.0,True,0.0,True
04013082211,0.01808,maricopa-az,0.0,False,0.03616,True,0.0,True
04013082212,0.002427,maricopa-az,0.0,False,0.004854,True,0.0,True
04013082213,0.010043,maricopa-az,0.0,False,0.020087,True,0.0,True
04013083000,0.0,maricopa-az,0.0,True,0.0,True,0.0,True
04013092305,0.0,maricopa-az,0.0,False,0.0,True,0.0,True
04013092306,0.0,maricopa-az,0.0,False,0.0,True,0.0,True
04013092307,0.0,maricopa-az,0.0,False,0.0,True,0.0,True
04013092308,0.0,maricopa-az,0.0,False,0.0,True,0.0,True
04013092309,0.0,maricopa-az,0.0,False,0.0,True,0.0,True
04013092311,0.0,maricopa-az,0.0,False,0.0,True,0.0,True
04013092312,0.0,maricopa-az,0.0,True,0.0,True,0.0,True
04013092401,0.0,maricopa-az,0.0,False,0.0,True,0.0,True
04013092402,0.0,maricopa-az,0.0,False,0.0,True,0.0,True
04013092500,0.0,maricopa-az,0.0,True,0.0,True,0.0,True
04013092600,0.179202,maricopa-az,0.287605,True,0.0,True,0.25,True
04013092705,0.0,maricopa-az,0.0,False,0.0,True,0.0,True
04013092708,0.0,maricopa-az,0.0,True,0.0,True,0.0,True
04013092709,0.003854,maricopa-az,0.0,False,0.007707,True,0.0,True
04013092710,0.00491,maricopa-az,0.0,False,0.00982,True,0.0,True
04013092711,0.0,maricopa-az,0.0,False,0.0,True,0.0,True
04013092712,0.041667,maricopa-az,0.0,False,0.0,True,0.083333,True
04013092713,0.0,maricopa-az,0.0,False,0.0,True,0.0,True
04013092715,0.0,maricopa-az,0.0,False,0.0,True,0.0,True
04013092716,0.0,maricopa-az,0.0,False,0.0,True,0.0,True
04013092717,0.25,maricopa-az,0.0,False,0.0,True,0.5,True
04013092718,0.0,maricopa-az,0.0,False,0.0,True,0.0,True
04013092719,0.00148,maricopa-az,0.0,False,0.00296,True,0.0,True
04013092720,0.0,maricopa-az,0.0,True,0.0,True,0.0,True
04013092721,0.0,maricopa-az,0.0,False,0.0,True,0.0,True
04013092723,0.002104,maricopa-az,0.0,False,0.004208,True,0.0,True
04013092724,0.0,maricopa-az,0.0,False,0.0,True,0.0,True
04013092801,0.0,maricopa-az,0.0,False,0.0,True,0.0,True
04013092802,0.0,maricopa-az,0.0,False,0.0,True,0.0,True
04013092900,0.076593,maricopa-az,0.229778,True,0.0,True,0.0,True
04013093001,0.0,maricopa-az,0.0,False,0.0,True,0.0,True
04013093002,0.0,maricopa-az,0.0,True,0.0,True,0.0,True
04013093101,0.208169,maricopa-az,0.624506,True,0.0,True,0.0,True
04013093104,0.0,maricopa-az,0.0,True,0.0,True,0.0,True
04013093105,0.0,maricopa-az,0.0,False,0.0,True,0.0,True
04013093106,0.000516,maricopa-az,0.0,False,0.001032,True,0.0,True
04013093200,0.0,maricopa-az,0.0,True,0.0,True,0.0,True
04013103205,0.0,maricopa-az,0.0,False,0.0,True,0.0,True
04013103206,0.0,maricopa-az,0.0,False,0.0,True,0.0,True
04013103207,0.001257,maricopa-az,0.0,False,0.002515,True,0.0,True
04013103208,0.0,maricopa-az,0.0,False,0.0,True,0.0,True
04013103209,0.0,maricopa-az,0.0,False,0.0,True,0.0,True
04013103210,0.0,maricopa-az,0.0,False,0.0,True,0.0,True
04013103211,0.083333,maricopa-az,0.0,False,0.0,True,0.166666,True
04013103212,0.0,maricopa-az,0.0,False,0.0,True,0.0,True
04013103214,0.0,maricopa-az,0.0,False,0.0,True,0.0,True
04013103215,0.0,maricopa-az,0.0,False,0.0,True,0.0,True
04013103216,0.0,maricopa-az,0.0,False,0.0,True,0.0,True
04013103217,0.083333,maricopa-az,0.0,False,0.0,True,0.166666,True
04013103219,0.0,maricopa-az,0.0,False,0.0,True,0.0,True
04013103220,0.0,maricopa-az,0.0,False,0.0,True,0.0,True
04013103302,0.0,maricopa-az,0.0,True,0.0,True,0.0,True
04013103303,0.0,maricopa-az,0.0,True,0.0,True,0.0,True
04013103304,0.0,maricopa-az,0.0,False,0.0,True,0.0,True
04013103305,0.0,maricopa-az,0.0,False,0.0,False,0.0,True
04013103306,0.0,maricopa-az,0.0,False,0.0,True,0.0,True
04013103400,0.0,maricopa-az,0.0,True,0.0,True,0.0,True
04013103501,0.0,maricopa-az,0.0,False,0.0,True,0.0,True
04013103502,0.0,maricopa-az,0.0,False,0.0,True,0.0,True
04013103604,0.0,maricopa-az,0.0,False,0.0,True,0.0,True
04013103605,0.0,maricopa-az,0.0,False,0.0,True,0.0,True
04013103606,0.0,maricopa-az,0.0,False,0.0,True,0.0,True
04013103607,0.0,maricopa-az,0.0,False,0.0,True,0.0,True
04013103608,0.0,maricopa-az,0.0,True,0.0,True,0.0,True
04013103609,0.0,maricopa-az,0.0,True,0.0,True,0.0,True
04013103611,0.0,maricopa-az,0.0,False,0.0,True,0.0,True
04013103612,0.0,maricopa-az,0.0,False,0.0,True,0.0,True
04013103614,0.0,maricopa-az,0.0,False,0.0,True,0.0,True
04013103615,0.0,maricopa-az,0.0,False,0.0,True,0.0,True
04013103701,0.0,maricopa-az,0.0,False,0.0,True,0.0,True
04013103702,0.0,maricopa-az,0.0,False,0.0,True,0.0,True
04013103900,0.0,maricopa-az,0.0,True,0.0,True,0.0,True
04013104000,0.0,maricopa-az,0.0,True,0.0,True,0.0,True
04013104100,0.0,maricopa-az,0.0,True,0.0,True,0.0,True
04013104202,0.000509,maricopa-az,0.0,True,0.001527,True,0.0,True
04013104203,0.0,maricopa-az,0.0,True,0.0,True,0.0,True
04013104204,0.0,maricopa-az,0.0,True,0.0,True,0.0,True
04013104205,0.0,maricopa-az,0.0,True,0.0,True,0.0,True
04013104206,0.0,maricopa-az,0.0,False,0.0,True,0.0,True
04013104207,0.0,maricopa-az,0.0,True,0.0,True,0.0,True
04013104212,0.0,maricopa-az,0.0,True,0.0,True,0.0,True
04013104214,0.0,maricopa-az,0.0,False,0.0,True,0.0,True
04013104215,0.0,maricopa-az,0.0,False,0.0,True,0.0,True
04013104216,0.0,maricopa-az,0.0,False,0.0,True,0.0,True
04013104217,0.0,maricopa-az,0.0,False,0.0,True,0.0,True
04013104218,0.0,maricopa-az,0.0,True,0.0,True,0.0,True
04013104219,0.0,maricopa-az,0.0,True,0.0,True,0.0,True
04013104221,0.0,maricopa-az,0.0,False,0.0,True,0.0,True
04013104222,0.002746,maricopa-az,0.0,False,0.005492,True,0.0,True
04013104223,0.0,maricopa-az,0.0,False,0.0,True,0.0,True
04013104224,0.0,maricopa-az,0.0,False,0.0,True,0.0,True
04013104225,0.0,maricopa-az,0.0,True,0.0,True,0.0,True
04013104226,0.0,maricopa-az,0.0,True,0.0,True,0.0,True
04013104227,0.0,maricopa-az,0.0,False,0.0,True,0.0,True
04013104301,0.0,maricopa-az,0.0,False,0.0,True,0.0,True
04013104302,0.0,maricopa-az,0.0,True,0.0,True,0.0,True
04013104401,0.0,maricopa-az,0.0,True,0.0,True,0.0,True
04013104402,0.0,maricopa-az,0.0,True,0.0,True,0.0,True
04013104501,0.0,maricopa-az,0.0,False,0.0,True,0.0,True
04013104502,0.0,maricopa-az,0.0,False,0.0,True,0.0,True
04013104600,0.0,maricopa-az,0.0,False,0.0,True,0.0,True
04013104701,0.003034,maricopa-az,0.0,False,0.006068,True,0.0,True
04013104702,0.0,maricopa-az,0.0,False,0.0,True,0.0,True
04013104801,0.0,maricopa-az,0.0,True,0.0,True,0.0,True
04013104802,0.0,maricopa-az,0.0,False,0.0,True,0.0,True
04013104900,0.0,maricopa-az,0.0,True,0.0,True,0.0,True
04013105002,0.0,maricopa-az,0.0,False,0.0,True,0.0,True
04013105003,0.0,maricopa-az,0.0,False,0.0,True,0.0,True
04013105004,0.003591,maricopa-az,0.0,False,0.007183,True,0.0,True
04013105101,0.0,maricopa-az,0.0,True,0.0,True,0.0,True
04013105102,0.052071,maricopa-az,0.156213,True,0.0,True,0.0,True
04013105103,0.0,maricopa-az,0.0,False,0.0,True,0.0,True
04013105200,0.0,maricopa-az,0.0,True,0.0,True,0.0,True
04013105300,0.0,maricopa-az,0.0,False,0.0,True,0.0,True
04013105400,0.0,maricopa-az,0.0,False,0.0,True,0.0,True
04013105501,0.0,maricopa-az,0.0,True,0.0,True,0.0,True
04013105502,0.0,maricopa-az,0.0,False,0.0,True,0.0,True
04013105503,0.0,maricopa-az,0.0,False,0.0,True,0.0,True
04013105601,0.0,maricopa-az,0.0,True,0.0,True,0.0,True
04013105602,0.0,maricopa-az,0.0,False,0.0,True,0.0,True
04013105701,0.009788,maricopa-az,0.0,False,0.019576,True,0.0,True
04013105702,0.0,maricopa-az,0.0,False,0.0,True,0.0,True
04013105800,0.0,maricopa-az,0.0,False,0.0,True,0.0,True
04013105900,0.0,maricopa-az,0.0,False,0.0,True,0.0,True
04013106001,0.0,maricopa-az,0.0,True,0.0,True,0.0,True
04013106002,0.0,maricopa-az,0.0,True,0.0,True,0.0,True
04013106003,0.0,maricopa-az,0.0,True,0.0,True,0.0,True
04013106100,0.0,maricopa-az,0.0,False,0.0,True,0.0,True
04013106200,0.0,maricopa-az,0.0,False,0.0,True,0.0,True
04013106300,0.0,maricopa-az,0.0,False,0.0,True,0.0,True
04013106400,0.0,maricopa-az,0.0,True,0.0,True,0.0,True
04013106501,0.0,maricopa-az,0.0,False,0.0,True,0.0,True
04013106502,0.0,maricopa-az,0.0,False,0.0,True,0.0,True
04013106600,0.0,maricopa-az,0.0,False,0.0,True,0.0,True
04013106701,0.0,maricopa-az,0.0,False,0.0,True,0.0,True
04013106702,0.0,maricopa-az,0.0,False,0.0,True,0.0,True
04013106703,0.0,maricopa-az,0.0,False,0.0,True,0.0,True
04013106801,0.166667,maricopa-az,0.0,True,0.0,True,0.5,True
04013106802,0.0,maricopa-az,0.0,True,0.0,True,0.0,True
04013106900,0.0,maricopa-az,0.0,False,0.0,True,0.0,True
04013107001,0.002669,maricopa-az,0.0,False,0.005338,True,0.0,True
04013107002,0.0,maricopa-az,0.0,False,0.0,True,0.0,True
04013107101,0.25,maricopa-az,0.0,False,0.0,True,0.5,True
04013107102,0.083333,maricopa-az,0.0,True,0.0,True,0.25,True
04013107201,0.038934,maricopa-az,0.0,False,0.077869,True,0.0,True
04013107202,0.0,maricopa-az,0.0,False,0.0,True,0.0,True
04013107300,0.0,maricopa-az,0.0,True,0.0,True,0.0,True
04013107401,0.0,maricopa-az,0.0,False,0.0,True,0.0,True
04013107402,0.0,maricopa-az,0.0,False,0.0,True,0.0,True
04013107403,0.00947,maricopa-az,0.0,False,0.018939,True,0.0,True
04013107404,0.0,maricopa-az,0.0,False,0.0,True,0.0,True
04013107500,0.0,maricopa-az,0.0,False,0.0,True,0.0,True
04013107601,0.0,maricopa-az,0.0,False,0.0,True,0.0,True
04013107602,0.0,maricopa-az,0.0,False,0.0,True,0.0,True
04013107700,0.0,maricopa-az,0.0,True,0.0,True,0.0,True
04013107800,0.0,maricopa-az,0.0,False,0.0,True,0.0,True
04013107900,0.0,maricopa-az,0.0,False,0.0,True,0.0,True
04013108000,0.0,maricopa-az,0.0,False,0.0,True,0.0,True
04013108100,0.0,maricopa-az,0.0,False,0.0,True,0.0,True
04013108200,0.0,maricopa-az,0.0,False,0.0,True,0.0,True
04013108301,0.0,maricopa-az,0.0,False,0.0,True,0.0,True
04013108302,0.0,maricopa-az,0.0,False,0.0,True,0.0,True
04013108400,0.0,maricopa-az,0.0,False,0.0,True,0.0,True
04013108501,0.0,maricopa-az,0.0,True,0.0,True,0.0,True
04013108502,0.125,maricopa-az,0.0,False,0.0,True,0.25,True
04013108601,0.008746,maricopa-az,0.0,False,0.017493,True,0.0,True
04013108602,0.0,maricopa-az,0.0,False,0.0,True,0.0,True
04013108802,0.166667,maricopa-az,0.0,False,0.0,True,0.333334,True
04013108901,0.0,maricopa-az,0.0,False,0.0,True,0.0,True
04013108902,0.0,maricopa-az,0.0,False,0.0,True,0.0,True
04013109001,0.0,maricopa-az,0.0,True,0.0,True,0.0,True
04013109002,0.0,maricopa-az,0.0,True,0.0,True,0.0,True
04013109003,0.0,maricopa-az,0.0,True,0.0,True,0.0,True
04013109101,0.083333,maricopa-az,0.0,False,0.0,True,0.166666,True
04013109102,0.0,maricopa-az,0.0,True,0.0,True,0.0,True
04013109200,0.060793,maricopa-az,0.182378,True,0.0,True,0.0,True
04013109300,0.0,maricopa-az,0.0,False,0.0,True,0.0,True
04013109401,0.0,maricopa-az,0.0,False,0.0,True,0.0,True
04013109402,0.0,maricopa-az,0.0,False,0.0,True,0.0,True
04013109500,0.0,maricopa-az,0.0,False,0.0,True,0.0,True
04013109601,0.0,maricopa-az,0.0,False,0.0,True,0.0,True
04013109602,0.003663,maricopa-az,0.0,False,0.007326,True,0.0,True
04013109603,0.0,maricopa-az,0.0,False,0.0,True,0.0,True
04013109604,0.0,maricopa-az,0.0,False,0.0,True,0.0,True
04013109702,0.0,maricopa-az,0.0,False,0.0,True,0.0,True
04013109703,0.0,maricopa-az,0.0,False,0.0,True,0.0,True
04013109704,0.0,maricopa-az,0.0,False,0.0,True,0.0,True
04013109705,0.0,maricopa-az,0.0,False,0.0,True,0.0,True
04013109706,0.00088,maricopa-az,0.0,False,0.001761,True,0.0,True
04013109707,0.004274,maricopa-az,0.0,False,0.008547,True,0.0,True
04013109801,0.0,maricopa-az,0.0,False,0.0,True,0.0,True
04013109802,0.0,maricopa-az,0.0,False,0.0,True,0.0,True
04013109900,0.0,maricopa-az,0.0,False,0.0,True,0.0,True
04013110001,0.0,maricopa-az,0.0,False,0.0,True,0.0,True
04013110002,0.0,maricopa-az,0.0,False,0.0,True,0.0,True
04013110100,0.000596,maricopa-az,0.0,False,0.001191,True,0.0,True
04013110400,0.0,maricopa-az,0.0,False,0.0,True,0.0,True
04013110501,0.0,maricopa-az,0.0,False,0.0,True,0.0,True
04013110502,0.0,maricopa-az,0.0,False,0.0,True,0.0,True
04013110600,0.0,maricopa-az,0.0,False,0.0,True,0.0,True
04013110701,0.003137,maricopa-az,0.008041,True,0.00137,True,0.0,True
04013110702,0.0,maricopa-az,0.0,True,0.0,True,0.0,True
04013110801,0.0,maricopa-az,0.0,False,0.0,True,0.0,True
04013110802,0.0,maricopa-az,0.0,False,0.0,True,0.0,True
04013110901,0.0,maricopa-az,0.0,False,0.0,True,0.0,True
04013110902,0.281433,maricopa-az,0.0,False,0.017405,True,0.545462,True
04013111000,0.0,maricopa-az,0.0,False,0.0,True,0.0,True
04013111100,0.0,maricopa-az,0.0,False,0.0,True,0.0,True
04013111201,0.0,maricopa-az,0.0,False,0.0,True,0.0,True
04013111202,0.120533,maricopa-az,0.3397,True,0.021898,True,0.0,True
04013111203,0.121354,maricopa-az,0.364063,True,0.0,True,0.0,True
04013111204,0.0,maricopa-az,0.0,True,0.0,True,0.0,True
04013111300,0.0,maricopa-az,0.0,False,0.0,True,0.0,True
04013111401,0.0,maricopa-az,0.0,False,0.0,True,0.0,True
04013111402,0.0,maricopa-az,0.0,False,0.0,True,0.0,True
04013111501,0.0,maricopa-az,0.0,False,0.0,True,0.0,True
04013111502,0.0,maricopa-az,0.0,False,0.0,True,0.0,True
04013111601,0.0,maricopa-az,0.0,True,0.0,True,0.0,True
04013111602,0.053904,maricopa-az,0.161711,True,0.0,True,0.0,True
04013111700,0.0,maricopa-az,0.0,False,0.0,True,0.0,True
04013111800,0.0,maricopa-az,0.0,False,0.0,True,0.0,True
04013111900,0.25,maricopa-az,0.0,False,0.0,True,0.5,True
04013112100,0.0,maricopa-az,0.0,False,0.0,True,0.0,True
04013112201,0.0,maricopa-az,0.0,False,0.0,True,0.0,True
04013112202,0.0,maricopa-az,0.0,False,0.0,True,0.0,True
04013112301,0.0,maricopa-az,0.0,False,0.0,True,0.0,True
04013112302,0.0,maricopa-az,0.0,False,0.0,True,0.0,True
04013112401,0.001541,maricopa-az,0.0,False,0.003082,True,0.0,True
04013112402,0.0,maricopa-az,0.0,False,0.0,True,0.0,True
04013112502,0.0,maricopa-az,0.0,False,0.0,True,0.0,True
04013112504,0.0,maricopa-az,0.0,False,0.0,True,0.0,True
04013112507,0.0,maricopa-az,0.0,True,0.0,True,0.0,True
04013112508,0.043317,maricopa-az,0.12995,True,0.0,True,0.0,True
04013112510,0.003858,maricopa-az,0.0,False,0.007716,True,0.0,True
04013112512,0.0,maricopa-az,0.0,True,0.0,True,0.0,True
04013112514,0.0,maricopa-az,0.0,True,0.0,True,0.0,True
04013112515,0.003166,maricopa-az,0.0,True,0.009498,True,0.0,True
04013112516,0.003496,maricopa-az,0.0,True,0.010487,True,0.0,True
04013112517,0.004025,maricopa-az,0.0,False,0.008051,True,0.0,True
04013112518,0.005128,maricopa-az,0.0,True,0.015385,True,0.0,True
04013112519,0.0,maricopa-az,0.0,False,0.0,True,0.0,True
04013112520,0.0,maricopa-az,0.0,False,0.0,True,0.0,True
04013112521,0.0,maricopa-az,0.0,True,0.0,True,0.0,True
04013112522,0.015527,maricopa-az,0.0,True,0.0,True,0.04658,True
04013112523,0.125,maricopa-az,0.0,False,0.0,True,0.25,True
04013112524,0.083333,maricopa-az,0.0,True,0.0,True,0.25,True
04013112601,0.101603,maricopa-az,0.304808,True,0.0,True,0.0,True
04013112602,0.0,maricopa-az,0.0,True,0.0,True,0.0,True
04013112700,0.0,maricopa-az,0.0,True,0.0,True,0.0,True
04013112900,0.027778,maricopa-az,0.0,True,0.0,True,0.083333,True
04013113000,0.0,maricopa-az,0.0,True,0.0,True,0.0,True
04013113100,0.0,maricopa-az,0.0,False,0.0,True,0.0,True
04013113201,0.0,maricopa-az,0.0,False,0.0,True,0.0,True
04013113202,0.0,maricopa-az,0.0,False,0.0,True,0.0,True
04013113204,0.051078,maricopa-az,0.153235,True,0.0,True,0.0,True
04013113301,0.158232,maricopa-az,0.224696,True,0.0,True,0.25,True
04013113502,0.004149,maricopa-az,0.0,False,0.008299,True,0.0,True
04013113503,0.035491,maricopa-az,0.106474,True,0.0,True,0.0,True
04013113601,0.110652,maricopa-az,0.331957,True,0.0,True,0.0,True
04013113602,0.11075,maricopa-az,0.08225,True,0.0,True,0.25,True
04013113701,0.063598,maricopa-az,0.190794,True,0.0,True,0.0,True
04013113702,0.0,maricopa-az,0.0,True,0.0,True,0.0,True
04013113800,0.0,maricopa-az,0.0,True,0.0,True,0.0,True
04013113900,0.0,maricopa-az,0.0,True,0.0,True,0.0,True
04013114000,0.0,maricopa-az,0.0,False,0.0,True,0.0,True
04013114100,0.0,maricopa-az,0.0,False,0.0,True,0.0,True
04013114200,0.0,maricopa-az,0.0,False,0.0,True,0.0,True
04013114301,0.0,maricopa-az,0.0,False,0.0,True,0.0,True
04013114302,0.0,maricopa-az,0.0,False,0.0,True,0.0,True
04013114401,0.051098,maricopa-az,0.145622,True,0.007673,True,0.0,True
04013114402,0.0,maricopa-az,0.0,True,0.0,True,0.0,True
04013114500,0.0,maricopa-az,0.0,False,0.0,True,0.0,True
04013114600,0.0,maricopa-az,0.0,False,0.0,True,0.0,True
04013114704,0.003367,maricopa-az,0.0,False,0.006734,True,0.0,True
04013114705,0.0,maricopa-az,0.0,False,0.0,True,0.0,True
04013114800,0.0,maricopa-az,0.0,True,0.0,True,0.0,True
04013114900,0.0,maricopa-az,0.0,True,0.0,True,0.0,True
04013115200,0.000431,maricopa-az,0.0,True,0.001293,True,0.0,True
04013115300,0.0,maricopa-az,0.0,False,0.0,True,0.0,True
04013115400,0.0,maricopa-az,0.0,False,0.0,True,0.0,True
04013115500,0.0,maricopa-az,0.0,False,0.0,True,0.0,True
04013115600,0.0,maricopa-az,0.0,False,0.0,True,0.0,True
04013115700,0.083333,maricopa-az,0.0,False,0.0,True,0.166666,True
04013115801,0.0,maricopa-az,0.0,False,0.0,True,0.0,True
04013115802,0.0,maricopa-az,0.0,False,0.0,True,0.0,True
04013115900,0.0,maricopa-az,0.0,False,0.0,True,0.0,True
04013116000,0.0625,maricopa-az,0.0,False,0.0,True,0.125,True
04013116100,0.0,maricopa-az,0.0,False,0.0,True,0.0,True
04013116202,0.0,maricopa-az,0.0,False,0.0,True,0.0,True
04013116203,0.041667,maricopa-az,0.0,False,0.0,True,0.083334,True
04013116204,0.0,maricopa-az,0.0,False,0.0,True,0.0,True
04013116205,0.0,maricopa-az,0.0,False,0.0,True,0.0,True
04013116300,0.0,maricopa-az,0.0,False,0.0,True,0.0,True
04013116400,0.0,maricopa-az,0.0,False,0.0,True,0.0,True
04013116500,0.0,maricopa-az,0.0,False,0.0,True,0.0,True
04013116605,0.006229,maricopa-az,0.0,False,0.012458,True,0.0,True
04013116606,0.0,maricopa-az,0.0,False,0.0,True,0.0,True
04013116607,0.0,maricopa-az,0.0,False,0.0,True,0.0,True
04013116610,0.125,maricopa-az,0.0,False,0.0,True,0.25,True
04013116611,0.248571,maricopa-az,0.376004,True,0.0,True,0.36971,True
04013116612,0.0,maricopa-az,0.0,False,0.0,True,0.0,True
04013116614,0.0,maricopa-az,0.0,False,0.0,True,0.0,True
04013116615,0.0,maricopa-az,0.0,False,0.0,True,0.0,True
04013116616,0.0,maricopa-az,0.0,False,0.0,True,0.0,True
04013116617,0.0,maricopa-az,0.0,False,0.0,True,0.0,True
04013116618,0.101183,maricopa-az,0.30355,True,0.0,True,0.0,True
04013116619,0.030324,maricopa-az,0.090973,True,0.0,True,0.0,True
04013116620,0.083333,maricopa-az,0.0,True,0.0,True,0.25,True
04013116621,0.0,maricopa-az,0.0,True,0.0,True,0.0,True
04013116703,0.13119,maricopa-az,0.0,False,0.01238,True,0.25,True
04013116707,0.0,maricopa-az,0.0,False,0.0,True,,False
04013116708,0.125,maricopa-az,0.0,False,0.0,True,0.25,True
04013116709,0.0,maricopa-az,0.0,False,0.0,True,0.0,True
04013116710,0.0,maricopa-az,0.0,False,0.0,True,0.0,True
04013116711,0.0,maricopa-az,0.0,False,0.0,True,0.0,True
04013116712,0.022375,maricopa-az,0.067125,True,0.0,True,0.0,True
04013116713,0.0,maricopa-az,0.0,True,0.0,True,0.0,True
04013116714,0.009827,maricopa-az,0.0,True,0.02948,True,0.0,True
04013116715,0.0,maricopa-az,0.0,False,0.0,True,,False
04013116717,0.0,maricopa-az,0.0,True,0.0,True,0.0,True
04013116718,0.0,maricopa-az,0.0,False,0.0,True,0.0,True
04013116719,0.0,maricopa-az,0.0,True,0.0,True,0.0,True
04013116720,0.0,maricopa-az,0.0,False,0.0,True,0.0,True
04013116721,0.011128,maricopa-az,0.0,False,0.022256,True,0.0,True
04013116725,0.125233,maricopa-az,0.375698,True,0.0,True,0.0,True
04013116727,0.260868,maricopa-az,0.345177,True,0.0,True,0.437427,True
04013116728,0.028846,maricopa-az,0.0,False,0.008352,True,0.04934,True
04013116729,0.008197,maricopa-az,0.0,False,0.016393,True,0.0,True
04013116730,0.336958,maricopa-az,0.667371,True,0.006545,True,,False
04013116731,0.21597,maricopa-az,0.411839,True,0.020101,True,,False
04013116732,0.0,maricopa-az,0.0,False,0.0,True,0.0,True
04013116733,0.222228,maricopa-az,0.666684,True,0.0,True,0.0,True
04013116734,0.0,maricopa-az,0.0,False,0.0,True,0.0,True
04013116735,0.0,maricopa-az,0.0,False,0.0,True,0.0,True
04013116736,0.0,maricopa-az,0.0,False,0.0,True,0.0,True
04013116737,0.007641,maricopa-az,0.0,False,0.015282,True,0.0,True
04013116738,0.0,maricopa-az,0.0,False,0.0,True,0.0,True
04013116800,0.027778,maricopa-az,0.0,True,0.0,True,0.083333,True
04013116900,0.016597,maricopa-az,0.04979,True,0.0,True,0.0,True
04013117000,0.0,maricopa-az,0.0,True,0.0,True,0.0,True
04013117100,0.0,maricopa-az,0.0,False,0.0,True,0.0,True
04013117200,0.009272,maricopa-az,0.027817,True,0.0,True,0.0,True
04013117300,0.0,maricopa-az,0.0,True,0.0,True,0.0,True
04013216806,0.0,maricopa-az,0.0,False,0.0,True,0.0,True
04013216807,0.0,maricopa-az,0.0,True,0.0,True,0.0,True
04013216809,0.000633,maricopa-az,0.0,False,0.001265,True,0.0,True
04013216810,0.0,maricopa-az,0.0,True,0.0,True,0.0,True
04013216813,0.0,maricopa-az,0.0,False,0.0,True,0.0,True
04013216816,0.0,maricopa-az,0.0,True,0.0,True,0.0,True
04013216819,0.0,maricopa-az,0.0,False,0.0,True,0.0,True
04013216820,0.000704,maricopa-az,0.0,False,0.001408,True,0.0,True
04013216821,0.0,maricopa-az,0.0,False,0.0,True,0.0,True
04013216822,0.0,maricopa-az,0.0,False,0.0,True,0.0,True
04013216826,0.0,maricopa-az,0.0,True,0.0,True,0.0,True
04013216829,0.090764,maricopa-az,0.0,False,0.0,True,0.181527,True
04013216830,0.0,maricopa-az,0.0,False,0.0,True,0.0,True
04013216831,0.0,maricopa-az,0.0,False,0.0,True,0.0,True
04013216832,0.0,maricopa-az,0.0,False,0.0,True,0.0,True
04013216833,0.0,maricopa-az,0.0,False,0.0,True,0.0,True
04013216834,0.0,maricopa-az,0.0,False,0.0,True,0.0,True
04013216835,0.0,maricopa-az,0.0,False,0.0,True,0.0,True
04013216836,0.0,maricopa-az,0.0,False,0.0,True,0.0,True
04013216837,0.062364,maricopa-az,0.0,False,0.0,True,0.124728,True
04013216838,0.008333,maricopa-az,0.0,True,0.025,True,0.0,True
04013216839,0.0,maricopa-az,0.0,False,0.0,True,0.0,True
04013216840,0.0,maricopa-az,0.0,False,0.0,True,0.0,True
04013216841,0.067948,maricopa-az,0.0,False,0.0,True,0.135897,True
04013216842,0.0,maricopa-az,0.0,False,0.0,True,0.0,True
04013216843,0.0,maricopa-az,0.0,False,0.0,True,0.0,True
04013216844,0.0,maricopa-az,0.0,True,0.0,True,0.0,True
04013216845,0.0,maricopa-az,0.0,True,0.0,True,0.0,True
04013216849,0.0,maricopa-az,0.0,False,0.0,True,0.0,True
04013216850,0.0,maricopa-az,0.0,True,0.0,True,0.0,True
04013216851,0.0,maricopa-az,0.0,False,0.0,True,0.0,True
04013216852,0.0,maricopa-az,0.0,True,0.0,True,0.0,True
04013216853,0.0,maricopa-az,0.0,False,0.0,True,0.0,True
04013216854,0.0,maricopa-az,0.0,True,0.0,True,0.0,True
04013216855,0.0,maricopa-az,0.0,False,0.0,True,0.0,True
04013216856,0.002847,maricopa-az,0.0,False,0.005694,True,0.0,True
04013216857,0.0,maricopa-az,0.0,False,0.0,True,0.0,True
04013216858,0.0,maricopa-az,0.0,False,0.0,True,0.0,True
04013216859,0.125,maricopa-az,0.0,False,0.0,True,0.25,True
04013216860,0.055556,maricopa-az,0.0,True,0.0,True,0.166667,True
04013216861,0.0,maricopa-az,0.0,False,0.0,True,0.0,True
04013216901,0.0,maricopa-az,0.0,False,0.0,True,0.0,True
04013216902,0.001616,maricopa-az,0.0,False,0.003232,True,0.0,True
04013217001,0.25,maricopa-az,0.0,False,0.0,True,0.5,True
04013217002,0.0,maricopa-az,0.0,False,0.0,True,0.0,True
04013217101,0.011431,maricopa-az,0.0,False,0.022863,True,0.0,True
04013217102,0.003564,maricopa-az,0.0,False,0.007128,True,0.0,True
04013217201,0.0,maricopa-az,0.0,False,0.0,True,0.0,True
04013217203,0.005902,maricopa-az,0.0,False,0.011804,True,0.0,True
04013217204,0.0,maricopa-az,0.0,False,0.0,True,0.0,True
04013217300,0.0,maricopa-az,0.0,False,0.0,True,0.0,True
04013217400,0.028612,maricopa-az,0.0,False,0.0,True,0.057225,True
04013217501,0.0,maricopa-az,0.0,False,0.0,True,0.0,True
04013217502,0.011252,maricopa-az,0.0,False,0.022504,True,0.0,True
04013217600,0.0,maricopa-az,0.0,False,0.0,True,0.0,True
04013217700,0.0,maricopa-az,0.0,False,0.0,True,0.0,True
04013217800,0.0,maricopa-az,0.0,False,0.0,True,0.0,True
04013217900,0.0,maricopa-az,0.0,False,0.0,True,0.0,True
04013218000,0.0,maricopa-az,0.0,False,0.0,True,0.0,True
04013218100,0.0,maricopa-az,0.0,False,0.0,True,0.0,True
04013218200,0.0,maricopa-az,0.0,False,0.0,True,0.0,True
04013218300,0.25,maricopa-az,0.0,False,0.0,True,0.5,True
04013318400,0.0,maricopa-az,0.0,True,0.0,True,0.0,True
04013318501,0.025046,maricopa-az,0.0,False,0.050093,True,0.0,True
04013318700,0.0,maricopa-az,0.0,True,0.0,True,0.0,True
04013318800,0.059899,maricopa-az,0.179696,True,0.0,True,0.0,True
04013318900,0.00042,maricopa-az,0.0,False,0.000841,True,0.0,True
04013319001,0.0,maricopa-az,0.0,False,0.0,True,0.0,True
04013319002,0.0,maricopa-az,0.0,False,0.0,True,0.0,True
04013319101,0.309859,maricopa-az,0.0,False,0.119718,True,0.5,True
04013319103,0.0,maricopa-az,0.0,False,0.0,True,0.0,True
04013319104,0.005203,maricopa-az,0.0,False,0.010406,True,0.0,True
04013319201,0.001903,maricopa-az,0.0,True,0.005709,True,0.0,True
04013319202,0.0,maricopa-az,0.0,True,0.0,True,0.0,True
04013319300,0.006289,maricopa-az,0.0,True,0.018868,True,0.0,True
04013319401,0.0,maricopa-az,0.0,True,0.0,True,0.0,True
04013319402,0.001262,maricopa-az,0.0,True,0.003785,True,0.0,True
04013319403,0.0,maricopa-az,0.0,True,0.0,True,0.0,True
04013319404,0.003061,maricopa-az,0.0,True,0.009182,True,0.0,True
04013319500,0.0,maricopa-az,0.0,False,0.0,True,0.0,True
04013319600,0.0,maricopa-az,0.0,False,0.0,True,0.0,True
04013319705,0.05873,maricopa-az,0.036477,True,0.014715,True,0.125,True
04013319706,0.093715,maricopa-az,0.280363,True,0.000781,True,0.0,True
04013319707,0.0,maricopa-az,0.0,True,0.0,True,0.0,True
04013319708,0.002788,maricopa-az,0.0,True,0.008363,True,0.0,True
04013319709,0.054535,maricopa-az,0.146362,True,0.017241,True,0.0,True
04013319710,0.0,maricopa-az,0.0,True,0.0,True,0.0,True
04013319801,0.003209,maricopa-az,0.0,True,0.009627,True,0.0,True
04013319802,0.0,maricopa-az,0.0,True,0.0,True,0.0,True
04013319902,0.0,maricopa-az,0.0,False,0.0,True,0.0,True
04013319903,0.0,maricopa-az,0.0,False,0.0,True,0.0,True
04013319904,0.001038,maricopa-az,0.0,True,0.003115,True,0.0,True
04013319905,0.0,maricopa-az,0.0,False,0.0,True,0.0,True
04013319906,0.0,maricopa-az,0.0,True,0.0,True,0.0,True
04013319907,0.011173,maricopa-az,0.0,False,0.022346,True,0.0,True
04013319908,0.006906,maricopa-az,0.0,False,0.013812,True,0.0,True
04013319909,0.001194,maricopa-az,0.0,True,0.003581,True,0.0,True
04013319910,0.0,maricopa-az,0.0,True,0.0,True,0.0,True
04013320001,0.0,maricopa-az,0.0,True,0.0,True,0.0,True
04013320002,0.151409,maricopa-az,0.204226,True,0.0,True,0.25,True
04013320007,0.0,maricopa-az,0.0,False,0.0,True,0.0,True
04013320100,0.083333,maricopa-az,0.0,True,0.0,True,0.25,True
04013420104,0.083333,maricopa-az,0.0,True,0.0,True,0.25,True
04013420105,0.0,maricopa-az,0.0,True,0.0,True,0.0,True
04013420107,0.001,maricopa-az,0.0,True,0.003001,True,0.0,True
04013420108,0.0,maricopa-az,0.0,False,0.0,True,0.0,True
04013420109,0.0,maricopa-az,0.0,True,0.0,True,0.0,True
04013420110,0.0,maricopa-az,0.0,False,0.0,True,0.0,True
04013420111,0.0,maricopa-az,0.0,False,0.0,True,0.0,True
04013420112,0.000398,maricopa-az,0.0,False,0.000797,True,0.0,True
04013420113,0.103978,maricopa-az,0.0,False,0.0,True,0.207956,True
04013420114,0.0,maricopa-az,0.0,True,0.0,True,0.0,True
04013420115,0.0,maricopa-az,0.0,False,0.0,True,0.0,True
04013420116,0.0,maricopa-az,0.0,False,0.0,True,0.0,True
04013420202,0.0,maricopa-az,0.0,False,0.0,True,0.0,True
04013420206,0.0,maricopa-az,0.0,True,0.0,True,0.0,True
04013420207,0.001063,maricopa-az,0.0,False,0.002126,True,0.0,True
04013420208,0.0,maricopa-az,0.0,False,0.0,True,0.0,True
04013420209,0.0,maricopa-az,0.0,False,0.0,True,0.0,True
04013420210,0.0,maricopa-az,0.0,False,0.0,True,0.0,True
04013420211,0.015824,maricopa-az,0.047473,True,0.0,True,0.0,True
04013420212,0.0,maricopa-az,0.0,False,0.0,True,0.0,True
04013420213,0.0,maricopa-az,0.0,False,0.0,True,0.0,True
04013420214,0.0,maricopa-az,0.0,False,0.0,True,0.0,True
04013420215,0.0,maricopa-az,0.0,False,0.0,True,0.0,True
04013420216,0.002696,maricopa-az,0.0,False,0.005393,True,0.0,True
04013420301,0.002635,maricopa-az,0.0,False,0.00527,True,0.0,True
04013420302,0.003544,maricopa-az,0.0,False,0.007088,True,0.0,True
04013420303,0.0,maricopa-az,0.0,False,0.0,True,0.0,True
04013420304,0.0,maricopa-az,0.0,True,0.0,True,0.0,True
04013420401,0.185537,maricopa-az,0.556612,True,0.0,True,0.0,True
04013420402,0.125911,maricopa-az,0.375492,True,0.002241,True,0.0,True
04013420503,0.002179,maricopa-az,0.0,False,0.004357,True,0.0,True
04013420504,0.0,maricopa-az,0.0,False,0.0,True,0.0,True
04013420505,0.0,maricopa-az,0.0,False,0.0,True,0.0,True
04013420506,0.179295,maricopa-az,0.533804,True,0.004082,True,0.0,True
04013420602,0.0,maricopa-az,0.0,False,0.0,True,0.0,True
04013420603,0.010467,maricopa-az,0.0,False,0.020934,True,0.0,True
04013420604,0.0,maricopa-az,0.0,False,0.0,True,0.0,True
04013420704,0.013694,maricopa-az,0.0,False,0.027388,True,0.0,True
04013420705,0.003672,maricopa-az,0.0,False,0.007343,True,0.0,True
04013420706,0.0,maricopa-az,0.0,False,0.0,True,0.0,True
04013420707,0.25,maricopa-az,0.0,False,0.0,True,0.5,True
04013420708,0.0,maricopa-az,0.0,False,0.0,True,0.0,True
04013420709,0.0,maricopa-az,0.0,False,0.0,True,0.0,True
04013420710,0.0,maricopa-az,0.0,False,0.0,True,0.0,True
04013420800,0.007647,maricopa-az,0.0,False,0.015295,True,0.0,True
04013420901,0.002503,maricopa-az,0.0,False,0.005006,True,0.0,True
04013420902,0.0,maricopa-az,0.0,False,0.0,True,0.0,True
04013421001,0.21519,maricopa-az,0.645569,True,0.0,True,0.0,True
04013421002,0.0,maricopa-az,0.0,False,0.0,True,0.0,True
04013421101,0.110326,maricopa-az,0.330977,True,0.0,True,0.0,True
04013421102,0.0,maricopa-az,0.0,True,0.0,True,0.0,True
04013421201,0.020839,maricopa-az,0.052331,True,0.010185,True,0.0,True
04013421202,0.0,maricopa-az,0.0,False,0.0,True,0.0,True
04013421302,0.083333,maricopa-az,0.0,True,0.0,True,0.25,True
04013421303,0.0,maricopa-az,0.0,False,0.0,True,0.0,True
04013421304,0.0,maricopa-az,0.0,False,0.0,True,0.0,True
04013421400,0.0,maricopa-az,0.0,True,0.0,True,0.0,True
04013421501,0.0,maricopa-az,0.0,False,0.0,True,0.0,True
04013421502,0.003148,maricopa-az,0.0,False,0.006296,True,0.0,True
04013421601,0.0,maricopa-az,0.0,False,0.0,True,0.0,True
04013421602,0.0,maricopa-az,0.0,False,0.0,True,0.0,True
04013421701,0.01939,maricopa-az,0.0,False,0.003965,True,0.034815,True
04013421702,0.0,maricopa-az,0.0,False,0.0,True,0.0,True
04013421801,0.006667,maricopa-az,0.0,False,0.013333,True,0.0,True
04013421802,0.002639,maricopa-az,0.0,False,0.005277,True,0.0,True
04013421901,0.0,maricopa-az,0.0,False,0.0,True,0.0,True
04013421902,0.0,maricopa-az,0.0,False,0.0,True,0.0,True
04013422001,0.0,maricopa-az,0.0,True,0.0,True,0.0,True
04013422002,0.0,maricopa-az,0.0,True,0.0,True,0.0,True
04013422102,0.0,maricopa-az,0.0,False,0.0,True,0.0,True
04013422103,0.0,maricopa-az,0.0,False,0.0,True,0.0,True
04013422104,0.090915,maricopa-az,0.0,False,0.015164,True,0.166666,True
04013422105,0.055556,maricopa-az,0.0,True,0.0,True,0.166666,True
04013422106,0.066435,maricopa-az,0.199305,True,0.0,True,0.0,True
04013422107,0.0,maricopa-az,0.0,False,0.0,True,0.0,True
04013422203,0.0,maricopa-az,0.0,True,0.0,True,0.0,True
04013422209,0.0,maricopa-az,0.0,True,0.0,True,0.0,True
04013422210,0.0,maricopa-az,0.0,False,0.0,True,0.0,True
04013422211,0.0,maricopa-az,0.0,True,0.0,True,0.0,True
04013422212,0.023483,maricopa-az,0.0,True,0.070448,True,0.0,True
04013422213,0.0,maricopa-az,0.0,True,0.0,True,0.0,True
04013422215,0.014019,maricopa-az,0.0,False,0.028037,True,0.0,True
04013422216,0.0,maricopa-az,0.0,True,0.0,True,0.0,True
04013422217,0.047293,maricopa-az,0.141878,True,0.0,True,0.0,True
04013422218,0.0,maricopa-az,0.0,True,0.0,True,0.0,True
04013422219,0.0,maricopa-az,0.0,False,0.0,True,0.0,True
04013422220,0.004979,maricopa-az,0.014937,True,0.0,True,0.0,True
04013422221,0.0,maricopa-az,0.0,False,0.0,True,0.0,True
04013422222,0.0,maricopa-az,0.0,False,0.0,True,0.0,True
04013422223,0.0,maricopa-az,0.0,True,0.0,True,0.0,True
04013422224,0.020833,maricopa-az,0.0,True,0.0625,True,0.0,True
04013422225,0.014624,maricopa-az,0.043872,True,0.0,True,0.0,True
04013422226,0.0,maricopa-az,0.0,True,0.0,True,0.0,True
04013422227,0.001712,maricopa-az,0.0,True,0.005137,True,0.0,True
04013422301,0.0,maricopa-az,0.0,True,0.0,True,0.0,True
04013422302,0.0,maricopa-az,0.0,True,0.0,True,0.0,True
04013422304,0.131228,maricopa-az,0.393685,True,0.0,True,0.0,True
04013422305,0.003148,maricopa-az,0.0,False,0.006295,True,0.0,True
04013422307,0.083333,maricopa-az,0.0,True,0.0,True,0.25,True
04013422308,0.0,maricopa-az,0.0,False,0.0,True,0.0,True
04013422309,0.003627,maricopa-az,0.0,False,0.007254,True,0.0,True
04013422401,0.0,maricopa-az,0.0,False,0.0,True,0.0,True
04013422402,0.0,maricopa-az,0.0,False,0.0,True,0.0,True
04013422403,0.0,maricopa-az,0.0,False,0.0,True,0.0,True
04013422404,0.002132,maricopa-az,0.0,False,0.004264,True,0.0,True
04013422501,0.0,maricopa-az,0.0,False,0.0,True,0.0,True
04013422502,0.0,maricopa-az,0.0,False,0.0,True,0.0,True
04013422503,0.0,maricopa-az,0.0,True,0.0,True,0.0,True
04013422504,0.0,maricopa-az,0.0,True,0.0,True,0.0,True
04013422506,0.0,maricopa-az,0.0,False,0.0,True,0.0,True
04013422507,0.0,maricopa-az,0.0,False,0.0,True,0.0,True
04013422508,0.0,maricopa-az,0.0,False,0.0,True,0.0,True
04013422509,0.128603,maricopa-az,0.0,False,0.007205,True,0.25,True
04013422510,0.009804,maricopa-az,0.0,False,0.019608,True,0.0,True
04013422511,0.001512,maricopa-az,0.0,False,0.003023,True,0.0,True
04013422512,0.003747,maricopa-az,0.0,False,0.007495,True,0.0,True
04013422513,0.0,maricopa-az,0.0,False,0.0,True,0.0,True
04013422514,0.0,maricopa-az,0.0,True,0.0,True,0.0,True
04013422607,0.0,maricopa-az,0.0,False,0.0,True,0.0,True
04013422609,0.000593,maricopa-az,0.0,False,0.001186,True,0.0,True
04013422610,0.001017,maricopa-az,0.0,False,0.002034,True,0.0,True
04013422615,0.0,maricopa-az,0.0,True,0.0,True,0.0,True
04013422617,0.0,maricopa-az,0.0,False,0.0,True,0.0,True
04013422618,0.00053,maricopa-az,0.0,False,0.001059,True,0.0,True
04013422620,0.0,maricopa-az,0.0,False,0.0,True,0.0,True
04013422621,0.250952,maricopa-az,0.0,False,0.001904,True,0.5,True
04013422622,0.0,maricopa-az,0.0,False,0.0,True,0.0,True
04013422623,0.0,maricopa-az,0.0,False,0.0,True,0.0,True
04013422624,0.0,maricopa-az,0.0,False,0.0,True,0.0,True
04013422625,0.0,maricopa-az,0.0,False,0.0,True,0.0,True
04013422626,0.0,maricopa-az,0.0,False,0.0,True,0.0,True
04013422627,0.00531,maricopa-az,0.0,True,0.01593,True,0.0,True
04013422628,0.0,maricopa-az,0.0,False,0.0,True,0.0,True
04013422629,0.0,maricopa-az,0.0,False,0.0,True,0.0,True
04013422630,0.000772,maricopa-az,0.0,False,0.001543,True,0.0,True
04013422632,0.228966,maricopa-az,0.186898,True,0.0,True,0.5,True
04013422633,0.0,maricopa-az,0.0,True,0.0,True,0.0,True
04013422634,0.0,maricopa-az,0.0,True,0.0,True,0.0,True
04013422636,0.0,maricopa-az,0.0,True,0.0,True,0.0,True
04013422637,0.0,maricopa-az,0.0,False,0.0,True,0.0,True
04013422638,0.0,maricopa-az,0.0,True,0.0,True,0.0,True
04013422639,0.0,maricopa-az,0.0,True,0.0,True,0.0,True
04013422640,0.0,maricopa-az,0.0,True,0.0,True,0.0,True
04013422642,0.0,maricopa-az,0.0,False,0.0,True,0.0,True
04013422643,0.0,maricopa-az,0.0,False,0.0,True,0.0,True
04013422647,0.125,maricopa-az,0.0,False,0.0,True,0.25,True
04013422648,0.002237,maricopa-az,0.0,False,0.004474,True,0.0,True
04013422649,0.010644,maricopa-az,0.0,False,0.021288,True,0.0,True
04013422650,0.00276,maricopa-az,0.0,False,0.005521,True,0.0,True
04013422651,0.004394,maricopa-az,0.0,False,0.008787,True,0.0,True
04013422652,0.0,maricopa-az,0.0,True,0.0,True,0.0,True
04013422653,0.0,maricopa-az,0.0,True,0.0,True,0.0,True
04013422654,0.007844,maricopa-az,0.0,False,0.015688,True,0.0,True
04013422655,0.0,maricopa-az,0.0,True,0.0,True,0.0,True
04013422656,0.000839,maricopa-az,0.0,False,0.001678,True,0.0,True
04013422657,0.010712,maricopa-az,0.0,False,0.021424,True,0.0,True
04013422658,0.000469,maricopa-az,0.0,False,0.000937,True,0.0,True
04013422659,0.0,maricopa-az,0.0,True,0.0,True,0.0,True
04013422660,0.097396,maricopa-az,0.0,True,0.000635,True,0.291552,True
04013522801,0.5,maricopa-az,0.0,False,0.0,False,0.5,True
04013522802,0.08529,maricopa-az,0.0,False,0.0,True,0.170581,True
04013522901,0.0,maricopa-az,0.0,True,0.0,True,0.0,True
04013522903,0.155646,maricopa-az,0.466937,True,0.0,True,0.0,True
04013522904,0.00728,maricopa-az,0.0,False,0.014559,True,0.0,True
04013523002,0.000179,maricopa-az,0.0,True,0.000536,True,0.0,True
04013523005,0.00321,maricopa-az,0.0,False,0.006421,True,0.0,True
04013523006,0.0,maricopa-az,0.0,False,0.0,True,0.0,True
04013523007,0.114063,maricopa-az,0.34219,True,0.0,True,0.0,True
04013523008,0.125,maricopa-az,0.0,False,0.0,True,0.25,True
04013523102,0.0,maricopa-az,0.0,True,0.0,True,0.0,True
04013523103,0.0,maricopa-az,0.0,False,0.0,True,0.0,True
04013523104,0.0,maricopa-az,0.0,True,0.0,True,0.0,True
04013610001,0.302361,maricopa-az,0.657082,True,0.0,True,0.25,True
04013610002,0.300307,maricopa-az,0.563969,True,0.0,True,0.336952,True
04013610100,0.0,maricopa-az,0.0,True,0.0,True,0.0,True
04013610201,0.001377,maricopa-az,0.0,True,0.004132,True,0.0,True
04013610202,0.25,maricopa-az,0.0,False,0.0,True,0.5,True
04013610301,0.101706,maricopa-az,0.305117,True,0.0,True,0.0,True
04013610302,0.003413,maricopa-az,0.0,False,0.006826,True,0.0,True
04013610400,0.002248,maricopa-az,0.0,False,0.004496,True,0.0,True
04013610500,0.041667,maricopa-az,0.0,True,0.0,True,0.125,True
04013610600,0.0,maricopa-az,0.0,True,0.0,True,0.0,True
04013610700,0.0,maricopa-az,0.0,False,0.0,True,0.0,True
04013610800,0.13495,maricopa-az,0.396368,True,0.008481,True,0.0,True
04013610901,0.217879,maricopa-az,0.0,False,0.005952,True,0.429805,True
04013610902,0.062086,maricopa-az,0.0,False,0.0,True,0.124173,True
04013610903,0.014047,maricopa-az,0.0,False,0.028094,True,0.0,True
04013611000,0.004087,maricopa-az,0.0,False,0.008174,True,0.0,True
04013611100,0.009623,maricopa-az,0.0,False,0.019245,True,0.0,True
04013611200,0.015339,maricopa-az,0.0,False,0.030677,True,0.0,True
04013611300,0.0,maricopa-az,0.0,True,0.0,True,0.0,True
04013611400,0.261254,maricopa-az,0.0,False,0.024126,True,0.498382,True
04013611500,0.007576,maricopa-az,0.0,False,0.015152,True,0.0,True
04013611600,0.149852,maricopa-az,0.0,False,0.0,True,0.299703,True
04013611700,0.001473,maricopa-az,0.0,False,0.002946,True,0.0,True
04013611800,0.003689,maricopa-az,0.0,False,0.007379,True,0.0,True
04013611900,0.093672,maricopa-az,0.0,True,0.0,True,0.281016,True
04013612000,0.0,maricopa-az,0.0,False,0.0,True,0.0,True
04013612200,0.003417,maricopa-az,0.0,False,0.006834,True,0.0,True
04013612301,0.0,maricopa-az,0.0,True,0.0,True,0.0,True
04013612302,0.0,maricopa-az,0.0,True,0.0,True,0.0,True
04013612401,0.01259,maricopa-az,0.0,False,0.02518,True,0.0,True
04013612402,0.0,maricopa-az,0.0,False,0.0,True,0.0,True
04013612500,0.25,maricopa-az,0.0,False,0.0,True,0.5,True
04013612600,0.0,maricopa-az,0.0,False,0.0,True,0.0,True
04013612700,0.0,maricopa-az,0.0,False,0.0,True,0.0,True
04013612800,0.25,maricopa-az,0.0,False,0.0,True,0.5,True
04013612900,0.0,maricopa-az,0.0,False,0.0,True,0.0,True
04013613000,0.0,maricopa-az,0.0,False,0.0,True,0.0,True
04013613100,0.000249,maricopa-az,0.0,False,0.000498,True,0.0,True
04013613200,0.0,maricopa-az,0.0,False,0.0,True,0.0,True
04013613300,0.0,maricopa-az,0.0,False,0.0,True,0.0,True
04013613400,0.01135,maricopa-az,0.0,False,0.0227,True,0.0,True
04013613500,0.005155,maricopa-az,0.0,False,0.010309,True,0.0,True
04013613601,0.0,maricopa-az,0.0,False,0.0,True,0.0,True
04013613602,0.0,maricopa-az,0.0,False,0.0,True,0.0,True
04013613700,0.00317,maricopa-az,0.0,False,0.006339,True,0.0,True
04013613800,0.0,maricopa-az,0.0,False,0.0,True,0.0,True
04013613900,0.002271,maricopa-az,0.0,False,0.004542,True,0.0,True
04013614000,0.0,maricopa-az,0.0,False,0.0,True,0.0,True
04013614100,0.000327,maricopa-az,0.0,True,0.000982,True,0.0,True
04013614200,0.0,maricopa-az,0.0,True,0.0,True,0.0,True
04013614300,0.0,maricopa-az,0.0,True,0.0,True,0.0,True
04013614400,0.0,maricopa-az,0.0,True,0.0,True,0.0,True
04013614500,0.0,maricopa-az,0.0,True,0.0,True,0.0,True
04013614601,0.0,maricopa-az,0.0,True,0.0,True,0.0,True
04013614602,0.001706,maricopa-az,0.0,True,0.005118,True,0.0,True
04013614700,0.0,maricopa-az,0.0,True,0.0,True,0.0,True
04013614800,0.021722,maricopa-az,0.065165,True,0.0,True,0.0,True
04013614900,0.014231,maricopa-az,0.042694,True,0.0,True,0.0,True
04013615001,0.0,maricopa-az,0.0,False,0.0,True,0.0,True
04013615002,0.0,maricopa-az,0.0,True,0.0,True,0.0,True
04013615100,0.0,maricopa-az,0.0,False,0.0,True,0.0,True
04013615201,0.0,maricopa-az,0.0,True,0.0,True,0.0,True
04013615202,0.0,maricopa-az,0.0,True,0.0,True,0.0,True
04013615300,0.000306,maricopa-az,0.0,False,0.000612,True,0.0,True
04013615400,0.01087,maricopa-az,0.0,False,0.021739,True,0.0,True
04013615500,0.008929,maricopa-az,0.0,False,0.017857,True,0.0,True
04013615600,0.0,maricopa-az,0.0,False,0.0,True,0.0,True
04013615700,0.001803,maricopa-az,0.0,True,0.00541,True,0.0,True
04013615800,0.0,maricopa-az,0.0,True,0.0,True,0.0,True
04013615900,0.0,maricopa-az,0.0,True,0.0,True,0.0,True
04013616000,0.0,maricopa-az,0.0,True,0.0,True,0.0,True
04013616100,0.064792,maricopa-az,0.194375,True,0.0,True,0.0,True
04013616200,0.00349,maricopa-az,0.0,True,0.010471,True,0.0,True
04013616300,0.086115,maricopa-az,0.258345,True,0.0,True,0.0,True
04013616400,0.0,maricopa-az,0.0,True,0.0,True,0.0,True
04013616500,0.0,maricopa-az,0.0,True,0.0,True,0.0,True
04013616600,0.002641,maricopa-az,0.0,True,0.007923,True,0.0,True
04013616700,0.000318,maricopa-az,0.0,True,0.000955,True,0.0,True
04013616800,0.001498,maricopa-az,0.0,True,0.004493,True,0.0,True
04013616900,0.0,maricopa-az,0.0,True,0.0,True,0.0,True
04013617001,0.314029,maricopa-az,0.411221,True,0.0,True,0.530867,True
04013617002,0.062499,maricopa-az,0.187497,True,0.0,True,0.0,True
04013617100,0.007246,maricopa-az,0.0,True,0.014493,True,,False
04013617200,0.0,maricopa-az,0.0,True,0.0,True,0.0,True
04013617300,0.001759,maricopa-az,0.0,True,0.005277,True,0.0,True
04013617400,0.0,maricopa-az,0.0,False,0.0,True,0.0,True
04013617500,0.0,maricopa-az,0.0,False,0.0,True,0.0,True
04013617600,0.0625,maricopa-az,0.0,False,0.0,True,0.125,True
04013617700,0.0,maricopa-az,0.0,True,0.0,True,0.0,True
04013617800,0.0,maricopa-az,0.0,False,0.0,True,0.0,True
04013617900,0.0,maricopa-az,0.0,False,0.0,True,0.0,True
04013618000,0.0,maricopa-az,0.0,False,0.0,True,0.0,True
04013618100,0.0,maricopa-az,0.0,True,0.0,True,0.0,True
04013618200,0.0,maricopa-az,0.0,True,0.0,True,0.0,True
04013618300,0.0,maricopa-az,0.0,True,0.0,True,0.0,True
04013618400,0.0,maricopa-az,0.0,True,0.0,True,0.0,True
04013618500,0.0,maricopa-az,0.0,True,0.0,True,0.0,True
04013618600,0.0,maricopa-az,0.0,True,0.0,True,0.0,True
04013618700,0.0,maricopa-az,0.0,False,0.0,True,0.0,True
04013618800,0.0,maricopa-az,0.0,False,0.0,True,0.0,True
04013618900,0.0,maricopa-az,0.0,False,0.0,True,0.0,True
04013619000,0.016969,maricopa-az,0.0,False,0.004591,True,0.029348,True
04013619100,0.0,maricopa-az,0.0,False,0.0,True,0.0,True
04013619200,0.0,maricopa-az,0.0,False,0.0,True,0.0,True
04013619300,0.0,maricopa-az,0.0,False,0.0,True,0.0,True
04013619400,0.0,maricopa-az,0.0,False,0.0,True,0.0,True
04013619500,0.0,maricopa-az,0.0,False,0.0,True,0.0,True
04013619601,0.0,maricopa-az,0.0,True,0.0,True,0.0,True
04013619602,0.0,maricopa-az,0.0,True,0.0,True,0.0,True
04013619700,0.0,maricopa-az,0.0,False,0.0,True,0.0,True
04013619800,0.0,maricopa-az,0.0,False,0.0,True,0.0,True
04013619900,0.0,maricopa-az,0.0,False,0.0,True,0.0,True
04013723304,0.041667,maricopa-az,0.0,True,0.0,True,0.125,True
04013723305,0.0,maricopa-az,0.0,True,0.0,True,0.0,True
04013723306,0.083333,maricopa-az,0.0,True,0.0,True,0.25,True
04013723307,0.0,maricopa-az,0.0,False,0.0,True,0.0,True
04013723309,0.0,maricopa-az,0.0,False,0.0,True,0.0,True
04013723310,0.0,maricopa-az,0.0,False,0.0,True,0.0,True
04013723311,0.125,maricopa-az,0.0,False,0.0,True,0.25,True
04013810000,0.0,maricopa-az,0.0,True,0.0,True,0.0,True
04013810100,0.004428,maricopa-az,0.0,True,0.013285,True,0.0,True
04013810200,0.006352,maricopa-az,0.0,True,0.019056,True,0.0,True
04013810300,0.002238,maricopa-az,0.0,True,0.006715,True,0.0,True
04013810400,0.0,maricopa-az,0.0,True,0.0,True,0.0,True
04013810500,0.127301,maricopa-az,0.0,False,0.004603,True,0.25,True
04013810600,0.0,maricopa-az,0.0,False,0.0,True,0.0,True
04013810700,0.007321,maricopa-az,0.0,True,0.021962,True,0.0,True
04013810800,0.002395,maricopa-az,0.0,True,0.007184,True,0.0,True
04013810900,0.060881,maricopa-az,0.169526,True,0.013116,True,0.0,True
04013811000,0.038357,maricopa-az,0.115072,True,0.0,True,0.0,True
04013811100,0.0,maricopa-az,0.0,True,0.0,True,0.0,True
04013811200,0.0,maricopa-az,0.0,True,0.0,True,0.0,True
04013811300,0.004437,maricopa-az,0.0,False,0.008873,True,0.0,True
04013811400,0.0,maricopa-az,0.0,False,0.0,True,0.0,True
04013811500,0.00463,maricopa-az,0.0,False,0.009259,True,0.0,True
04013811600,0.003311,maricopa-az,0.0,False,0.006623,True,0.0,True
04013811700,0.0,maricopa-az,0.0,False,0.0,True,0.0,True
04013811800,0.017228,maricopa-az,0.0,True,0.0,True,0.051683,True
04013811900,0.0,maricopa-az,0.0,True,0.0,True,0.0,True
04013812000,0.082179,maricopa-az,0.246538,True,0.0,True,0.0,True
04013812100,0.00094,maricopa-az,0.0,True,0.002819,True,0.0,True
04013812200,0.004026,maricopa-az,0.0,False,0.008052,True,0.0,True
04013812300,0.0,maricopa-az,0.0,True,0.0,True,0.0,True
04013812400,0.0,maricopa-az,0.0,True,0.0,True,0.0,True
04013812500,0.0,maricopa-az,0.0,False,0.0,True,0.0,True
04013812600,0.010287,maricopa-az,0.0,False,0.020574,True,0.0,True
04013812700,0.00137,maricopa-az,0.0,True,0.004109,True,0.0,True
04013812801,0.0,maricopa-az,0.0,False,0.0,True,0.0,True
04013812802,0.0,maricopa-az,0.0,False,0.0,True,0.0,True
04013812900,0.0,maricopa-az,0.0,False,0.0,True,0.0,True
04013813000,0.033218,maricopa-az,0.0,True,0.0,True,0.099654,True
04013813100,0.0,maricopa-az,0.0,True,0.0,True,0.0,True
04013813200,0.132023,maricopa-az,0.0,False,0.014047,True,0.25,True
04013813300,0.056468,maricopa-az,0.0,False,0.0,True,0.112937,True
04013813400,0.094473,maricopa-az,0.047008,True,0.0,True,0.236411,True
04013813500,0.055084,maricopa-az,0.0,False,0.006301,True,0.103867,True
04013813600,0.0,maricopa-az,0.0,False,0.0,True,0.0,True
04013813700,0.031308,maricopa-az,0.0,True,0.01589,True,0.078034,True
04013813800,0.088878,maricopa-az,0.0,False,0.003711,True,0.174045,True
04013813900,0.000718,maricopa-az,0.0,False,0.001436,True,0.0,True
04013814000,0.282266,maricopa-az,0.0,False,0.000641,True,0.56389,True
04013814100,0.0,maricopa-az,0.0,False,0.0,True,0.0,True
04013814200,0.00408,maricopa-az,0.0,False,0.00816,True,0.0,True
04013814300,0.0,maricopa-az,0.0,False,0.0,True,0.0,True
04013814400,0.005594,maricopa-az,0.0,False,0.011188,True,0.0,True
04013814500,0.000803,maricopa-az,0.0,False,0.001607,True,0.0,True
04013814600,0.0,maricopa-az,0.0,True,0.0,True,0.0,True
04013814700,0.029885,maricopa-az,0.089656,True,0.0,True,0.0,True
04013814801,0.106238,maricopa-az,0.318715,True,0.0,True,0.0,True
04013814802,0.091153,maricopa-az,0.273458,True,0.0,True,0.0,True
04013814900,0.003729,maricopa-az,0.0,False,0.007458,True,0.0,True
04013815000,0.0,maricopa-az,0.0,False,0.0,True,0.0,True
04013815100,0.095142,maricopa-az,0.276712,True,0.008715,True,0.0,True
04013815201,0.0,maricopa-az,0.0,False,0.0,True,0.0,True
04013815202,0.0,maricopa-az,0.0,False,0.0,True,0.0,True
04013815203,0.001631,maricopa-az,0.0,False,0.003263,True,0.0,True
04013815300,0.000732,maricopa-az,0.0,True,0.002196,True,0.0,True
04013815401,0.0,maricopa-az,0.0,True,0.0,True,0.0,True
04013815402,0.0,maricopa-az,0.0,True,0.0,True,0.0,True
04013815501,0.015051,maricopa-az,0.045152,True,0.0,True,0.0,True
04013815502,0.0,maricopa-az,0.0,True,0.0,True,0.0,True
04013815601,0.0,maricopa-az,0.0,False,0.0,True,0.0,True
04013815602,0.002988,maricopa-az,0.0,False,0.005975,True,0.0,True
04013815700,0.000794,maricopa-az,0.0,False,0.001588,True,0.0,True
04013815800,0.0,maricopa-az,0.0,False,0.0,True,0.0,True
04013815901,0.0,maricopa-az,0.0,True,0.0,True,0.0,True
04013815902,0.117249,maricopa-az,0.0,False,0.0,True,0.234498,True
04013816001,0.0,maricopa-az,0.0,False,0.0,True,0.0,True
04013816002,0.060924,maricopa-az,0.0,False,0.0,True,0.121848,True
04013816003,0.0,maricopa-az,0.0,False,0.0,True,0.0,True
04013816004,0.0,maricopa-az,0.0,False,0.0,True,0.0,True
04013816005,0.0,maricopa-az,0.0,False,0.0,True,0.0,True
04013816100,0.0,maricopa-az,0.0,False,0.0,True,0.0,True
04013816200,0.0,maricopa-az,0.0,False,0.0,True,0.0,True
04013816301,0.0,maricopa-az,0.0,False,0.0,True,0.0,True
04013816302,0.096312,maricopa-az,0.0,False,0.0,True,0.192625,True
04013816401,0.118598,maricopa-az,0.0,False,0.0,True,0.237197,True
04013816402,0.0,maricopa-az,0.0,False,0.0,True,0.0,True
04013816501,0.0,maricopa-az,0.0,False,0.0,True,0.0,True
04013816502,0.0,maricopa-az,0.0,False,0.0,True,0.0,True
04013816600,0.0,maricopa-az,0.0,False,0.0,True,0.0,True
04013816700,0.0,maricopa-az,0.0,False,0.0,True,0.0,True
04013816800,0.0,maricopa-az,0.0,False,0.0,True,0.0,True
04013816901,0.0,maricopa-az,0.0,False,0.0,True,0.0,True
04013816902,0.0,maricopa-az,0.0,False,0.0,True,0.0,True
04013816903,0.0,maricopa-az,0.0,False,0.0,True,0.0,True
04013816904,0.125,maricopa-az,0.0,False,0.0,True,0.25,True
04013817000,0.173187,maricopa-az,0.0,False,0.0,True,0.346374,True
04013817101,0.000838,maricopa-az,0.0,False,0.001675,True,0.0,True
04013817102,0.0,maricopa-az,0.0,False,0.0,True,0.0,True
04013817103,0.0,maricopa-az,0.0,False,0.0,True,0.0,True
04013817200,0.0,maricopa-az,0.0,False,0.0,True,0.0,True
04013817300,0.003181,maricopa-az,0.0,False,0.006362,True,0.0,True
04013817400,0.25023,maricopa-az,0.0,False,0.00046,True,0.5,True
04013817500,0.00758,maricopa-az,0.0,False,0.015159,True,0.0,True
04013817600,0.0,maricopa-az,0.0,True,0.0,True,0.0,True
04013940700,0.0,maricopa-az,0.0,False,0.0,True,,False
04013941000,0.166667,maricopa-az,0.0,False,0.0,True,0.333333,True
04013941100,0.039258,maricopa-az,0.117775,True,0.0,True,0.0,True
04013941200,0.139246,maricopa-az,0.417739,True,0.0,True,0.0,True
04013941300,0.0,maricopa-az,0.0,True,0.0,True,0.0,True
04013980100,1.8e-05,maricopa-az,5.5e-05,True,0.0,True,0.0,True
04013980400,0.0,maricopa-az,0.0,True,0.0,True,0.0,True
04013980500,0.0,maricopa-az,0.0,False,0.0,True,0.0,True
04013980700,0.0,maricopa-az,0.0,False,0.0,True,,False
04013980900,0.0,maricopa-az,0.0,False,0.0,True,0.0,True
04013981000,0.25,maricopa-az,0.0,False,0.0,True,0.5,True
04015954801,0.08373,maricopa-az,0.251191,True,0.0,True,0.0,True
04015954802,0.0,maricopa-az,0.0,True,0.0,True,0.0,True
04017940014,0.120564,maricopa-az,0.361692,True,0.0,True,0.0,True
04017940015,0.208333,maricopa-az,0.0,True,0.0,True,0.625,True
04017940100,0.221796,maricopa-az,0.415387,True,0.0,True,0.25,True
04017940301,0.18313,maricopa-az,0.54939,True,0.0,True,0.0,True
04017940302,0.375969,maricopa-az,0.961242,True,0.0,True,0.166667,True
04017960100,0.144181,maricopa-az,0.349211,True,0.0,True,0.083333,True
04017960200,0.177889,maricopa-az,0.283667,True,0.0,True,0.25,True
04017960400,0.041903,maricopa-az,0.12571,True,0.0,True,0.0,True
04017960500,0.111101,maricopa-az,0.333304,True,0.0,True,0.0,True
04017960600,0.015089,maricopa-az,0.045268,True,0.0,True,0.0,True
04017961300,0.225819,maricopa-az,0.677456,True,0.0,True,0.0,True
04017961701,0.233419,maricopa-az,0.700258,True,0.0,True,0.0,True
04017961702,0.441557,maricopa-az,0.824672,True,0.0,True,0.5,True
04017962501,0.264444,maricopa-az,0.793333,True,0.0,True,0.0,True
04017962502,0.451856,maricopa-az,0.855567,True,0.0,True,0.5,True
04017963300,0.174811,maricopa-az,0.274432,True,0.0,True,0.25,True
04017963400,0.072843,maricopa-az,0.218529,True,0.0,True,0.0,True
04017963700,0.0,maricopa-az,0.0,True,0.0,True,0.0,True
04017963800,0.0,maricopa-az,0.0,True,0.0,True,0.0,True
04017964201,0.113022,maricopa-az,0.339066,True,0.0,True,0.0,True
04017964202,0.045588,maricopa-az,0.011765,True,0.0,True,0.125,True
04017964801,0.083333,maricopa-az,0.0,True,0.0,True,0.25,True
04017964802,0.230692,maricopa-az,0.692077,True,0.0,True,0.0,True
04017964901,0.287591,maricopa-az,0.862774,True,0.0,True,0.0,True
04017964902,0.278046,maricopa-az,0.834139,True,0.0,True,0.0,True
04017965201,0.27713,maricopa-az,0.83139,True,0.0,True,0.0,True
04017965202,0.271863,maricopa-az,0.815589,True,0.0,True,0.0,True
04017965301,0.163885,maricopa-az,0.491655,True,0.0,True,0.0,True
04017965302,0.083333,maricopa-az,0.0,True,0.0,True,0.25,True
04019000100,0.0,maricopa-az,0.0,False,0.0,True,0.0,True
04019000200,0.0,maricopa-az,0.0,True,0.0,True,0.0,True
04019000300,0.0,maricopa-az,0.0,True,0.0,True,0.0,True
04019000401,0.0,maricopa-az,0.0,False,0.0,True,0.0,True
04019000402,0.0,maricopa-az,0.0,False,0.0,True,0.0,True
04019000501,0.0,maricopa-az,0.0,False,0.0,True,0.0,True
04019000502,0.0,maricopa-az,0.0,False,0.0,True,0.0,True
04019000600,0.0,maricopa-az,0.0,False,0.0,True,0.0,True
04019000700,0.0,maricopa-az,0.0,False,0.0,True,0.0,True
04019000800,0.0,maricopa-az,0.0,True,0.0,True,0.0,True
04019001100,0.0,maricopa-az,0.0,True,0.0,True,0.0,True
04019001200,0.0,maricopa-az,0.0,True,0.0,True,0.0,True
04019001302,0.0,maricopa-az,0.0,False,0.0,True,0.0,True
04019001303,0.0,maricopa-az,0.0,True,0.0,True,0.0,True
04019001304,0.0,maricopa-az,0.0,True,0.0,True,0.0,True
04019001400,0.0,maricopa-az,0.0,False,0.0,True,0.0,True
04019001500,0.0,maricopa-az,0.0,False,0.0,True,0.0,True
04019001600,0.0,maricopa-az,0.0,False,0.0,True,0.0,True
04019001700,0.0,maricopa-az,0.0,False,0.0,True,0.0,True
04019001801,0.0,maricopa-az,0.0,False,0.0,True,0.0,True
04019001802,0.0,maricopa-az,0.0,False,0.0,True,0.0,True
04019001900,0.0,maricopa-az,0.0,False,0.0,True,0.0,True
04019002000,0.0,maricopa-az,0.0,True,0.0,True,0.0,True
04019002100,0.0,maricopa-az,0.0,False,0.0,True,0.0,True
04019002201,0.0,maricopa-az,0.0,True,0.0,True,0.0,True
04019002202,0.0,maricopa-az,0.0,True,0.0,True,0.0,True
04019002300,0.083333,maricopa-az,0.0,True,0.0,True,0.25,True
04019002400,0.0,maricopa-az,0.0,True,0.0,True,0.0,True
04019002503,0.0,maricopa-az,0.0,True,0.0,True,0.0,True
04019002504,0.0,maricopa-az,0.0,True,0.0,True,0.0,True
04019002505,0.0,maricopa-az,0.0,False,0.0,True,0.0,True
04019002507,0.0,maricopa-az,0.0,False,0.0,True,0.0,True
04019002508,0.0,maricopa-az,0.0,False,0.0,True,0.0,True
04019002509,0.0,maricopa-az,0.0,True,0.0,True,0.0,True
04019002602,0.0,maricopa-az,0.0,False,0.0,True,0.0,True
04019002603,0.0,maricopa-az,0.0,True,0.0,True,0.0,True
04019002604,0.0,maricopa-az,0.0,True,0.0,True,0.0,True
04019002702,0.0,maricopa-az,0.0,False,0.0,True,0.0,True
04019002703,0.0,maricopa-az,0.0,False,0.0,True,0.0,True
04019002704,0.0,maricopa-az,0.0,False,0.0,True,0.0,True
04019002801,0.0,maricopa-az,0.0,False,0.0,True,0.0,True
04019002802,0.125,maricopa-az,0.0,False,0.0,True,0.25,True
04019002803,0.0,maricopa-az,0.0,False,0.0,True,0.0,True
04019002901,0.0,maricopa-az,0.0,False,0.0,True,0.0,True
04019002904,0.0,maricopa-az,0.0,False,0.0,True,0.0,True
04019002905,0.0,maricopa-az,0.0,False,0.0,True,0.0,True
04019002906,0.0,maricopa-az,0.0,False,0.0,True,0.0,True
04019003002,0.0,maricopa-az,0.0,False,0.0,True,0.0,True
04019003003,0.0,maricopa-az,0.0,False,0.0,True,0.0,True
04019003004,0.0,maricopa-az,0.0,False,0.0,True,0.0,True
04019003102,0.0,maricopa-az,0.0,False,0.0,True,0.0,True
04019003103,0.0,maricopa-az,0.0,False,0.0,True,0.0,True
04019003104,0.0,maricopa-az,0.0,False,0.0,True,0.0,True
04019003201,0.0,maricopa-az,0.0,False,0.0,True,0.0,True
04019003202,0.0,maricopa-az,0.0,False,0.0,True,0.0,True
04019003302,0.0,maricopa-az,0.0,False,0.0,True,0.0,True
04019003303,0.0,maricopa-az,0.0,False,0.0,True,0.0,True
04019003304,0.0,maricopa-az,0.0,False,0.0,True,0.0,True
04019003400,0.0,maricopa-az,0.0,False,0.0,True,0.0,True
04019003502,0.0,maricopa-az,0.0,False,0.0,True,0.0,True
04019003503,0.0,maricopa-az,0.0,False,0.0,True,0.0,True
04019003504,0.0,maricopa-az,0.0,False,0.0,True,0.0,True
04019003505,0.0,maricopa-az,0.0,False,0.0,True,0.0,True
04019003506,0.0,maricopa-az,0.0,False,0.0,True,0.0,True
04019003601,0.0,maricopa-az,0.0,False,0.0,True,0.0,True
04019003702,0.0,maricopa-az,0.0,False,0.0,True,0.0,True
04019003704,0.25,maricopa-az,0.0,False,0.0,True,0.5,True
04019003705,0.0,maricopa-az,0.0,False,0.0,True,0.0,True
04019003706,0.0,maricopa-az,0.0,False,0.0,True,0.0,True
04019003707,0.0,maricopa-az,0.0,False,0.0,True,0.0,True
04019003801,0.0,maricopa-az,0.0,False,0.0,True,0.0,True
04019003802,0.0,maricopa-az,0.0,False,0.0,True,0.0,True
04019003901,0.0,maricopa-az,0.0,True,0.0,True,0.0,True
04019003902,0.0,maricopa-az,0.0,True,0.0,True,0.0,True
04019003903,0.0,maricopa-az,0.0,True,0.0,True,0.0,True
04019004008,0.0625,maricopa-az,0.0,False,0.0,True,0.125,True
04019004010,0.0,maricopa-az,0.0,False,0.0,True,0.0,True
04019004026,0.0,maricopa-az,0.0,False,0.0,True,0.0,True
04019004029,0.25,maricopa-az,0.0,False,0.0,True,0.5,True
04019004030,0.0,maricopa-az,0.0,False,0.0,True,0.0,True
04019004031,0.0,maricopa-az,0.0,False,0.0,True,0.0,True
04019004032,0.0,maricopa-az,0.0,False,0.0,True,0.0,True
04019004033,0.0,maricopa-az,0.0,False,0.0,True,0.0,True
04019004034,0.0,maricopa-az,0.0,False,0.0,True,0.0,True
04019004035,0.051521,maricopa-az,0.0,False,0.0,True,0.103042,True
04019004036,0.0,maricopa-az,0.0,False,0.0,True,0.0,True
04019004037,0.07941,maricopa-az,0.0,False,0.0,True,0.158821,True
04019004038,0.0,maricopa-az,0.0,False,0.0,True,0.0,True
04019004039,0.0,maricopa-az,0.0,False,0.0,True,0.0,True
04019004042,0.0,maricopa-az,0.0,False,0.0,True,0.0,True
04019004043,0.0,maricopa-az,0.0,False,0.0,True,0.0,True
04019004044,0.0,maricopa-az,0.0,False,0.0,True,0.0,True
04019004046,0.0,maricopa-az,0.0,False,0.0,True,0.0,True
04019004047,0.0,maricopa-az,0.0,False,0.0,True,0.0,True
04019004048,0.0,maricopa-az,0.0,False,0.0,True,0.0,True
04019004049,0.0,maricopa-az,0.0,False,0.0,True,0.0,True
04019004050,0.0,maricopa-az,0.0,False,0.0,True,0.0,True
04019004051,0.0,maricopa-az,0.0,False,0.0,True,0.0,True
04019004052,0.125,maricopa-az,0.0,False,0.0,True,0.25,True
04019004053,0.0,maricopa-az,0.0,False,0.0,True,0.0,True
04019004054,0.0,maricopa-az,0.0,False,0.0,True,,False
04019004055,0.027906,maricopa-az,0.0,False,0.0,True,0.055812,True
04019004056,0.0,maricopa-az,0.0,False,0.0,True,0.0,True
04019004057,0.0,maricopa-az,0.0,False,0.0,True,0.0,True
04019004058,0.0,maricopa-az,0.0,False,0.0,True,0.0,True
04019004061,0.05281,maricopa-az,0.15843,True,0.0,True,0.0,True
04019004062,0.0,maricopa-az,0.0,True,0.0,True,0.0,True
04019004063,0.0,maricopa-az,0.0,False,0.0,True,0.0,True
04019004065,0.0,maricopa-az,0.0,False,0.0,True,0.0,True
04019004066,0.0,maricopa-az,0.0,False,0.0,True,0.0,True
04019004067,0.0,maricopa-az,0.0,False,0.0,True,0.0,True
04019004068,0.0,maricopa-az,0.0,False,0.0,True,0.0,True
04019004069,0.0,maricopa-az,0.0,False,0.0,True,0.0,True
04019004070,0.0,maricopa-az,0.0,False,0.0,True,0.0,True
04019004071,0.0,maricopa-az,0.0,False,0.0,True,0.0,True
04019004072,0.0,maricopa-az,0.0,False,0.0,True,0.0,True
04019004073,0.0,maricopa-az,0.0,True,0.0,True,0.0,True
04019004074,0.0,maricopa-az,0.0,True,0.0,True,0.0,True
04019004075,0.016406,maricopa-az,0.0,False,0.0,True,0.032811,True
04019004076,0.0,maricopa-az,0.0,False,0.0,True,0.0,True
04019004077,0.0,maricopa-az,0.0,False,0.0,True,0.0,True
04019004078,0.0,maricopa-az,0.0,False,0.0,True,0.0,True
04019004079,0.074152,maricopa-az,0.0,False,0.0,True,0.148304,True
04019004080,0.0,maricopa-az,0.0,False,0.0,True,0.0,True
04019004081,0.0,maricopa-az,0.0,False,0.0,True,0.0,True
04019004082,0.0,maricopa-az,0.0,False,0.0,True,0.0,True
04019004109,0.15972,maricopa-az,0.47916,True,0.0,True,0.0,True
04019004110,0.0,maricopa-az,0.0,False,0.0,True,0.0,True
04019004112,0.0,maricopa-az,0.0,True,0.0,True,0.0,True
04019004114,0.0,maricopa-az,0.0,False,0.0,True,0.0,True
04019004115,0.0,maricopa-az,0.0,False,0.0,True,0.0,True
04019004116,0.0,maricopa-az,0.0,False,0.0,True,0.0,True
04019004117,0.0,maricopa-az,0.0,True,0.0,True,0.0,True
04019004118,0.083333,maricopa-az,0.0,True,0.0,True,0.25,True
04019004122,0.0,maricopa-az,0.0,False,0.0,True,0.0,True
04019004126,0.0,maricopa-az,0.0,False,0.0,True,0.0,True
04019004127,0.194009,maricopa-az,0.582028,True,0.0,True,0.0,True
04019004128,0.0,maricopa-az,0.0,False,0.0,True,0.0,True
04019004129,0.0,maricopa-az,0.0,False,0.0,True,0.0,True
04019004130,0.0,maricopa-az,0.0,False,0.0,True,0.0,True
04019004131,0.166667,maricopa-az,0.0,True,0.0,True,0.5,True
04019004132,0.070731,maricopa-az,0.212192,True,0.0,True,0.0,True
04019004133,0.140132,maricopa-az,0.420395,True,0.0,True,0.0,True
04019004307,0.164804,maricopa-az,0.192444,True,0.0,True,0.301968,True
04019004310,0.289519,maricopa-az,0.618556,True,0.0,True,0.25,True
04019004311,0.0,maricopa-az,0.0,False,0.0,True,0.0,True
04019004312,0.0,maricopa-az,0.0,False,0.0,True,0.0,True
04019004313,0.301527,maricopa-az,0.904582,True,0.0,True,0.0,True
04019004316,0.046227,maricopa-az,0.138681,True,0.0,True,0.0,True
04019004317,0.0,maricopa-az,0.0,True,0.0,True,0.0,True
04019004320,0.0,maricopa-az,0.0,False,0.0,True,0.0,True
04019004321,0.0,maricopa-az,0.0,False,0.0,True,0.0,True
04019004322,0.0,maricopa-az,0.0,False,0.0,True,0.0,True
04019004323,0.0,maricopa-az,0.0,False,0.0,True,0.0,True
04019004324,0.036758,maricopa-az,0.110273,True,0.0,True,0.0,True
04019004325,0.000985,maricopa-az,0.0,False,0.00197,True,0.0,True
04019004326,0.083333,maricopa-az,0.0,True,0.0,True,0.25,True
04019004327,0.0,maricopa-az,0.0,True,0.0,True,0.0,True
04019004328,0.0,maricopa-az,0.0,True,0.0,True,0.0,True
04019004330,0.0,maricopa-az,0.0,False,0.0,True,0.0,True
04019004332,0.0,maricopa-az,0.0,False,0.0,True,0.0,True
04019004333,0.172651,maricopa-az,0.267954,True,0.0,True,0.25,True
04019004335,0.0,maricopa-az,0.0,True,0.0,True,0.0,True
04019004336,0.0,maricopa-az,0.0,True,0.0,True,0.0,True
04019004337,0.0,maricopa-az,0.0,False,0.0,True,0.0,True
04019004338,0.000554,maricopa-az,0.0,False,0.001107,True,0.0,True
04019004339,0.000493,maricopa-az,0.0,False,0.000987,True,0.0,True
04019004340,0.152716,maricopa-az,0.458148,True,0.0,True,0.0,True
04019004404,0.0,maricopa-az,0.0,False,0.0,True,0.0,True
04019004407,0.0,maricopa-az,0.0,True,0.0,True,0.0,True
04019004412,0.0,maricopa-az,0.0,False,0.0,True,0.0,True
04019004413,0.0,maricopa-az,0.0,False,0.0,True,0.0,True
04019004414,0.0,maricopa-az,0.0,False,0.0,True,0.0,True
04019004415,0.0,maricopa-az,0.0,False,0.0,True,0.0,True
04019004418,0.0,maricopa-az,0.0,True,0.0,True,0.0,True
04019004419,0.0,maricopa-az,0.0,True,0.0,True,0.0,True
04019004422,0.02429,maricopa-az,0.072871,True,0.0,True,0.0,True
04019004423,0.0,maricopa-az,0.0,False,0.0,True,0.0,True
04019004424,0.287717,maricopa-az,0.61315,True,0.0,True,0.25,True
04019004425,0.0625,maricopa-az,0.0,False,0.0,True,0.125,True
04019004426,0.0,maricopa-az,0.0,True,0.0,True,0.0,True
04019004428,0.0,maricopa-az,0.0,False,0.0,True,0.0,True
04019004430,0.0,maricopa-az,0.0,True,0.0,True,0.0,True
04019004431,0.083333,maricopa-az,0.0,True,0.0,True,0.25,True
04019004432,0.0,maricopa-az,0.0,False,0.0,True,0.0,True
04019004433,0.125,maricopa-az,0.0,False,0.0,True,0.25,True
04019004434,0.0,maricopa-az,0.0,True,0.0,True,0.0,True
04019004435,0.03397,maricopa-az,0.101911,True,0.0,True,0.0,True
04019004436,0.000664,maricopa-az,0.0,False,0.001327,True,0.0,True
04019004437,0.0,maricopa-az,0.0,True,0.0,True,0.0,True
04019004438,0.0,maricopa-az,0.0,False,0.0,True,0.0,True
04019004439,0.0,maricopa-az,0.0,False,0.0,True,0.0,True
04019004440,0.125,maricopa-az,0.0,False,0.0,True,0.25,True
04019004505,0.0,maricopa-az,0.0,True,0.0,True,0.0,True
04019004506,0.0,maricopa-az,0.0,True,0.0,True,0.0,True
04019004508,0.086802,maricopa-az,0.260406,True,0.0,True,0.0,True
04019004510,0.0,maricopa-az,0.0,True,0.0,True,0.0,True
04019004511,0.0,maricopa-az,0.0,True,0.0,True,0.0,True
04019004512,0.0,maricopa-az,0.0,True,0.0,True,0.0,True
04019004513,0.0,maricopa-az,0.0,False,0.0,True,0.0,True
04019004514,0.0,maricopa-az,0.0,True,0.0,True,0.0,True
04019004515,0.0,maricopa-az,0.0,True,0.0,True,0.0,True
04019004610,0.0,maricopa-az,0.0,False,0.0,True,0.0,True
04019004613,0.0,maricopa-az,0.0,True,0.0,True,0.0,True
04019004614,0.020833,maricopa-az,0.0,True,0.0,True,0.0625,True
04019004615,0.0,maricopa-az,0.0,True,0.0,True,0.0,True
04019004616,0.0,maricopa-az,0.0,False,0.0,True,0.0,True
04019004617,0.040811,maricopa-az,0.122433,True,0.0,True,0.0,True
04019004618,0.0,maricopa-az,0.0,True,0.0,True,0.0,True
04019004619,0.003038,maricopa-az,0.009113,True,0.0,True,0.0,True
04019004620,0.120426,maricopa-az,0.361278,True,0.0,True,0.0,True
04019004621,0.0,maricopa-az,0.0,False,0.0,True,0.0,True
04019004622,0.0,maricopa-az,0.0,True,0.0,True,0.0,True
04019004623,0.125,maricopa-az,0.0,False,0.0,True,0.25,True
04019004624,0.0,maricopa-az,0.0,False,0.0,True,0.0,True
04019004625,0.0,maricopa-az,0.0,False,0.0,True,0.0,True
04019004626,0.0,maricopa-az,0.0,False,0.0,True,0.0,True
04019004627,0.0,maricopa-az,0.0,False,0.0,True,0.0,True
04019004628,0.0,maricopa-az,0.0,False,0.0,True,0.0,True
04019004630,0.35772,maricopa-az,0.0,False,0.0,True,0.715441,True
04019004631,0.003005,maricopa-az,0.0,False,0.00601,True,0.0,True
04019004632,0.25,maricopa-az,0.0,False,0.0,True,0.5,True
04019004633,0.0,maricopa-az,0.0,False,0.0,True,0.0,True
04019004634,0.0,maricopa-az,0.0,False,0.0,True,0.0,True
04019004635,0.25,maricopa-az,0.0,False,0.0,True,0.5,True
04019004636,0.188916,maricopa-az,0.0,False,0.0,True,0.377833,True
04019004639,0.0,maricopa-az,0.0,True,0.0,True,0.0,True
04019004640,0.0,maricopa-az,0.0,False,0.0,True,0.0,True
04019004641,0.000581,maricopa-az,0.0,False,0.001161,True,0.0,True
04019004642,0.166667,maricopa-az,0.0,True,0.0,True,0.5,True
04019004643,0.050966,maricopa-az,0.0,True,0.0,True,0.152897,True
04019004644,0.0,maricopa-az,0.0,False,0.0,True,0.0,True
04019004645,0.0,maricopa-az,0.0,False,0.0,True,0.0,True
04019004646,0.0,maricopa-az,0.0,True,0.0,True,0.0,True
04019004647,0.0,maricopa-az,0.0,False,0.0,True,0.0,True
04019004648,0.193575,maricopa-az,0.330726,True,0.0,True,0.25,True
04019004649,0.0,maricopa-az,0.0,False,0.0,True,0.0,True
04019004650,0.0,maricopa-az,0.0,False,0.0,True,0.0,True
04019004710,0.083333,maricopa-az,0.0,True,0.0,True,0.25,True
04019004711,0.0,maricopa-az,0.0,False,0.0,True,0.0,True
04019004712,0.0,maricopa-az,0.0,False,0.0,True,0.0,True
04019004713,0.220179,maricopa-az,0.660538,True,0.0,True,0.0,True
04019004714,0.0,maricopa-az,0.0,True,0.0,True,0.0,True
04019004715,0.267366,maricopa-az,0.302098,True,0.0,True,0.5,True
04019004717,0.0,maricopa-az,0.0,False,0.0,True,0.0,True
04019004718,0.0,maricopa-az,0.0,False,0.0,True,0.0,True
04019004720,0.057242,maricopa-az,0.0,False,0.0,True,0.114485,True
04019004721,0.05276,maricopa-az,0.0,False,0.0,True,0.105519,True
04019004722,0.030002,maricopa-az,0.0,False,0.0,True,0.060003,True
04019004723,0.0,maricopa-az,0.0,False,0.0,True,0.0,True
04019004724,0.125,maricopa-az,0.0,False,0.0,True,0.25,True
04019004725,0.036205,maricopa-az,0.108614,True,0.0,True,0.0,True
04019004726,0.0,maricopa-az,0.0,False,0.0,True,0.0,True
04019004727,0.212613,maricopa-az,0.635707,True,0.002133,True,0.0,True
04019004728,0.319906,maricopa-az,0.959719,True,0.0,True,0.0,True
04019004729,0.0,maricopa-az,0.0,False,0.0,True,0.0,True
04019004730,0.172153,maricopa-az,0.0,False,0.0,True,0.344306,True
04019005200,0.2212,maricopa-az,0.496932,True,0.0,True,0.166667,True
04019005300,0.0,maricopa-az,0.0,False,0.0,True,0.0,True
04019005400,0.0,maricopa-az,0.0,True,0.0,True,0.0,True
04019940800,0.17807,maricopa-az,0.284211,True,0.0,True,0.25,True
04019940900,0.0,maricopa-az,0.0,True,0.0,True,0.0,True
04019941000,0.0,maricopa-az,0.0,False,0.0,True,0.0,True
04019941100,0.017881,maricopa-az,0.053644,True,0.0,True,0.0,True
04019980001,0.0,maricopa-az,0.0,False,0.0,True,0.0,True
04019980002,0.0,maricopa-az,0.0,False,0.0,True,0.0,True
04019980100,0.0,maricopa-az,0.0,False,0.0,True,0.0,True
04019980200,0.25,maricopa-az,0.0,False,0.0,True,0.5,True
04019980300,0.034884,maricopa-az,0.0,False,0.0,True,0.069767,True
04019980400,0.25,maricopa-az,0.0,False,0.0,True,0.5,True
04021000201,0.157317,maricopa-az,0.221952,True,0.0,True,0.25,True
04021000204,0.0,maricopa-az,0.0,False,0.0,True,0.0,True
04021000206,0.063373,maricopa-az,0.0,False,0.001746,True,0.125,True
04021000208,0.0,maricopa-az,0.0,False,0.0,True,0.0,True
04021000211,0.0,maricopa-az,0.0,False,0.0,True,0.0,True
04021000212,0.0,maricopa-az,0.0,False,0.0,True,0.0,True
04021000215,0.0,maricopa-az,0.0,False,0.0,True,0.0,True
04021000216,0.006016,maricopa-az,0.0,False,0.012032,True,0.0,True
04021000217,0.085933,maricopa-az,0.255631,True,0.002168,True,0.0,True
04021000218,0.001327,maricopa-az,0.0,False,0.002654,True,0.0,True
04021000219,0.0,maricopa-az,0.0,False,0.0,True,0.0,True
04021000220,0.004237,maricopa-az,0.0,False,0.008475,True,0.0,True
04021000221,0.0,maricopa-az,0.0,False,0.0,True,0.0,True
04021000222,0.0,maricopa-az,0.0,False,0.0,True,0.0,True
04021000223,0.0,maricopa-az,0.0,False,0.0,True,0.0,True
04021000224,0.0,maricopa-az,0.0,False,0.0,True,0.0,True
04021000225,0.0,maricopa-az,0.0,False,0.0,True,0.0,True
04021000226,0.0,maricopa-az,0.0,False,0.0,True,0.0,True
04021000227,0.0,maricopa-az,0.0,False,0.0,True,0.0,True
04021000228,0.012821,maricopa-az,0.0,False,0.012821,True,,False
04021000229,0.0,maricopa-az,0.0,False,0.0,True,0.0,True
04021000307,0.165285,maricopa-az,0.495855,True,0.0,True,0.0,True
04021000309,0.0,maricopa-az,0.0,True,0.0,True,0.0,True
04021000310,0.0,maricopa-az,0.0,True,0.0,True,0.0,True
04021000311,0.295197,maricopa-az,0.385592,True,0.0,True,0.5,True
04021000312,0.0,maricopa-az,0.0,True,0.0,True,0.0,True
04021000313,0.0,maricopa-az,0.0,False,0.0,True,0.0,True
04021000315,0.0,maricopa-az,0.0,True,0.0,True,0.0,True
04021000316,0.015872,maricopa-az,0.047616,True,0.0,True,0.0,True
04021000317,0.0,maricopa-az,0.0,True,0.0,True,0.0,True
04021000319,0.0,maricopa-az,0.0,True,0.0,True,0.0,True
04021000320,0.0,maricopa-az,0.0,False,0.0,True,0.0,True
04021000321,0.0,maricopa-az,0.0,False,0.0,True,0.0,True
04021000322,0.0,maricopa-az,0.0,True,0.0,True,0.0,True
04021000323,0.179303,maricopa-az,0.536963,True,0.000947,True,0.0,True
04021000324,0.0,maricopa-az,0.0,True,0.0,True,0.0,True
04021000325,0.0,maricopa-az,0.0,True,0.0,True,0.0,True
04021000400,0.018051,maricopa-az,0.054154,True,0.0,True,0.0,True
04021000603,0.167489,maricopa-az,0.0,True,0.002468,True,0.5,True
04021000604,0.353304,maricopa-az,0.559912,True,0.0,True,0.5,True
04021000700,0.0,maricopa-az,0.0,False,0.0,True,0.0,True
04021000802,0.14281,maricopa-az,0.30343,True,0.0,True,0.125,True
04021000804,0.0,maricopa-az,0.0,True,0.0,True,0.0,True
04021000805,0.0,maricopa-az,0.0,False,0.0,True,0.0,True
04021000806,0.0,maricopa-az,0.0,False,0.0,True,0.0,True
04021000807,0.333333,maricopa-az,1.0,True,0.0,True,0.0,True
04021000808,0.325004,maricopa-az,0.975012,True,0.0,True,0.0,True
04021000902,0.196392,maricopa-az,0.586249,True,0.002927,True,0.0,True
04021000903,0.55625,maricopa-az,1.0,True,0.1125,True,,False
04021000904,0.24483,maricopa-az,0.711921,True,0.0,True,0.02257,True
04021001000,0.260715,maricopa-az,0.782146,True,0.0,True,0.0,True
04021001100,0.194085,maricopa-az,0.578939,True,0.003315,True,0.0,True
04021001200,0.089885,maricopa-az,0.013414,True,0.006242,True,0.25,True
04021001303,0.0,maricopa-az,0.0,True,0.0,True,0.0,True
04021001305,0.078659,maricopa-az,0.235976,True,0.0,True,0.0,True
04021001306,0.001249,maricopa-az,0.0,True,0.003747,True,0.0,True
04021001307,0.179386,maricopa-az,0.538158,True,0.0,True,0.0,True
04021001308,0.380823,maricopa-az,0.642468,True,0.0,True,0.5,True
04021001309,0.000378,maricopa-az,0.0,True,0.001134,True,0.0,True
04021001310,0.199851,maricopa-az,0.599553,True,0.0,True,0.0,True
04021001403,0.086233,maricopa-az,0.258699,True,0.0,True,0.0,True
04021001404,0.132348,maricopa-az,0.393128,True,0.003916,True,0.0,True
04021001405,0.145954,maricopa-az,0.437861,True,0.0,True,0.0,True
04021001406,0.0,maricopa-az,0.0,True,0.0,True,0.0,True
04021001407,0.129671,maricopa-az,0.389014,True,0.0,True,0.0,True
04021001408,0.001511,maricopa-az,0.0,True,0.004533,True,0.0,True
04021001500,0.090288,maricopa-az,0.270865,True,0.0,True,0.0,True
04021001600,0.0,maricopa-az,0.0,True,0.0,True,0.0,True
04021001701,2.1e-05,maricopa-az,6.3e-05,True,0.0,True,0.0,True
04021001704,0.28164,maricopa-az,0.844919,True,0.0,True,0.0,True
04021001705,0.264105,maricopa-az,0.787646,True,0.00467,True,0.0,True
04021001706,0.197101,maricopa-az,0.586855,True,0.004449,True,0.0,True
04021001707,0.0,maricopa-az,0.0,True,0.0,True,0.0,True
04021001709,0.0,maricopa-az,0.0,False,0.0,True,0.0,True
04021001712,0.129735,maricopa-az,0.0,False,0.009471,True,0.25,True
04021001713,0.0,maricopa-az,0.0,False,0.0,True,0.0,True
04021001714,0.045802,maricopa-az,0.137406,True,0.0,True,0.0,True
04021001715,0.22273,maricopa-az,0.662071,True,0.006119,True,0.0,True
04021001716,0.003286,maricopa-az,0.0,False,0.006572,True,0.0,True
04021001717,0.0,maricopa-az,0.0,False,0.0,True,0.0,True
04021001900,0.0,maricopa-az,0.0,True,0.0,True,0.0,True
04021002001,0.0,maricopa-az,0.0,True,0.0,True,0.0,True
04021002004,0.0,maricopa-az,0.0,True,0.0,True,0.0,True
04021002005,0.118622,maricopa-az,0.355866,True,0.0,True,0.0,True
04021002104,0.001031,maricopa-az,0.0,False,0.002062,True,0.0,True
04021002105,0.0,maricopa-az,0.0,False,0.0,True,0.0,True
04021002106,0.0,maricopa-az,0.0,True,0.0,True,0.0,True
04021002107,0.089721,maricopa-az,0.269162,True,0.0,True,0.0,True
04021002200,0.0,maricopa-az,0.0,True,0.0,True,0.0,True
04021002300,0.253287,maricopa-az,0.509862,True,0.0,True,0.25,True
04021002400,0.35383,maricopa-az,0.811489,True,0.0,True,0.25,True
04021941200,0.0,maricopa-az,0.0,True,0.0,True,0.0,True
04021941300,0.107224,maricopa-az,0.321673,True,0.0,True,0.0,True
04021941401,0.229469,maricopa-az,0.688408,True,0.0,True,0.0,True
04021941402,0.106197,maricopa-az,0.06859,True,0.0,True,0.25,True
04023966000,0.005046,maricopa-az,0.015138,True,0.0,True,0.0,True
04023966101,0.166667,maricopa-az,0.0,True,0.0,True,0.5,True
04023966103,0.160211,maricopa-az,0.480634,True,0.0,True,0.0,True
04023966106,0.0389,maricopa-az,0.1167,True,0.0,True,0.0,True
04023966107,0.0,maricopa-az,0.0,False,0.0,True,0.0,True
04023966108,0.124394,maricopa-az,0.212836,True,0.0,True,0.160347,True
04023966109,0.204459,maricopa-az,0.488378,True,0.0,True,0.125,True
04023966110,0.0,maricopa-az,0.0,False,0.0,True,0.0,True
04023966111,0.083333,maricopa-az,0.0,True,0.0,True,0.25,True
04023966200,0.156979,maricopa-az,0.470938,True,0.0,True,0.0,True
04023966301,0.269519,maricopa-az,0.558556,True,0.0,True,0.25,True
04023966302,0.19508,maricopa-az,0.585241,True,0.0,True,0.0,True
04023966401,0.029669,maricopa-az,0.089007,True,0.0,True,0.0,True
04023966402,0.131873,maricopa-az,0.395619,True,0.0,True,0.0,True
04025000205,0.0,maricopa-az,0.0,False,0.0,True,0.0,True
04025000206,0.0,maricopa-az,0.0,True,0.0,True,0.0,True
04025000207,0.281853,maricopa-az,0.845558,True,0.0,True,0.0,True
04025000208,0.323252,maricopa-az,0.969757,True,0.0,True,0.0,True
04025000209,0.3978,maricopa-az,0.88584,True,0.0,True,0.307558,True
04025000210,0.0,maricopa-az,0.0,False,0.0,True,0.0,True
04025000211,0.025757,maricopa-az,0.077272,True,0.0,True,0.0,True
04025000301,0.0,maricopa-az,0.0,True,0.0,True,0.0,True
04025000302,0.0,maricopa-az,0.0,True,0.0,True,0.0,True
04025000403,0.0,maricopa-az,0.0,False,0.0,True,0.0,True
04025000404,0.0,maricopa-az,0.0,True,0.0,True,0.0,True
04025000405,0.125,maricopa-az,0.0,False,0.0,True,0.25,True
04025000406,0.264191,maricopa-az,0.792572,True,0.0,True,0.0,True
04025000407,0.0,maricopa-az,0.0,True,0.0,True,0.0,True
04025000501,0.0,maricopa-az,0.0,True,0.0,True,0.0,True
04025000502,0.041667,maricopa-az,0.0,True,0.0,True,0.125,True
04025000604,0.0,maricopa-az,0.0,False,0.0,True,0.0,True
04025000608,0.083333,maricopa-az,0.0,True,0.0,True,0.25,True
04025000609,0.0,maricopa-az,0.0,False,0.0,True,0.0,True
04025000611,0.166667,maricopa-az,0.0,True,0.0,True,0.5,True
04025000612,0.0,maricopa-az,0.0,True,0.0,True,0.0,True
04025000613,0.0,maricopa-az,0.0,True,0.0,True,0.0,True
04025000614,0.0,maricopa-az,0.0,False,0.0,True,0.0,True
04025000615,0.0,maricopa-az,0.0,True,0.0,True,0.0,True
04025000616,0.0,maricopa-az,0.0,False,0.0,True,0.0,True
04025000617,0.0,maricopa-az,0.0,True,0.0,True,0.0,True
04025000618,0.0,maricopa-az,0.0,False,0.0,True,0.0,True
04025000619,0.0,maricopa-az,0.0,True,0.0,True,0.0,True
04025000701,0.055556,maricopa-az,0.0,True,0.0,True,0.166666,True
04025000702,0.009216,maricopa-az,0.0,True,0.0,True,0.027648,True
04025000802,0.0,maricopa-az,0.0,True,0.0,True,0.0,True
04025000803,0.14908,maricopa-az,0.447239,True,0.0,True,0.0,True
04025000804,0.483925,maricopa-az,0.951776,True,0.0,True,0.5,True
04025000901,0.0,maricopa-az,0.0,True,0.0,True,0.0,True
04025000902,0.083333,maricopa-az,0.0,True,0.0,True,0.25,True
04025001002,0.25,maricopa-az,0.0,False,0.0,True,0.5,True
04025001003,0.0,maricopa-az,0.0,False,0.0,True,0.0,True
04025001004,0.0625,maricopa-az,0.0,False,0.0,True,0.125,True
04025001103,0.0,maricopa-az,0.0,False,0.0,True,0.0,True
04025001104,0.0,maricopa-az,0.0,False,0.0,True,0.0,True
04025001105,0.105166,maricopa-az,0.315498,True,0.0,True,0.0,True
04025001106,0.153665,maricopa-az,0.460995,True,0.0,True,0.0,True
04025001201,0.25,maricopa-az,0.0,False,0.0,True,0.5,True
04025001202,0.041667,maricopa-az,0.0,True,0.0,True,0.125,True
04025001300,0.179502,maricopa-az,0.288505,True,0.0,True,0.25,True
04025001401,0.0,maricopa-az,0.0,True,0.0,True,0.0,True
04025001402,0.261012,maricopa-az,0.683036,True,0.0,True,0.1,True
04025001403,0.032969,maricopa-az,0.098907,True,0.0,True,0.0,True
04025001501,0.078532,maricopa-az,0.235597,True,0.0,True,0.0,True
04025001502,0.09315,maricopa-az,0.112784,True,0.0,True,0.166667,True
04025001601,0.083333,maricopa-az,0.0,True,0.0,True,0.25,True
04025001602,0.097036,maricopa-az,0.291109,True,0.0,True,0.0,True
04025001604,0.0,maricopa-az,0.0,True,0.0,True,0.0,True
04025001605,0.110383,maricopa-az,0.331149,True,0.0,True,0.0,True
04025001701,0.083333,maricopa-az,0.0,True,0.0,True,0.25,True
04025001703,0.198681,maricopa-az,0.596043,True,0.0,True,0.0,True
04025001704,0.068188,maricopa-az,0.204563,True,0.0,True,0.0,True
04025001705,0.0,maricopa-az,0.0,True,0.0,True,0.0,True
04025001801,0.0,maricopa-az,0.0,True,0.0,True,0.0,True
04025001803,0.002454,maricopa-az,0.007361,True,0.0,True,0.0,True
04025001804,0.106173,maricopa-az,0.318519,True,0.0,True,0.0,True
04025001901,0.118716,maricopa-az,0.0,True,0.0,True,0.356147,True
04025001902,0.050302,maricopa-az,0.150907,True,0.0,True,0.0,True
04025001903,0.0,maricopa-az,0.0,True,0.0,True,0.0,True
04025001904,0.166667,maricopa-az,0.0,True,0.0,True,0.5,True
04025002001,0.0,maricopa-az,0.0,True,0.0,True,0.0,True
04025002002,0.129403,maricopa-az,0.388208,True,0.0,True,0.0,True
04025002003,0.162739,maricopa-az,0.488217,True,0.0,True,0.0,True
04025002005,0.0,maricopa-az,0.0,False,0.0,True,0.0,True
04025002006,0.0,maricopa-az,0.0,False,0.0,True,0.0,True
04025002007,0.121673,maricopa-az,0.365019,True,0.0,True,0.0,True
04025002100,0.033333,maricopa-az,0.0,True,0.0,True,0.1,True
04027012100,0.0,maricopa-az,0.0,True,0.0,True,0.0,True
04027980003,0.0,maricopa-az,0.0,False,0.0,True,,False
04027980004,0.001012,maricopa-az,0.003037,True,0.0,True,0.0,True
35023970000,0.259282,maricopa-az,0.357211,True,0.0,True,0.420635,True
48001950100,0.033154,south-central-tx,0.0,True,0.016129,True,0.083333,True
48001950401,0.004219,south-central-tx,0.0,False,0.008439,True,0.0,True
48001950402,0.0,south-central-tx,0.0,False,0.0,True,,False
48001950500,0.128724,south-central-tx,0.380573,True,0.0056,True,0.0,True
48001950600,0.14829,south-central-tx,0.443843,True,0.001027,True,0.0,True
48001950700,0.072124,south-central-tx,0.216371,True,0.0,True,0.0,True
48001950800,0.128408,south-central-tx,0.37177,True,0.013453,True,0.0,True
48001950901,0.000376,south-central-tx,0.0,True,0.001127,True,0.0,True
48001950902,0.08753,south-central-tx,0.0,True,0.01259,True,0.25,True
48001951001,0.003128,south-central-tx,0.0,True,0.009385,True,0.0,True
48001951002,0.228715,south-central-tx,0.347424,True,0.005387,True,0.333333,True
48001951100,0.09483,south-central-tx,0.0,True,0.013658,True,0.270833,True
48005000102,0.083421,south-central-tx,0.246244,True,0.00402,True,0.0,True
48005000104,0.118499,south-central-tx,0.350504,True,0.004993,True,0.0,True
48007950101,0.086711,south-central-tx,0.0,True,0.010134,True,0.25,True
48007950102,0.100482,south-central-tx,0.286929,True,0.014515,True,0.0,True
48007950103,0.028339,south-central-tx,0.0,False,0.056677,True,0.0,True
48007950200,0.272892,south-central-tx,0.818675,True,0.0,True,0.0,True
48007950301,0.009775,south-central-tx,0.029324,True,0.0,True,0.0,True
48007950302,0.148281,south-central-tx,0.278177,True,0.0,True,0.166667,True
48007950400,0.212317,south-central-tx,0.136951,True,0.0,True,0.5,True
48007950501,0.048248,south-central-tx,0.136092,True,0.008653,True,0.0,True
48007950502,0.164903,south-central-tx,0.49471,True,0.0,True,0.0,True
48007950503,0.231296,south-central-tx,0.193888,True,0.0,True,0.5,True
48009020200,0.037395,south-central-tx,0.0,True,0.028852,True,0.083333,True
48009020300,0.120262,south-central-tx,0.105748,True,0.005037,True,0.25,True
48013960101,0.06046,south-central-tx,0.093346,True,0.088033,True,0.0,True
48013960102,0.029099,south-central-tx,0.060863,True,0.026434,True,0.0,True
48013960203,0.041011,south-central-tx,0.0,True,0.123034,True,0.0,True
48013960204,0.05705,south-central-tx,0.0,True,0.171151,True,0.0,True
48013960205,0.064299,south-central-tx,0.067143,True,0.125753,True,0.0,True
48013960206,0.07834,south-central-tx,0.154587,True,0.080434,True,0.0,True
48013960300,0.181446,south-central-tx,0.296996,True,0.080675,True,0.166667,True
48013960401,0.247213,south-central-tx,0.691739,True,0.0499,True,0.0,True
48013960403,0.26112,south-central-tx,0.616692,True,0.0,True,0.166667,True
48013960404,0.316537,south-central-tx,0.682908,True,0.016701,True,0.25,True
48013960500,0.084927,south-central-tx,0.0,True,0.004781,True,0.25,True
48013960601,0.167923,south-central-tx,0.481452,True,0.022317,True,0.0,True
48013960602,0.0,south-central-tx,0.0,True,0.0,True,0.0,True
48015760100,0.083333,south-central-tx,0.0,True,0.0,True,0.25,True
48015760201,0.022394,south-central-tx,0.066625,True,0.000558,True,0.0,True
48015760202,0.056635,south-central-tx,0.169904,True,0.0,True,0.0,True
48015760301,0.0,south-central-tx,0.0,True,0.0,True,0.0,True
48015760302,0.00032,south-central-tx,0.0,True,0.000961,True,0.0,True
48015760400,0.005765,south-central-tx,0.0,True,0.017295,True,0.0,True
48015760501,0.17127,south-central-tx,0.0,True,0.013811,True,0.5,True
48015760502,0.087358,south-central-tx,0.0,True,0.012074,True,0.25,True
48019000101,0.070725,south-central-tx,0.0,True,0.045507,True,0.166667,True
48019000103,0.0,south-central-tx,0.0,True,0.0,True,0.0,True
48019000104,0.166966,south-central-tx,0.464738,True,0.03616,True,0.0,True
48019000200,0.083333,south-central-tx,0.0,True,0.0,True,0.25,True
48019000301,0.034928,south-central-tx,0.0,True,0.104784,True,0.0,True
48019000302,0.021999,south-central-tx,0.0,True,0.065996,True,0.0,True
48019000400,0.059813,south-central-tx,0.0,False,0.119627,True,0.0,True
48021950101,0.0,south-central-tx,0.0,True,0.0,True,0.0,True
48021950102,0.11334,south-central-tx,0.090021,True,0.0,True,0.25,True
48021950201,0.043597,south-central-tx,0.130792,True,0.0,True,0.0,True
48021950202,0.087057,south-central-tx,0.261171,True,0.0,True,0.0,True
48021950301,0.025838,south-central-tx,0.077515,True,0.0,True,0.0,True
48021950302,0.00201,south-central-tx,0.0,True,0.006031,True,0.0,True
48021950303,0.036107,south-central-tx,0.10832,True,0.0,True,0.0,True
48021950401,0.030244,south-central-tx,0.090733,True,0.0,True,0.0,True
48021950402,0.163592,south-central-tx,0.490776,True,0.0,True,0.0,True
48021950403,0.103765,south-central-tx,0.311295,True,0.0,True,0.0,True
48021950503,0.028655,south-central-tx,0.085965,True,0.0,True,0.0,True
48021950504,0.0,south-central-tx,0.0,True,0.0,True,0.0,True
48021950505,0.083672,south-central-tx,0.0,True,0.001015,True,0.25,True
48021950506,0.163417,south-central-tx,0.24025,True,0.0,True,0.25,True
48021950601,0.0,south-central-tx,0.0,True,0.0,True,0.0,True
48021950602,0.0,south-central-tx,0.0,True,0.0,True,0.0,True
48021950700,0.078745,south-central-tx,0.111234,True,0.0,True,0.125,True
48021950803,0.0,south-central-tx,0.0,False,0.0,True,0.0,True
48021950804,0.083333,south-central-tx,0.0,True,0.0,True,0.25,True
48021950805,0.0,south-central-tx,0.0,True,0.0,True,0.0,True
48021950806,0.131989,south-central-tx,0.0,False,0.013978,True,0.25,True
48023950301,0.274986,south-central-tx,0.48507,True,0.006555,True,0.333333,True
48023950302,0.304455,south-central-tx,0.386397,True,0.026969,True,0.5,True
48025950100,0.0,south-central-tx,0.0,True,0.0,True,0.0,True
48025950201,0.113196,south-central-tx,0.339589,True,0.0,True,0.0,True
48025950203,0.0,south-central-tx,0.0,True,0.0,True,0.0,True
48025950204,0.193535,south-central-tx,0.080604,True,0.0,True,0.5,True
48025950300,0.0,south-central-tx,0.0,True,0.0,True,0.0,True
48025950400,0.158911,south-central-tx,0.476733,True,0.0,True,0.0,True
48025950501,0.215805,south-central-tx,0.643952,True,0.003463,True,0.0,True
48025950502,0.186468,south-central-tx,0.558674,True,0.00073,True,0.0,True
48025950600,0.056051,south-central-tx,0.0,True,0.001486,True,0.166667,True
48027020101,0.002843,south-central-tx,0.0,True,0.008528,True,0.0,True
48027020102,0.002037,south-central-tx,0.0,True,0.006112,True,0.0,True
48027020201,0.0,south-central-tx,0.0,True,0.0,True,0.0,True
48027020203,0.182224,south-central-tx,0.538587,True,0.008085,True,0.0,True
48027020204,0.056857,south-central-tx,0.15943,True,0.011142,True,0.0,True
48027020301,0.105749,south-central-tx,0.314805,True,0.002443,True,0.0,True
48027020302,0.055932,south-central-tx,0.042797,True,0.0,True,0.125,True
48027020401,0.089074,south-central-tx,0.0,True,0.017223,True,0.25,True
48027020402,0.001919,south-central-tx,0.0,True,0.005758,True,0.0,True
48027020500,0.080218,south-central-tx,0.240654,True,0.0,True,0.0,True
48027020600,0.113471,south-central-tx,0.340414,True,0.0,True,0.0,True
48027020701,0.120458,south-central-tx,0.361373,True,0.0,True,0.0,True
48027020702,0.08502,south-central-tx,0.0,True,0.005059,True,0.25,True
48027020800,0.209722,south-central-tx,0.123065,True,0.006101,True,0.5,True
48027020900,0.144379,south-central-tx,0.421173,True,0.011963,True,0.0,True
48027021000,0.174711,south-central-tx,0.517402,True,0.00673,True,0.0,True
48027021101,0.14854,south-central-tx,0.438258,True,0.007364,True,0.0,True
48027021102,0.001464,south-central-tx,0.0,True,0.004391,True,0.0,True
48027021201,0.095225,south-central-tx,0.275173,True,0.010502,True,0.0,True
48027021202,0.052021,south-central-tx,0.13663,True,0.019432,True,0.0,True
48027021203,0.025555,south-central-tx,0.063572,True,0.013094,True,0.0,True
48027021301,0.000799,south-central-tx,0.0,False,0.001597,True,0.0,True
48027021302,0.115043,south-central-tx,0.344303,True,0.000826,True,0.0,True
48027021304,0.00366,south-central-tx,0.0,True,0.010981,True,0.0,True
48027021305,0.08442,south-central-tx,0.0,True,0.00326,True,0.25,True
48027021400,0.001429,south-central-tx,0.0,True,0.004286,True,0.0,True
48027021501,0.002707,south-central-tx,0.0,True,0.00812,True,0.0,True
48027021502,0.000101,south-central-tx,0.0,True,0.000302,True,0.0,True
48027021601,0.104131,south-central-tx,0.310677,True,0.001715,True,0.0,True
48027021602,0.124072,south-central-tx,0.357451,True,0.014765,True,0.0,True
48027021701,0.001871,south-central-tx,0.0,True,0.005612,True,0.0,True
48027021702,0.144437,south-central-tx,0.426477,True,0.006834,True,0.0,True
48027021801,0.100687,south-central-tx,0.301135,True,0.000925,True,0.0,True
48027021802,0.002015,south-central-tx,0.0,True,0.006046,True,0.0,True
48027021901,0.031169,south-central-tx,0.093507,True,0.0,True,0.0,True
48027021905,0.0,south-central-tx,0.0,True,0.0,True,0.0,True
48027021906,0.0,south-central-tx,0.0,False,0.0,True,0.0,True
48027021907,0.0,south-central-tx,0.0,False,0.0,True,0.0,True
48027021908,0.0,south-central-tx,0.0,False,0.0,True,0.0,True
48027022001,0.122431,south-central-tx,0.367292,True,0.0,True,0.0,True
48027022002,0.0,south-central-tx,0.0,False,0.0,True,0.0,True
48027022101,0.0,south-central-tx,0.0,False,0.0,True,0.0,True
48027022103,0.0,south-central-tx,0.0,False,0.0,True,0.0,True
48027022104,0.0,south-central-tx,0.0,False,0.0,True,0.0,True
48027022105,0.0,south-central-tx,0.0,False,0.0,True,0.0,True
48027022200,0.0,south-central-tx,0.0,False,0.0,True,0.0,True
48027022300,0.203328,south-central-tx,0.109984,True,0.0,True,0.5,True
48027022401,0.031916,south-central-tx,0.095747,True,0.0,True,0.0,True
48027022402,0.0,south-central-tx,0.0,False,0.0,True,0.0,True
48027022403,0.0,south-central-tx,0.0,False,0.0,True,0.0,True
48027022405,0.0,south-central-tx,0.0,True,0.0,True,0.0,True
48027022406,0.0,south-central-tx,0.0,True,0.0,True,0.0,True
48027022407,0.0,south-central-tx,0.0,False,0.0,True,0.0,True
48027022501,0.076354,south-central-tx,0.222218,True,0.006844,True,0.0,True
48027022503,0.0,south-central-tx,0.0,True,0.0,True,0.0,True
48027022504,0.0,south-central-tx,0.0,False,0.0,True,0.0,True
48027022600,0.214904,south-central-tx,0.144711,True,0.0,True,0.5,True
48027022801,0.00463,south-central-tx,0.0,False,0.009259,True,0.0,True
48027022900,0.189919,south-central-tx,0.569758,True,0.0,True,0.0,True
48027023001,0.0,south-central-tx,0.0,True,0.0,True,0.0,True
48027023002,0.0,south-central-tx,0.0,True,0.0,True,0.0,True
48027023103,0.13559,south-central-tx,0.406771,True,0.0,True,0.0,True
48027023104,0.064367,south-central-tx,0.193102,True,0.0,True,0.0,True
48027023109,0.137905,south-central-tx,0.0,False,0.003058,True,0.272752,True
48027023110,0.0,south-central-tx,0.0,True,0.0,True,0.0,True
48027023111,0.128947,south-central-tx,0.386841,True,0.0,True,0.0,True
48027023112,0.0,south-central-tx,0.0,False,0.0,True,0.0,True
48027023113,0.0,south-central-tx,0.0,False,0.0,True,0.0,True
48027023114,0.0,south-central-tx,0.0,False,0.0,True,0.0,True
48027023115,0.0,south-central-tx,0.0,False,0.0,True,0.0,True
48027023116,0.003442,south-central-tx,0.010326,True,0.0,True,0.0,True
48027023117,0.044735,south-central-tx,0.134205,True,0.0,True,0.0,True
48027023118,0.146863,south-central-tx,0.440588,True,0.0,True,0.0,True
48027023201,0.048909,south-central-tx,0.146727,True,0.0,True,0.0,True
48027023202,0.0,south-central-tx,0.0,True,0.0,True,0.0,True
48027023203,0.006549,south-central-tx,0.019648,True,0.0,True,0.0,True
48027023204,0.0,south-central-tx,0.0,False,0.0,True,0.0,True
48027023301,0.074237,south-central-tx,0.221982,True,0.000729,True,0.0,True
48027023302,0.014172,south-central-tx,0.042517,True,0.0,True,0.0,True
48027023402,0.042666,south-central-tx,0.0,True,0.002997,True,0.125,True
48027023404,0.0,south-central-tx,0.0,True,0.0,True,0.0,True
48027023405,0.0,south-central-tx,0.0,True,0.0,True,0.0,True
48027023406,0.0,south-central-tx,0.0,True,0.0,True,0.0,True
48027023500,0.25731,south-central-tx,0.52193,True,0.0,True,0.25,True
48027980001,0.133595,south-central-tx,0.400785,True,0.0,True,0.0,True
48027980002,0.151882,south-central-tx,0.455646,True,0.0,True,0.0,True
48027980003,0.0,south-central-tx,0.0,False,0.0,True,,False
48029110100,0.0,south-central-tx,0.0,True,0.0,True,0.0,True
48029110300,0.0,south-central-tx,0.0,True,0.0,True,0.0,True
48029110500,0.000649,south-central-tx,0.0,True,0.001946,True,0.0,True
48029110600,0.0,south-central-tx,0.0,True,0.0,True,0.0,True
48029110700,0.038242,south-central-tx,0.114727,True,0.0,True,0.0,True
48029111000,0.0,south-central-tx,0.0,True,0.0,True,0.0,True
48029111100,0.0,south-central-tx,0.0,True,0.0,True,0.0,True
48029120100,0.0,south-central-tx,0.0,False,0.0,True,0.0,True
48029120301,0.103712,south-central-tx,0.061135,True,0.0,True,0.25,True
48029120302,0.001606,south-central-tx,0.0,True,0.004817,True,0.0,True
48029120401,0.0,south-central-tx,0.0,False,0.0,True,0.0,True
48029120402,0.235137,south-central-tx,0.204262,True,0.001147,True,0.5,True
48029120502,0.06417,south-central-tx,0.0,True,0.025843,True,0.166667,True
48029120503,0.003903,south-central-tx,0.0,True,0.01171,True,0.0,True
48029120504,0.091758,south-central-tx,0.0,True,0.025275,True,0.25,True
48029120601,0.0,south-central-tx,0.0,True,0.0,True,0.0,True
48029120602,0.054504,south-central-tx,0.119811,True,0.0,True,0.0437,True
48029120701,0.0022,south-central-tx,0.0,True,0.006599,True,0.0,True
48029120702,0.0,south-central-tx,0.0,True,0.0,True,0.0,True
48029120800,0.000114,south-central-tx,0.0,True,0.000342,True,0.0,True
48029120901,0.0,south-central-tx,0.0,True,0.0,True,0.0,True
48029120902,0.002527,south-central-tx,0.0,True,0.007581,True,0.0,True
48029121000,0.083333,south-central-tx,0.0,True,0.0,True,0.25,True
48029121110,0.0,south-central-tx,0.0,False,0.0,True,0.0,True
48029121111,0.020101,south-central-tx,0.0,False,0.040201,True,0.0,True
48029121112,0.166667,south-central-tx,0.0,True,0.0,True,0.5,True
48029121115,0.000765,south-central-tx,0.0,False,0.00153,True,0.0,True
48029121116,0.0,south-central-tx,0.0,True,0.0,True,0.0,True
48029121117,0.0,south-central-tx,0.0,True,0.0,True,0.0,True
48029121118,0.0,south-central-tx,0.0,True,0.0,True,0.0,True
48029121119,0.0,south-central-tx,0.0,True,0.0,True,0.0,True
48029121120,0.0,south-central-tx,0.0,True,0.0,True,0.0,True
48029121121,0.025954,south-central-tx,0.0,False,0.051908,True,0.0,True
48029121122,0.0,south-central-tx,0.0,False,0.0,True,0.0,True
48029121123,0.084276,south-central-tx,0.0,True,0.002829,True,0.25,True
48029121124,0.0,south-central-tx,0.0,False,0.0,True,0.0,True
48029121203,0.094784,south-central-tx,0.0,True,0.034351,True,0.25,True
48029121204,0.007326,south-central-tx,0.0,True,0.021978,True,0.0,True
48029121205,0.083333,south-central-tx,0.0,True,0.0,True,0.25,True
48029121206,0.002039,south-central-tx,0.0,False,0.004077,True,0.0,True
48029121300,0.01137,south-central-tx,0.0,True,0.034109,True,0.0,True
48029121402,0.065152,south-central-tx,0.0,False,0.130304,True,0.0,True
48029121403,0.031065,south-central-tx,0.0,True,0.093196,True,0.0,True
48029121404,0.012179,south-central-tx,0.0,True,0.036538,True,0.0,True
48029121501,0.017445,south-central-tx,0.0,True,0.052335,True,0.0,True
48029121504,0.0,south-central-tx,0.0,False,0.0,True,0.0,True
48029121505,0.004933,south-central-tx,0.0,False,0.009867,True,0.0,True
48029121506,0.016289,south-central-tx,0.0,False,0.032577,True,0.0,True
48029121507,0.007136,south-central-tx,0.0,False,0.014272,True,0.0,True
48029121508,0.0,south-central-tx,0.0,False,0.0,True,0.0,True
48029121601,0.072514,south-central-tx,0.217541,True,0.0,True,0.0,True
48029121604,0.0,south-central-tx,0.0,True,0.0,True,0.0,True
48029121605,0.0,south-central-tx,0.0,True,0.0,True,0.0,True
48029121606,0.001646,south-central-tx,0.0,True,0.004938,True,0.0,True
48029121701,0.225051,south-central-tx,0.675154,True,0.0,True,0.0,True
48029121702,0.0,south-central-tx,0.0,True,0.0,True,0.0,True
48029121802,0.012211,south-central-tx,0.0,True,0.036632,True,0.0,True
48029121803,0.0,south-central-tx,0.0,True,0.0,True,0.0,True
48029121804,0.0,south-central-tx,0.0,False,0.0,True,0.0,True
48029121808,0.008488,south-central-tx,0.0,False,0.016977,True,0.0,True
48029121809,0.0,south-central-tx,0.0,False,0.0,True,0.0,True
48029121810,0.004008,south-central-tx,0.0,True,0.012025,True,0.0,True
48029121811,0.00826,south-central-tx,0.0,True,0.024779,True,0.0,True
48029121812,0.007222,south-central-tx,0.0,True,0.021667,True,0.0,True
48029121813,0.049712,south-central-tx,0.131464,True,0.017673,True,0.0,True
48029121903,0.0,south-central-tx,0.0,True,0.0,True,0.0,True
48029121904,0.194947,south-central-tx,0.0,True,0.0,True,0.58484,True
48029121905,0.090779,south-central-tx,0.0,True,0.022338,True,0.25,True
48029121906,0.0,south-central-tx,0.0,True,0.0,True,0.0,True
48029121908,0.241677,south-central-tx,0.370968,True,0.049641,True,0.304423,True
48029121909,0.018579,south-central-tx,0.0,True,0.055737,True,0.0,True
48029121910,0.038136,south-central-tx,0.0,True,0.114408,True,0.0,True
48029121911,0.0,south-central-tx,0.0,True,0.0,True,0.0,True
48029121912,0.064068,south-central-tx,0.0,False,0.128136,True,0.0,True
48029130200,0.252567,south-central-tx,0.0,False,0.005135,True,0.5,True
48029130300,0.002273,south-central-tx,0.0,False,0.004545,True,0.0,True
48029130401,0.00152,south-central-tx,0.0,False,0.00304,True,0.0,True
48029130402,0.036378,south-central-tx,0.109135,True,0.0,True,0.0,True
48029130500,0.0,south-central-tx,0.0,False,0.0,True,0.0,True
48029130600,0.0,south-central-tx,0.0,False,0.0,True,0.0,True
48029130700,0.0,south-central-tx,0.0,True,0.0,True,0.0,True
48029130800,0.006791,south-central-tx,0.0,True,0.020374,True,0.0,True
48029130900,0.027253,south-central-tx,0.0,True,0.081758,True,0.0,True
48029131000,0.008134,south-central-tx,0.0,True,0.024401,True,0.0,True
48029131100,0.020043,south-central-tx,0.0,True,0.06013,True,0.0,True
48029131200,0.215808,south-central-tx,0.611171,True,0.036254,True,0.0,True
48029131300,0.047238,south-central-tx,0.093292,True,0.048423,True,0.0,True
48029131401,0.091972,south-central-tx,0.189427,True,0.086489,True,0.0,True
48029131402,0.065019,south-central-tx,0.04378,True,0.151277,True,0.0,True
48029131503,0.140079,south-central-tx,0.0,False,0.030158,True,0.25,True
48029131504,0.011296,south-central-tx,0.0,True,0.033888,True,0.0,True
48029131505,0.031746,south-central-tx,0.0,False,0.063492,True,0.0,True
48029131506,0.193136,south-central-tx,0.0,True,0.329408,True,0.25,True
48029131507,0.013025,south-central-tx,0.0,False,0.026049,True,0.0,True
48029131601,0.148365,south-central-tx,0.289552,True,0.155542,True,0.0,True
48029131606,0.194796,south-central-tx,0.245275,True,0.339111,True,0.0,True
48029131608,0.003376,south-central-tx,0.0,True,0.010128,True,0.0,True
48029131609,0.083096,south-central-tx,0.0,False,0.166192,True,0.0,True
48029131610,0.012607,south-central-tx,0.0,False,0.025215,True,0.0,True
48029131612,0.055556,south-central-tx,0.0,True,0.166667,True,0.0,True
48029131614,0.067388,south-central-tx,0.0,False,0.134775,True,0.0,True
48029131615,0.082821,south-central-tx,0.0,True,0.248462,True,0.0,True
48029131616,0.134172,south-central-tx,0.0,False,0.268343,True,0.0,True
48029131700,0.0,south-central-tx,0.0,False,0.0,True,0.0,True
48029131801,0.00145,south-central-tx,0.0,True,0.004349,True,0.0,True
48029131802,0.10537,south-central-tx,0.02343,True,0.29268,True,0.0,True
48029140100,0.0,south-central-tx,0.0,True,0.0,True,0.0,True
48029140200,0.021973,south-central-tx,0.059007,True,0.006912,True,0.0,True
48029140300,0.020101,south-central-tx,0.060302,True,0.0,True,0.0,True
48029140400,0.0,south-central-tx,0.0,True,0.0,True,0.0,True
48029140500,0.000877,south-central-tx,0.0,True,0.002632,True,0.0,True
48029140600,0.001005,south-central-tx,0.0,False,0.00201,True,0.0,True
48029140700,0.001734,south-central-tx,0.0,True,0.005201,True,0.0,True
48029140800,0.0,south-central-tx,0.0,True,0.0,True,0.0,True
48029140900,0.0,south-central-tx,0.0,True,0.0,True,0.0,True
48029141000,0.004088,south-central-tx,0.0,True,0.012265,True,0.0,True
48029141101,0.000372,south-central-tx,0.0,True,0.001116,True,0.0,True
48029141102,0.009498,south-central-tx,0.0,True,0.028493,True,0.0,True
48029141200,0.006212,south-central-tx,0.0,False,0.012425,True,0.0,True
48029141300,0.087126,south-central-tx,0.0,True,0.178044,True,0.083333,True
48029141402,0.062011,south-central-tx,0.169808,True,0.016224,True,0.0,True
48029141403,0.074778,south-central-tx,0.224334,True,0.0,True,0.0,True
48029141404,0.083519,south-central-tx,0.0,True,0.000558,True,0.25,True
48029141600,0.056609,south-central-tx,0.146512,True,0.023314,True,0.0,True
48029141700,0.112164,south-central-tx,0.132362,True,0.204129,True,0.0,True
48029141800,0.27459,south-central-tx,0.002998,True,0.320773,True,0.5,True
48029141900,0.206105,south-central-tx,0.267082,True,0.101234,True,0.25,True
48029150100,0.135224,south-central-tx,0.403764,True,0.001907,True,0.0,True
48029150300,0.0,south-central-tx,0.0,True,0.0,True,0.0,True
48029150400,0.139657,south-central-tx,0.168971,True,0.0,True,0.25,True
48029150501,0.0,south-central-tx,0.0,True,0.0,True,0.0,True
48029150502,0.0,south-central-tx,0.0,True,0.0,True,0.0,True
48029150600,0.0,south-central-tx,0.0,True,0.0,True,0.0,True
48029150700,0.083333,south-central-tx,0.0,False,0.0,True,0.166667,True
48029150800,0.166641,south-central-tx,0.499923,True,0.0,True,0.0,True
48029150900,0.003206,south-central-tx,0.009619,True,0.0,True,0.0,True
48029151000,0.0,south-central-tx,0.0,True,0.0,True,0.0,True
48029151100,0.0,south-central-tx,0.0,True,0.0,True,0.0,True
48029151200,0.011397,south-central-tx,0.014874,True,0.019315,True,0.0,True
48029151301,0.004394,south-central-tx,0.0,True,0.013182,True,0.0,True
48029151302,0.022059,south-central-tx,0.0,True,0.066176,True,0.0,True
48029151400,0.063889,south-central-tx,0.191668,True,0.0,True,0.0,True
48029151500,0.133127,south-central-tx,0.399381,True,0.0,True,0.0,True
48029151600,0.0,south-central-tx,0.0,False,0.0,True,0.0,True
48029151700,0.025978,south-central-tx,0.0,True,0.077934,True,0.0,True
48029151900,0.113294,south-central-tx,0.061131,True,0.27875,True,0.0,True
48029152000,0.240485,south-central-tx,0.381489,True,0.339968,True,0.0,True
48029152100,0.363155,south-central-tx,0.557714,True,0.03175,True,0.5,True
48029152201,0.053719,south-central-tx,0.087143,True,0.074013,True,0.0,True
48029152202,0.036965,south-central-tx,0.0,True,0.110895,True,0.0,True
48029160100,0.002894,south-central-tx,0.0,True,0.008681,True,0.0,True
48029160200,0.055953,south-central-tx,0.16699,True,0.00087,True,0.0,True
48029160300,0.196209,south-central-tx,0.588626,True,0.0,True,0.0,True
48029160400,0.0,south-central-tx,0.0,True,0.0,True,0.0,True
48029160501,0.0,south-central-tx,0.0,False,0.0,True,0.0,True
48029160502,0.048871,south-central-tx,0.144553,True,0.002059,True,0.0,True
48029160600,0.000835,south-central-tx,0.0,True,0.002505,True,0.0,True
48029160701,0.002738,south-central-tx,0.0,True,0.008215,True,0.0,True
48029160702,0.001174,south-central-tx,0.0,True,0.003521,True,0.0,True
48029160901,0.085237,south-central-tx,0.005712,True,0.0,True,0.25,True
48029160902,0.023917,south-central-tx,0.071751,True,0.0,True,0.0,True
48029161000,0.064865,south-central-tx,0.180194,True,0.0144,True,0.0,True
48029161100,0.024614,south-central-tx,0.0,True,0.073842,True,0.0,True
48029161200,0.198477,south-central-tx,0.181488,True,0.413944,True,0.0,True
48029161302,0.15147,south-central-tx,0.45441,True,0.0,True,0.0,True
48029161303,0.0,south-central-tx,0.0,False,0.0,True,0.0,True
48029161304,0.0,south-central-tx,0.0,True,0.0,True,0.0,True
48029161400,0.211219,south-central-tx,0.633656,True,0.0,True,0.0,True
48029161501,0.233737,south-central-tx,0.573821,True,0.127389,True,0.0,True
48029161503,0.020903,south-central-tx,0.058619,True,0.004091,True,0.0,True
48029161504,0.0,south-central-tx,0.0,False,0.0,True,0.0,True
48029161600,0.063322,south-central-tx,0.189965,True,0.0,True,0.0,True
48029161801,0.066332,south-central-tx,0.192791,True,0.006206,True,0.0,True
48029161802,0.163532,south-central-tx,0.35841,True,0.132186,True,0.0,True
48029161901,0.115729,south-central-tx,0.246652,True,0.100534,True,0.0,True
48029161902,0.268547,south-central-tx,0.439972,True,0.36567,True,0.0,True
48029162001,0.156327,south-central-tx,0.377851,True,0.091131,True,0.0,True
48029162003,0.259708,south-central-tx,0.473704,True,0.05542,True,0.25,True
48029162004,0.039375,south-central-tx,0.0,True,0.118124,True,0.0,True
48029170101,0.162962,south-central-tx,0.488175,True,0.000712,True,0.0,True
48029170102,0.004283,south-central-tx,0.0,False,0.008565,True,0.0,True
48029170200,0.131308,south-central-tx,0.0,False,0.012617,True,0.25,True
48029170300,0.002438,south-central-tx,0.0,False,0.004876,True,0.0,True
48029170401,0.001791,south-central-tx,0.0,True,0.005373,True,0.0,True
48029170402,0.002065,south-central-tx,0.0,False,0.00413,True,0.0,True
48029170500,0.163351,south-central-tx,0.490054,True,0.0,True,0.0,True
48029170600,0.002967,south-central-tx,0.0,True,0.008901,True,0.0,True
48029170700,0.00019,south-central-tx,0.0,True,0.000571,True,0.0,True
48029170800,0.002778,south-central-tx,0.0,False,0.005556,True,0.0,True
48029170900,0.0,south-central-tx,0.0,False,0.0,True,0.0,True
48029171000,0.002179,south-central-tx,0.0,False,0.004357,True,0.0,True
48029171100,0.003404,south-central-tx,0.0,False,0.006808,True,0.0,True
48029171200,0.0,south-central-tx,0.0,False,0.0,True,0.0,True
48029171301,0.000472,south-central-tx,0.0,False,0.000943,True,0.0,True
48029171302,0.004711,south-central-tx,0.0,False,0.009421,True,0.0,True
48029171401,0.000509,south-central-tx,0.0,False,0.001018,True,0.0,True
48029171402,0.001318,south-central-tx,0.0,False,0.002636,True,0.0,True
48029171501,0.00185,south-central-tx,0.0,False,0.0037,True,0.0,True
48029171502,0.002948,south-central-tx,0.0,False,0.005896,True,0.0,True
48029171601,0.006308,south-central-tx,0.0,True,0.018925,True,0.0,True
48029171602,0.001799,south-central-tx,0.0,True,0.005397,True,0.0,True
48029171700,0.0,south-central-tx,0.0,True,0.0,True,0.0,True
48029171801,0.0,south-central-tx,0.0,True,0.0,True,0.0,True
48029171802,0.001262,south-central-tx,0.0,True,0.003786,True,0.0,True
48029171903,0.001119,south-central-tx,0.0,True,0.003357,True,0.0,True
48029171912,0.015667,south-central-tx,0.0,True,0.047002,True,0.0,True
48029171913,0.0,south-central-tx,0.0,False,0.0,True,0.0,True
48029171914,0.0,south-central-tx,0.0,False,0.0,True,0.0,True
48029171915,0.003277,south-central-tx,0.0,False,0.006553,True,0.0,True
48029171916,0.001502,south-central-tx,0.0,True,0.004505,True,0.0,True
48029171917,0.0,south-central-tx,0.0,True,0.0,True,0.0,True
48029171918,0.0,south-central-tx,0.0,True,0.0,True,0.0,True
48029171919,0.015216,south-central-tx,0.0,True,0.045647,True,0.0,True
48029171920,0.0,south-central-tx,0.0,True,0.0,True,0.0,True
48029171921,0.069788,south-central-tx,0.209364,True,0.0,True,0.0,True
48029171922,0.038178,south-central-tx,0.0,False,0.076356,True,0.0,True
48029171923,0.0,south-central-tx,0.0,False,0.0,True,0.0,True
48029171924,0.056718,south-central-tx,0.0,True,0.003487,True,0.166666,True
48029171926,0.0,south-central-tx,0.0,True,0.0,True,0.0,True
48029171927,0.009766,south-central-tx,0.0,True,0.029298,True,0.0,True
48029171928,0.0,south-central-tx,0.0,False,0.0,True,0.0,True
48029171929,0.0,south-central-tx,0.0,False,0.0,True,0.0,True
48029172002,0.086044,south-central-tx,0.064125,True,0.194007,True,0.0,True
48029172003,0.0,south-central-tx,0.0,True,0.0,True,0.0,True
48029172004,0.210464,south-central-tx,0.0,False,0.337595,True,0.083333,True
48029172005,0.0,south-central-tx,0.0,True,0.0,True,0.0,True
48029172006,0.094728,south-central-tx,0.0,True,0.159184,True,0.125,True
48029172008,0.004549,south-central-tx,0.0,True,0.013646,True,0.0,True
48029172009,0.05552,south-central-tx,0.0,True,0.166559,True,0.0,True
48029180101,0.221581,south-central-tx,0.664744,True,0.0,True,0.0,True
48029180102,0.194961,south-central-tx,0.584883,True,0.0,True,0.0,True
48029180201,0.196862,south-central-tx,0.334067,True,0.00652,True,0.25,True
48029180202,0.176443,south-central-tx,0.525129,True,0.004199,True,0.0,True
48029180300,0.029988,south-central-tx,0.084994,True,0.00497,True,0.0,True
48029180400,0.233964,south-central-tx,0.693864,True,0.008029,True,0.0,True
48029180501,0.14295,south-central-tx,0.424523,True,0.004326,True,0.0,True
48029180503,0.0,south-central-tx,0.0,False,0.0,True,0.0,True
48029180504,0.002193,south-central-tx,0.0,False,0.004386,True,0.0,True
48029180602,0.00261,south-central-tx,0.0,False,0.005219,True,0.0,True
48029180603,0.006329,south-central-tx,0.0,True,0.018987,True,0.0,True
48029180604,0.000974,south-central-tx,0.0,True,0.002921,True,0.0,True
48029180701,0.008808,south-central-tx,0.026424,True,0.0,True,0.0,True
48029180702,0.044002,south-central-tx,0.0,True,0.007006,True,0.125,True
48029180800,0.004527,south-central-tx,0.0,True,0.013582,True,0.0,True
48029180901,0.000312,south-central-tx,0.0,True,0.000935,True,0.0,True
48029180902,0.000628,south-central-tx,0.0,True,0.001883,True,0.0,True
48029181001,0.084559,south-central-tx,0.0,True,0.003676,True,0.25,True
48029181003,0.101639,south-central-tx,0.304917,True,0.0,True,0.0,True
48029181004,0.073346,south-central-tx,0.218234,True,0.001805,True,0.0,True
48029181005,0.025769,south-central-tx,0.0,True,0.077307,True,0.0,True
48029181100,0.0,south-central-tx,0.0,True,0.0,True,0.0,True
48029181200,0.0,south-central-tx,0.0,False,0.0,True,0.0,True
48029181301,0.001163,south-central-tx,0.0,False,0.002326,True,0.0,True
48029181302,0.0,south-central-tx,0.0,True,0.0,True,0.0,True
48029181303,0.095209,south-central-tx,0.285627,True,0.0,True,0.0,True
48029181402,0.0,south-central-tx,0.0,True,0.0,True,0.0,True
48029181403,0.286065,south-central-tx,0.852,True,0.006196,True,0.0,True
48029181404,0.217735,south-central-tx,0.403206,True,0.0,True,0.25,True
48029181503,0.00037,south-central-tx,0.0,False,0.00074,True,0.0,True
48029181504,0.007385,south-central-tx,0.0,False,0.01477,True,0.0,True
48029181505,0.0,south-central-tx,0.0,False,0.0,True,0.0,True
48029181506,0.166667,south-central-tx,0.0,True,0.0,True,0.5,True
48029181601,0.005561,south-central-tx,0.0,True,0.016682,True,0.0,True
48029181602,0.001947,south-central-tx,0.0,True,0.00584,True,0.0,True
48029181703,0.0,south-central-tx,0.0,True,0.0,True,0.0,True
48029181704,0.094881,south-central-tx,0.284644,True,0.0,True,0.0,True
48029181705,0.077336,south-central-tx,0.232009,True,0.0,True,0.0,True
48029181711,0.0,south-central-tx,0.0,False,0.0,True,0.0,True
48029181712,0.0,south-central-tx,0.0,False,0.0,True,0.0,True
48029181713,0.0,south-central-tx,0.0,False,0.0,True,0.0,True
48029181715,0.0,south-central-tx,0.0,False,0.0,True,0.0,True
48029181716,0.095743,south-central-tx,0.28723,True,0.0,True,0.0,True
48029181718,0.0,south-central-tx,0.0,True,0.0,True,0.0,True
48029181720,0.0,south-central-tx,0.0,True,0.0,True,0.0,True
48029181721,0.085562,south-central-tx,0.256686,True,0.0,True,0.0,True
48029181722,0.0,south-central-tx,0.0,False,0.0,True,0.0,True
48029181723,0.083333,south-central-tx,0.0,True,0.0,True,0.25,True
48029181724,0.083333,south-central-tx,0.0,True,0.0,True,0.25,True
48029181725,0.002904,south-central-tx,0.0,True,0.008712,True,0.0,True
48029181726,0.0,south-central-tx,0.0,True,0.0,True,0.0,True
48029181727,0.0,south-central-tx,0.0,False,0.0,True,0.0,True
48029181729,0.046651,south-central-tx,0.0,False,0.093303,True,0.0,True
48029181730,0.0,south-central-tx,0.0,False,0.0,True,0.0,True
48029181731,0.0,south-central-tx,0.0,False,0.0,True,0.0,True
48029181732,0.002846,south-central-tx,0.0,True,0.008539,True,0.0,True
48029181733,0.000987,south-central-tx,0.0,False,0.001974,True,0.0,True
48029181808,0.0,south-central-tx,0.0,True,0.0,True,0.0,True
48029181809,0.0,south-central-tx,0.0,False,0.0,True,0.0,True
48029181811,0.171059,south-central-tx,0.513178,True,0.0,True,0.0,True
48029181813,0.0,south-central-tx,0.0,True,0.0,True,0.0,True
48029181814,0.0,south-central-tx,0.0,True,0.0,True,0.0,True
48029181815,0.0,south-central-tx,0.0,True,0.0,True,0.0,True
48029181816,0.006753,south-central-tx,0.0,False,0.013506,True,0.0,True
48029181817,0.0,south-central-tx,0.0,True,0.0,True,0.0,True
48029181818,0.043597,south-central-tx,0.0,False,0.003861,True,0.083333,True
48029181819,0.000761,south-central-tx,0.0,True,0.002282,True,0.0,True
48029181820,0.0,south-central-tx,0.0,True,0.0,True,0.0,True
48029181821,0.0,south-central-tx,0.0,False,0.0,True,0.0,True
48029181822,0.090724,south-central-tx,0.268347,True,0.003823,True,0.0,True
48029181823,0.013127,south-central-tx,0.0,True,0.039381,True,0.0,True
48029181824,0.005512,south-central-tx,0.0,True,0.016535,True,0.0,True
48029181825,0.134345,south-central-tx,0.389692,True,0.013342,True,0.0,True
48029181826,0.0,south-central-tx,0.0,False,0.0,True,0.0,True
48029181901,0.083333,south-central-tx,0.0,True,0.0,True,0.25,True
48029181902,0.014395,south-central-tx,0.0,True,0.043186,True,0.0,True
48029182001,0.013825,south-central-tx,0.0,True,0.019499,True,0.021975,True
48029182002,0.214441,south-central-tx,0.336383,True,0.056941,True,0.25,True
48029182003,0.009705,south-central-tx,0.0,True,0.029115,True,0.0,True
48029182101,0.094639,south-central-tx,0.0,True,0.109254,True,0.174662,True
48029182102,0.068588,south-central-tx,0.122325,True,0.083438,True,0.0,True
48029182103,0.261418,south-central-tx,0.597843,True,0.186409,True,0.0,True
48029182105,0.09028,south-central-tx,0.011036,True,0.259805,True,0.0,True
48029182106,0.169472,south-central-tx,0.365606,True,0.14281,True,0.0,True
48029190100,0.085238,south-central-tx,0.0,True,0.005714,True,0.25,True
48029190200,0.00017,south-central-tx,0.0,True,0.000509,True,0.0,True
48029190400,0.000374,south-central-tx,0.0,False,0.000749,True,0.0,True
48029190501,0.106101,south-central-tx,0.318304,True,0.0,True,0.0,True
48029190503,0.0,south-central-tx,0.0,False,0.0,True,0.0,True
48029190504,0.026661,south-central-tx,0.077449,True,0.002534,True,0.0,True
48029190601,0.167567,south-central-tx,0.0,True,0.002701,True,0.5,True
48029190603,0.003389,south-central-tx,0.0,False,0.006777,True,0.0,True
48029190604,0.084865,south-central-tx,0.0,True,0.004595,True,0.25,True
48029190700,0.0,south-central-tx,0.0,False,0.0,True,0.0,True
48029190800,0.00091,south-central-tx,0.0,False,0.00182,True,0.0,True
48029190901,0.002123,south-central-tx,0.0,True,0.006369,True,0.0,True
48029190902,0.004555,south-central-tx,0.0,True,0.013665,True,0.0,True
48029191003,0.0,south-central-tx,0.0,False,0.0,True,0.0,True
48029191004,0.014676,south-central-tx,0.0,False,0.029352,True,0.0,True
48029191005,0.001947,south-central-tx,0.0,False,0.003895,True,0.0,True
48029191006,0.001209,south-central-tx,0.0,True,0.003628,True,0.0,True
48029191101,0.083333,south-central-tx,0.0,True,0.0,True,0.25,True
48029191102,0.0,south-central-tx,0.0,True,0.0,True,0.0,True
48029191201,0.034286,south-central-tx,0.102859,True,0.0,True,0.0,True
48029191202,0.0,south-central-tx,0.0,True,0.0,True,0.0,True
48029191303,0.0,south-central-tx,0.0,True,0.0,True,0.0,True
48029191304,0.0,south-central-tx,0.0,True,0.0,True,0.0,True
48029191405,0.000114,south-central-tx,0.0,True,0.000343,True,0.0,True
48029191406,0.166799,south-central-tx,0.0,True,0.000397,True,0.5,True
48029191408,0.0,south-central-tx,0.0,False,0.0,True,0.0,True
48029191409,0.0,south-central-tx,0.0,False,0.0,True,0.0,True
48029191410,0.0,south-central-tx,0.0,True,0.0,True,0.0,True
48029191411,0.000337,south-central-tx,0.0,True,0.001012,True,0.0,True
48029191412,0.0,south-central-tx,0.0,True,0.0,True,0.0,True
48029191413,0.001339,south-central-tx,0.0,False,0.002678,True,0.0,True
48029191503,0.0,south-central-tx,0.0,True,0.0,True,0.0,True
48029191504,0.00126,south-central-tx,0.0,True,0.003779,True,0.0,True
48029191505,0.002148,south-central-tx,0.0,False,0.004296,True,0.0,True
48029191506,0.000906,south-central-tx,0.0,True,0.002719,True,0.0,True
48029191701,0.166991,south-central-tx,0.0,True,0.000973,True,0.5,True
48029191702,0.0,south-central-tx,0.0,True,0.0,True,0.0,True
48029191804,0.0,south-central-tx,0.0,True,0.0,True,0.0,True
48029191806,0.0,south-central-tx,0.0,True,0.0,True,0.0,True
48029191807,0.003255,south-central-tx,0.0,True,0.009765,True,0.0,True
48029191808,0.0,south-central-tx,0.0,True,0.0,True,0.0,True
48029191809,0.0,south-central-tx,0.0,False,0.0,True,0.0,True
48029191810,0.0,south-central-tx,0.0,True,0.0,True,0.0,True
48029191811,0.048227,south-central-tx,0.0,False,0.001543,True,0.094911,True
48029191812,0.0,south-central-tx,0.0,False,0.0,True,0.0,True
48029191813,0.0,south-central-tx,0.0,False,0.0,True,0.0,True
48029191814,0.009474,south-central-tx,0.0,True,0.0,True,0.02842,True
48029191815,0.0,south-central-tx,0.0,False,0.0,True,0.0,True
48029191816,0.0,south-central-tx,0.0,True,0.0,True,0.0,True
48029191818,0.0,south-central-tx,0.0,True,0.0,True,0.0,True
48029191819,0.0,south-central-tx,0.0,True,0.0,True,0.0,True
48029191900,0.0,south-central-tx,0.0,True,0.0,True,0.0,True
48029192000,0.038758,south-central-tx,0.116273,True,0.0,True,0.0,True
48029192100,0.032603,south-central-tx,0.097809,True,0.0,True,0.0,True
48029192200,0.153928,south-central-tx,0.421243,True,0.040541,True,0.0,True
48029192300,0.0,south-central-tx,0.0,True,0.0,True,0.0,True
48029980001,0.005524,south-central-tx,0.0,False,0.0,True,0.011049,True
48029980002,0.198483,south-central-tx,0.387117,True,0.208333,True,0.0,True
48029980003,0.30661,south-central-tx,0.307842,True,0.01145,True,0.600537,True
48029980004,0.0,south-central-tx,0.0,True,0.0,True,0.0,True
48029980005,0.0,south-central-tx,0.0,False,0.0,True,,False
48029980100,0.001138,south-central-tx,0.0,True,0.003413,True,0.0,True
48031950101,0.107011,south-central-tx,0.321034,True,0.0,True,0.0,True
48031950102,0.003943,south-central-tx,0.0,True,0.011828,True,0.0,True
48031950201,0.130375,south-central-tx,0.0,True,0.016124,True,0.375,True
48031950202,0.009018,south-central-tx,0.0,True,0.027054,True,0.0,True
48033950100,0.096607,south-central-tx,0.0,True,0.03982,True,0.25,True
48035950100,0.033333,south-central-tx,0.0,True,0.0,True,0.1,True
48035950200,0.263701,south-central-tx,0.541103,True,0.0,True,0.25,True
48035950300,0.173131,south-central-tx,0.0,True,0.019393,True,0.5,True
48035950400,0.085188,south-central-tx,0.0,True,0.005564,True,0.25,True
48035950500,0.083333,south-central-tx,0.0,True,0.0,True,0.25,True
48035950600,0.233554,south-central-tx,0.161102,True,0.039561,True,0.5,True
48035950700,0.083333,south-central-tx,0.0,True,0.0,True,0.25,True
48039660100,0.0,south-central-tx,0.0,False,0.0,True,0.0,True
48039660200,0.13733,south-central-tx,0.41199,True,0.0,True,0.0,True
48039660301,0.0,south-central-tx,0.0,True,0.0,True,0.0,True
48039660302,0.0,south-central-tx,0.0,True,0.0,True,0.0,True
48039660303,0.00045,south-central-tx,0.0,True,0.001349,True,0.0,True
48039660401,0.045504,south-central-tx,0.136511,True,0.0,True,0.0,True
48039660402,0.000862,south-central-tx,0.0,True,0.002586,True,0.0,True
48039660403,0.0,south-central-tx,0.0,True,0.0,True,0.0,True
48039660501,0.251245,south-central-tx,0.0,False,0.00249,True,0.5,True
48039660502,0.0,south-central-tx,0.0,False,0.0,True,0.0,True
48039660503,0.0,south-central-tx,0.0,True,0.0,True,0.0,True
48039660504,0.003525,south-central-tx,0.0,False,0.007049,True,0.0,True
48039660603,0.008772,south-central-tx,0.0,True,0.026316,True,0.0,True
48039660604,0.0,south-central-tx,0.0,False,0.0,True,0.0,True
48039660605,0.000559,south-central-tx,0.0,False,0.001118,True,0.0,True
48039660606,0.007165,south-central-tx,0.0,False,0.01433,True,0.0,True
48039660607,0.000312,south-central-tx,0.0,True,0.000937,True,0.0,True
48039660608,0.002723,south-central-tx,0.0,True,0.00817,True,0.0,True
48039660609,0.000604,south-central-tx,0.0,False,0.001208,True,0.0,True
48039660610,0.0,south-central-tx,0.0,True,0.0,True,0.0,True
48039660611,0.001645,south-central-tx,0.0,False,0.003289,True,0.0,True
48039660612,0.000761,south-central-tx,0.0,True,0.002283,True,0.0,True
48039660613,0.002216,south-central-tx,0.0,False,0.004433,True,0.0,True
48039660614,0.24484,south-central-tx,0.733263,True,0.001256,True,0.0,True
48039660615,0.000147,south-central-tx,0.0,True,0.00044,True,0.0,True
48039660616,0.000796,south-central-tx,0.0,True,0.002389,True,0.0,True
48039660703,0.006173,south-central-tx,0.0,True,0.018519,True,0.0,True
48039660704,0.001628,south-central-tx,0.0,False,0.003256,True,0.0,True
48039660705,0.002846,south-central-tx,0.0,False,0.005693,True,0.0,True
48039660706,0.001369,south-central-tx,0.0,True,0.004107,True,0.0,True
48039660707,0.001118,south-central-tx,0.0,False,0.002236,True,0.0,True
48039660708,0.001574,south-central-tx,0.0,True,0.004721,True,0.0,True
48039660803,0.000593,south-central-tx,0.0,False,0.001187,True,0.0,True
48039660804,0.076715,south-central-tx,0.230146,True,0.0,True,0.0,True
48039660805,0.0,south-central-tx,0.0,False,0.0,True,0.0,True
48039660806,0.0,south-central-tx,0.0,True,0.0,True,0.0,True
48039660901,0.207135,south-central-tx,0.617081,True,0.004325,True,0.0,True
48039660902,0.061924,south-central-tx,0.181276,True,0.004496,True,0.0,True
48039661000,0.294388,south-central-tx,0.628161,True,0.005003,True,0.25,True
48039661100,0.222603,south-central-tx,0.667808,True,0.0,True,0.0,True
48039661200,0.237933,south-central-tx,0.706661,True,0.007137,True,0.0,True
48039661300,0.213108,south-central-tx,0.634908,True,0.004417,True,0.0,True
48039661400,0.001229,south-central-tx,0.00166,True,0.002026,True,0.0,True
48039661501,0.240146,south-central-tx,0.467331,True,0.003106,True,0.25,True
48039661502,0.182986,south-central-tx,0.289145,True,0.009814,True,0.25,True
48039661601,0.272068,south-central-tx,0.810341,True,0.005862,True,0.0,True
48039661602,0.084824,south-central-tx,0.242112,True,0.012361,True,0.0,True
48039661700,0.166667,south-central-tx,0.0,True,0.0,True,0.5,True
48039661800,0.000662,south-central-tx,0.0,True,0.001985,True,0.0,True
48039661901,0.00288,south-central-tx,0.0,True,0.008639,True,0.0,True
48039661902,0.0,south-central-tx,0.0,True,0.0,True,0.0,True
48039662000,0.027778,south-central-tx,0.0,True,0.0,True,0.083333,True
48039662100,0.08719,south-central-tx,0.0,True,0.011569,True,0.25,True
48039662200,0.152309,south-central-tx,0.456926,True,0.0,True,0.0,True
48039662300,0.226769,south-central-tx,0.680308,True,0.0,True,0.0,True
48039662400,0.186411,south-central-tx,0.559232,True,0.0,True,0.0,True
48039662500,0.037186,south-central-tx,0.105083,True,0.006474,True,0.0,True
48039662600,0.21764,south-central-tx,0.652921,True,0.0,True,0.0,True
48039662700,0.166667,south-central-tx,0.0,True,0.0,True,0.5,True
48039662800,0.003116,south-central-tx,0.0,False,0.006231,True,0.0,True
48039662900,0.233508,south-central-tx,0.442002,True,0.008524,True,0.25,True
48039663000,0.170737,south-central-tx,0.0,True,0.012211,True,0.5,True
48039663100,0.206903,south-central-tx,0.118561,True,0.002149,True,0.5,True
48039663200,0.002112,south-central-tx,0.0,True,0.006336,True,0.0,True
48039663300,0.109634,south-central-tx,0.328902,True,0.0,True,0.0,True
48039663400,0.006899,south-central-tx,0.016055,True,0.004643,True,0.0,True
48039663500,0.095728,south-central-tx,0.284905,True,0.002281,True,0.0,True
48039663600,0.0,south-central-tx,0.0,False,0.0,True,0.0,True
48039663700,0.146763,south-central-tx,0.439547,True,0.000742,True,0.0,True
48039663800,0.055556,south-central-tx,0.0,True,0.0,True,0.166667,True
48039663900,0.102979,south-central-tx,0.308936,True,0.0,True,0.0,True
48039664000,0.103513,south-central-tx,0.31054,True,0.0,True,0.0,True
48039664100,0.047789,south-central-tx,0.0,True,0.018367,True,0.125,True
48039664200,0.083333,south-central-tx,0.0,True,0.0,True,0.25,True
48039664300,0.019043,south-central-tx,0.05713,True,0.0,True,0.0,True
48039664400,0.002405,south-central-tx,0.0,True,0.007214,True,0.0,True
48039664501,0.033965,south-central-tx,0.0,True,0.018562,True,0.083333,True
48039990000,1.0,south-central-tx,0.0,False,1.0,True,,False
48041000103,0.244893,south-central-tx,0.484679,True,0.0,True,0.25,True
48041000104,0.216892,south-central-tx,0.649434,True,0.001241,True,0.0,True
48041000105,0.0,south-central-tx,0.0,False,0.0,True,0.0,True
48041000106,0.201569,south-central-tx,0.604706,True,0.0,True,0.0,True
48041000107,0.0,south-central-tx,0.0,True,0.0,True,0.0,True
48041000108,0.405999,south-central-tx,0.717996,True,0.0,True,0.5,True
48041000203,0.000977,south-central-tx,0.0,False,0.001953,True,0.0,True
48041000204,0.002301,south-central-tx,0.0,False,0.004601,True,0.0,True
48041000205,0.0,south-central-tx,0.0,True,0.0,True,0.0,True
48041000206,0.084177,south-central-tx,0.0,True,0.00253,True,0.25,True
48041000207,0.07368,south-central-tx,0.22104,True,0.0,True,0.0,True
48041000301,0.254758,south-central-tx,0.514273,True,0.0,True,0.25,True
48041000302,0.185705,south-central-tx,0.557114,True,0.0,True,0.0,True
48041000401,0.131497,south-central-tx,0.394491,True,0.0,True,0.0,True
48041000402,0.010962,south-central-tx,0.014827,True,0.018059,True,0.0,True
48041000501,0.219605,south-central-tx,0.654497,True,0.00432,True,0.0,True
48041000502,0.198435,south-central-tx,0.592252,True,0.003053,True,0.0,True
48041000603,0.091623,south-central-tx,0.274869,True,0.0,True,0.0,True
48041000605,0.001459,south-central-tx,0.0,False,0.002917,True,0.0,True
48041000606,0.0,south-central-tx,0.0,False,0.0,True,0.0,True
48041000700,0.083333,south-central-tx,0.0,True,0.0,True,0.25,True
48041000800,0.0,south-central-tx,0.0,True,0.0,True,0.0,True
48041000900,0.085833,south-central-tx,0.0,True,0.007498,True,0.25,True
48041001001,0.0,south-central-tx,0.0,False,0.0,True,0.0,True
48041001002,0.083333,south-central-tx,0.0,True,0.0,True,0.25,True
48041001101,0.0,south-central-tx,0.0,True,0.0,True,0.0,True
48041001102,0.0,south-central-tx,0.0,False,0.0,True,0.0,True
48041001301,0.0,south-central-tx,0.0,True,0.0,True,0.0,True
48041001302,0.00506,south-central-tx,0.0,True,0.01518,True,0.0,True
48041001303,0.113632,south-central-tx,0.336143,True,0.004753,True,0.0,True
48041001401,0.0,south-central-tx,0.0,False,0.0,True,0.0,True
48041001604,0.028641,south-central-tx,0.0,True,0.005995,True,0.079928,True
48041001605,0.000739,south-central-tx,0.0,False,0.001477,True,0.0,True
48041001606,0.0,south-central-tx,0.0,True,0.0,True,0.0,True
48041001607,0.130645,south-central-tx,0.380571,True,0.011364,True,0.0,True
48041001608,0.0,south-central-tx,0.0,False,0.0,True,0.0,True
48041001702,0.000518,south-central-tx,0.0,True,0.001553,True,0.0,True
48041001703,0.113424,south-central-tx,0.340273,True,0.0,True,0.0,True
48041001704,0.067102,south-central-tx,0.15817,True,0.043137,True,0.0,True
48041001801,0.0,south-central-tx,0.0,True,0.0,True,0.0,True
48041001803,0.000309,south-central-tx,0.0,False,0.000619,True,0.0,True
48041001804,0.003079,south-central-tx,0.0,True,0.009238,True,0.0,True
48041001901,0.0,south-central-tx,0.0,True,0.0,True,0.0,True
48041001902,0.017273,south-central-tx,0.048816,True,0.003003,True,0.0,True
48041002001,0.034789,south-central-tx,0.091783,True,0.012584,True,0.0,True
48041002006,0.003466,south-central-tx,0.0,False,0.006932,True,0.0,True
48041002009,0.0,south-central-tx,0.0,True,0.0,True,0.0,True
48041002010,0.111111,south-central-tx,0.0,True,0.0,True,0.333334,True
48041002011,0.057006,south-central-tx,0.0,True,0.00435,True,0.166666,True
48041002014,0.0,south-central-tx,0.0,False,0.0,True,0.0,True
48041002016,0.0,south-central-tx,0.0,True,0.0,True,0.0,True
48041002017,0.006849,south-central-tx,0.0,False,0.013699,True,0.0,True
48041002018,0.000268,south-central-tx,0.0,True,0.000805,True,0.0,True
48041002019,0.0,south-central-tx,0.0,True,0.0,True,0.0,True
48041002020,0.0,south-central-tx,0.0,False,0.0,True,0.0,True
48041002021,0.0,south-central-tx,0.0,False,0.0,True,0.0,True
48041002022,0.001095,south-central-tx,0.0,True,0.003285,True,0.0,True
48041002023,0.003012,south-central-tx,0.0,False,0.006024,True,0.0,True
48041002024,0.415658,south-central-tx,0.0,False,0.019663,True,0.811654,True
48041002025,0.052916,south-central-tx,0.158747,True,0.0,True,0.0,True
48041002026,0.233232,south-central-tx,0.692786,True,0.006909,True,0.0,True
48041002100,0.166667,south-central-tx,0.0,True,0.0,True,0.5,True
48041980000,0.0,south-central-tx,0.0,True,0.0,True,0.0,True
48047950100,0.008181,south-central-tx,0.0,True,0.024542,True,0.0,True
48047950200,0.055105,south-central-tx,0.165315,True,0.0,True,0.0,True
48049950100,0.052591,south-central-tx,0.0,True,0.032773,True,0.125,True
48049950201,0.026354,south-central-tx,0.0,True,0.079062,True,0.0,True
48049950202,0.208913,south-central-tx,0.0,True,0.12674,True,0.5,True
48049950300,0.155344,south-central-tx,0.206711,True,0.009321,True,0.25,True
48049950500,0.086758,south-central-tx,0.0,True,0.010275,True,0.25,True
48049950600,0.164288,south-central-tx,0.484396,True,0.008469,True,0.0,True
48049950700,0.038063,south-central-tx,0.089337,True,0.024852,True,0.0,True
48049950800,0.001073,south-central-tx,0.0,True,0.00322,True,0.0,True
48049950900,0.002781,south-central-tx,0.0,True,0.008344,True,0.0,True
48049951000,0.002321,south-central-tx,0.0,False,0.004642,True,0.0,True
48049951100,0.057267,south-central-tx,0.0,True,0.005135,True,0.166667,True
48049951200,0.232913,south-central-tx,0.523365,True,0.008706,True,0.166667,True
48049951300,0.072797,south-central-tx,0.0,True,0.010058,True,0.208333,True
48051970100,0.293433,south-central-tx,0.372676,True,0.007623,True,0.5,True
48051970201,0.029672,south-central-tx,0.073777,True,0.015239,True,0.0,True
48051970202,0.001464,south-central-tx,0.0,True,0.004391,True,0.0,True
48051970300,0.158566,south-central-tx,0.475699,True,0.0,True,0.0,True
48051970400,0.083827,south-central-tx,0.0,True,0.001481,True,0.25,True
48051970501,0.166977,south-central-tx,0.0,True,0.00093,True,0.5,True
48051970502,0.056826,south-central-tx,0.0,True,0.003812,True,0.166667,True
48053960101,0.0,south-central-tx,0.0,True,0.0,True,0.0,True
48053960102,0.0,south-central-tx,0.0,True,0.0,True,0.0,True
48053960200,0.006044,south-central-tx,0.0,True,0.018133,True,0.0,True
48053960301,0.152188,south-central-tx,0.456563,True,0.0,True,0.0,True
48053960302,0.101845,south-central-tx,0.305535,True,0.0,True,0.0,True
48053960401,0.021493,south-central-tx,0.0,True,0.064478,True,0.0,True
48053960402,0.000226,south-central-tx,0.0,True,0.000677,True,0.0,True
48053960501,0.0,south-central-tx,0.0,False,0.0,True,0.0,True
48053960502,0.0,south-central-tx,0.0,False,0.0,True,0.0,True
48053960600,0.058948,south-central-tx,0.0,True,0.010177,True,0.166667,True
48053960701,0.055556,south-central-tx,0.0,True,0.0,True,0.166667,True
48053960702,0.002217,south-central-tx,0.0,True,0.00665,True,0.0,True
48053960801,0.001317,south-central-tx,0.0,True,0.00395,True,0.0,True
48053960802,0.159163,south-central-tx,0.032252,True,0.0,True,0.445236,True
48053960803,0.016268,south-central-tx,0.0,False,0.032535,True,0.0,True
48055960102,0.003101,south-central-tx,0.0,True,0.009302,True,0.0,True
48055960103,0.071934,south-central-tx,0.215802,True,0.0,True,0.0,True
48055960104,0.35714,south-central-tx,0.571421,True,0.0,True,0.5,True
48055960200,0.206599,south-central-tx,0.119797,True,0.0,True,0.5,True
48055960300,0.198175,south-central-tx,0.469525,True,0.0,True,0.125,True
48055960400,0.014734,south-central-tx,0.044202,True,0.0,True,0.0,True
48055960501,0.139473,south-central-tx,0.41842,True,0.0,True,0.0,True
48055960502,0.121879,south-central-tx,0.35905,True,0.006587,True,0.0,True
48055960600,0.086629,south-central-tx,0.0,True,0.009887,True,0.25,True
48055960701,0.156466,south-central-tx,0.469398,True,0.0,True,0.0,True
48055960702,0.168623,south-central-tx,0.505869,True,0.0,True,0.0,True
48057000100,0.051021,south-central-tx,0.150558,True,0.002504,True,0.0,True
48057000200,0.196867,south-central-tx,0.590601,True,0.0,True,0.0,True
48057000300,0.207387,south-central-tx,0.051004,True,0.071157,True,0.5,True
48057000401,0.055683,south-central-tx,0.0,True,0.000381,True,0.166667,True
48057000402,0.079868,south-central-tx,0.239604,True,0.0,True,0.0,True
48057000501,0.157945,south-central-tx,0.473834,True,0.0,True,0.0,True
48057000502,0.259865,south-central-tx,0.459203,True,0.070392,True,0.25,True
48057990000,1.0,south-central-tx,0.0,False,1.0,True,,False
48059030101,0.001801,south-central-tx,0.0,True,0.005402,True,0.0,True
48059030102,0.064701,south-central-tx,0.0,True,0.006604,True,0.1875,True
48059030200,0.061111,south-central-tx,0.0,True,0.0,True,0.183333,True
48061010101,0.028845,south-central-tx,0.076964,True,0.009569,True,0.0,True
48061010102,0.2525,south-central-tx,0.0,False,0.005,True,0.5,True
48061010103,0.000807,south-central-tx,0.0,True,0.002421,True,0.0,True
48061010201,0.001433,south-central-tx,0.0,True,0.004299,True,0.0,True
48061010204,0.0,south-central-tx,0.0,False,0.0,True,0.0,True
48061010205,0.0,south-central-tx,0.0,True,0.0,True,0.0,True
48061010301,0.059785,south-central-tx,0.175124,True,0.004232,True,0.0,True
48061010303,0.0,south-central-tx,0.0,True,0.0,True,0.0,True
48061010304,0.0,south-central-tx,0.0,True,0.0,True,0.0,True
48061010403,0.258795,south-central-tx,0.774947,True,0.001437,True,0.0,True
48061010404,0.0,south-central-tx,0.0,True,0.0,True,0.0,True
48061010405,0.001107,south-central-tx,0.0,True,0.003321,True,0.0,True
48061010406,0.003252,south-central-tx,0.0,True,0.009756,True,0.0,True
48061010500,0.090213,south-central-tx,0.270639,True,0.0,True,0.0,True
48061010602,0.333333,south-central-tx,1.0,True,0.0,True,0.0,True
48061010603,0.322195,south-central-tx,0.799918,True,0.0,True,0.166666,True
48061010604,0.134551,south-central-tx,0.403653,True,0.0,True,0.0,True
48061010700,0.247708,south-central-tx,0.738934,True,0.004191,True,0.0,True
48061010801,0.075476,south-central-tx,0.215333,True,0.011095,True,0.0,True
48061010802,0.00636,south-central-tx,0.0,False,0.01272,True,0.0,True
48061010900,0.0,south-central-tx,0.0,False,0.0,True,0.0,True
48061011000,0.07529,south-central-tx,0.22587,True,0.0,True,0.0,True
48061011100,0.000923,south-central-tx,0.0,False,0.001845,True,0.0,True
48061011200,0.002832,south-central-tx,0.0,True,0.008495,True,0.0,True
48061011301,0.126044,south-central-tx,0.369345,True,0.008787,True,0.0,True
48061011302,0.412502,south-central-tx,0.987507,True,0.0,True,0.25,True
48061011401,0.042412,south-central-tx,0.118045,True,0.009192,True,0.0,True
48061011402,0.218975,south-central-tx,0.652921,True,0.004003,True,0.0,True
48061011500,0.201033,south-central-tx,0.347138,True,0.005961,True,0.25,True
48061011601,0.052908,south-central-tx,0.152976,True,0.005747,True,0.0,True
48061011602,0.106731,south-central-tx,0.313351,True,0.006843,True,0.0,True
48061011701,0.004573,south-central-tx,0.0,True,0.013718,True,0.0,True
48061011702,0.095918,south-central-tx,0.284261,True,0.003493,True,0.0,True
48061011801,0.056031,south-central-tx,0.155114,True,0.01298,True,0.0,True
48061011802,0.000725,south-central-tx,0.0,True,0.002174,True,0.0,True
48061011903,0.0,south-central-tx,0.0,True,0.0,True,0.0,True
48061011904,0.125016,south-central-tx,0.375047,True,0.0,True,0.0,True
48061011905,0.360357,south-central-tx,0.831071,True,0.0,True,0.25,True
48061011906,0.040599,south-central-tx,0.121797,True,0.0,True,0.0,True
48061011907,0.086963,south-central-tx,0.260888,True,0.0,True,0.0,True
48061011908,0.009822,south-central-tx,0.029466,True,0.0,True,0.0,True
48061012002,0.0,south-central-tx,0.0,True,0.0,True,0.0,True
48061012003,0.001372,south-central-tx,0.0,True,0.004115,True,0.0,True
48061012004,0.110067,south-central-tx,0.319947,True,0.010253,True,0.0,True
48061012103,0.080953,south-central-tx,0.172567,True,0.070292,True,0.0,True
48061012104,0.0,south-central-tx,0.0,True,0.0,True,0.0,True
48061012105,0.0,south-central-tx,0.0,True,0.0,True,0.0,True
48061012106,0.0,south-central-tx,0.0,True,0.0,True,0.0,True
48061012201,0.107073,south-central-tx,0.32122,True,0.0,True,0.0,True
48061012202,0.12995,south-central-tx,0.0,False,0.009901,True,0.25,True
48061012203,0.004065,south-central-tx,0.0,False,0.00813,True,0.0,True
48061012301,0.001652,south-central-tx,0.0,True,0.004955,True,0.0,True
48061012304,0.222005,south-central-tx,0.666014,True,0.0,True,0.0,True
48061012305,0.0,south-central-tx,0.0,True,0.0,True,0.0,True
48061012402,0.227537,south-central-tx,0.680003,True,0.002608,True,0.0,True
48061012403,0.184083,south-central-tx,0.552249,True,0.0,True,0.0,True
48061012404,0.043722,south-central-tx,0.131167,True,0.0,True,0.0,True
48061012506,0.149882,south-central-tx,0.199645,True,0.0,True,0.25,True
48061012508,0.060996,south-central-tx,0.182988,True,0.0,True,0.0,True
48061012509,0.077784,south-central-tx,0.233352,True,0.0,True,0.0,True
48061012510,0.059099,south-central-tx,0.177298,True,0.0,True,0.0,True
48061012511,0.155936,south-central-tx,0.467807,True,0.0,True,0.0,True
48061012512,0.333333,south-central-tx,1.0,True,0.0,True,0.0,True
48061012513,0.133398,south-central-tx,0.400195,True,0.0,True,0.0,True
48061012514,0.0,south-central-tx,0.0,False,0.0,True,0.0,True
48061012515,0.0,south-central-tx,0.0,False,0.0,True,0.0,True
48061012516,0.137205,south-central-tx,0.411616,True,0.0,True,0.0,True
48061012517,0.0,south-central-tx,0.0,False,0.0,True,0.0,True
48061012607,0.154226,south-central-tx,0.462678,True,0.0,True,0.0,True
48061012608,0.0,south-central-tx,0.0,False,0.0,True,0.0,True
48061012613,0.0,south-central-tx,0.0,True,0.0,True,0.0,True
48061012614,0.0,south-central-tx,0.0,False,0.0,True,0.0,True
48061012615,0.0,south-central-tx,0.0,False,0.0,True,0.0,True
48061012616,0.0,south-central-tx,0.0,False,0.0,True,0.0,True
48061012617,0.0,south-central-tx,0.0,True,0.0,True,0.0,True
48061012700,0.211489,south-central-tx,0.634467,True,0.0,True,0.0,True
48061012800,0.21103,south-central-tx,0.633089,True,0.0,True,0.0,True
48061012900,0.196384,south-central-tx,0.589153,True,0.0,True,0.0,True
48061013002,0.119752,south-central-tx,0.359255,True,0.0,True,0.0,True
48061013003,0.0,south-central-tx,0.0,True,0.0,True,0.0,True
48061013004,0.271154,south-central-tx,0.563462,True,0.0,True,0.25,True
48061013102,0.217003,south-central-tx,0.651009,True,0.0,True,0.0,True
48061013104,0.0,south-central-tx,0.0,False,0.0,True,0.0,True
48061013106,0.174262,south-central-tx,0.522785,True,0.0,True,0.0,True
48061013203,0.249005,south-central-tx,0.747014,True,0.0,True,0.0,True
48061013204,0.036999,south-central-tx,0.110997,True,0.0,True,0.0,True
48061013205,0.249987,south-central-tx,0.749962,True,0.0,True,0.0,True
48061013206,0.249821,south-central-tx,0.749463,True,0.0,True,0.0,True
48061013207,0.199579,south-central-tx,0.598736,True,0.0,True,0.0,True
48061013303,0.287222,south-central-tx,0.861666,True,0.0,True,0.0,True
48061013305,0.0,south-central-tx,0.0,False,0.0,True,0.0,True
48061013306,0.0,south-central-tx,0.0,False,0.0,True,0.0,True
48061013307,0.0,south-central-tx,0.0,True,0.0,True,0.0,True
48061013308,0.0,south-central-tx,0.0,False,0.0,True,0.0,True
48061013309,0.083333,south-central-tx,0.0,False,0.0,True,0.166666,True
48061013401,0.19613,south-central-tx,0.588389,True,0.0,True,0.0,True
48061013402,0.195115,south-central-tx,0.585345,True,0.0,True,0.0,True
48061013500,0.0,south-central-tx,0.0,True,0.0,True,0.0,True
48061013600,0.331922,south-central-tx,0.995766,True,0.0,True,0.0,True
48061013700,0.125,south-central-tx,0.0,False,0.0,True,0.25,True
48061013801,0.0,south-central-tx,0.0,True,0.0,True,0.0,True
48061013802,0.044818,south-central-tx,0.134454,True,0.0,True,0.0,True
48061013901,0.0,south-central-tx,0.0,True,0.0,True,0.0,True
48061013902,0.186283,south-central-tx,0.55885,True,0.0,True,0.0,True
48061013903,0.0,south-central-tx,0.0,False,0.0,True,0.0,True
48061014001,0.0,south-central-tx,0.0,True,0.0,True,0.0,True
48061014002,0.0,south-central-tx,0.0,False,0.0,True,0.0,True
48061014101,0.0,south-central-tx,0.0,True,0.0,True,0.0,True
48061014102,0.0,south-central-tx,0.0,True,0.0,True,0.0,True
48061014103,0.0,south-central-tx,0.0,True,0.0,True,0.0,True
48061014201,0.376597,south-central-tx,0.753193,True,0.0,True,,False
48061014202,0.198166,south-central-tx,0.594498,True,0.0,True,0.0,True
48061014300,0.242783,south-central-tx,0.47835,True,0.0,True,0.25,True
48061014401,0.253968,south-central-tx,0.511903,True,0.0,True,0.25,True
48061014402,0.023781,south-central-tx,0.071343,True,0.0,True,0.0,True
48061014403,0.0,south-central-tx,0.0,False,0.0,True,0.0,True
48061014404,0.101965,south-central-tx,0.305896,True,0.0,True,0.0,True
48061014501,0.0,south-central-tx,0.0,False,0.0,True,0.0,True
48061014502,0.0,south-central-tx,0.0,False,0.0,True,0.0,True
48061980001,0.0,south-central-tx,0.0,False,0.0,True,0.0,True
48061980100,0.5,south-central-tx,1.0,True,0.0,True,0.5,True
48063950101,0.000395,south-central-tx,0.0,True,0.001186,True,0.0,True
48063950102,0.17003,south-central-tx,0.0,True,0.01009,True,0.5,True
48063950200,0.202136,south-central-tx,0.43974,True,0.0,True,0.166667,True
48073950100,0.087035,south-central-tx,0.0,True,0.011106,True,0.25,True
48073950201,0.171147,south-central-tx,0.0,True,0.01344,True,0.5,True
48073950202,0.197093,south-central-tx,0.579605,True,0.011673,True,0.0,True
48073950301,0.173241,south-central-tx,0.004538,True,0.015184,True,0.5,True
48073950302,0.027929,south-central-tx,0.0,True,0.083788,True,0.0,True
48073950400,0.220448,south-central-tx,0.647073,True,0.014272,True,0.0,True
48073950500,0.280682,south-central-tx,0.592047,True,0.0,True,0.25,True
48073950600,0.185804,south-central-tx,0.553517,True,0.003894,True,0.0,True
48073950700,0.06982,south-central-tx,0.205878,True,0.003582,True,0.0,True
48073950801,0.004908,south-central-tx,0.0,True,0.014725,True,0.0,True
48073950802,0.146652,south-central-tx,0.176153,True,0.013803,True,0.25,True
48073950900,0.199253,south-central-tx,0.584954,True,0.012804,True,0.0,True
48073951000,0.178699,south-central-tx,0.272842,True,0.013257,True,0.25,True
48073951100,0.137576,south-central-tx,0.401163,True,0.011565,True,0.0,True
48077030302,0.059927,south-central-tx,0.0,True,0.013115,True,0.166667,True
48081950100,0.058563,south-central-tx,0.0,True,0.009023,True,0.166667,True
48081950200,0.138889,south-central-tx,0.0,True,0.0,True,0.416667,True
48083950300,0.163927,south-central-tx,0.491782,True,0.0,True,0.0,True
48083950600,0.080001,south-central-tx,0.208725,True,0.031278,True,0.0,True
48083950700,0.002047,south-central-tx,0.0,True,0.006142,True,0.0,True
48085030101,0.0,south-central-tx,0.0,True,0.0,True,0.0,True
48085030102,0.0,south-central-tx,0.0,True,0.0,True,0.0,True
48085030201,0.031527,south-central-tx,0.094582,True,0.0,True,0.0,True
48085030202,0.0,south-central-tx,0.0,True,0.0,True,0.0,True
48085030204,0.195371,south-central-tx,0.586114,True,0.0,True,0.0,True
48085030205,0.11897,south-central-tx,0.356911,True,0.0,True,0.0,True
48085030206,0.085787,south-central-tx,0.257361,True,0.0,True,0.0,True
48085030207,0.187098,south-central-tx,0.394628,True,0.0,True,0.166667,True
48085030301,0.0,south-central-tx,0.0,True,0.0,True,0.0,True
48085030302,0.0,south-central-tx,0.0,True,0.0,True,0.0,True
48085030303,0.072303,south-central-tx,0.216909,True,0.0,True,0.0,True
48085030304,0.083333,south-central-tx,0.0,True,0.0,True,0.25,True
48085030306,0.0,south-central-tx,0.0,True,0.0,True,0.0,True
48085030307,0.0,south-central-tx,0.0,True,0.0,True,0.0,True
48085030403,0.000173,south-central-tx,0.0,True,0.00052,True,0.0,True
48085030404,0.0,south-central-tx,0.0,True,0.0,True,0.0,True
48085030405,0.000608,south-central-tx,0.0,True,0.001825,True,0.0,True
48085030406,0.0,south-central-tx,0.0,True,0.0,True,0.0,True
48085030407,0.0,south-central-tx,0.0,False,0.0,True,0.0,True
48085030409,0.224584,south-central-tx,0.29252,True,0.016026,True,0.365208,True
48085030410,0.0,south-central-tx,0.0,True,0.0,True,0.0,True
48085030504,0.041667,south-central-tx,0.0,True,0.0,True,0.125,True
48085030505,0.0,south-central-tx,0.0,True,0.0,True,0.0,True
48085030506,0.0,south-central-tx,0.0,True,0.0,True,0.0,True
48085030507,0.0,south-central-tx,0.0,True,0.0,True,0.0,True
48085030509,0.0,south-central-tx,0.0,False,0.0,True,0.0,True
48085030510,0.0,south-central-tx,0.0,False,0.0,True,0.0,True
48085030511,0.085452,south-central-tx,0.0,True,0.002705,True,0.253652,True
48085030512,0.003671,south-central-tx,0.0,True,0.011013,True,0.0,True
48085030515,0.001684,south-central-tx,0.0,False,0.003369,True,0.0,True
48085030516,0.001086,south-central-tx,0.0,False,0.002172,True,0.0,True
48085030517,0.0,south-central-tx,0.0,False,0.0,True,0.0,True
48085030518,0.0,south-central-tx,0.0,True,0.0,True,0.0,True
48085030519,0.047619,south-central-tx,0.0,True,0.0,True,0.142857,True
48085030520,0.002139,south-central-tx,0.0,True,0.006417,True,0.0,True
48085030521,0.0,south-central-tx,0.0,False,0.0,True,0.0,True
48085030524,0.0,south-central-tx,0.0,True,0.0,True,0.0,True
48085030525,0.003289,south-central-tx,0.0,False,0.006579,True,0.0,True
48085030529,0.0,south-central-tx,0.0,False,0.0,True,0.0,True
48085030531,0.000237,south-central-tx,0.0,False,0.000473,True,0.0,True
48085030532,0.0,south-central-tx,0.0,False,0.0,True,0.0,True
48085030533,0.0,south-central-tx,0.0,False,0.0,True,0.0,True
48085030534,0.000884,south-central-tx,0.0,False,0.001768,True,0.0,True
48085030535,0.006404,south-central-tx,0.0,False,0.012808,True,0.0,True
48085030536,0.001222,south-central-tx,0.0,False,0.002444,True,0.0,True
48085030537,0.001431,south-central-tx,0.0,False,0.002861,True,0.0,True
48085030538,0.0,south-central-tx,0.0,False,0.0,True,0.0,True
48085030539,0.0,south-central-tx,0.0,False,0.0,True,0.0,True
48085030540,0.0,south-central-tx,0.0,False,0.0,True,0.0,True
48085030541,0.000758,south-central-tx,0.0,False,0.001515,True,0.0,True
48085030542,0.0,south-central-tx,0.0,True,0.0,True,0.0,True
48085030543,0.0,south-central-tx,0.0,True,0.0,True,0.0,True
48085030544,0.004437,south-central-tx,0.0,False,0.008874,True,0.0,True
48085030545,0.007834,south-central-tx,0.0,False,0.015668,True,0.0,True
48085030546,0.046694,south-central-tx,0.0,True,0.004132,True,0.135949,True
48085030547,0.014082,south-central-tx,0.032318,True,0.009927,True,0.0,True
48085030548,0.000764,south-central-tx,0.0,True,0.002292,True,0.0,True
48085030549,0.0,south-central-tx,0.0,False,0.0,True,0.0,True
48085030550,0.007455,south-central-tx,0.0,True,0.022364,True,0.0,True
48085030604,0.021979,south-central-tx,0.065938,True,0.0,True,0.0,True
48085030605,0.045557,south-central-tx,0.136672,True,0.0,True,0.0,True
48085030606,0.0,south-central-tx,0.0,True,0.0,True,0.0,True
48085030607,0.0,south-central-tx,0.0,True,0.0,True,0.0,True
48085030608,0.002055,south-central-tx,0.0,True,0.006165,True,0.0,True
48085030609,0.0,south-central-tx,0.0,True,0.0,True,0.0,True
48085030701,0.054529,south-central-tx,0.163586,True,0.0,True,0.0,True
48085030702,0.127106,south-central-tx,0.381319,True,0.0,True,0.0,True
48085030801,0.000692,south-central-tx,0.0,True,0.002075,True,0.0,True
48085030802,0.077993,south-central-tx,0.233979,True,0.0,True,0.0,True
48085030901,0.183375,south-central-tx,0.550125,True,0.0,True,0.0,True
48085030902,0.0,south-central-tx,0.0,False,0.0,True,0.0,True
48085030903,0.0,south-central-tx,0.0,True,0.0,True,0.0,True
48085031003,0.121738,south-central-tx,0.365214,True,0.0,True,0.0,True
48085031005,0.11066,south-central-tx,0.33198,True,0.0,True,0.0,True
48085031006,0.160323,south-central-tx,0.48097,True,0.0,True,0.0,True
48085031007,0.077001,south-central-tx,0.231004,True,0.0,True,0.0,True
48085031008,0.0,south-central-tx,0.0,False,0.0,True,0.0,True
48085031101,0.261785,south-central-tx,0.535356,True,0.0,True,0.25,True
48085031102,0.128779,south-central-tx,0.386336,True,0.0,True,0.0,True
48085031201,0.0,south-central-tx,0.0,True,0.0,True,0.0,True
48085031202,0.0,south-central-tx,0.0,True,0.0,True,0.0,True
48085031308,0.0,south-central-tx,0.0,True,0.0,True,0.0,True
48085031314,0.0,south-central-tx,0.0,False,0.0,True,0.0,True
48085031318,0.002793,south-central-tx,0.0,False,0.005587,True,0.0,True
48085031319,0.003351,south-central-tx,0.0,True,0.010054,True,0.0,True
48085031320,0.0,south-central-tx,0.0,True,0.0,True,0.0,True
48085031321,0.000865,south-central-tx,0.0,True,0.002596,True,0.0,True
48085031322,0.0,south-central-tx,0.0,True,0.0,True,0.0,True
48085031323,0.0,south-central-tx,0.0,False,0.0,True,0.0,True
48085031324,0.0,south-central-tx,0.0,False,0.0,True,0.0,True
48085031325,0.0,south-central-tx,0.0,False,0.0,True,0.0,True
48085031326,0.125,south-central-tx,0.0,False,0.0,True,0.25,True
48085031327,0.0,south-central-tx,0.0,False,0.0,True,0.0,True
48085031328,0.0,south-central-tx,0.0,False,0.0,True,0.0,True
48085031329,0.000251,south-central-tx,0.0,False,0.000503,True,0.0,True
48085031330,0.0,south-central-tx,0.0,False,0.0,True,0.0,True
48085031331,0.0,south-central-tx,0.0,False,0.0,True,0.0,True
48085031332,0.0,south-central-tx,0.0,False,0.0,True,0.0,True
48085031333,0.0,south-central-tx,0.0,False,0.0,True,0.0,True
48085031334,0.00206,south-central-tx,0.0,False,0.004119,True,0.0,True
48085031335,0.003915,south-central-tx,0.0,False,0.007829,True,0.0,True
48085031336,0.083333,south-central-tx,0.0,True,0.0,True,0.25,True
48085031408,0.0,south-central-tx,0.0,False,0.0,True,0.0,True
48085031411,0.0,south-central-tx,0.0,False,0.0,True,0.0,True
48085031412,0.0,south-central-tx,0.0,True,0.0,True,0.0,True
48085031413,0.0,south-central-tx,0.0,True,0.0,True,0.0,True
48085031414,0.0,south-central-tx,0.0,False,0.0,True,0.0,True
48085031415,0.0,south-central-tx,0.0,False,0.0,True,0.0,True
48085031416,0.0,south-central-tx,0.0,True,0.0,True,0.0,True
48085031417,0.000549,south-central-tx,0.0,True,0.001647,True,0.0,True
48085031418,0.0,south-central-tx,0.0,True,0.0,True,0.0,True
48085031419,0.0,south-central-tx,0.0,False,0.0,True,0.0,True
48085031420,0.0,south-central-tx,0.0,False,0.0,True,0.0,True
48085031421,0.0,south-central-tx,0.0,False,0.0,True,0.0,True
48085031422,0.0,south-central-tx,0.0,False,0.0,True,0.0,True
48085031423,0.0,south-central-tx,0.0,False,0.0,True,0.0,True
48085031424,0.0,south-central-tx,0.0,False,0.0,True,0.0,True
48085031425,0.0,south-central-tx,0.0,False,0.0,True,0.0,True
48085031504,0.0,south-central-tx,0.0,False,0.0,True,0.0,True
48085031507,0.0,south-central-tx,0.0,True,0.0,True,0.0,True
48085031508,0.008985,south-central-tx,0.0,True,0.0,True,0.026954,True
48085031509,0.0,south-central-tx,0.0,False,0.0,True,0.0,True
48085031510,0.0,south-central-tx,0.0,True,0.0,True,0.0,True
48085031511,0.0,south-central-tx,0.0,True,0.0,True,0.0,True
48085031512,0.0,south-central-tx,0.0,False,0.0,True,0.0,True
48085031611,0.0,south-central-tx,0.0,True,0.0,True,0.0,True
48085031613,0.0,south-central-tx,0.0,False,0.0,True,0.0,True
48085031621,0.0,south-central-tx,0.0,True,0.0,True,0.0,True
48085031622,0.0,south-central-tx,0.0,True,0.0,True,0.0,True
48085031623,0.0,south-central-tx,0.0,True,0.0,True,0.0,True
48085031624,0.0,south-central-tx,0.0,False,0.0,True,0.0,True
48085031625,0.0,south-central-tx,0.0,False,0.0,True,0.0,True
48085031626,0.0,south-central-tx,0.0,False,0.0,True,0.0,True
48085031627,0.0,south-central-tx,0.0,False,0.0,True,0.0,True
48085031628,0.0,south-central-tx,0.0,False,0.0,True,0.0,True
48085031629,0.0,south-central-tx,0.0,False,0.0,True,0.0,True
48085031630,0.0,south-central-tx,0.0,False,0.0,True,0.0,True
48085031631,0.0,south-central-tx,0.0,False,0.0,True,0.0,True
48085031632,0.0,south-central-tx,0.0,True,0.0,True,0.0,True
48085031633,0.0,south-central-tx,0.0,False,0.0,True,,False
48085031634,0.0,south-central-tx,0.0,False,0.0,True,0.0,True
48085031635,0.0,south-central-tx,0.0,True,0.0,True,0.0,True
48085031636,0.0,south-central-tx,0.0,False,0.0,True,0.0,True
48085031639,0.0,south-central-tx,0.0,True,0.0,True,0.0,True
48085031641,0.0,south-central-tx,0.0,False,0.0,True,0.0,True
48085031642,0.0,south-central-tx,0.0,False,0.0,True,0.0,True
48085031643,0.0,south-central-tx,0.0,False,0.0,True,0.0,True
48085031645,0.0,south-central-tx,0.0,True,0.0,True,0.0,True
48085031646,0.0,south-central-tx,0.0,True,0.0,True,0.0,True
48085031647,0.0,south-central-tx,0.0,True,0.0,True,0.0,True
48085031649,0.0,south-central-tx,0.0,True,0.0,True,0.0,True
48085031654,0.0,south-central-tx,0.0,True,0.0,True,0.0,True
48085031655,0.0,south-central-tx,0.0,True,0.0,True,0.0,True
48085031657,0.0,south-central-tx,0.0,True,0.0,True,0.0,True
48085031659,0.0,south-central-tx,0.0,True,0.0,True,0.0,True
48085031660,0.0,south-central-tx,0.0,True,0.0,True,0.0,True
48085031661,0.0,south-central-tx,0.0,True,0.0,True,0.0,True
48085031662,0.0,south-central-tx,0.0,False,0.0,True,0.0,True
48085031663,0.25,south-central-tx,0.0,False,0.0,True,0.5,True
48085031664,0.0,south-central-tx,0.0,False,0.0,True,0.0,True
48085031665,0.0,south-central-tx,0.0,True,0.0,True,0.0,True
48085031666,0.0,south-central-tx,0.0,False,0.0,True,0.0,True
48085031667,0.038972,south-central-tx,0.116915,True,0.0,True,0.0,True
48085031668,0.0,south-central-tx,0.0,True,0.0,True,0.0,True
48085031669,0.0,south-central-tx,0.0,True,0.0,True,0.0,True
48085031670,0.0,south-central-tx,0.0,True,0.0,True,0.0,True
48085031671,0.0,south-central-tx,0.0,True,0.0,True,0.0,True
48085031672,0.0,south-central-tx,0.0,True,0.0,True,0.0,True
48085031673,0.0,south-central-tx,0.0,True,0.0,True,0.0,True
48085031674,0.0,south-central-tx,0.0,False,0.0,True,0.0,True
48085031675,0.0,south-central-tx,0.0,True,0.0,True,0.0,True
48085031676,0.0,south-central-tx,0.0,True,0.0,True,0.0,True
48085031677,0.0,south-central-tx,0.0,False,0.0,True,0.0,True
48085031678,0.0,south-central-tx,0.0,False,0.0,True,0.0,True
48085031679,0.0,south-central-tx,0.0,False,0.0,True,0.0,True
48085031680,0.315875,south-central-tx,0.0,False,0.0,True,0.63175,True
48085031681,0.0,south-central-tx,0.0,False,0.0,True,0.0,True
48085031682,0.0,south-central-tx,0.0,False,0.0,True,0.0,True
48085031704,0.0,south-central-tx,0.0,True,0.0,True,0.0,True
48085031706,0.0,south-central-tx,0.0,True,0.0,True,0.0,True
48085031708,0.015899,south-central-tx,0.047697,True,0.0,True,0.0,True
48085031709,0.0,south-central-tx,0.0,True,0.0,True,0.0,True
48085031711,0.0,south-central-tx,0.0,True,0.0,True,0.0,True
48085031713,0.0,south-central-tx,0.0,True,0.0,True,0.0,True
48085031715,0.091304,south-central-tx,0.273911,True,0.0,True,0.0,True
48085031716,0.031916,south-central-tx,0.095748,True,0.0,True,0.0,True
48085031717,0.156428,south-central-tx,0.469285,True,0.0,True,0.0,True
48085031718,0.0,south-central-tx,0.0,False,0.0,True,0.0,True
48085031719,0.0,south-central-tx,0.0,False,0.0,True,0.0,True
48085031720,0.0,south-central-tx,0.0,False,0.0,True,0.0,True
48085031721,0.0,south-central-tx,0.0,True,0.0,True,0.0,True
48085031722,0.0,south-central-tx,0.0,True,0.0,True,0.0,True
48085031723,0.0,south-central-tx,0.0,True,0.0,True,0.0,True
48085031724,0.001748,south-central-tx,0.0,False,0.003497,True,0.0,True
48085031806,0.0,south-central-tx,0.0,True,0.0,True,0.0,True
48085031807,0.0,south-central-tx,0.0,True,0.0,True,0.0,True
48085031808,0.0,south-central-tx,0.0,True,0.0,True,0.0,True
48085031809,0.0,south-central-tx,0.0,True,0.0,True,0.0,True
48085031810,0.0,south-central-tx,0.0,True,0.0,True,0.0,True
48085031811,0.0,south-central-tx,0.0,True,0.0,True,0.0,True
48085031812,0.004781,south-central-tx,0.0,True,0.014344,True,0.0,True
48085031813,0.0,south-central-tx,0.0,True,0.0,True,0.0,True
48085031814,0.0,south-central-tx,0.0,False,0.0,True,0.0,True
48085031815,0.000853,south-central-tx,0.0,True,0.002558,True,0.0,True
48085031816,0.0,south-central-tx,0.0,True,0.0,True,0.0,True
48085031901,0.0,south-central-tx,0.0,True,0.0,True,0.0,True
48085031902,0.0,south-central-tx,0.0,True,0.0,True,0.0,True
48085031903,0.166667,south-central-tx,0.0,True,0.0,True,0.5,True
48085031904,0.0,south-central-tx,0.0,True,0.0,True,0.0,True
48085032003,0.0,south-central-tx,0.0,False,0.0,True,0.0,True
48085032008,0.0,south-central-tx,0.0,False,0.0,True,0.0,True
48085032010,0.0,south-central-tx,0.0,False,0.0,True,0.0,True
48085032012,0.0,south-central-tx,0.0,False,0.0,True,0.0,True
48085032013,0.0,south-central-tx,0.0,True,0.0,True,0.0,True
48085032014,0.0,south-central-tx,0.0,False,0.0,True,0.0,True
48085032015,0.0,south-central-tx,0.0,False,0.0,True,0.0,True
48085032016,0.0,south-central-tx,0.0,False,0.0,True,0.0,True
48085032017,0.0,south-central-tx,0.0,False,0.0,True,0.0,True
48085032018,0.007241,south-central-tx,0.0,True,0.021722,True,0.0,True
48085032019,0.0,south-central-tx,0.0,True,0.0,True,0.0,True
48089750100,0.083333,south-central-tx,0.0,True,0.0,True,0.25,True
48089750200,0.089894,south-central-tx,0.103014,True,0.0,True,0.166667,True
48089750300,0.002417,south-central-tx,0.0,True,0.007252,True,0.0,True
48089750400,0.004253,south-central-tx,0.0,True,0.01276,True,0.0,True
48089750500,0.095991,south-central-tx,0.204639,True,0.0,True,0.083333,True
48091310100,0.049038,south-central-tx,0.147113,True,0.0,True,0.0,True
48091310200,0.0,south-central-tx,0.0,True,0.0,True,0.0,True
48091310301,0.22497,south-central-tx,0.67491,True,0.0,True,0.0,True
48091310302,0.192113,south-central-tx,0.576339,True,0.0,True,0.0,True
48091310401,0.083333,south-central-tx,0.0,True,0.0,True,0.25,True
48091310404,0.0,south-central-tx,0.0,True,0.0,True,0.0,True
48091310405,0.083333,south-central-tx,0.0,True,0.0,True,0.25,True
48091310406,0.0,south-central-tx,0.0,True,0.0,True,0.0,True
48091310501,0.0,south-central-tx,0.0,True,0.0,True,0.0,True
48091310502,0.039583,south-central-tx,0.0,True,0.11875,True,0.0,True
48091310503,0.083333,south-central-tx,0.0,True,0.0,True,0.25,True
48091310603,0.149087,south-central-tx,0.0,True,0.197261,True,0.25,True
48091310604,0.295817,south-central-tx,0.0,False,0.091633,True,0.5,True
48091310608,0.162209,south-central-tx,0.0,False,0.074419,True,0.25,True
48091310609,0.17885,south-central-tx,0.346087,True,0.190464,True,0.0,True
48091310610,0.294618,south-central-tx,0.527628,True,0.160032,True,0.196194,True
48091310611,0.058899,south-central-tx,0.0,True,0.176697,True,0.0,True
48091310612,0.086586,south-central-tx,0.159107,True,0.100652,True,0.0,True
48091310613,0.298886,south-central-tx,0.0,False,0.097773,True,0.5,True
48091310614,0.037168,south-central-tx,0.0,True,0.111504,True,0.0,True
48091310702,0.047301,south-central-tx,0.061567,True,0.080335,True,0.0,True
48091310703,0.085425,south-central-tx,0.0,True,0.256274,True,0.0,True
48091310705,0.039758,south-central-tx,0.117731,True,0.001542,True,0.0,True
48091310706,0.098072,south-central-tx,0.0,True,0.030679,True,0.263538,True
48091310707,0.064481,south-central-tx,0.143585,True,0.049859,True,0.0,True
48091310708,0.022376,south-central-tx,0.0,True,0.067127,True,0.0,True
48091310801,0.019756,south-central-tx,0.0,True,0.059268,True,0.0,True
48091310803,0.0,south-central-tx,0.0,True,0.0,True,0.0,True
48091310804,0.097937,south-central-tx,0.0,True,0.002144,True,0.291667,True
48091310901,0.075056,south-central-tx,0.0,True,0.100169,True,0.125,True
48091310903,0.139929,south-central-tx,0.352032,True,0.067755,True,0.0,True
48091310904,0.102649,south-central-tx,0.0,True,0.307947,True,0.0,True
48091310905,0.122109,south-central-tx,0.105432,True,0.010894,True,0.25,True
48093950101,0.173146,south-central-tx,0.519438,True,0.0,True,0.0,True
48093950102,0.086681,south-central-tx,0.0,True,0.010042,True,0.25,True
48093950200,0.052472,south-central-tx,0.138597,True,0.018821,True,0.0,True
48093950300,0.220231,south-central-tx,0.405651,True,0.005043,True,0.25,True
48093950400,0.088344,south-central-tx,0.0,True,0.015031,True,0.25,True
48095950300,0.112326,south-central-tx,0.0,True,0.003646,True,0.333333,True
48097000100,0.105338,south-central-tx,0.066015,True,0.0,True,0.25,True
48097000200,0.029393,south-central-tx,0.0,True,0.004844,True,0.083333,True
48097000400,0.258682,south-central-tx,0.276046,True,0.0,True,0.5,True
48097000500,0.010962,south-central-tx,0.032886,True,0.0,True,0.0,True
48097000600,0.0,south-central-tx,0.0,True,0.0,True,0.0,True
48097000701,0.0,south-central-tx,0.0,False,0.0,True,0.0,True
48097000702,0.0,south-central-tx,0.0,False,0.0,True,0.0,True
48097000900,0.0,south-central-tx,0.0,True,0.0,True,0.0,True
48097001100,0.055556,south-central-tx,0.0,True,0.0,True,0.166667,True
48099010101,0.0,south-central-tx,0.0,True,0.0,True,0.0,True
48099010102,0.055556,south-central-tx,0.0,True,0.0,True,0.166667,True
48099010201,0.083709,south-central-tx,0.251127,True,0.0,True,0.0,True
48099010202,0.0,south-central-tx,0.0,True,0.0,True,0.0,True
48099010300,0.16013,south-central-tx,0.480391,True,0.0,True,0.0,True
48099010400,0.149463,south-central-tx,0.198389,True,0.0,True,0.25,True
48099010501,0.001372,south-central-tx,0.0,False,0.002743,True,0.0,True
48099010502,0.0,south-central-tx,0.0,False,0.0,True,0.0,True
48099010503,0.0,south-central-tx,0.0,False,0.0,True,0.0,True
48099010504,0.0,south-central-tx,0.0,True,0.0,True,0.0,True
48099010601,0.0,south-central-tx,0.0,False,0.0,True,0.0,True
48099010603,0.125,south-central-tx,0.0,False,0.0,True,0.25,True
48099010604,0.000329,south-central-tx,0.0,False,0.000658,True,0.0,True
48099010701,0.0,south-central-tx,0.0,False,0.0,True,0.0,True
48099010702,0.275766,south-central-tx,0.824231,True,0.003067,True,0.0,True
48099010802,0.000859,south-central-tx,0.0,True,0.002578,True,0.0,True
48099010803,0.000263,south-central-tx,0.0,True,0.000789,True,0.0,True
48099010804,0.10104,south-central-tx,0.303121,True,0.0,True,0.0,True
48099980000,0.0,south-central-tx,0.0,True,0.0,True,0.0,True
48105950100,0.081968,south-central-tx,0.073117,True,0.00612,True,0.166667,True
48107950100,0.002974,south-central-tx,0.0,True,0.008921,True,0.0,True
48107950200,0.018731,south-central-tx,0.056194,True,0.0,True,0.0,True
48107950300,0.083333,south-central-tx,0.0,True,0.0,True,0.25,True
48113000100,0.115546,south-central-tx,0.346638,True,0.0,True,0.0,True
48113000201,0.166667,south-central-tx,0.0,False,0.0,True,0.333334,True
48113000202,0.0,south-central-tx,0.0,False,0.0,True,0.0,True
48113000300,0.0,south-central-tx,0.0,True,0.0,True,0.0,True
48113000401,0.0,south-central-tx,0.0,True,0.0,True,0.0,True
48113000405,0.0,south-central-tx,0.0,True,0.0,True,0.0,True
48113000407,0.0,south-central-tx,0.0,False,0.0,True,0.0,True
48113000408,0.0,south-central-tx,0.0,False,0.0,True,0.0,True
48113000409,0.125,south-central-tx,0.0,False,0.0,True,0.25,True
48113000410,0.0,south-central-tx,0.0,True,0.0,True,0.0,True
48113000501,0.09925,south-central-tx,0.0,True,0.0,True,0.29775,True
48113000502,0.0,south-central-tx,0.0,True,0.0,True,0.0,True
48113000503,0.003981,south-central-tx,0.011942,True,0.0,True,0.0,True
48113000605,0.0,south-central-tx,0.0,False,0.0,True,0.0,True
48113000606,0.25745,south-central-tx,0.0,False,0.014901,True,0.5,True
48113000607,0.0,south-central-tx,0.0,False,0.0,True,0.0,True
48113000608,0.0,south-central-tx,0.0,True,0.0,True,0.0,True
48113000609,0.0,south-central-tx,0.0,False,0.0,True,0.0,True
48113000610,0.0,south-central-tx,0.0,False,0.0,True,0.0,True
48113000611,0.0,south-central-tx,0.0,True,0.0,True,0.0,True
48113000703,0.05522,south-central-tx,0.144385,True,0.021277,True,0.0,True
48113000704,0.0,south-central-tx,0.0,True,0.0,True,0.0,True
48113000705,0.0,south-central-tx,0.0,True,0.0,True,0.0,True
48113000706,0.098235,south-central-tx,0.247007,True,0.0,True,0.047697,True
48113000801,0.0,south-central-tx,0.0,False,0.0,True,0.0,True
48113000802,0.029785,south-central-tx,0.089354,True,0.0,True,0.0,True
48113000901,0.036774,south-central-tx,0.110323,True,0.0,True,0.0,True
48113000902,0.0,south-central-tx,0.0,False,0.0,True,0.0,True
48113001001,0.0,south-central-tx,0.0,False,0.0,True,0.0,True
48113001002,0.0,south-central-tx,0.0,False,0.0,True,0.0,True
48113001101,0.0,south-central-tx,0.0,False,0.0,True,0.0,True
48113001102,0.0,south-central-tx,0.0,False,0.0,True,0.0,True
48113001202,0.16916,south-central-tx,0.424147,True,0.0,True,0.083333,True
48113001203,0.251421,south-central-tx,0.754263,True,0.0,True,0.0,True
48113001204,0.195123,south-central-tx,0.585369,True,0.0,True,0.0,True
48113001301,0.0,south-central-tx,0.0,False,0.0,True,0.0,True
48113001302,0.0,south-central-tx,0.0,False,0.0,True,0.0,True
48113001400,0.135488,south-central-tx,0.0,False,0.0,True,0.270976,True
48113001502,0.0,south-central-tx,0.0,False,0.0,True,0.0,True
48113001503,0.0,south-central-tx,0.0,False,0.0,True,0.0,True
48113001504,0.0,south-central-tx,0.0,False,0.0,True,0.0,True
48113001601,0.0,south-central-tx,0.0,True,0.0,True,0.0,True
48113001602,0.0,south-central-tx,0.0,True,0.0,True,0.0,True
48113001703,0.166667,south-central-tx,0.0,True,0.0,True,0.5,True
48113001705,0.0,south-central-tx,0.0,True,0.0,True,0.0,True
48113001801,0.032468,south-central-tx,0.0,False,0.064935,True,0.0,True
48113001802,0.0,south-central-tx,0.0,False,0.0,True,0.0,True
48113001901,0.0,south-central-tx,0.0,False,0.0,True,0.0,True
48113001902,0.0,south-central-tx,0.0,True,0.0,True,0.0,True
48113002001,0.17,south-central-tx,0.0,True,0.01,True,0.5,True
48113002002,0.097305,south-central-tx,0.291915,True,0.0,True,0.0,True
48113002100,0.0,south-central-tx,0.0,True,0.0,True,0.0,True
48113002200,0.0,south-central-tx,0.0,True,0.0,True,0.0,True
48113002400,0.0,south-central-tx,0.0,True,0.0,True,0.0,True
48113002500,0.0,south-central-tx,0.0,True,0.0,True,0.0,True
48113002703,0.169288,south-central-tx,0.257863,True,0.0,True,0.25,True
48113003102,0.0,south-central-tx,0.0,False,0.0,True,0.0,True
48113003103,0.0,south-central-tx,0.0,True,0.0,True,0.0,True
48113003700,0.210999,south-central-tx,0.632996,True,0.0,True,0.0,True
48113004201,0.000841,south-central-tx,0.0,True,0.002524,True,0.0,True
48113004202,0.072672,south-central-tx,0.218017,True,0.0,True,0.0,True
48113004300,0.0,south-central-tx,0.0,True,0.0,True,0.0,True
48113004400,0.0,south-central-tx,0.0,True,0.0,True,0.0,True
48113004500,0.002652,south-central-tx,0.0,True,0.007956,True,0.0,True
48113004600,0.010534,south-central-tx,0.031602,True,0.0,True,0.0,True
48113004700,0.0,south-central-tx,0.0,True,0.0,True,0.0,True
48113004800,0.077698,south-central-tx,0.233095,True,0.0,True,0.0,True
48113005000,0.083333,south-central-tx,0.0,True,0.0,True,0.25,True
48113005100,0.0,south-central-tx,0.0,False,0.0,True,0.0,True
48113005200,0.083333,south-central-tx,0.0,False,0.0,True,0.166666,True
48113005300,0.0,south-central-tx,0.0,False,0.0,True,0.0,True
48113005400,0.0,south-central-tx,0.0,True,0.0,True,0.0,True
48113005500,0.0,south-central-tx,0.0,False,0.0,True,0.0,True
48113005600,0.064581,south-central-tx,0.192884,True,0.000859,True,0.0,True
48113005700,0.0,south-central-tx,0.0,True,0.0,True,0.0,True
48113005901,0.001122,south-central-tx,0.0,True,0.003366,True,0.0,True
48113005902,0.003902,south-central-tx,0.0,True,0.011706,True,0.0,True
48113006001,0.027781,south-central-tx,0.082293,True,0.00105,True,0.0,True
48113006002,0.103886,south-central-tx,0.311657,True,0.0,True,0.0,True
48113006100,0.014114,south-central-tx,0.0,True,0.042342,True,0.0,True
48113006200,0.17507,south-central-tx,0.275211,True,0.0,True,0.25,True
48113006301,0.004156,south-central-tx,0.0,False,0.008313,True,0.0,True
48113006302,0.0,south-central-tx,0.0,False,0.0,True,0.0,True
48113006401,0.0,south-central-tx,0.0,False,0.0,True,0.0,True
48113006402,0.25,south-central-tx,0.0,False,0.0,True,0.5,True
48113006501,0.0,south-central-tx,0.0,False,0.0,True,0.0,True
48113006502,0.023947,south-central-tx,0.0,False,0.011263,True,0.036632,True
48113006701,0.245734,south-central-tx,0.735406,True,0.001797,True,0.0,True
48113006702,0.0,south-central-tx,0.0,True,0.0,True,0.0,True
48113006800,0.000557,south-central-tx,0.0,True,0.001672,True,0.0,True
48113006900,0.015291,south-central-tx,0.0,True,0.045872,True,0.0,True
48113007101,0.0,south-central-tx,0.0,True,0.0,True,0.0,True
48113007102,0.125,south-central-tx,0.0,False,0.0,True,0.25,True
48113007203,0.019724,south-central-tx,0.0,True,0.059172,True,0.0,True
48113007204,0.202483,south-central-tx,0.60745,True,0.0,True,0.0,True
48113007205,0.0,south-central-tx,0.0,False,0.0,True,0.0,True
48113007206,0.129248,south-central-tx,0.387743,True,0.0,True,0.0,True
48113007301,0.0,south-central-tx,0.0,True,0.0,True,0.0,True
48113007302,0.194507,south-central-tx,0.083522,True,0.0,True,0.5,True
48113007601,0.0,south-central-tx,0.0,False,0.0,True,0.0,True
48113007604,0.0,south-central-tx,0.0,True,0.0,True,0.0,True
48113007605,0.0,south-central-tx,0.0,True,0.0,True,0.0,True
48113007701,0.27519,south-central-tx,0.148291,True,0.0,True,0.67728,True
48113007702,0.160329,south-central-tx,0.308856,True,0.0,True,0.17213,True
48113007801,0.001057,south-central-tx,0.0,True,0.003171,True,0.0,True
48113007805,0.0,south-central-tx,0.0,True,0.0,True,0.0,True
48113007809,0.0,south-central-tx,0.0,True,0.0,True,0.0,True
48113007810,0.0,south-central-tx,0.0,True,0.0,True,0.0,True
48113007812,0.0,south-central-tx,0.0,False,0.0,True,0.0,True
48113007815,0.046,south-central-tx,0.0,False,0.092,True,0.0,True
48113007819,0.058032,south-central-tx,0.085488,True,0.088608,True,0.0,True
48113007821,0.008721,south-central-tx,0.0,False,0.017442,True,0.0,True
48113007822,0.0,south-central-tx,0.0,True,0.0,True,0.0,True
48113007823,0.0,south-central-tx,0.0,True,0.0,True,0.0,True
48113007824,0.0,south-central-tx,0.0,False,0.0,True,0.0,True
48113007825,0.0,south-central-tx,0.0,False,0.0,True,0.0,True
48113007826,0.0,south-central-tx,0.0,False,0.0,True,0.0,True
48113007827,0.0,south-central-tx,0.0,False,0.0,True,0.0,True
48113007828,0.0,south-central-tx,0.0,True,0.0,True,0.0,True
48113007829,0.0,south-central-tx,0.0,True,0.0,True,0.0,True
48113007830,0.1,south-central-tx,0.0,False,0.2,True,0.0,True
48113007831,0.090909,south-central-tx,0.0,False,0.181818,True,0.0,True
48113007832,0.028736,south-central-tx,0.0,False,0.057471,True,0.0,True
48113007833,0.041667,south-central-tx,0.0,False,0.083333,True,0.0,True
48113007834,0.008032,south-central-tx,0.0,True,0.024096,True,0.0,True
48113007835,0.0,south-central-tx,0.0,False,0.0,True,0.0,True
48113007902,0.0,south-central-tx,0.0,True,0.0,True,0.0,True
48113007903,0.166667,south-central-tx,0.0,True,0.0,True,0.5,True
48113007906,0.050918,south-central-tx,0.152753,True,0.0,True,0.0,True
48113007909,0.0,south-central-tx,0.0,True,0.0,True,0.0,True
48113007910,0.045024,south-central-tx,0.0,False,0.090047,True,0.0,True
48113007912,0.0,south-central-tx,0.0,True,0.0,True,0.0,True
48113007913,0.024431,south-central-tx,0.0,True,0.018587,True,0.054706,True
48113007914,0.0,south-central-tx,0.0,True,0.0,True,0.0,True
48113007915,0.218244,south-central-tx,0.654731,True,0.0,True,0.0,True
48113007916,0.110668,south-central-tx,0.332004,True,0.0,True,0.0,True
48113008000,0.0,south-central-tx,0.0,True,0.0,True,0.0,True
48113008101,0.225985,south-central-tx,0.677955,True,0.0,True,0.0,True
48113008102,0.241004,south-central-tx,0.628685,True,0.0,True,0.094326,True
48113008200,0.174673,south-central-tx,0.524018,True,0.0,True,0.0,True
48113008401,0.105763,south-central-tx,0.306822,True,0.010466,True,0.0,True
48113008402,0.0,south-central-tx,0.0,True,0.0,True,0.0,True
48113008500,0.000612,south-central-tx,0.0,True,0.001836,True,0.0,True
48113008604,0.0,south-central-tx,0.0,False,0.0,True,0.0,True
48113008701,0.068338,south-central-tx,0.201056,True,0.003959,True,0.0,True
48113008703,0.0,south-central-tx,0.0,False,0.0,True,0.0,True
48113008704,0.031613,south-central-tx,0.087248,True,0.00759,True,0.0,True
48113008705,0.140774,south-central-tx,0.422322,True,0.0,True,0.0,True
48113008801,0.003604,south-central-tx,0.0,False,0.007207,True,0.0,True
48113008802,0.0,south-central-tx,0.0,False,0.0,True,0.0,True
48113009001,0.158772,south-central-tx,0.218449,True,0.007868,True,0.25,True
48113009002,0.005874,south-central-tx,0.0,True,0.017621,True,0.0,True
48113009101,0.109564,south-central-tx,0.307484,True,0.021208,True,0.0,True
48113009103,0.015684,south-central-tx,0.0,False,0.031368,True,0.0,True
48113009104,0.004699,south-central-tx,0.0,True,0.014097,True,0.0,True
48113009105,0.197339,south-central-tx,0.592017,True,0.0,True,0.0,True
48113009202,0.0,south-central-tx,0.0,True,0.0,True,0.0,True
48113009203,0.039318,south-central-tx,0.117953,True,0.0,True,0.0,True
48113009204,0.007583,south-central-tx,0.0,True,0.022749,True,0.0,True
48113009301,0.000593,south-central-tx,0.0,True,0.001778,True,0.0,True
48113009303,0.024491,south-central-tx,0.070125,True,0.003347,True,0.0,True
48113009304,0.083923,south-central-tx,0.0,True,0.00177,True,0.25,True
48113009401,0.0,south-central-tx,0.0,True,0.0,True,0.0,True
48113009402,0.0,south-central-tx,0.0,True,0.0,True,0.0,True
48113009500,0.000867,south-central-tx,0.0,False,0.001733,True,0.0,True
48113009603,0.0,south-central-tx,0.0,True,0.0,True,0.0,True
48113009604,0.0,south-central-tx,0.0,True,0.0,True,0.0,True
48113009605,0.0,south-central-tx,0.0,True,0.0,True,0.0,True
48113009607,0.0,south-central-tx,0.0,False,0.0,True,0.0,True
48113009608,0.0,south-central-tx,0.0,True,0.0,True,0.0,True
48113009609,0.125,south-central-tx,0.0,False,0.0,True,0.25,True
48113009610,0.0,south-central-tx,0.0,False,0.0,True,0.0,True
48113009611,0.0,south-central-tx,0.0,False,0.0,True,0.0,True
48113009701,0.032395,south-central-tx,0.0,False,0.005567,True,0.059222,True
48113009702,0.001754,south-central-tx,0.0,False,0.003509,True,0.0,True
48113009802,0.0,south-central-tx,0.0,True,0.0,True,0.0,True
48113009803,0.0,south-central-tx,0.0,False,0.0,True,0.0,True
48113009804,0.0,south-central-tx,0.0,False,0.0,True,0.0,True
48113009900,0.0,south-central-tx,0.0,True,0.0,True,0.0,True
48113010001,0.0,south-central-tx,0.0,True,0.0,True,0.0,True
48113010002,0.0,south-central-tx,0.0,True,0.0,True,0.0,True
48113010003,0.0,south-central-tx,0.0,True,0.0,True,0.0,True
48113010101,0.0,south-central-tx,0.0,False,0.0,True,0.0,True
48113010102,0.0,south-central-tx,0.0,True,0.0,True,0.0,True
48113010500,0.0,south-central-tx,0.0,True,0.0,True,0.0,True
48113010601,0.0,south-central-tx,0.0,True,0.0,True,0.0,True
48113010602,0.0,south-central-tx,0.0,True,0.0,True,0.0,True
48113010701,0.0,south-central-tx,0.0,True,0.0,True,0.0,True
48113010704,0.0,south-central-tx,0.0,True,0.0,True,0.0,True
48113010804,0.0,south-central-tx,0.0,False,0.0,True,0.0,True
48113010805,0.0,south-central-tx,0.0,False,0.0,True,0.0,True
48113010806,0.011061,south-central-tx,0.0,True,0.033184,True,0.0,True
48113010807,0.004175,south-central-tx,0.0,True,0.012526,True,0.0,True
48113010808,0.0,south-central-tx,0.0,True,0.0,True,0.0,True
48113010809,0.0,south-central-tx,0.0,True,0.0,True,0.0,True
48113010903,0.0,south-central-tx,0.0,True,0.0,True,0.0,True
48113010904,0.0,south-central-tx,0.0,True,0.0,True,0.0,True
48113010905,0.007092,south-central-tx,0.0,True,0.021277,True,0.0,True
48113010906,0.000298,south-central-tx,0.0,True,0.000894,True,0.0,True
48113011002,0.00024,south-central-tx,0.0,True,0.00072,True,0.0,True
48113011003,0.010297,south-central-tx,0.0,True,0.030892,True,0.0,True
48113011004,0.0,south-central-tx,0.0,True,0.0,True,0.0,True
48113011101,0.005956,south-central-tx,0.0,True,0.017869,True,0.0,True
48113011103,0.001393,south-central-tx,0.0,True,0.004178,True,0.0,True
48113011104,0.0,south-central-tx,0.0,True,0.0,True,0.0,True
48113011105,0.001502,south-central-tx,0.0,True,0.004505,True,0.0,True
48113011201,0.023771,south-central-tx,0.070494,True,0.000818,True,0.0,True
48113011202,0.072688,south-central-tx,0.217218,True,0.000847,True,0.0,True
48113011300,0.026794,south-central-tx,0.070366,True,0.010014,True,0.0,True
48113011401,0.0,south-central-tx,0.0,True,0.0,True,0.0,True
48113011500,0.0,south-central-tx,0.0,True,0.0,True,0.0,True
48113011601,0.196811,south-central-tx,0.590432,True,0.0,True,0.0,True
48113011603,0.0,south-central-tx,0.0,True,0.0,True,0.0,True
48113011604,0.0,south-central-tx,0.0,True,0.0,True,0.0,True
48113011701,0.023059,south-central-tx,0.0,True,0.0,True,0.069177,True
48113011702,0.0,south-central-tx,0.0,True,0.0,True,0.0,True
48113011801,0.0,south-central-tx,0.0,False,0.0,True,0.0,True
48113011802,0.0,south-central-tx,0.0,False,0.0,True,0.0,True
48113011901,0.006471,south-central-tx,0.0,False,0.012943,True,0.0,True
48113011902,0.0,south-central-tx,0.0,False,0.0,True,0.0,True
48113012000,0.019975,south-central-tx,0.046888,True,0.013038,True,0.0,True
48113012101,0.03879,south-central-tx,0.088547,True,0.027823,True,0.0,True
48113012102,0.0,south-central-tx,0.0,True,0.0,True,0.0,True
48113012206,0.00603,south-central-tx,0.0,True,0.018089,True,0.0,True
48113012207,0.00981,south-central-tx,0.0,True,0.029429,True,0.0,True
48113012208,0.16233,south-central-tx,0.373514,True,0.113475,True,0.0,True
48113012209,0.0,south-central-tx,0.0,True,0.0,True,0.0,True
48113012210,0.01358,south-central-tx,0.0,True,0.040741,True,0.0,True
48113012211,0.114889,south-central-tx,0.303919,True,0.040747,True,0.0,True
48113012212,0.085734,south-central-tx,0.25119,True,0.006012,True,0.0,True
48113012213,0.003356,south-central-tx,0.0,False,0.006711,True,0.0,True
48113012301,0.005291,south-central-tx,0.0,True,0.015873,True,0.0,True
48113012302,0.0,south-central-tx,0.0,True,0.0,True,0.0,True
48113012400,0.00095,south-central-tx,0.0,True,0.002851,True,0.0,True
48113012501,0.003623,south-central-tx,0.0,False,0.007246,True,0.0,True
48113012502,0.0,south-central-tx,0.0,False,0.0,True,0.0,True
48113012601,0.004305,south-central-tx,0.0,True,0.012914,True,0.0,True
48113012603,0.0,south-central-tx,0.0,False,0.0,True,0.0,True
48113012604,0.002625,south-central-tx,0.0,True,0.007874,True,0.0,True
48113012701,0.078659,south-central-tx,0.235977,True,0.0,True,0.0,True
48113012702,0.00624,south-central-tx,0.0,False,0.012479,True,0.0,True
48113012801,0.181152,south-central-tx,0.524556,True,0.018899,True,0.0,True
48113012802,0.0,south-central-tx,0.0,True,0.0,True,0.0,True
48113012900,0.0,south-central-tx,0.0,True,0.0,True,0.0,True
48113013005,0.0,south-central-tx,0.0,True,0.0,True,0.0,True
48113013007,0.006167,south-central-tx,0.0,True,0.018502,True,0.0,True
48113013008,0.0,south-central-tx,0.0,False,0.0,True,0.0,True
48113013009,0.004219,south-central-tx,0.0,True,0.012658,True,0.0,True
48113013010,0.011547,south-central-tx,0.0,True,0.034642,True,0.0,True
48113013011,0.014721,south-central-tx,0.0,True,0.044164,True,0.0,True
48113013012,0.000678,south-central-tx,0.0,True,0.002035,True,0.0,True
48113013013,0.0,south-central-tx,0.0,True,0.0,True,0.0,True
48113013101,0.0,south-central-tx,0.0,True,0.0,True,0.0,True
48113013102,0.0,south-central-tx,0.0,False,0.0,True,0.0,True
48113013104,0.012287,south-central-tx,0.023761,True,0.0131,True,0.0,True
48113013106,0.0,south-central-tx,0.0,True,0.0,True,0.0,True
48113013107,0.133938,south-central-tx,0.380355,True,0.021459,True,0.0,True
48113013201,0.0,south-central-tx,0.0,True,0.0,True,0.0,True
48113013202,0.055556,south-central-tx,0.0,True,0.0,True,0.166667,True
48113013300,0.0,south-central-tx,0.0,True,0.0,True,0.0,True
48113013400,0.083333,south-central-tx,0.0,True,0.0,True,0.25,True
48113013500,0.0,south-central-tx,0.0,False,0.0,True,0.0,True
48113013605,0.0,south-central-tx,0.0,False,0.0,True,0.0,True
48113013606,0.0,south-central-tx,0.0,True,0.0,True,0.0,True
48113013607,0.0,south-central-tx,0.0,False,0.0,True,0.0,True
48113013608,0.0,south-central-tx,0.0,True,0.0,True,0.0,True
48113013609,0.0,south-central-tx,0.0,False,0.0,True,0.0,True
48113013610,0.0,south-central-tx,0.0,True,0.0,True,0.0,True
48113013611,0.0,south-central-tx,0.0,True,0.0,True,0.0,True
48113013615,0.0,south-central-tx,0.0,True,0.0,True,0.0,True
48113013617,0.03426,south-central-tx,0.102781,True,0.0,True,0.0,True
48113013618,0.0,south-central-tx,0.0,False,0.0,True,0.0,True
48113013619,0.0,south-central-tx,0.0,True,0.0,True,0.0,True
48113013620,0.0,south-central-tx,0.0,True,0.0,True,0.0,True
48113013621,0.12139,south-central-tx,0.364171,True,0.0,True,0.0,True
48113013622,0.0,south-central-tx,0.0,True,0.0,True,0.0,True
48113013624,0.0,south-central-tx,0.0,True,0.0,True,0.0,True
48113013625,0.0,south-central-tx,0.0,True,0.0,True,0.0,True
48113013626,0.0,south-central-tx,0.0,True,0.0,True,0.0,True
48113013627,0.0,south-central-tx,0.0,True,0.0,True,0.0,True
48113013628,0.0,south-central-tx,0.0,True,0.0,True,0.0,True
48113013629,0.0,south-central-tx,0.0,False,0.0,True,0.0,True
48113013630,0.316099,south-central-tx,0.948296,True,0.0,True,0.0,True
48113013631,0.0,south-central-tx,0.0,True,0.0,True,0.0,True
48113013715,0.0,south-central-tx,0.0,False,0.0,True,0.0,True
48113013716,0.049402,south-central-tx,0.148206,True,0.0,True,0.0,True
48113013717,0.0,south-central-tx,0.0,True,0.0,True,0.0,True
48113013718,0.0,south-central-tx,0.0,False,0.0,True,0.0,True
48113013719,0.0,south-central-tx,0.0,True,0.0,True,0.0,True
48113013720,0.003905,south-central-tx,0.0,True,0.011716,True,0.0,True
48113013721,0.001146,south-central-tx,0.0,True,0.003438,True,0.0,True
48113013722,0.0,south-central-tx,0.0,True,0.0,True,0.0,True
48113013725,0.0,south-central-tx,0.0,False,0.0,True,0.0,True
48113013726,0.0,south-central-tx,0.0,False,0.0,True,0.0,True
48113013727,0.0,south-central-tx,0.0,False,0.0,True,0.0,True
48113013728,0.003425,south-central-tx,0.0,False,0.006849,True,0.0,True
48113013729,0.08477,south-central-tx,0.254309,True,0.0,True,0.0,True
48113013804,0.0,south-central-tx,0.0,True,0.0,True,0.0,True
48113013805,0.0,south-central-tx,0.0,False,0.0,True,0.0,True
48113013806,0.0,south-central-tx,0.0,True,0.0,True,0.0,True
48113013807,0.0,south-central-tx,0.0,False,0.0,True,0.0,True
48113013808,0.0,south-central-tx,0.0,False,0.0,True,0.0,True
48113013901,0.106043,south-central-tx,0.318128,True,0.0,True,0.0,True
48113013902,0.0,south-central-tx,0.0,False,0.0,True,0.0,True
48113014001,0.0,south-central-tx,0.0,True,0.0,True,0.0,True
48113014002,0.0,south-central-tx,0.0,True,0.0,True,0.0,True
48113014119,0.113415,south-central-tx,0.0,False,0.007711,True,0.21912,True
48113014120,0.002093,south-central-tx,0.0,False,0.004186,True,0.0,True
48113014121,0.0,south-central-tx,0.0,False,0.0,True,0.0,True
48113014123,0.0,south-central-tx,0.0,False,0.0,True,0.0,True
48113014124,0.0,south-central-tx,0.0,True,0.0,True,0.0,True
48113014126,0.0,south-central-tx,0.0,True,0.0,True,0.0,True
48113014128,0.005121,south-central-tx,0.0,False,0.010242,True,0.0,True
48113014130,0.0,south-central-tx,0.0,True,0.0,True,0.0,True
48113014132,0.0,south-central-tx,0.0,False,0.0,True,0.0,True
48113014134,0.055556,south-central-tx,0.0,True,0.0,True,0.166666,True
48113014135,0.011439,south-central-tx,0.0,False,0.022879,True,0.0,True
48113014138,0.0,south-central-tx,0.0,True,0.0,True,0.0,True
48113014139,0.019084,south-central-tx,0.0,False,0.038168,True,0.0,True
48113014140,0.0,south-central-tx,0.0,False,0.0,True,0.0,True
48113014141,0.096575,south-central-tx,0.0,False,0.029155,True,0.163996,True
48113014142,0.0,south-central-tx,0.0,False,0.0,True,0.0,True
48113014143,0.0,south-central-tx,0.0,True,0.0,True,0.0,True
48113014144,0.0,south-central-tx,0.0,True,0.0,True,0.0,True
48113014145,0.016393,south-central-tx,0.0,False,0.032787,True,0.0,True
48113014146,0.00974,south-central-tx,0.0,False,0.019481,True,0.0,True
48113014147,0.0,south-central-tx,0.0,True,0.0,True,0.0,True
48113014148,0.0,south-central-tx,0.0,True,0.0,True,0.0,True
48113014149,0.187645,south-central-tx,0.0,False,0.0,True,0.37529,True
48113014150,0.0,south-central-tx,0.0,True,0.0,True,0.0,True
48113014151,0.0,south-central-tx,0.0,True,0.0,True,0.0,True
48113014152,0.005556,south-central-tx,0.0,True,0.016667,True,0.0,True
48113014153,0.0,south-central-tx,0.0,True,0.0,True,0.0,True
48113014154,0.08845,south-central-tx,0.0,True,0.015351,True,0.25,True
48113014155,0.003743,south-central-tx,0.0,False,0.007485,True,0.0,True
48113014156,0.0,south-central-tx,0.0,False,0.0,True,0.0,True
48113014157,0.125,south-central-tx,0.0,False,0.0,True,0.25,True
48113014158,0.0,south-central-tx,0.0,True,0.0,True,0.0,True
48113014159,0.0,south-central-tx,0.0,True,0.0,True,0.0,True
48113014160,0.0,south-central-tx,0.0,True,0.0,True,0.0,True
48113014161,0.005076,south-central-tx,0.0,True,0.015228,True,0.0,True
48113014203,0.001669,south-central-tx,0.0,True,0.005008,True,0.0,True
48113014204,0.011181,south-central-tx,0.0,True,0.033543,True,0.0,True
48113014205,0.004566,south-central-tx,0.0,True,0.013699,True,0.0,True
48113014207,0.032179,south-central-tx,0.0,True,0.0,True,0.096538,True
48113014208,0.0,south-central-tx,0.0,True,0.0,True,0.0,True
48113014209,0.0,south-central-tx,0.0,True,0.0,True,0.0,True
48113014306,0.002926,south-central-tx,0.0,True,0.008777,True,0.0,True
48113014308,0.042746,south-central-tx,0.0,True,0.044905,True,0.083333,True
48113014309,0.0,south-central-tx,0.0,False,0.0,True,0.0,True
48113014310,0.0,south-central-tx,0.0,False,0.0,True,0.0,True
48113014313,0.0,south-central-tx,0.0,True,0.0,True,0.0,True
48113014314,0.0,south-central-tx,0.0,False,0.0,True,0.0,True
48113014315,0.00391,south-central-tx,0.0,True,0.01173,True,0.0,True
48113014316,0.001903,south-central-tx,0.0,False,0.003805,True,0.0,True
48113014317,0.024876,south-central-tx,0.0,False,0.049751,True,0.0,True
48113014318,0.003102,south-central-tx,0.0,False,0.006205,True,0.0,True
48113014319,0.0,south-central-tx,0.0,False,0.0,True,0.0,True
48113014320,0.0,south-central-tx,0.0,False,0.0,True,0.0,True
48113014405,0.0,south-central-tx,0.0,True,0.0,True,0.0,True
48113014406,0.000828,south-central-tx,0.0,True,0.002483,True,0.0,True
48113014407,0.006226,south-central-tx,0.0,True,0.018678,True,0.0,True
48113014408,0.0,south-central-tx,0.0,False,0.0,True,0.0,True
48113014409,0.00938,south-central-tx,0.0,True,0.028139,True,0.0,True
48113014410,0.0,south-central-tx,0.0,True,0.0,True,0.0,True
48113014501,0.002041,south-central-tx,0.0,True,0.006124,True,0.0,True
48113014502,0.0,south-central-tx,0.0,True,0.0,True,0.0,True
48113014601,0.0,south-central-tx,0.0,True,0.0,True,0.0,True
48113014602,0.0,south-central-tx,0.0,True,0.0,True,0.0,True
48113014603,0.006034,south-central-tx,0.0,False,0.012069,True,0.0,True
48113014701,0.0,south-central-tx,0.0,True,0.0,True,0.0,True
48113014704,0.0,south-central-tx,0.0,True,0.0,True,0.0,True
48113014903,0.097759,south-central-tx,0.293276,True,0.0,True,0.0,True
48113015001,0.0,south-central-tx,0.0,True,0.0,True,0.0,True
48113015002,0.0,south-central-tx,0.0,True,0.0,True,0.0,True
48113015101,0.0,south-central-tx,0.0,False,0.0,True,0.0,True
48113015102,0.0,south-central-tx,0.0,False,0.0,True,0.0,True
48113015202,0.118632,south-central-tx,0.342706,True,0.013189,True,0.0,True
48113015205,0.0,south-central-tx,0.0,True,0.0,True,0.0,True
48113015206,0.0,south-central-tx,0.0,False,0.0,True,0.0,True
48113015207,0.0,south-central-tx,0.0,False,0.0,True,0.0,True
48113015208,0.0,south-central-tx,0.0,False,0.0,True,0.0,True
48113015303,0.0,south-central-tx,0.0,True,0.0,True,0.0,True
48113015304,0.0,south-central-tx,0.0,True,0.0,True,0.0,True
48113015305,0.0,south-central-tx,0.0,False,0.0,True,0.0,True
48113015306,0.002506,south-central-tx,0.0,False,0.005013,True,0.0,True
48113015403,0.009974,south-central-tx,0.0,True,0.029921,True,0.0,True
48113015404,0.049646,south-central-tx,0.148938,True,0.0,True,0.0,True
48113015405,0.0,south-central-tx,0.0,True,0.0,True,0.0,True
48113015406,0.001929,south-central-tx,0.0,True,0.005786,True,0.0,True
48113015500,0.0,south-central-tx,0.0,True,0.0,True,0.0,True
48113015600,0.0,south-central-tx,0.0,True,0.0,True,0.0,True
48113015700,0.0,south-central-tx,0.0,True,0.0,True,0.0,True
48113015900,0.251572,south-central-tx,0.0,False,0.003145,True,0.5,True
48113016001,0.25,south-central-tx,0.0,False,0.0,True,0.5,True
48113016002,0.005326,south-central-tx,0.0,False,0.010652,True,0.0,True
48113016100,0.064432,south-central-tx,0.193296,True,0.0,True,0.0,True
48113016201,0.001748,south-central-tx,0.0,False,0.003497,True,0.0,True
48113016203,0.112912,south-central-tx,0.338735,True,0.0,True,0.0,True
48113016204,0.000726,south-central-tx,0.0,True,0.002179,True,0.0,True
48113016301,0.179226,south-central-tx,0.537679,True,0.0,True,0.0,True
48113016302,0.0,south-central-tx,0.0,False,0.0,True,0.0,True
48113016406,0.083333,south-central-tx,0.0,True,0.0,True,0.25,True
48113016407,0.003945,south-central-tx,0.0,True,0.011834,True,0.0,True
48113016409,0.0,south-central-tx,0.0,True,0.0,True,0.0,True
48113016410,0.0,south-central-tx,0.0,True,0.0,True,0.0,True
48113016412,0.0,south-central-tx,0.0,True,0.0,True,0.0,True
48113016414,0.080332,south-central-tx,0.0,True,0.006515,True,0.234482,True
48113016415,0.0,south-central-tx,0.0,False,0.0,True,0.0,True
48113016416,0.0,south-central-tx,0.0,False,0.0,True,0.0,True
48113016417,0.0,south-central-tx,0.0,False,0.0,True,0.0,True
48113016418,0.000457,south-central-tx,0.0,True,0.00137,True,0.0,True
48113016419,0.003868,south-central-tx,0.007659,True,0.003944,True,0.0,True
48113016420,0.001984,south-central-tx,0.0,False,0.003968,True,0.0,True
48113016421,0.325748,south-central-tx,0.439201,True,0.038043,True,0.5,True
48113016511,0.000699,south-central-tx,0.0,False,0.001399,True,0.0,True
48113016513,0.000467,south-central-tx,0.0,False,0.000933,True,0.0,True
48113016516,0.002758,south-central-tx,0.0,True,0.008275,True,0.0,True
48113016517,0.0,south-central-tx,0.0,True,0.0,True,0.0,True
48113016518,0.002295,south-central-tx,0.0,False,0.00459,True,0.0,True
48113016519,0.0,south-central-tx,0.0,False,0.0,True,0.0,True
48113016521,0.0,south-central-tx,0.0,True,0.0,True,0.0,True
48113016522,0.0,south-central-tx,0.0,True,0.0,True,0.0,True
48113016524,0.0,south-central-tx,0.0,True,0.0,True,0.0,True
48113016525,0.128842,south-central-tx,0.0,False,0.007685,True,0.25,True
48113016526,0.004413,south-central-tx,0.0,False,0.008826,True,0.0,True
48113016527,0.0,south-central-tx,0.0,False,0.0,True,0.0,True
48113016528,0.0,south-central-tx,0.0,False,0.0,True,0.0,True
48113016529,0.000921,south-central-tx,0.0,False,0.001842,True,0.0,True
48113016530,0.0,south-central-tx,0.0,True,0.0,True,0.0,True
48113016531,0.001727,south-central-tx,0.0,False,0.003454,True,0.0,True
48113016532,0.0,south-central-tx,0.0,True,0.0,True,0.0,True
48113016533,0.0,south-central-tx,0.0,True,0.0,True,0.0,True
48113016534,0.002165,south-central-tx,0.0,True,0.006494,True,0.0,True
48113016535,0.166667,south-central-tx,0.0,True,0.0,True,0.5,True
48113016536,0.0,south-central-tx,0.0,True,0.0,True,0.0,True
48113016607,0.0,south-central-tx,0.0,True,0.0,True,0.0,True
48113016610,0.0015,south-central-tx,0.0,True,0.004501,True,0.0,True
48113016615,0.0,south-central-tx,0.0,False,0.0,True,0.0,True
48113016616,0.084198,south-central-tx,0.252593,True,0.0,True,0.0,True
48113016617,0.0,south-central-tx,0.0,False,0.0,True,0.0,True
48113016618,0.0,south-central-tx,0.0,False,0.0,True,0.0,True
48113016619,0.011411,south-central-tx,0.0,False,0.022822,True,0.0,True
48113016620,0.002081,south-central-tx,0.0,True,0.006242,True,0.0,True
48113016621,0.019346,south-central-tx,0.058039,True,0.0,True,0.0,True
48113016622,0.0,south-central-tx,0.0,True,0.0,True,0.0,True
48113016623,0.0,south-central-tx,0.0,False,0.0,True,0.0,True
48113016624,0.0,south-central-tx,0.0,False,0.0,True,0.0,True
48113016626,0.0,south-central-tx,0.0,True,0.0,True,0.0,True
48113016627,0.000951,south-central-tx,0.0,True,0.002853,True,0.0,True
48113016628,0.125,south-central-tx,0.0,False,0.0,True,0.25,True
48113016629,0.0,south-central-tx,0.0,True,0.0,True,0.0,True
48113016630,0.055556,south-central-tx,0.0,True,0.0,True,0.166666,True
48113016631,0.000281,south-central-tx,0.0,False,0.000561,True,0.0,True
48113016632,0.125,south-central-tx,0.0,False,0.0,True,0.25,True
48113016633,0.0,south-central-tx,0.0,False,0.0,True,0.0,True
48113016634,0.083333,south-central-tx,0.0,True,0.0,True,0.25,True
48113016635,0.002755,south-central-tx,0.0,True,0.008264,True,0.0,True
48113016636,0.0,south-central-tx,0.0,True,0.0,True,0.0,True
48113016637,0.0,south-central-tx,0.0,True,0.0,True,0.0,True
48113016638,0.0,south-central-tx,0.0,True,0.0,True,0.0,True
48113016704,0.142294,south-central-tx,0.426882,True,0.0,True,0.0,True
48113016706,0.0,south-central-tx,0.0,True,0.0,True,0.0,True
48113016707,0.002568,south-central-tx,0.0,False,0.005136,True,0.0,True
48113016708,0.0,south-central-tx,0.0,False,0.0,True,0.0,True
48113016709,0.0,south-central-tx,0.0,True,0.0,True,0.0,True
48113016710,0.0,south-central-tx,0.0,True,0.0,True,0.0,True
48113016711,0.170811,south-central-tx,0.012434,True,0.0,True,0.5,True
48113016802,0.019122,south-central-tx,0.057365,True,0.0,True,0.0,True
48113016803,0.0,south-central-tx,0.0,True,0.0,True,0.0,True
48113016805,0.0,south-central-tx,0.0,True,0.0,True,0.0,True
48113016806,0.0,south-central-tx,0.0,False,0.0,True,0.0,True
48113016902,0.0,south-central-tx,0.0,True,0.0,True,0.0,True
48113016903,0.0,south-central-tx,0.0,True,0.0,True,0.0,True
48113017005,0.0,south-central-tx,0.0,True,0.0,True,0.0,True
48113017006,0.063626,south-central-tx,0.190879,True,0.0,True,0.0,True
48113017007,0.001612,south-central-tx,0.0,True,0.004836,True,0.0,True
48113017008,0.083333,south-central-tx,0.0,True,0.0,True,0.25,True
48113017009,0.00997,south-central-tx,0.0,False,0.01994,True,0.0,True
48113017010,0.0,south-central-tx,0.0,True,0.0,True,0.0,True
48113017101,0.0,south-central-tx,0.0,True,0.0,True,0.0,True
48113017102,0.033733,south-central-tx,0.101199,True,0.0,True,0.0,True
48113017201,0.0,south-central-tx,0.0,True,0.0,True,0.0,True
48113017203,0.009716,south-central-tx,0.029148,True,0.0,True,0.0,True
48113017204,0.170136,south-central-tx,0.0,True,0.010408,True,0.5,True
48113017307,0.011348,south-central-tx,0.0,False,0.022696,True,0.0,True
48113017308,0.001443,south-central-tx,0.0,False,0.002886,True,0.0,True
48113017309,0.00334,south-central-tx,0.0,False,0.006679,True,0.0,True
48113017310,0.006093,south-central-tx,0.0,False,0.012185,True,0.0,True
48113017311,0.002674,south-central-tx,0.0,True,0.008023,True,0.0,True
48113017312,0.005513,south-central-tx,0.0,False,0.011027,True,0.0,True
48113017313,0.0,south-central-tx,0.0,True,0.0,True,0.0,True
48113017314,0.0,south-central-tx,0.0,True,0.0,True,0.0,True
48113017315,0.034588,south-central-tx,0.0,True,0.003765,True,0.1,True
48113017400,0.0,south-central-tx,0.0,True,0.0,True,0.0,True
48113017500,0.121647,south-central-tx,0.36494,True,0.0,True,0.0,True
48113017602,0.0,south-central-tx,0.0,True,0.0,True,0.0,True
48113017604,0.070527,south-central-tx,0.21158,True,0.0,True,0.0,True
48113017605,0.002375,south-central-tx,0.0,True,0.007124,True,0.0,True
48113017606,0.0,south-central-tx,0.0,True,0.0,True,0.0,True
48113017703,0.0,south-central-tx,0.0,True,0.0,True,0.0,True
48113017704,0.0,south-central-tx,0.0,True,0.0,True,0.0,True
48113017705,0.0,south-central-tx,0.0,True,0.0,True,0.0,True
48113017706,0.0,south-central-tx,0.0,True,0.0,True,0.0,True
48113017805,0.089662,south-central-tx,0.0,True,0.018987,True,0.25,True
48113017806,0.000237,south-central-tx,0.0,True,0.000711,True,0.0,True
48113017808,0.0,south-central-tx,0.0,True,0.0,True,0.0,True
48113017811,0.009942,south-central-tx,0.0,False,0.019885,True,0.0,True
48113017812,0.002832,south-central-tx,0.0,True,0.008495,True,0.0,True
48113017814,0.003064,south-central-tx,0.0,True,0.009191,True,0.0,True
48113017815,0.0,south-central-tx,0.0,True,0.0,True,0.0,True
48113017816,0.0,south-central-tx,0.0,True,0.0,True,0.0,True
48113017817,0.024837,south-central-tx,0.0,True,0.07451,True,0.0,True
48113017818,0.0,south-central-tx,0.0,True,0.0,True,0.0,True
48113017819,0.006024,south-central-tx,0.0,True,0.018072,True,0.0,True
48113017820,0.0,south-central-tx,0.0,True,0.0,True,0.0,True
48113017900,0.000575,south-central-tx,0.0,True,0.001726,True,0.0,True
48113018001,0.001764,south-central-tx,0.0,True,0.005291,True,0.0,True
48113018002,0.000588,south-central-tx,0.0,True,0.001764,True,0.0,True
48113018105,0.001376,south-central-tx,0.0,True,0.004128,True,0.0,True
48113018110,0.002004,south-central-tx,0.0,False,0.004008,True,0.0,True
48113018111,0.004531,south-central-tx,0.0,False,0.009062,True,0.0,True
48113018120,0.000931,south-central-tx,0.0,False,0.001861,True,0.0,True
48113018121,0.000735,south-central-tx,0.0,True,0.002206,True,0.0,True
48113018126,0.0,south-central-tx,0.0,False,0.0,True,0.0,True
48113018127,0.0,south-central-tx,0.0,True,0.0,True,0.0,True
48113018128,0.0,south-central-tx,0.0,False,0.0,True,0.0,True
48113018129,0.0,south-central-tx,0.0,True,0.0,True,0.0,True
48113018130,0.008458,south-central-tx,0.0,True,0.025375,True,0.0,True
48113018132,0.110906,south-central-tx,0.317051,True,0.015667,True,0.0,True
48113018133,0.083333,south-central-tx,0.0,True,0.0,True,0.25,True
48113018134,0.0,south-central-tx,0.0,True,0.0,True,0.0,True
48113018135,0.083333,south-central-tx,0.0,True,0.0,True,0.25,True
48113018137,0.05111,south-central-tx,0.14907,True,0.004259,True,0.0,True
48113018138,0.0,south-central-tx,0.0,True,0.0,True,0.0,True
48113018140,0.0,south-central-tx,0.0,True,0.0,True,0.0,True
48113018141,0.104692,south-central-tx,0.314076,True,0.0,True,0.0,True
48113018142,0.006667,south-central-tx,0.0,False,0.013333,True,0.0,True
48113018143,0.0,south-central-tx,0.0,True,0.0,True,0.0,True
48113018144,0.0,south-central-tx,0.0,False,0.0,True,0.0,True
48113018145,0.0,south-central-tx,0.0,True,0.0,True,0.0,True
48113018146,0.0,south-central-tx,0.0,False,0.0,True,0.0,True
48113018147,0.001081,south-central-tx,0.0,False,0.002163,True,0.0,True
48113018148,0.006197,south-central-tx,0.0,False,0.012393,True,0.0,True
48113018149,0.000261,south-central-tx,0.0,True,0.000784,True,0.0,True
48113018150,0.0,south-central-tx,0.0,True,0.0,True,0.0,True
48113018151,0.0,south-central-tx,0.0,True,0.0,True,0.0,True
48113018152,0.001095,south-central-tx,0.0,True,0.003284,True,0.0,True
48113018153,0.000666,south-central-tx,0.0,True,0.001999,True,0.0,True
48113018154,0.0,south-central-tx,0.0,True,0.0,True,0.0,True
48113018155,0.0,south-central-tx,0.0,True,0.0,True,0.0,True
48113018156,0.090807,south-central-tx,0.272422,True,0.0,True,0.0,True
48113018157,0.0,south-central-tx,0.0,True,0.0,True,0.0,True
48113018158,0.0,south-central-tx,0.0,True,0.0,True,0.0,True
48113018159,0.0,south-central-tx,0.0,False,0.0,True,0.0,True
48113018203,0.0,south-central-tx,0.0,True,0.0,True,0.0,True
48113018204,0.0,south-central-tx,0.0,True,0.0,True,0.0,True
48113018205,0.003465,south-central-tx,0.0,False,0.006931,True,0.0,True
48113018206,0.0,south-central-tx,0.0,False,0.0,True,0.0,True
48113018300,0.0,south-central-tx,0.0,True,0.0,True,0.0,True
48113018401,0.0,south-central-tx,0.0,True,0.0,True,0.0,True
48113018402,0.0,south-central-tx,0.0,False,0.0,True,0.0,True
48113018403,0.015576,south-central-tx,0.0,True,0.046729,True,0.0,True
48113018501,0.091248,south-central-tx,0.0,True,0.023745,True,0.25,True
48113018505,0.0,south-central-tx,0.0,False,0.0,True,0.0,True
48113018506,0.001567,south-central-tx,0.0,True,0.0047,True,0.0,True
48113018507,0.008513,south-central-tx,0.0,True,0.01487,True,0.010669,True
48113018508,0.0,south-central-tx,0.0,True,0.0,True,0.0,True
48113018600,0.0,south-central-tx,0.0,True,0.0,True,0.0,True
48113018700,0.22955,south-central-tx,0.688651,True,0.0,True,0.0,True
48113018801,0.0,south-central-tx,0.0,True,0.0,True,0.0,True
48113018802,0.0,south-central-tx,0.0,True,0.0,True,0.0,True
48113018900,0.0,south-central-tx,0.0,False,0.0,True,0.0,True
48113019013,0.007792,south-central-tx,0.0,False,0.015584,True,0.0,True
48113019016,0.027642,south-central-tx,0.0,True,0.082927,True,0.0,True
48113019018,0.008024,south-central-tx,0.0,False,0.016048,True,0.0,True
48113019019,0.001577,south-central-tx,0.0,False,0.003155,True,0.0,True
48113019020,0.009097,south-central-tx,0.0,False,0.018194,True,0.0,True
48113019023,0.000604,south-central-tx,0.0,False,0.001208,True,0.0,True
48113019024,0.002803,south-central-tx,0.0,False,0.005606,True,0.0,True
48113019025,0.288126,south-central-tx,0.859804,True,0.004574,True,0.0,True
48113019026,0.003886,south-central-tx,0.0,False,0.007772,True,0.0,True
48113019027,0.0,south-central-tx,0.0,True,0.0,True,0.0,True
48113019028,0.011509,south-central-tx,0.0,False,0.023018,True,0.0,True
48113019029,0.173762,south-central-tx,0.0,False,0.097525,True,0.25,True
48113019031,0.007302,south-central-tx,0.0,False,0.014605,True,0.0,True
48113019032,0.0,south-central-tx,0.0,False,0.0,True,0.0,True
48113019033,0.0,south-central-tx,0.0,False,0.0,True,0.0,True
48113019034,0.001709,south-central-tx,0.0,False,0.003419,True,0.0,True
48113019035,0.014388,south-central-tx,0.0,True,0.043165,True,0.0,True
48113019036,0.0,south-central-tx,0.0,False,0.0,True,0.0,True
48113019037,0.004777,south-central-tx,0.0,False,0.009554,True,0.0,True
48113019039,0.0,south-central-tx,0.0,False,0.0,True,0.0,True
48113019040,0.0,south-central-tx,0.0,True,0.0,True,0.0,True
48113019041,0.0,south-central-tx,0.0,False,0.0,True,0.0,True
48113019042,0.000196,south-central-tx,0.0,True,0.000589,True,0.0,True
48113019044,0.006849,south-central-tx,0.0,False,0.013699,True,0.0,True
48113019045,0.011494,south-central-tx,0.0,False,0.022989,True,0.0,True
48113019046,0.001348,south-central-tx,0.0,False,0.002695,True,0.0,True
48113019047,0.007261,south-central-tx,0.0,False,0.014523,True,0.0,True
48113019048,0.00843,south-central-tx,0.0,False,0.01686,True,0.0,True
48113019049,0.007519,south-central-tx,0.0,False,0.015038,True,0.0,True
48113019050,0.002467,south-central-tx,0.0,True,0.007401,True,0.0,True
48113019051,0.0,south-central-tx,0.0,True,0.0,True,0.0,True
48113019052,0.007491,south-central-tx,0.0,True,0.0,True,0.022472,True
48113019053,0.0,south-central-tx,0.0,True,0.0,True,0.0,True
48113019101,0.0,south-central-tx,0.0,True,0.0,True,0.0,True
48113019102,0.0,south-central-tx,0.0,False,0.0,True,0.0,True
48113019202,0.0,south-central-tx,0.0,True,0.0,True,0.0,True
48113019203,0.0,south-central-tx,0.0,True,0.0,True,0.0,True
48113019205,0.0,south-central-tx,0.0,False,0.0,True,0.0,True
48113019208,0.0,south-central-tx,0.0,True,0.0,True,0.0,True
48113019210,0.0,south-central-tx,0.0,True,0.0,True,0.0,True
48113019211,0.0,south-central-tx,0.0,True,0.0,True,0.0,True
48113019212,0.063158,south-central-tx,0.0,False,0.126316,True,0.0,True
48113019213,0.0,south-central-tx,0.0,True,0.0,True,0.0,True
48113019214,0.045436,south-central-tx,0.0,False,0.0,True,0.090872,True
48113019215,0.0,south-central-tx,0.0,False,0.0,True,0.0,True
48113019216,0.0,south-central-tx,0.0,False,0.0,True,0.0,True
48113019301,0.0,south-central-tx,0.0,False,0.0,True,,False
48113019302,0.0,south-central-tx,0.0,True,0.0,True,0.0,True
48113019400,0.0,south-central-tx,0.0,False,0.0,True,0.0,True
48113019501,0.0,south-central-tx,0.0,True,0.0,True,0.0,True
48113019502,0.0,south-central-tx,0.0,True,0.0,True,0.0,True
48113019600,0.004994,south-central-tx,0.0,False,0.009989,True,0.0,True
48113019700,0.125,south-central-tx,0.0,False,0.0,True,0.25,True
48113019800,0.0,south-central-tx,0.0,True,0.0,True,0.0,True
48113019900,0.0,south-central-tx,0.0,False,0.0,True,0.0,True
48113020000,0.055556,south-central-tx,0.0,True,0.0,True,0.166666,True
48113020100,0.0,south-central-tx,0.0,True,0.0,True,0.0,True
48113020200,0.021036,south-central-tx,0.063109,True,0.0,True,0.0,True
48113020300,0.027721,south-central-tx,0.083162,True,0.0,True,0.0,True
48113020401,0.0,south-central-tx,0.0,True,0.0,True,0.0,True
48113020402,0.0,south-central-tx,0.0,True,0.0,True,0.0,True
48113020500,0.0,south-central-tx,0.0,True,0.0,True,0.0,True
48113020600,0.0,south-central-tx,0.0,True,0.0,True,0.0,True
48113020700,0.0,south-central-tx,0.0,False,0.0,True,0.0,True
48113020800,0.0,south-central-tx,0.0,True,0.0,True,0.0,True
48113020900,0.0,south-central-tx,0.0,True,0.0,True,0.0,True
48113021000,0.0,south-central-tx,0.0,True,0.0,True,0.0,True
48113021100,0.000997,south-central-tx,0.0,True,0.002992,True,0.0,True
48113021200,0.0,south-central-tx,0.0,True,0.0,True,0.0,True
48113980000,0.083333,south-central-tx,0.0,True,0.0,True,0.25,True
48113980100,0.125,south-central-tx,0.0,False,0.0,True,0.25,True
48113980200,0.0,south-central-tx,0.0,False,0.0,True,0.0,True
48115950401,0.205018,south-central-tx,0.365054,True,0.0,True,0.25,True
48115950402,0.131656,south-central-tx,0.393331,True,0.001638,True,0.0,True
48115950500,0.235491,south-central-tx,0.706472,True,0.0,True,0.0,True
48115950600,0.042429,south-central-tx,0.0,True,0.002287,True,0.125,True
48119950100,0.027778,south-central-tx,0.0,True,0.0,True,0.083333,True
48119950200,0.072247,south-central-tx,0.208177,True,0.008564,True,0.0,True
48121020109,0.0,south-central-tx,0.0,True,0.0,True,0.0,True
48121020110,0.005088,south-central-tx,0.0,False,0.010175,True,0.0,True
48121020111,0.006324,south-central-tx,0.0,False,0.006324,True,,False
48121020112,0.000466,south-central-tx,0.0,False,0.000933,True,0.0,True
48121020115,0.0,south-central-tx,0.0,False,0.0,True,0.0,True
48121020116,0.0,south-central-tx,0.0,True,0.0,True,0.0,True
48121020117,0.083333,south-central-tx,0.0,True,0.0,True,0.25,True
48121020118,0.000616,south-central-tx,0.001849,True,0.0,True,0.0,True
48121020119,0.00141,south-central-tx,0.0,False,0.002821,True,0.0,True
48121020120,0.0,south-central-tx,0.0,False,0.0,True,0.0,True
48121020121,0.0,south-central-tx,0.0,True,0.0,True,0.0,True
48121020122,0.045859,south-central-tx,0.0,True,0.137577,True,0.0,True
48121020123,0.074074,south-central-tx,0.0,True,0.0,True,0.222222,True
48121020124,0.0,south-central-tx,0.0,False,0.0,True,0.0,True
48121020125,0.0,south-central-tx,0.0,True,0.0,True,0.0,True
48121020126,0.004886,south-central-tx,0.0,False,0.009772,True,0.0,True
48121020127,0.035374,south-central-tx,0.0,False,0.0,True,0.070748,True
48121020128,0.060423,south-central-tx,0.181269,True,0.0,True,0.0,True
48121020129,0.083333,south-central-tx,0.0,True,0.0,True,0.25,True
48121020130,0.168502,south-central-tx,0.0,True,0.0,True,0.505506,True
48121020131,0.083333,south-central-tx,0.0,True,0.0,True,0.25,True
48121020132,0.0,south-central-tx,0.0,False,0.0,True,0.0,True
48121020133,0.000653,south-central-tx,0.0,False,0.001305,True,0.0,True
48121020134,0.0,south-central-tx,0.0,True,0.0,True,0.0,True
48121020135,0.052413,south-central-tx,0.056814,True,0.0,True,0.100426,True
48121020136,0.047375,south-central-tx,0.004939,True,0.0,True,0.137187,True
48121020137,0.000671,south-central-tx,0.0,True,0.002013,True,0.0,True
48121020203,0.000867,south-central-tx,0.0,True,0.002602,True,0.0,True
48121020204,0.0,south-central-tx,0.0,True,0.0,True,0.0,True
48121020205,0.0,south-central-tx,0.0,False,0.0,True,0.0,True
48121020206,0.0,south-central-tx,0.0,True,0.0,True,0.0,True
48121020207,0.083333,south-central-tx,0.0,True,0.0,True,0.25,True
48121020208,0.0,south-central-tx,0.0,False,0.0,True,0.0,True
48121020305,0.001431,south-central-tx,0.0,True,0.004292,True,0.0,True
48121020310,0.0,south-central-tx,0.0,True,0.0,True,0.0,True
48121020311,0.010615,south-central-tx,0.0,True,0.0,True,0.031846,True
48121020312,0.0,south-central-tx,0.0,True,0.0,True,0.0,True
48121020313,0.0,south-central-tx,0.0,False,0.0,True,0.0,True
48121020314,0.041667,south-central-tx,0.0,True,0.0,True,0.125,True
48121020315,0.0,south-central-tx,0.0,True,0.0,True,0.0,True
48121020316,0.054152,south-central-tx,0.0,True,0.006831,True,0.155625,True
48121020317,0.0,south-central-tx,0.0,True,0.0,True,0.0,True
48121020318,0.063722,south-central-tx,0.191167,True,0.0,True,0.0,True
48121020319,0.166667,south-central-tx,0.0,True,0.0,True,0.5,True
48121020320,0.055556,south-central-tx,0.0,True,0.0,True,0.166667,True
48121020321,0.0,south-central-tx,0.0,True,0.0,True,0.0,True
48121020322,0.0,south-central-tx,0.0,True,0.0,True,0.0,True
48121020402,0.111143,south-central-tx,0.33343,True,0.0,True,0.0,True
48121020403,0.091107,south-central-tx,0.273321,True,0.0,True,0.0,True
48121020404,0.097713,south-central-tx,0.29314,True,0.0,True,0.0,True
48121020405,0.062992,south-central-tx,0.188975,True,0.0,True,0.0,True
48121020504,0.0,south-central-tx,0.0,True,0.0,True,0.0,True
48121020505,0.158642,south-central-tx,0.475927,True,0.0,True,0.0,True
48121020506,0.162583,south-central-tx,0.48775,True,0.0,True,0.0,True
48121020507,0.0,south-central-tx,0.0,False,0.0,True,0.0,True
48121020508,0.1504,south-central-tx,0.451201,True,0.0,True,0.0,True
48121020601,0.229005,south-central-tx,0.687015,True,0.0,True,0.0,True
48121020603,0.0,south-central-tx,0.0,False,0.0,True,0.0,True
48121020604,0.0,south-central-tx,0.0,False,0.0,True,0.0,True
48121020605,0.0,south-central-tx,0.0,True,0.0,True,0.0,True
48121020700,0.0,south-central-tx,0.0,True,0.0,True,0.0,True
48121020800,0.0,south-central-tx,0.0,True,0.0,True,0.0,True
48121020900,0.000995,south-central-tx,0.0,True,0.002985,True,0.0,True
48121021000,0.0,south-central-tx,0.0,True,0.0,True,0.0,True
48121021100,0.017676,south-central-tx,0.053029,True,0.0,True,0.0,True
48121021202,0.022074,south-central-tx,0.066223,True,0.0,True,0.0,True
48121021203,0.0,south-central-tx,0.0,True,0.0,True,0.0,True
48121021204,0.0,south-central-tx,0.0,True,0.0,True,0.0,True
48121021301,0.1367,south-central-tx,0.410099,True,0.0,True,0.0,True
48121021304,0.083333,south-central-tx,0.0,True,0.0,True,0.25,True
48121021305,0.0,south-central-tx,0.0,True,0.0,True,0.0,True
48121021306,0.0,south-central-tx,0.0,True,0.0,True,0.0,True
48121021307,0.0,south-central-tx,0.0,False,0.0,True,0.0,True
48121021410,0.0,south-central-tx,0.0,True,0.0,True,0.0,True
48121021411,0.001722,south-central-tx,0.0,True,0.005166,True,0.0,True
48121021412,0.174217,south-central-tx,0.272651,True,0.0,True,0.25,True
48121021413,0.059533,south-central-tx,0.178599,True,0.0,True,0.0,True
48121021414,0.203627,south-central-tx,0.610881,True,0.0,True,0.0,True
48121021415,0.0,south-central-tx,0.0,True,0.0,True,0.0,True
48121021416,0.0,south-central-tx,0.0,False,0.0,True,0.0,True
48121021417,0.0,south-central-tx,0.0,False,0.0,True,0.0,True
48121021418,0.0,south-central-tx,0.0,True,0.0,True,0.0,True
48121021419,0.0,south-central-tx,0.0,True,0.0,True,0.0,True
48121021420,0.001757,south-central-tx,0.0,False,0.003515,True,0.0,True
48121021421,0.0,south-central-tx,0.0,True,0.0,True,0.0,True
48121021422,0.0,south-central-tx,0.0,False,0.0,True,0.0,True
48121021423,0.004898,south-central-tx,0.0,False,0.009795,True,0.0,True
48121021502,0.055556,south-central-tx,0.0,True,0.0,True,0.166667,True
48121021505,0.0,south-central-tx,0.0,True,0.0,True,0.0,True
48121021512,0.003924,south-central-tx,0.0,False,0.007849,True,0.0,True
48121021513,0.002913,south-central-tx,0.0,True,0.008739,True,0.0,True
48121021514,0.005299,south-central-tx,0.0,False,0.010599,True,0.0,True
48121021516,0.003462,south-central-tx,0.0,False,0.006925,True,0.0,True
48121021517,0.033294,south-central-tx,0.0,False,0.0,True,0.066589,True
48121021518,0.125,south-central-tx,0.0,False,0.0,True,0.25,True
48121021520,0.000383,south-central-tx,0.0,False,0.000766,True,0.0,True
48121021521,0.006591,south-central-tx,0.0,False,0.013182,True,0.0,True
48121021522,0.0,south-central-tx,0.0,False,0.0,True,0.0,True
48121021526,0.00275,south-central-tx,0.0,True,0.00825,True,0.0,True
48121021528,0.007995,south-central-tx,0.0,False,0.01599,True,0.0,True
48121021529,0.005356,south-central-tx,0.0,False,0.010712,True,0.0,True
48121021530,0.029274,south-central-tx,0.0,False,0.0,True,0.058548,True
48121021531,0.003555,south-central-tx,0.0,False,0.007109,True,0.0,True
48121021532,0.006173,south-central-tx,0.0,False,0.012346,True,0.0,True
48121021533,0.00603,south-central-tx,0.0,False,0.012059,True,0.0,True
48121021534,0.0,south-central-tx,0.0,False,0.0,True,0.0,True
48121021535,0.183672,south-central-tx,0.0,False,0.0,True,0.367343,True
48121021536,0.0,south-central-tx,0.0,False,0.0,True,0.0,True
48121021537,0.02009,south-central-tx,0.0,False,0.0,True,0.04018,True
48121021538,0.083333,south-central-tx,0.0,False,0.0,True,0.166667,True
48121021539,0.126699,south-central-tx,0.0,False,0.0,True,0.253399,True
48121021540,0.0,south-central-tx,0.0,False,0.0,True,0.0,True
48121021611,0.005229,south-central-tx,0.0,False,0.010458,True,0.0,True
48121021612,0.0,south-central-tx,0.0,False,0.0,True,0.0,True
48121021613,0.008408,south-central-tx,0.0,False,0.016815,True,0.0,True
48121021614,0.005119,south-central-tx,0.0,False,0.010239,True,0.0,True
48121021615,0.001553,south-central-tx,0.0,False,0.003106,True,0.0,True
48121021616,0.007121,south-central-tx,0.0,False,0.014242,True,0.0,True
48121021618,0.0,south-central-tx,0.0,True,0.0,True,0.0,True
48121021619,0.023088,south-central-tx,0.069263,True,0.0,True,0.0,True
48121021620,0.0,south-central-tx,0.0,True,0.0,True,0.0,True
48121021621,0.100903,south-central-tx,0.0,True,0.010246,True,0.292464,True
48121021622,0.001839,south-central-tx,0.0,False,0.003678,True,0.0,True
48121021626,0.0,south-central-tx,0.0,True,0.0,True,0.0,True
48121021630,0.0,south-central-tx,0.0,False,0.0,True,0.0,True
48121021631,0.0,south-central-tx,0.0,False,0.0,True,0.0,True
48121021632,0.007292,south-central-tx,0.0,True,0.021877,True,0.0,True
48121021633,0.007471,south-central-tx,0.0,False,0.014943,True,0.0,True
48121021634,0.0,south-central-tx,0.0,True,0.0,True,0.0,True
48121021635,0.0,south-central-tx,0.0,False,0.0,True,0.0,True
48121021637,0.007445,south-central-tx,0.0,True,0.022335,True,0.0,True
48121021638,0.010013,south-central-tx,0.0,False,0.020025,True,0.0,True
48121021639,0.0,south-central-tx,0.0,False,0.0,True,0.0,True
48121021640,0.005464,south-central-tx,0.0,False,0.010929,True,0.0,True
48121021641,0.006048,south-central-tx,0.0,False,0.012097,True,0.0,True
48121021642,0.0,south-central-tx,0.0,False,0.0,True,0.0,True
48121021643,0.0,south-central-tx,0.0,False,0.0,True,0.0,True
48121021644,0.415065,south-central-tx,0.0,False,0.0,True,0.83013,True
48121021645,0.081943,south-central-tx,0.245829,True,0.0,True,0.0,True
48121021646,0.0,south-central-tx,0.0,True,0.0,True,0.0,True
48121021647,0.0,south-central-tx,0.0,False,0.0,True,0.0,True
48121021648,0.0,south-central-tx,0.0,False,0.0,True,0.0,True
48121021649,0.000477,south-central-tx,0.0,True,0.001431,True,0.0,True
48121021650,0.0,south-central-tx,0.0,True,0.0,True,0.0,True
48121021651,0.0,south-central-tx,0.0,False,0.0,True,0.0,True
48121021652,0.0,south-central-tx,0.0,False,0.0,True,0.0,True
48121021653,0.166667,south-central-tx,0.0,True,0.0,True,0.5,True
48121021654,0.0,south-central-tx,0.0,True,0.0,True,0.0,True
48121021655,0.0,south-central-tx,0.0,True,0.0,True,0.0,True
48121021715,0.0,south-central-tx,0.0,False,0.0,True,0.0,True
48121021716,0.0,south-central-tx,0.0,True,0.0,True,0.0,True
48121021717,0.0,south-central-tx,0.0,False,0.0,True,0.0,True
48121021719,0.03268,south-central-tx,0.0,False,0.065359,True,0.0,True
48121021720,0.0,south-central-tx,0.0,False,0.0,True,0.0,True
48121021721,0.001138,south-central-tx,0.0,False,0.002276,True,0.0,True
48121021722,0.012158,south-central-tx,0.0,False,0.024316,True,0.0,True
48121021723,0.0,south-central-tx,0.0,False,0.0,True,0.0,True
48121021724,0.0,south-central-tx,0.0,False,0.0,True,0.0,True
48121021725,0.000756,south-central-tx,0.0,False,0.001512,True,0.0,True
48121021726,0.0,south-central-tx,0.0,False,0.0,True,0.0,True
48121021727,0.0,south-central-tx,0.0,False,0.0,True,0.0,True
48121021728,0.166667,south-central-tx,0.0,True,0.0,True,0.5,True
48121021729,0.001315,south-central-tx,0.0,False,0.002629,True,0.0,True
48121021730,0.0,south-central-tx,0.0,False,0.0,True,0.0,True
48121021731,0.0,south-central-tx,0.0,False,0.0,True,0.0,True
48121021732,0.128875,south-central-tx,0.386626,True,0.0,True,0.0,True
48121021733,0.0,south-central-tx,0.0,True,0.0,True,0.0,True
48121021734,0.102279,south-central-tx,0.306836,True,0.0,True,0.0,True
48121021735,0.0,south-central-tx,0.0,True,0.0,True,0.0,True
48121021736,0.0,south-central-tx,0.0,True,0.0,True,0.0,True
48121021737,0.0,south-central-tx,0.0,True,0.0,True,0.0,True
48121021738,0.0,south-central-tx,0.0,True,0.0,True,0.0,True
48121021739,0.004152,south-central-tx,0.012456,True,0.0,True,0.0,True
48121021740,0.0,south-central-tx,0.0,True,0.0,True,0.0,True
48121021741,0.0,south-central-tx,0.0,False,0.0,True,0.0,True
48121021742,0.0,south-central-tx,0.0,False,0.0,True,0.0,True
48121021743,0.0,south-central-tx,0.0,False,0.0,True,0.0,True
48121021744,0.0,south-central-tx,0.0,True,0.0,True,0.0,True
48121021745,0.0,south-central-tx,0.0,True,0.0,True,0.0,True
48121021746,0.0,south-central-tx,0.0,False,0.0,True,0.0,True
48121021748,0.004316,south-central-tx,0.0,False,0.008632,True,0.0,True
48121021749,0.00249,south-central-tx,0.0,False,0.004979,True,0.0,True
48121021750,0.12724,south-central-tx,0.0,False,0.00448,True,0.25,True
48121021751,0.001822,south-central-tx,0.0,False,0.003644,True,0.0,True
48121021752,0.002249,south-central-tx,0.0,False,0.004499,True,0.0,True
48121021754,0.0,south-central-tx,0.0,False,0.0,True,0.0,True
48121021755,0.001704,south-central-tx,0.0,False,0.003408,True,0.0,True
48121021756,0.004065,south-central-tx,0.0,False,0.00813,True,0.0,True
48121021757,0.060164,south-central-tx,0.0,False,0.0,True,0.120329,True
48121021758,0.0,south-central-tx,0.0,False,0.0,True,0.0,True
48121021759,0.0,south-central-tx,0.0,False,0.0,True,0.0,True
48121021800,0.0,south-central-tx,0.0,False,0.0,True,0.0,True
48121021900,0.001454,south-central-tx,0.0,False,0.002908,True,0.0,True
48123970100,0.000525,south-central-tx,0.0,True,0.001576,True,0.0,True
48123970201,0.208332,south-central-tx,0.611134,True,0.013861,True,0.0,True
48123970202,0.086616,south-central-tx,0.0,True,0.009847,True,0.25,True
48123970300,0.002557,south-central-tx,0.0,True,0.00767,True,0.0,True
48123970400,0.0513,south-central-tx,0.017989,True,0.010911,True,0.125,True
48123970500,0.087296,south-central-tx,0.0,True,0.011889,True,0.25,True
48125950300,0.086589,south-central-tx,0.0,True,0.009767,True,0.25,True
48127950201,0.097566,south-central-tx,0.287308,True,0.005391,True,0.0,True
48127950202,0.0,south-central-tx,0.0,True,0.0,True,0.0,True
48127950400,0.111111,south-central-tx,0.0,True,0.0,True,0.333334,True
48131950100,0.001309,south-central-tx,0.0,True,0.003926,True,0.0,True
48131950200,0.030293,south-central-tx,0.090573,True,0.000305,True,0.0,True
48131950500,0.111111,south-central-tx,0.0,True,0.0,True,0.333333,True
48133950100,0.0,south-central-tx,0.0,True,0.0,True,0.0,True
48133950201,0.001768,south-central-tx,0.0,True,0.005303,True,0.0,True
48133950202,0.032858,south-central-tx,0.0,True,0.036073,True,0.0625,True
48133950301,0.144483,south-central-tx,0.432716,True,0.000732,True,0.0,True
48133950302,0.0054,south-central-tx,0.0,True,0.016199,True,0.0,True
48133950400,0.005078,south-central-tx,0.0,True,0.015234,True,0.0,True
48133950500,0.087619,south-central-tx,0.0,True,0.012857,True,0.25,True
48137950300,0.055556,south-central-tx,0.0,True,0.0,True,0.166667,True
48139060103,0.0,south-central-tx,0.0,False,0.0,True,0.0,True
48139060104,0.0,south-central-tx,0.0,True,0.0,True,0.0,True
48139060105,0.0,south-central-tx,0.0,True,0.0,True,0.0,True
48139060106,0.0,south-central-tx,0.0,True,0.0,True,0.0,True
48139060206,0.166667,south-central-tx,0.0,True,0.0,True,0.5,True
48139060207,0.135642,south-central-tx,0.406927,True,0.0,True,0.0,True
48139060209,0.0,south-central-tx,0.0,True,0.0,True,0.0,True
48139060211,0.0,south-central-tx,0.0,True,0.0,True,0.0,True
48139060212,0.041667,south-central-tx,0.0,True,0.0,True,0.125,True
48139060215,0.0,south-central-tx,0.0,True,0.0,True,0.0,True
48139060216,0.083333,south-central-tx,0.0,True,0.0,True,0.25,True
48139060217,0.0,south-central-tx,0.0,True,0.0,True,0.0,True
48139060218,0.0,south-central-tx,0.0,False,0.0,True,0.0,True
48139060219,0.019385,south-central-tx,0.058155,True,0.0,True,0.0,True
48139060220,0.125,south-central-tx,0.0,False,0.0,True,0.25,True
48139060221,0.0,south-central-tx,0.0,False,0.0,True,0.0,True
48139060300,0.0,south-central-tx,0.0,True,0.0,True,0.0,True
48139060400,0.0,south-central-tx,0.0,True,0.0,True,0.0,True
48139060500,0.0,south-central-tx,0.0,True,0.0,True,0.0,True
48139060601,0.003149,south-central-tx,0.0,True,0.009446,True,0.0,True
48139060602,0.0,south-central-tx,0.0,True,0.0,True,0.0,True
48139060702,0.0,south-central-tx,0.0,True,0.0,True,0.0,True
48139060704,0.083333,south-central-tx,0.0,True,0.0,True,0.25,True
48139060801,0.0,south-central-tx,0.0,True,0.0,True,0.0,True
48139060802,0.0,south-central-tx,0.0,True,0.0,True,0.0,True
48139060803,0.0,south-central-tx,0.0,True,0.0,True,0.0,True
48139060900,0.0,south-central-tx,0.0,False,0.0,True,0.0,True
48139061000,0.083333,south-central-tx,0.0,True,0.0,True,0.25,True
48139061100,0.083333,south-central-tx,0.0,True,0.0,True,0.25,True
48139061200,0.041667,south-central-tx,0.0,True,0.0,True,0.125,True
48139061300,0.083333,south-central-tx,0.0,True,0.0,True,0.25,True
48139061401,0.0,south-central-tx,0.0,True,0.0,True,0.0,True
48139061402,0.083333,south-central-tx,0.0,True,0.0,True,0.25,True
48139061500,0.083333,south-central-tx,0.0,True,0.0,True,0.25,True
48139061600,0.0,south-central-tx,0.0,True,0.0,True,0.0,True
48139061700,0.055556,south-central-tx,0.0,True,0.0,True,0.166666,True
48143950100,0.041667,south-central-tx,0.0,True,0.0,True,0.125,True
48143950201,0.0,south-central-tx,0.0,True,0.0,True,0.0,True
48143950203,0.0,south-central-tx,0.0,True,0.0,True,0.0,True
48143950204,0.041667,south-central-tx,0.0,True,0.0,True,0.125,True
48143950301,0.0,south-central-tx,0.0,True,0.0,True,0.0,True
48143950302,0.073352,south-central-tx,0.053388,True,0.0,True,0.166667,True
48143950401,0.242607,south-central-tx,0.727821,True,0.0,True,0.0,True
48143950402,0.12261,south-central-tx,0.367831,True,0.0,True,0.0,True
48143950501,0.128123,south-central-tx,0.38437,True,0.0,True,0.0,True
48143950502,0.213492,south-central-tx,0.640476,True,0.0,True,0.0,True
48143950600,0.241324,south-central-tx,0.473972,True,0.0,True,0.25,True
48143950700,0.083333,south-central-tx,0.0,True,0.0,True,0.25,True
48145000200,0.096465,south-central-tx,0.031984,True,0.007412,True,0.25,True
48145000300,0.168282,south-central-tx,0.254846,True,0.0,True,0.25,True
48145000400,0.179076,south-central-tx,0.536313,True,0.000915,True,0.0,True
48145000500,0.042902,south-central-tx,0.0,True,0.003705,True,0.125,True
48145000700,0.002752,south-central-tx,0.0,True,0.008256,True,0.0,True
48145000800,0.084528,south-central-tx,0.0,True,0.003585,True,0.25,True
48147950100,0.0,south-central-tx,0.0,True,0.0,True,0.0,True
48147950300,0.001109,south-central-tx,0.0,True,0.003326,True,0.0,True
48147950401,0.226507,south-central-tx,0.67952,True,0.0,True,0.0,True
48147950402,0.108734,south-central-tx,0.320101,True,0.006101,True,0.0,True
48147950500,0.13207,south-central-tx,0.021209,True,0.0,True,0.375,True
48147950600,0.274665,south-central-tx,0.323996,True,0.0,True,0.5,True
48147950701,0.042461,south-central-tx,0.126168,True,0.001214,True,0.0,True
48147950702,0.050664,south-central-tx,0.144774,True,0.007218,True,0.0,True
48147950800,0.055945,south-central-tx,0.0,True,0.001167,True,0.166667,True
48149970100,0.027778,south-central-tx,0.0,True,0.0,True,0.083333,True
48149970200,0.17135,south-central-tx,0.0,True,0.01405,True,0.5,True
48149970301,0.047657,south-central-tx,0.135419,True,0.007551,True,0.0,True
48149970302,0.056986,south-central-tx,0.004291,True,0.0,True,0.166667,True
48149970400,0.002509,south-central-tx,0.0,True,0.007528,True,0.0,True
48149970500,0.083333,south-central-tx,0.0,True,0.0,True,0.25,True
48149970601,0.003412,south-central-tx,0.0,True,0.010235,True,0.0,True
48149970602,0.095462,south-central-tx,0.113803,True,0.005917,True,0.166667,True
48149970700,0.042007,south-central-tx,0.0,True,0.001021,True,0.125,True
48151950300,0.001832,south-central-tx,0.0,True,0.005497,True,0.0,True
48151950400,0.130067,south-central-tx,0.0,True,0.015202,True,0.375,True
48155950100,0.083519,south-central-tx,0.0,True,0.000558,True,0.25,True
48157670101,0.002761,south-central-tx,0.0,False,0.005522,True,0.0,True
48157670102,0.000482,south-central-tx,0.0,False,0.000963,True,0.0,True
48157670201,0.002439,south-central-tx,0.0,False,0.004878,True,0.0,True
48157670202,0.0,south-central-tx,0.0,False,0.0,True,0.0,True
48157670300,0.0,south-central-tx,0.0,False,0.0,True,0.0,True
48157670400,0.0,south-central-tx,0.0,True,0.0,True,0.0,True
48157670500,0.0,south-central-tx,0.0,True,0.0,True,0.0,True
48157670602,0.0,south-central-tx,0.0,True,0.0,True,0.0,True
48157670603,0.0,south-central-tx,0.0,True,0.0,True,0.0,True
48157670604,0.0,south-central-tx,0.0,True,0.0,True,0.0,True
48157670700,0.0,south-central-tx,0.0,True,0.0,True,0.0,True
48157670801,0.166667,south-central-tx,0.0,True,0.0,True,0.5,True
48157670802,0.0,south-central-tx,0.0,True,0.0,True,0.0,True
48157670803,0.000999,south-central-tx,0.0,False,0.001999,True,0.0,True
48157670804,0.028394,south-central-tx,0.0,True,0.0,True,0.085181,True
48157670902,0.003001,south-central-tx,0.0,True,0.009003,True,0.0,True
48157670903,9.4e-05,south-central-tx,0.0,True,0.000282,True,0.0,True
48157670904,0.001421,south-central-tx,0.0,True,0.004263,True,0.0,True
48157671001,0.00208,south-central-tx,0.0,True,0.00624,True,0.0,True
48157671002,0.0,south-central-tx,0.0,False,0.0,True,0.0,True
48157671101,0.0,south-central-tx,0.0,False,0.0,True,0.0,True
48157671102,0.0,south-central-tx,0.0,False,0.0,True,0.0,True
48157671200,0.041667,south-central-tx,0.0,False,0.0,True,0.083334,True
48157671300,0.0,south-central-tx,0.0,True,0.0,True,0.0,True
48157671401,0.0,south-central-tx,0.0,True,0.0,True,0.0,True
48157671402,0.25,south-central-tx,0.0,False,0.0,True,0.5,True
48157671501,0.001377,south-central-tx,0.0,False,0.002755,True,0.0,True
48157671502,0.000823,south-central-tx,0.0,True,0.002469,True,0.0,True
48157671601,0.00069,south-central-tx,0.0,True,0.00207,True,0.0,True
48157671602,0.000413,south-central-tx,0.0,True,0.00124,True,0.0,True
48157671700,0.092937,south-central-tx,0.17881,True,0.0,True,0.1,True
48157671800,0.0,south-central-tx,0.0,True,0.0,True,0.0,True
48157671900,0.0,south-central-tx,0.0,True,0.0,True,0.0,True
48157672002,0.0,south-central-tx,0.0,True,0.0,True,0.0,True
48157672003,0.004094,south-central-tx,0.0,True,0.012282,True,0.0,True
48157672004,0.0,south-central-tx,0.0,False,0.0,True,0.0,True
48157672100,0.080222,south-central-tx,0.233208,True,0.007459,True,0.0,True
48157672201,0.086196,south-central-tx,0.258587,True,0.0,True,0.0,True
48157672202,0.133627,south-central-tx,0.400882,True,0.0,True,0.0,True
48157672303,0.0,south-central-tx,0.0,True,0.0,True,0.0,True
48157672304,0.0,south-central-tx,0.0,False,0.0,True,0.0,True
48157672305,0.0,south-central-tx,0.0,True,0.0,True,0.0,True
48157672306,0.0,south-central-tx,0.0,False,0.0,True,0.0,True
48157672401,0.004689,south-central-tx,0.0,True,0.014068,True,0.0,True
48157672402,0.0,south-central-tx,0.0,False,0.0,True,0.0,True
48157672500,0.001825,south-central-tx,0.0,True,0.005476,True,0.0,True
48157672602,0.001362,south-central-tx,0.0,False,0.002723,True,0.0,True
48157672603,0.0,south-central-tx,0.0,True,0.0,True,0.0,True
48157672604,0.000808,south-central-tx,0.0,False,0.001617,True,0.0,True
48157672701,0.00029,south-central-tx,0.0,False,0.000581,True,0.0,True
48157672702,0.053662,south-central-tx,0.0,True,0.0,True,0.160988,True
48157672703,0.0,south-central-tx,0.0,True,0.0,True,0.0,True
48157672801,0.0,south-central-tx,0.0,True,0.0,True,0.0,True
48157672802,0.130096,south-central-tx,0.390287,True,0.0,True,0.0,True
48157672901,0.0,south-central-tx,0.0,True,0.0,True,0.0,True
48157672902,0.0,south-central-tx,0.0,True,0.0,True,0.0,True
48157672903,0.000345,south-central-tx,0.0,True,0.001034,True,0.0,True
48157672904,0.22207,south-central-tx,0.0,False,0.0,True,0.44414,True
48157672905,0.0,south-central-tx,0.0,True,0.0,True,0.0,True
48157672906,0.000174,south-central-tx,0.0,True,0.000523,True,0.0,True
48157672907,0.025249,south-central-tx,0.0,True,0.00071,True,0.075036,True
48157673004,0.000833,south-central-tx,0.0,False,0.001667,True,0.0,True
48157673005,0.026589,south-central-tx,0.0,True,0.079768,True,0.0,True
48157673006,0.00438,south-central-tx,0.0,False,0.008761,True,0.0,True
48157673007,0.026289,south-central-tx,0.0,True,0.0,True,0.078868,True
48157673008,0.002591,south-central-tx,0.0,True,0.007774,True,0.0,True
48157673009,0.0,south-central-tx,0.0,True,0.0,True,0.0,True
48157673010,0.023643,south-central-tx,0.0,True,0.070928,True,0.0,True
48157673103,0.016974,south-central-tx,0.0,True,0.050923,True,0.0,True
48157673104,0.004111,south-central-tx,0.0,True,0.012332,True,0.0,True
48157673105,0.00963,south-central-tx,0.0,False,0.019259,True,0.0,True
48157673106,0.005476,south-central-tx,0.0,True,0.016427,True,0.0,True
48157673107,0.009923,south-central-tx,0.0,True,0.029769,True,0.0,True
48157673108,0.0,south-central-tx,0.0,True,0.0,True,0.0,True
48157673109,0.0,south-central-tx,0.0,False,0.0,True,0.0,True
48157673110,0.003909,south-central-tx,0.0,False,0.007684,True,0.000135,True
48157673111,0.003239,south-central-tx,0.0,False,0.006477,True,0.0,True
48157673112,0.02344,south-central-tx,0.0,False,0.04688,True,0.0,True
48157673113,0.067893,south-central-tx,0.0,False,0.010787,True,0.125,True
48157673201,0.000738,south-central-tx,0.0,True,0.002214,True,0.0,True
48157673202,0.0,south-central-tx,0.0,False,0.0,True,0.0,True
48157673300,0.155124,south-central-tx,0.0,False,0.0,True,0.310248,True
48157673401,0.00379,south-central-tx,0.0,True,0.011369,True,0.0,True
48157673402,0.001976,south-central-tx,0.0,False,0.003953,True,0.0,True
48157673403,0.005138,south-central-tx,0.0,True,0.015413,True,0.0,True
48157673404,0.017053,south-central-tx,0.0,True,0.009494,True,0.041667,True
48157673501,0.004385,south-central-tx,0.0,True,0.013154,True,0.0,True
48157673502,0.002759,south-central-tx,0.0,False,0.005517,True,0.0,True
48157673600,0.053161,south-central-tx,0.0,True,0.034483,True,0.125,True
48157673700,0.038906,south-central-tx,0.116718,True,0.0,True,0.0,True
48157673801,0.182157,south-central-tx,0.546471,True,0.0,True,0.0,True
48157673802,0.022119,south-central-tx,0.066358,True,0.0,True,0.0,True
48157673902,0.001693,south-central-tx,0.0,True,0.005079,True,0.0,True
48157673903,0.0,south-central-tx,0.0,True,0.0,True,0.0,True
48157673904,0.208368,south-central-tx,0.621268,True,0.003835,True,0.0,True
48157674001,0.147239,south-central-tx,0.0,False,0.001552,True,0.292926,True
48157674002,0.003005,south-central-tx,0.0,True,0.009016,True,0.0,True
48157674100,0.00011,south-central-tx,0.0,True,0.000331,True,0.0,True
48157674200,0.00246,south-central-tx,0.0,True,0.00738,True,0.0,True
48157674301,0.000478,south-central-tx,0.0,True,0.001435,True,0.0,True
48157674302,0.0,south-central-tx,0.0,True,0.0,True,0.0,True
48157674401,0.001237,south-central-tx,0.0,True,0.003712,True,0.0,True
48157674402,0.216538,south-central-tx,0.0,False,0.002174,True,0.430902,True
48157674403,0.002723,south-central-tx,0.0,False,0.005446,True,0.0,True
48157674404,0.001389,south-central-tx,0.0,False,0.002778,True,0.0,True
48157674503,0.0,south-central-tx,0.0,False,0.0,True,0.0,True
48157674504,0.002961,south-central-tx,0.0,False,0.005922,True,0.0,True
48157674505,0.000605,south-central-tx,0.0,False,0.00121,True,0.0,True
48157674506,0.0,south-central-tx,0.0,True,0.0,True,0.0,True
48157674507,0.0,south-central-tx,0.0,True,0.0,True,0.0,True
48157674508,0.090991,south-central-tx,0.0,True,0.005166,True,0.267807,True
48157674601,0.112916,south-central-tx,0.332155,True,0.006592,True,0.0,True
48157674602,0.144366,south-central-tx,0.433099,True,0.0,True,0.0,True
48157674603,0.002983,south-central-tx,0.0,False,0.005966,True,0.0,True
48157674604,0.087448,south-central-tx,0.247452,True,0.014891,True,0.0,True
48157674701,0.09704,south-central-tx,0.289925,True,0.001194,True,0.0,True
48157674702,0.043375,south-central-tx,0.0,True,0.005124,True,0.125,True
48157674800,0.08897,south-central-tx,0.0,True,0.01691,True,0.25,True
48157674900,0.187462,south-central-tx,0.562385,True,0.0,True,0.0,True
48157675000,0.157302,south-central-tx,0.471905,True,0.0,True,0.0,True
48157675101,0.0,south-central-tx,0.0,True,0.0,True,0.0,True
48157675102,0.0019,south-central-tx,0.0,False,0.003799,True,0.0,True
48157675200,0.205165,south-central-tx,0.606391,True,0.009104,True,0.0,True
48157675300,0.320308,south-central-tx,0.627589,True,0.0,True,0.333334,True
48157675401,0.13752,south-central-tx,0.162559,True,0.0,True,0.25,True
48157675402,0.168209,south-central-tx,0.502576,True,0.002051,True,0.0,True
48157675501,0.111657,south-central-tx,0.084972,True,0.0,True,0.25,True
48157675502,0.001795,south-central-tx,0.0,True,0.005385,True,0.0,True
48157675503,0.0,south-central-tx,0.0,False,0.0,True,0.0,True
48157675600,0.0,south-central-tx,0.0,True,0.0,True,0.0,True
48157675701,0.0,south-central-tx,0.0,True,0.0,True,0.0,True
48157675702,0.0,south-central-tx,0.0,True,0.0,True,0.0,True
48157675800,0.08865,south-central-tx,0.14095,True,0.0,True,0.125,True
48159950101,0.056183,south-central-tx,0.056516,True,0.112033,True,0.0,True
48159950102,0.000263,south-central-tx,0.0,True,0.000789,True,0.0,True
48159950200,0.063838,south-central-tx,0.187297,True,0.004216,True,0.0,True
48159950300,0.196594,south-central-tx,0.520041,True,0.069741,True,0.0,True
48161000101,0.0,south-central-tx,0.0,True,0.0,True,0.0,True
48161000102,0.11956,south-central-tx,0.354882,True,0.003797,True,0.0,True
48161000200,0.216734,south-central-tx,0.400202,True,0.0,True,0.25,True
48161000300,0.118791,south-central-tx,0.346232,True,0.010139,True,0.0,True
48161000400,0.000838,south-central-tx,0.0,True,0.002513,True,0.0,True
48161000600,0.003042,south-central-tx,0.0,True,0.009127,True,0.0,True
48161000700,0.048991,south-central-tx,0.138225,True,0.008748,True,0.0,True
48161000900,0.222231,south-central-tx,0.142751,True,0.023941,True,0.5,True
48163950101,0.011062,south-central-tx,0.0,True,0.033186,True,0.0,True
48163950102,0.007018,south-central-tx,0.0,True,0.021053,True,0.0,True
48163950201,0.005939,south-central-tx,0.0,True,0.017817,True,0.0,True
48163950202,0.0057,south-central-tx,0.0,True,0.017099,True,0.0,True
48163950301,0.0,south-central-tx,0.0,True,0.0,True,0.0,True
48163950302,0.166745,south-central-tx,0.497976,True,0.002257,True,0.0,True
48167720100,0.0,south-central-tx,0.0,False,0.0,True,0.0,True
48167720200,0.0,south-central-tx,0.0,False,0.0,True,0.0,True
48167720301,0.0,south-central-tx,0.0,False,0.0,True,0.0,True
48167720302,0.00977,south-central-tx,0.0,False,0.01954,True,0.0,True
48167720400,0.002957,south-central-tx,0.0,False,0.005914,True,0.0,True
48167720501,0.0,south-central-tx,0.0,True,0.0,True,0.0,True
48167720504,0.001027,south-central-tx,0.0,False,0.002053,True,0.0,True
48167720505,0.0,south-central-tx,0.0,False,0.0,True,0.0,True
48167720506,0.0,south-central-tx,0.0,False,0.0,True,0.0,True
48167720507,0.0,south-central-tx,0.0,False,0.0,True,0.0,True
48167720508,0.0,south-central-tx,0.0,False,0.0,True,0.0,True
48167720509,0.003511,south-central-tx,0.010533,True,0.0,True,0.0,True
48167720510,0.002043,south-central-tx,0.0,True,0.00613,True,0.0,True
48167720511,0.083811,south-central-tx,0.0,True,0.001432,True,0.25,True
48167720512,0.001828,south-central-tx,0.0,False,0.003656,True,0.0,True
48167720601,0.004193,south-central-tx,0.0,True,0.012579,True,0.0,True
48167720602,0.0,south-central-tx,0.0,True,0.0,True,0.0,True
48167720603,0.125,south-central-tx,0.0,False,0.0,True,0.25,True
48167720604,0.007265,south-central-tx,0.0,True,0.021795,True,0.0,True
48167720605,0.007342,south-central-tx,0.0,False,0.014683,True,0.0,True
48167720701,0.083785,south-central-tx,0.251356,True,0.0,True,0.0,True
48167720702,0.035732,south-central-tx,0.107197,True,0.0,True,0.0,True
48167720703,0.065056,south-central-tx,0.167667,True,0.0275,True,0.0,True
48167720800,0.060923,south-central-tx,0.18277,True,0.0,True,0.0,True
48167720900,0.0,south-central-tx,0.0,True,0.0,True,0.0,True
48167721101,0.0,south-central-tx,0.0,False,0.0,True,0.0,True
48167721203,0.0,south-central-tx,0.0,True,0.0,True,0.0,True
48167721204,0.125,south-central-tx,0.0,False,0.0,True,0.25,True
48167721205,0.000831,south-central-tx,0.0,False,0.001661,True,0.0,True
48167721206,0.002337,south-central-tx,0.00701,True,0.0,True,0.0,True
48167721209,0.166667,south-central-tx,0.0,True,0.0,True,0.5,True
48167721301,0.000285,south-central-tx,0.0,False,0.00057,True,0.0,True
48167721302,0.002242,south-central-tx,0.0,False,0.004484,True,0.0,True
48167721401,0.001216,south-central-tx,0.0,False,0.002431,True,0.0,True
48167721403,0.0,south-central-tx,0.0,False,0.0,True,0.0,True
48167721501,0.003213,south-central-tx,0.0,False,0.006427,True,0.0,True
48167721502,0.0,south-central-tx,0.0,False,0.0,True,0.0,True
48167721901,0.020734,south-central-tx,0.0,True,0.062201,True,0.0,True
48167723300,0.048691,south-central-tx,0.146074,True,0.0,True,0.0,True
48167723401,0.301504,south-central-tx,0.400587,True,0.003925,True,0.5,True
48167723402,0.009103,south-central-tx,0.0,False,0.018205,True,0.0,True
48167723403,0.000162,south-central-tx,0.0,True,0.000487,True,0.0,True
48167723503,0.20637,south-central-tx,0.613244,True,0.005867,True,0.0,True
48167723504,0.208746,south-central-tx,0.626238,True,0.0,True,0.0,True
48167723505,0.001212,south-central-tx,0.0,False,0.002424,True,0.0,True
48169950101,0.0,south-central-tx,0.0,True,0.0,True,0.0,True
48169950102,0.055556,south-central-tx,0.0,True,0.0,True,0.166667,True
48169980000,0.180927,south-central-tx,0.54278,True,0.0,True,0.0,True
48171950100,0.043532,south-central-tx,0.0,True,0.005595,True,0.125,True
48171950200,0.004209,south-central-tx,0.0,True,0.012627,True,0.0,True
48171950301,0.12819,south-central-tx,0.380652,True,0.003919,True,0.0,True
48171950302,0.055556,south-central-tx,0.0,True,0.0,True,0.166667,True
48171950401,0.070484,south-central-tx,0.205923,True,0.00553,True,0.0,True
48171950402,0.088327,south-central-tx,0.258848,True,0.006133,True,0.0,True
48171950500,0.061564,south-central-tx,0.184691,True,0.0,True,0.0,True
48173950100,0.083333,south-central-tx,0.0,True,0.0,True,0.25,True
48175960100,0.130627,south-central-tx,0.058547,True,0.0,True,0.333334,True
48175960200,0.055556,south-central-tx,0.0,True,0.0,True,0.166667,True
48177000100,0.157899,south-central-tx,0.140364,True,0.0,True,0.333333,True
48177000200,0.09391,south-central-tx,0.280454,True,0.001276,True,0.0,True
48177000300,0.260478,south-central-tx,0.778537,True,0.002899,True,0.0,True
48177000400,0.235669,south-central-tx,0.701569,True,0.005439,True,0.0,True
48177000500,0.191511,south-central-tx,0.241199,True,0.0,True,0.333333,True
48177000600,0.152024,south-central-tx,0.070951,True,0.01012,True,0.375,True
48181000101,0.092027,south-central-tx,0.276082,True,0.0,True,0.0,True
48181000102,0.172695,south-central-tx,0.434752,True,0.0,True,0.083333,True
48181000302,0.052799,south-central-tx,0.158397,True,0.0,True,0.0,True
48181000304,0.0,south-central-tx,0.0,True,0.0,True,0.0,True
48181000600,0.161068,south-central-tx,0.483205,True,0.0,True,0.0,True
48181000700,0.239467,south-central-tx,0.718401,True,0.0,True,0.0,True
48181000800,0.0,south-central-tx,0.0,True,0.0,True,0.0,True
48181000901,0.166667,south-central-tx,0.0,True,0.0,True,0.5,True
48181000903,0.0,south-central-tx,0.0,True,0.0,True,0.0,True
48181000904,0.0,south-central-tx,0.0,True,0.0,True,0.0,True
48181001101,0.0,south-central-tx,0.0,True,0.0,True,0.0,True
48181001103,0.176067,south-central-tx,0.528202,True,0.0,True,0.0,True
48181001104,0.144286,south-central-tx,0.182859,True,0.0,True,0.25,True
48181001200,0.0,south-central-tx,0.0,True,0.0,True,0.0,True
48181001300,0.205539,south-central-tx,0.616617,True,0.0,True,0.0,True
48181001400,0.042607,south-central-tx,0.127821,True,0.0,True,0.0,True
48181001500,0.25909,south-central-tx,0.527269,True,0.0,True,0.25,True
48181001700,0.083333,south-central-tx,0.0,True,0.0,True,0.25,True
48181001801,0.055556,south-central-tx,0.0,True,0.0,True,0.166667,True
48181001802,0.0,south-central-tx,0.0,True,0.0,True,0.0,True
48181001803,0.083333,south-central-tx,0.0,True,0.0,True,0.25,True
48181001901,0.083333,south-central-tx,0.0,True,0.0,True,0.25,True
48181001902,0.083333,south-central-tx,0.0,True,0.0,True,0.25,True
48181002000,0.004764,south-central-tx,0.014292,True,0.0,True,0.0,True
48183010100,0.027778,south-central-tx,0.0,True,0.0,True,0.083333,True
48183010201,0.236533,south-central-tx,0.542933,True,0.0,True,0.166667,True
48183010202,0.0,south-central-tx,0.0,True,0.0,True,0.0,True
48183010401,0.104199,south-central-tx,0.312596,True,0.0,True,0.0,True
48183010402,0.0,south-central-tx,0.0,True,0.0,True,0.0,True
48183010700,0.122791,south-central-tx,0.368374,True,0.0,True,0.0,True
48185180101,0.0,south-central-tx,0.0,True,0.0,True,0.0,True
48185180102,0.001534,south-central-tx,0.0,True,0.004603,True,0.0,True
48185180201,0.121258,south-central-tx,0.363773,True,0.0,True,0.0,True
48185180202,0.043405,south-central-tx,0.0,True,0.005214,True,0.125,True
48185180302,0.092593,south-central-tx,0.0,True,0.0,True,0.277778,True
48185180303,0.041667,south-central-tx,0.0,True,0.0,True,0.125,True
48185180304,0.083333,south-central-tx,0.0,True,0.0,True,0.25,True
48185180400,0.003472,south-central-tx,0.0,False,0.006944,True,0.0,True
48187210100,0.11394,south-central-tx,0.337795,True,0.004025,True,0.0,True
48187210200,0.068388,south-central-tx,0.205165,True,0.0,True,0.0,True
48187210300,0.21146,south-central-tx,0.634379,True,0.0,True,0.0,True
48187210400,0.077291,south-central-tx,0.231872,True,0.0,True,0.0,True
48187210505,0.0,south-central-tx,0.0,True,0.0,True,0.0,True
48187210506,0.013241,south-central-tx,0.032,True,0.007722,True,0.0,True
48187210508,0.223971,south-central-tx,0.164216,True,0.257696,True,0.25,True
48187210509,0.312602,south-central-tx,0.715053,True,0.222753,True,0.0,True
48187210510,0.25686,south-central-tx,0.077058,True,0.193523,True,0.5,True
48187210511,0.115792,south-central-tx,0.261421,True,0.085954,True,0.0,True
48187210512,0.196769,south-central-tx,0.437701,True,0.152605,True,0.0,True
48187210513,0.056077,south-central-tx,0.0,True,0.168231,True,0.0,True
48187210603,0.042454,south-central-tx,0.0,True,0.002361,True,0.125,True
48187210606,0.12762,south-central-tx,0.317996,True,0.064865,True,0.0,True
48187210608,0.342707,south-central-tx,0.770445,True,0.007675,True,0.25,True
48187210609,0.168932,south-central-tx,0.498955,True,0.00784,True,0.0,True
48187210610,0.0,south-central-tx,0.0,False,0.0,True,0.0,True
48187210611,0.151066,south-central-tx,0.453197,True,0.0,True,0.0,True
48187210612,0.0,south-central-tx,0.0,True,0.0,True,0.0,True
48187210613,0.0,south-central-tx,0.0,False,0.0,True,0.0,True
48187210614,0.0,south-central-tx,0.0,False,0.0,True,0.0,True
48187210705,0.088773,south-central-tx,0.0,False,0.010879,True,0.166667,True
48187210706,0.0,south-central-tx,0.0,False,0.0,True,0.0,True
48187210707,0.0,south-central-tx,0.0,True,0.0,True,0.0,True
48187210709,0.0,south-central-tx,0.0,True,0.0,True,0.0,True
48187210710,0.0,south-central-tx,0.0,False,0.0,True,0.0,True
48187210711,0.0,south-central-tx,0.0,True,0.0,True,0.0,True
48187210712,0.0,south-central-tx,0.0,False,0.0,True,0.0,True
48187210713,0.0,south-central-tx,0.0,True,0.0,True,0.0,True
48187210715,0.0,south-central-tx,0.0,False,0.0,True,0.0,True
48187210716,0.0,south-central-tx,0.0,False,0.0,True,0.0,True
48187210717,0.0,south-central-tx,0.0,False,0.0,True,0.0,True
48187210718,0.0,south-central-tx,0.0,False,0.0,True,0.0,True
48187210803,0.207537,south-central-tx,0.0,True,0.122612,True,0.5,True
48187210804,0.002998,south-central-tx,0.008995,True,0.0,True,0.0,True
48187210805,0.049601,south-central-tx,0.0,True,0.148802,True,0.0,True
48187210806,0.062999,south-central-tx,0.134106,True,0.054891,True,0.0,True
48187210902,0.0,south-central-tx,0.0,True,0.0,True,0.0,True
48187210903,0.047479,south-central-tx,0.135849,True,0.006589,True,0.0,True
48187210904,0.117563,south-central-tx,0.352689,True,0.0,True,0.0,True
48187210905,0.003989,south-central-tx,0.0,True,0.011968,True,0.0,True
48193950100,0.002154,south-central-tx,0.0,True,0.006462,True,0.0,True
48193950200,0.000319,south-central-tx,0.0,True,0.000958,True,0.0,True
48193950300,0.14263,south-central-tx,0.424869,True,0.003021,True,0.0,True
48201100001,0.0,south-central-tx,0.0,True,0.0,True,0.0,True
48201210400,0.0,south-central-tx,0.0,True,0.0,True,0.0,True
48201210500,0.0,south-central-tx,0.0,True,0.0,True,0.0,True
48201210600,0.0,south-central-tx,0.0,True,0.0,True,0.0,True
48201210700,0.0,south-central-tx,0.0,True,0.0,True,0.0,True
48201210800,0.0,south-central-tx,0.0,True,0.0,True,0.0,True
48201210900,0.0,south-central-tx,0.0,True,0.0,True,0.0,True
48201211000,0.047494,south-central-tx,0.142482,True,0.0,True,0.0,True
48201211101,0.096156,south-central-tx,0.288468,True,0.0,True,0.0,True
48201211102,0.0,south-central-tx,0.0,False,0.0,True,0.0,True
48201211200,0.0,south-central-tx,0.0,True,0.0,True,0.0,True
48201211301,0.103369,south-central-tx,0.310108,True,0.0,True,0.0,True
48201211302,0.020554,south-central-tx,0.061661,True,0.0,True,0.0,True
48201211400,0.035925,south-central-tx,0.107774,True,0.0,True,0.0,True
48201211501,0.166667,south-central-tx,0.0,True,0.0,True,0.5,True
48201211502,0.14585,south-central-tx,0.43755,True,0.0,True,0.0,True
48201211600,0.0,south-central-tx,0.0,True,0.0,True,0.0,True
48201211700,0.0,south-central-tx,0.0,True,0.0,True,0.0,True
48201211900,0.0,south-central-tx,0.0,False,0.0,True,0.0,True
48201212300,0.0,south-central-tx,0.0,True,0.0,True,0.0,True
48201212400,0.0,south-central-tx,0.0,True,0.0,True,0.0,True
48201212500,0.027778,south-central-tx,0.0,True,0.0,True,0.083333,True
48201220100,0.018201,south-central-tx,0.054602,True,0.0,True,0.0,True
48201220200,0.036828,south-central-tx,0.110483,True,0.0,True,0.0,True
48201220300,0.0,south-central-tx,0.0,True,0.0,True,0.0,True
48201220400,0.0,south-central-tx,0.0,True,0.0,True,0.0,True
48201220500,0.0,south-central-tx,0.0,True,0.0,True,0.0,True
48201220600,0.041667,south-central-tx,0.0,True,0.0,True,0.125,True
48201220701,0.0,south-central-tx,0.0,True,0.0,True,0.0,True
48201220702,0.0,south-central-tx,0.0,True,0.0,True,0.0,True
48201220800,0.0,south-central-tx,0.0,True,0.0,True,0.0,True
48201220900,0.0,south-central-tx,0.0,True,0.0,True,0.0,True
48201221000,0.0,south-central-tx,0.0,False,0.0,True,0.0,True
48201221100,0.0,south-central-tx,0.0,True,0.0,True,0.0,True
48201221200,0.0,south-central-tx,0.0,True,0.0,True,0.0,True
48201221301,0.0,south-central-tx,0.0,False,0.0,True,0.0,True
48201221302,0.0,south-central-tx,0.0,True,0.0,True,0.0,True
48201221400,0.015596,south-central-tx,0.046788,True,0.0,True,0.0,True
48201221501,0.0,south-central-tx,0.0,True,0.0,True,0.0,True
48201221502,0.006354,south-central-tx,0.019062,True,0.0,True,0.0,True
48201221601,0.0,south-central-tx,0.0,True,0.0,True,0.0,True
48201221602,0.0,south-central-tx,0.0,True,0.0,True,0.0,True
48201221701,0.0,south-central-tx,0.0,True,0.0,True,0.0,True
48201221702,0.0,south-central-tx,0.0,True,0.0,True,0.0,True
48201221800,0.0,south-central-tx,0.0,True,0.0,True,0.0,True
48201221900,0.001331,south-central-tx,0.0,False,0.002662,True,0.0,True
48201222000,0.001359,south-central-tx,0.0,True,0.004076,True,0.0,True
48201222100,0.0,south-central-tx,0.0,True,0.0,True,0.0,True
48201222200,0.0,south-central-tx,0.0,True,0.0,True,0.0,True
48201222300,0.0,south-central-tx,0.0,True,0.0,True,0.0,True
48201222401,0.0,south-central-tx,0.0,True,0.0,True,0.0,True
48201222402,0.0,south-central-tx,0.0,True,0.0,True,0.0,True
48201222501,0.0,south-central-tx,0.0,True,0.0,True,0.0,True
48201222502,0.179617,south-central-tx,0.035846,True,0.003005,True,0.5,True
48201222504,0.0,south-central-tx,0.0,False,0.0,True,0.0,True
48201222505,0.001448,south-central-tx,0.0,True,0.004343,True,0.0,True
48201222601,0.0,south-central-tx,0.0,True,0.0,True,0.0,True
48201222602,0.0,south-central-tx,0.0,True,0.0,True,0.0,True
48201222701,0.166667,south-central-tx,0.0,True,0.0,True,0.5,True
48201222702,0.00463,south-central-tx,0.0,True,0.013889,True,0.0,True
48201222800,0.001154,south-central-tx,0.003461,True,0.0,True,0.0,True
48201222900,0.0,south-central-tx,0.0,False,0.0,True,0.0,True
48201223001,0.001468,south-central-tx,0.0,True,0.004405,True,0.0,True
48201223002,0.0,south-central-tx,0.0,False,0.0,True,0.0,True
48201223100,0.0,south-central-tx,0.0,True,0.0,True,0.0,True
48201230100,0.0,south-central-tx,0.0,True,0.0,True,0.0,True
48201230200,0.0,south-central-tx,0.0,True,0.0,True,0.0,True
48201230300,0.0,south-central-tx,0.0,False,0.0,True,0.0,True
48201230400,0.0,south-central-tx,0.0,True,0.0,True,0.0,True
48201230500,0.11691,south-central-tx,0.350731,True,0.0,True,0.0,True
48201230600,0.0,south-central-tx,0.0,False,0.0,True,0.0,True
48201230700,0.0,south-central-tx,0.0,False,0.0,True,0.0,True
48201230800,0.0,south-central-tx,0.0,False,0.0,True,0.0,True
48201230900,0.0,south-central-tx,0.0,True,0.0,True,0.0,True
48201231000,0.0,south-central-tx,0.0,False,0.0,True,0.0,True
48201231100,0.0,south-central-tx,0.0,False,0.0,True,0.0,True
48201231200,0.000777,south-central-tx,0.0,False,0.001554,True,0.0,True
48201231300,0.000312,south-central-tx,0.0,False,0.000624,True,0.0,True
48201231400,0.0,south-central-tx,0.0,False,0.0,True,0.0,True
48201231500,0.0,south-central-tx,0.0,False,0.0,True,0.0,True
48201231600,0.0,south-central-tx,0.0,False,0.0,True,0.0,True
48201231700,0.115744,south-central-tx,0.347231,True,0.0,True,0.0,True
48201231800,0.0,south-central-tx,0.0,False,0.0,True,0.0,True
48201231900,0.00019,south-central-tx,0.0,False,0.00038,True,0.0,True
48201232000,0.005513,south-central-tx,0.0,False,0.011025,True,0.0,True
48201232100,0.139383,south-central-tx,0.416166,True,0.001982,True,0.0,True
48201232201,0.01187,south-central-tx,0.03561,True,0.0,True,0.0,True
48201232202,0.00145,south-central-tx,0.0,False,0.0029,True,0.0,True
48201232203,0.093822,south-central-tx,0.279373,True,0.002094,True,0.0,True
48201232303,0.0,south-central-tx,0.0,True,0.0,True,0.0,True
48201232304,0.0,south-central-tx,0.0,False,0.0,True,0.0,True
48201232305,0.001246,south-central-tx,0.0,True,0.003739,True,0.0,True
48201232306,0.003713,south-central-tx,0.0,True,0.01114,True,0.0,True
48201232402,0.001639,south-central-tx,0.0,False,0.003279,True,0.0,True
48201232403,0.0,south-central-tx,0.0,True,0.0,True,0.0,True
48201232404,0.001225,south-central-tx,0.0,True,0.003674,True,0.0,True
48201232405,0.000777,south-central-tx,0.0,True,0.00233,True,0.0,True
48201232500,0.0,south-central-tx,0.0,True,0.0,True,0.0,True
48201232600,0.0,south-central-tx,0.0,True,0.0,True,0.0,True
48201232701,0.002241,south-central-tx,0.0,True,0.006723,True,0.0,True
48201232703,0.001412,south-central-tx,0.0,True,0.004237,True,0.0,True
48201232704,0.005952,south-central-tx,0.0,True,0.017857,True,0.0,True
48201232801,0.0,south-central-tx,0.0,False,0.0,True,0.0,True
48201232802,0.0,south-central-tx,0.0,False,0.0,True,0.0,True
48201232901,0.0,south-central-tx,0.0,False,0.0,True,0.0,True
48201232902,0.005007,south-central-tx,0.0,False,0.010014,True,0.0,True
48201233001,0.007098,south-central-tx,0.0,False,0.014196,True,0.0,True
48201233002,0.106122,south-central-tx,0.318365,True,0.0,True,0.0,True
48201233003,0.06741,south-central-tx,0.195366,True,0.006865,True,0.0,True
48201233101,0.002852,south-central-tx,0.0,False,0.005705,True,0.0,True
48201233103,0.000454,south-central-tx,0.0,True,0.001361,True,0.0,True
48201233104,0.054267,south-central-tx,0.161679,True,0.001121,True,0.0,True
48201233105,0.052924,south-central-tx,0.155677,True,0.003096,True,0.0,True
48201233200,0.043756,south-central-tx,0.0,True,0.006267,True,0.125,True
48201233300,0.000628,south-central-tx,0.0,True,0.001885,True,0.0,True
48201233400,0.0,south-central-tx,0.0,True,0.0,True,0.0,True
48201233501,0.003975,south-central-tx,0.0,False,0.007949,True,0.0,True
48201233502,0.001619,south-central-tx,0.0,False,0.003239,True,0.0,True
48201233600,0.04709,south-central-tx,0.141269,True,0.0,True,0.0,True
48201233701,0.0,south-central-tx,0.0,True,0.0,True,0.0,True
48201233702,0.002769,south-central-tx,0.0,False,0.005537,True,0.0,True
48201233703,0.006655,south-central-tx,0.0,False,0.01331,True,0.0,True
48201240101,0.095762,south-central-tx,0.287287,True,0.0,True,0.0,True
48201240102,0.0,south-central-tx,0.0,True,0.0,True,0.0,True
48201240400,0.0,south-central-tx,0.0,True,0.0,True,0.0,True
48201240503,0.007752,south-central-tx,0.0,True,0.023256,True,0.0,True
48201240504,0.0,south-central-tx,0.0,False,0.0,True,0.0,True
48201240505,0.006667,south-central-tx,0.0,False,0.013333,True,0.0,True
48201240506,0.002728,south-central-tx,0.0,True,0.008183,True,0.0,True
48201240600,0.006734,south-central-tx,0.0,True,0.020202,True,0.0,True
48201240703,0.001852,south-central-tx,0.0,True,0.005556,True,0.0,True
48201240704,0.000272,south-central-tx,0.0,True,0.000816,True,0.0,True
48201240705,0.000673,south-central-tx,0.0,True,0.002019,True,0.0,True
48201240706,0.0,south-central-tx,0.0,True,0.0,True,0.0,True
48201240707,0.0,south-central-tx,0.0,True,0.0,True,0.0,True
48201240802,0.000649,south-central-tx,0.0,True,0.001947,True,0.0,True
48201240803,0.0,south-central-tx,0.0,True,0.0,True,0.0,True
48201240804,0.0,south-central-tx,0.0,True,0.0,True,0.0,True
48201240903,0.253621,south-central-tx,0.0,False,0.007243,True,0.5,True
48201240904,0.001907,south-central-tx,0.0,True,0.005722,True,0.0,True
48201240905,0.005985,south-central-tx,0.0,False,0.011971,True,0.0,True
48201240906,0.0,south-central-tx,0.0,False,0.0,True,0.0,True
48201241001,0.001,south-central-tx,0.0,False,0.002,True,0.0,True
48201241002,0.0,south-central-tx,0.0,False,0.0,True,0.0,True
48201241101,0.125,south-central-tx,0.0,False,0.0,True,0.25,True
48201241103,0.000821,south-central-tx,0.0,False,0.001643,True,0.0,True
48201241104,0.0,south-central-tx,0.0,False,0.0,True,0.0,True
48201241105,0.125302,south-central-tx,0.0,False,0.000603,True,0.25,True
48201241201,0.001826,south-central-tx,0.0,False,0.003653,True,0.0,True
48201241202,0.164468,south-central-tx,0.242821,True,0.000584,True,0.25,True
48201241301,0.0,south-central-tx,0.0,True,0.0,True,0.0,True
48201241302,0.0,south-central-tx,0.0,True,0.0,True,0.0,True
48201241400,0.002177,south-central-tx,0.004759,True,0.001771,True,0.0,True
48201241501,0.004655,south-central-tx,0.0,True,0.013966,True,0.0,True
48201241502,0.0,south-central-tx,0.0,True,0.0,True,0.0,True
48201241503,0.0,south-central-tx,0.0,True,0.0,True,0.0,True
48201250101,0.13021,south-central-tx,0.39063,True,0.0,True,0.0,True
48201250102,0.0,south-central-tx,0.0,False,0.0,True,0.0,True
48201250201,0.029289,south-central-tx,0.087867,True,0.0,True,0.0,True
48201250202,0.107397,south-central-tx,0.322191,True,0.0,True,0.0,True
48201250303,0.078004,south-central-tx,0.234013,True,0.0,True,0.0,True
48201250304,0.078304,south-central-tx,0.234912,True,0.0,True,0.0,True
48201250305,0.0,south-central-tx,0.0,False,0.0,True,0.0,True
48201250306,0.0,south-central-tx,0.0,False,0.0,True,0.0,True
48201250403,0.001491,south-central-tx,0.0,False,0.002983,True,0.0,True
48201250404,0.006753,south-central-tx,0.0,False,0.013507,True,0.0,True
48201250405,0.000397,south-central-tx,0.0,False,0.000794,True,0.0,True
48201250406,0.0,south-central-tx,0.0,False,0.0,True,0.0,True
48201250407,0.0,south-central-tx,0.0,False,0.0,True,0.0,True
48201250408,0.0,south-central-tx,0.0,True,0.0,True,0.0,True
48201250500,0.0,south-central-tx,0.0,False,0.0,True,0.0,True
48201250601,0.083333,south-central-tx,0.0,True,0.0,True,0.25,True
48201250602,0.0,south-central-tx,0.0,False,0.0,True,0.0,True
48201250701,0.0,south-central-tx,0.0,True,0.0,True,0.0,True
48201250702,0.003081,south-central-tx,0.0,False,0.006161,True,0.0,True
48201250801,0.012597,south-central-tx,0.0,False,0.025195,True,0.0,True
48201250802,0.009544,south-central-tx,0.0,False,0.019089,True,0.0,True
48201250901,0.0,south-central-tx,0.0,False,0.0,True,0.0,True
48201250902,0.102572,south-central-tx,0.0,False,0.051656,True,0.153488,True
48201251000,0.0,south-central-tx,0.0,False,0.0,True,0.0,True
48201251100,0.0,south-central-tx,0.0,True,0.0,True,0.0,True
48201251200,0.0,south-central-tx,0.0,False,0.0,True,0.0,True
48201251300,0.00017,south-central-tx,0.0,False,0.00034,True,0.0,True
48201251401,0.001842,south-central-tx,0.0,False,0.001842,True,,False
48201251402,0.0,south-central-tx,0.0,False,0.0,True,0.0,True
48201251501,0.001102,south-central-tx,0.0,False,0.002203,True,0.0,True
48201251503,0.0,south-central-tx,0.0,False,0.0,True,0.0,True
48201251504,0.00285,south-central-tx,0.0,False,0.005699,True,0.0,True
48201251505,0.089662,south-central-tx,0.0,False,0.040445,True,0.13888,True
48201251600,0.166922,south-central-tx,0.0,True,0.000767,True,0.5,True
48201251701,0.0,south-central-tx,0.0,False,0.0,True,0.0,True
48201251702,0.008986,south-central-tx,0.0,False,0.017972,True,0.0,True
48201251800,0.25,south-central-tx,0.0,False,0.0,True,0.5,True
48201251902,0.004508,south-central-tx,0.0,False,0.0,True,0.009016,True
48201251903,0.005975,south-central-tx,0.0,False,0.011951,True,0.0,True
48201251904,0.125,south-central-tx,0.0,False,0.0,True,0.25,True
48201252001,0.0,south-central-tx,0.0,True,0.0,True,0.0,True
48201252002,0.000164,south-central-tx,0.0,True,0.000493,True,0.0,True
48201252003,0.0,south-central-tx,0.0,False,0.0,True,0.0,True
48201252100,0.0,south-central-tx,0.0,False,0.0,True,0.0,True
48201252201,0.106005,south-central-tx,0.318016,True,0.0,True,0.0,True
48201252202,0.002424,south-central-tx,0.0,True,0.007271,True,0.0,True
48201252303,0.0,south-central-tx,0.0,False,0.0,True,0.0,True
48201252304,0.151619,south-central-tx,0.449676,True,0.005181,True,0.0,True
48201252305,0.0,south-central-tx,0.0,False,0.0,True,0.0,True
48201252306,0.0,south-central-tx,0.0,False,0.0,True,0.0,True
48201252400,0.0,south-central-tx,0.0,True,0.0,True,0.0,True
48201252500,0.084669,south-central-tx,0.129008,True,0.0,True,0.125,True
48201252601,0.00187,south-central-tx,0.0,True,0.005611,True,0.0,True
48201252602,0.037429,south-central-tx,0.112286,True,0.0,True,0.0,True
48201252700,0.105028,south-central-tx,0.315085,True,0.0,True,0.0,True
48201252800,0.0,south-central-tx,0.0,True,0.0,True,0.0,True
48201252901,0.0,south-central-tx,0.0,True,0.0,True,0.0,True
48201252902,0.0,south-central-tx,0.0,True,0.0,True,0.0,True
48201253000,0.014045,south-central-tx,0.0,True,0.042136,True,0.0,True
48201253202,0.011722,south-central-tx,0.0,True,0.035166,True,0.0,True
48201253300,0.0,south-central-tx,0.0,True,0.0,True,0.0,True
48201253502,0.0,south-central-tx,0.0,True,0.0,True,0.0,True
48201310101,0.0,south-central-tx,0.0,True,0.0,True,0.0,True
48201310102,0.0,south-central-tx,0.0,True,0.0,True,0.0,True
48201310200,0.083333,south-central-tx,0.0,True,0.0,True,0.25,True
48201310300,0.0,south-central-tx,0.0,True,0.0,True,0.0,True
48201310400,0.0625,south-central-tx,0.0,False,0.0,True,0.125,True
48201310500,0.0,south-central-tx,0.0,False,0.0,True,0.0,True
48201310600,0.0,south-central-tx,0.0,True,0.0,True,0.0,True
48201310700,0.0,south-central-tx,0.0,True,0.0,True,0.0,True
48201310800,0.0,south-central-tx,0.0,True,0.0,True,0.0,True
48201310900,0.0,south-central-tx,0.0,True,0.0,True,0.0,True
48201311001,0.111351,south-central-tx,0.334053,True,0.0,True,0.0,True
48201311002,0.126728,south-central-tx,0.380183,True,0.0,True,0.0,True
48201311100,0.0,south-central-tx,0.0,False,0.0,True,0.0,True
48201311200,0.0,south-central-tx,0.0,True,0.0,True,0.0,True
48201311300,0.0,south-central-tx,0.0,True,0.0,True,0.0,True
48201311400,0.083333,south-central-tx,0.0,True,0.0,True,0.25,True
48201311501,0.0,south-central-tx,0.0,True,0.0,True,0.0,True
48201311502,0.0,south-central-tx,0.0,True,0.0,True,0.0,True
48201311600,0.016393,south-central-tx,0.0,True,0.04918,True,0.0,True
48201311701,0.0,south-central-tx,0.0,True,0.0,True,0.0,True
48201311702,0.0,south-central-tx,0.0,True,0.0,True,0.0,True
48201311800,0.0,south-central-tx,0.0,True,0.0,True,0.0,True
48201311900,0.045263,south-central-tx,0.13579,True,0.0,True,0.0,True
48201312000,0.0,south-central-tx,0.0,True,0.0,True,0.0,True
48201312200,0.0,south-central-tx,0.0,True,0.0,True,0.0,True
48201312300,0.038299,south-central-tx,0.114896,True,0.0,True,0.0,True
48201312400,0.0,south-central-tx,0.0,True,0.0,True,0.0,True
48201312501,0.0,south-central-tx,0.0,True,0.0,True,0.0,True
48201312502,0.0,south-central-tx,0.0,True,0.0,True,0.0,True
48201312601,0.0,south-central-tx,0.0,False,0.0,True,0.0,True
48201312602,0.0,south-central-tx,0.0,False,0.0,True,0.0,True
48201312603,0.0,south-central-tx,0.0,True,0.0,True,0.0,True
48201312700,0.0,south-central-tx,0.0,True,0.0,True,0.0,True
48201312800,0.0,south-central-tx,0.0,False,0.0,True,0.0,True
48201312901,0.0,south-central-tx,0.0,False,0.0,True,0.0,True
48201312902,0.0,south-central-tx,0.0,False,0.0,True,0.0,True
48201313000,0.0,south-central-tx,0.0,True,0.0,True,0.0,True
48201313101,0.0,south-central-tx,0.0,True,0.0,True,0.0,True
48201313102,0.0,south-central-tx,0.0,False,0.0,True,0.0,True
48201313201,0.0,south-central-tx,0.0,True,0.0,True,0.0,True
48201313202,0.0,south-central-tx,0.0,True,0.0,True,0.0,True
48201313300,0.0,south-central-tx,0.0,True,0.0,True,0.0,True
48201313400,0.0,south-central-tx,0.0,True,0.0,True,0.0,True
48201313500,0.0,south-central-tx,0.0,True,0.0,True,0.0,True
48201313600,0.0,south-central-tx,0.0,True,0.0,True,0.0,True
48201313700,0.01721,south-central-tx,0.05163,True,0.0,True,0.0,True
48201313801,0.0,south-central-tx,0.0,False,0.0,True,0.0,True
48201313802,0.0,south-central-tx,0.0,True,0.0,True,0.0,True
48201313901,0.0,south-central-tx,0.0,True,0.0,True,0.0,True
48201313902,0.0,south-central-tx,0.0,True,0.0,True,0.0,True
48201314001,0.0,south-central-tx,0.0,True,0.0,True,0.0,True
48201314003,0.021668,south-central-tx,0.065004,True,0.0,True,0.0,True
48201314004,0.0,south-central-tx,0.0,False,0.0,True,0.0,True
48201314005,0.0,south-central-tx,0.0,True,0.0,True,0.0,True
48201314301,0.166667,south-central-tx,0.0,True,0.0,True,0.5,True
48201314302,0.089984,south-central-tx,0.269952,True,0.0,True,0.0,True
48201314401,0.0,south-central-tx,0.0,True,0.0,True,0.0,True
48201314402,0.0,south-central-tx,0.0,True,0.0,True,0.0,True
48201320100,0.072877,south-central-tx,0.218632,True,0.0,True,0.0,True
48201320201,0.063602,south-central-tx,0.190807,True,0.0,True,0.0,True
48201320202,0.083333,south-central-tx,0.0,True,0.0,True,0.25,True
48201320500,0.0,south-central-tx,0.0,True,0.0,True,0.0,True
48201320601,0.0,south-central-tx,0.0,True,0.0,True,0.0,True
48201320602,0.031017,south-central-tx,0.09305,True,0.0,True,0.0,True
48201320700,0.156573,south-central-tx,0.136385,True,0.0,True,0.333334,True
48201320800,0.14567,south-central-tx,0.43701,True,0.0,True,0.0,True
48201320901,0.047928,south-central-tx,0.143783,True,0.0,True,0.0,True
48201320902,0.0,south-central-tx,0.0,True,0.0,True,0.0,True
48201321001,0.054232,south-central-tx,0.162696,True,0.0,True,0.0,True
48201321002,0.073607,south-central-tx,0.220822,True,0.0,True,0.0,True
48201321101,0.03104,south-central-tx,0.078046,True,0.015075,True,0.0,True
48201321102,0.085814,south-central-tx,0.257443,True,0.0,True,0.0,True
48201321200,0.004509,south-central-tx,0.0,True,0.013528,True,0.0,True
48201321301,0.014493,south-central-tx,0.0,True,0.043478,True,0.0,True
48201321302,0.016786,south-central-tx,0.043175,True,0.007181,True,0.0,True
48201321401,0.166667,south-central-tx,0.0,True,0.0,True,0.5,True
48201321402,0.093271,south-central-tx,0.279814,True,0.0,True,0.0,True
48201321500,0.0,south-central-tx,0.0,False,0.0,True,0.0,True
48201321600,0.0,south-central-tx,0.0,False,0.0,True,0.0,True
48201321700,0.083333,south-central-tx,0.0,False,0.0,True,0.166666,True
48201321800,0.0,south-central-tx,0.0,False,0.0,True,0.0,True
48201321900,0.002142,south-central-tx,0.0,True,0.006427,True,0.0,True
48201322000,0.016787,south-central-tx,0.0,True,0.05036,True,0.0,True
48201322100,0.0,south-central-tx,0.0,False,0.0,True,0.0,True
48201322200,0.001182,south-central-tx,0.0,True,0.003546,True,0.0,True
48201322600,0.169156,south-central-tx,0.500014,True,0.007453,True,0.0,True
48201322701,0.00182,south-central-tx,0.0,False,0.003641,True,0.0,True
48201322702,0.0,south-central-tx,0.0,True,0.0,True,0.0,True
48201322800,0.000823,south-central-tx,0.0,True,0.002468,True,0.0,True
48201322900,0.084682,south-central-tx,0.0,True,0.004045,True,0.25,True
48201323000,0.005185,south-central-tx,0.0,False,0.01037,True,0.0,True
48201323100,0.088858,south-central-tx,0.0,True,0.016575,True,0.25,True
48201323200,0.002606,south-central-tx,0.0,False,0.005211,True,0.0,True
48201323300,0.008464,south-central-tx,0.0,False,0.016927,True,0.0,True
48201323400,0.0,south-central-tx,0.0,False,0.0,True,0.0,True
48201323500,0.007621,south-central-tx,0.0,False,0.015241,True,0.0,True
48201323601,0.004118,south-central-tx,0.0,False,0.008235,True,0.0,True
48201323602,0.250281,south-central-tx,0.0,False,0.000561,True,0.5,True
48201323701,0.006031,south-central-tx,0.0,False,0.012061,True,0.0,True
48201323702,0.005576,south-central-tx,0.0,False,0.011152,True,0.0,True
48201323801,0.001823,south-central-tx,0.0,False,0.003647,True,0.0,True
48201323802,0.0022,south-central-tx,0.0,False,0.0044,True,0.0,True
48201323900,0.159372,south-central-tx,0.297627,True,0.013821,True,0.166667,True
48201324000,0.05852,south-central-tx,0.16115,True,0.014409,True,0.0,True
48201324101,0.000885,south-central-tx,0.0,True,0.002654,True,0.0,True
48201324102,0.095524,south-central-tx,0.286573,True,0.0,True,0.0,True
48201324200,0.0,south-central-tx,0.0,True,0.0,True,0.0,True
48201330101,0.0,south-central-tx,0.0,False,0.0,True,0.0,True
48201330102,0.001691,south-central-tx,0.0,False,0.003382,True,0.0,True
48201330200,0.0,south-central-tx,0.0,True,0.0,True,0.0,True
48201330301,0.0,south-central-tx,0.0,True,0.0,True,0.0,True
48201330302,0.000167,south-central-tx,0.0,True,0.000501,True,0.0,True
48201330303,0.0,south-central-tx,0.0,True,0.0,True,0.0,True
48201330400,0.000877,south-central-tx,0.0,False,0.001753,True,0.0,True
48201330500,0.0,south-central-tx,0.0,False,0.0,True,0.0,True
48201330600,0.003277,south-central-tx,0.0,False,0.006555,True,0.0,True
48201330700,0.000958,south-central-tx,0.0,True,0.002875,True,0.0,True
48201330801,0.0,south-central-tx,0.0,True,0.0,True,0.0,True
48201330802,0.0,south-central-tx,0.0,True,0.0,True,0.0,True
48201330901,0.002629,south-central-tx,0.0,True,0.007886,True,0.0,True
48201330902,0.0,south-central-tx,0.0,True,0.0,True,0.0,True
48201331100,0.0,south-central-tx,0.0,True,0.0,True,0.0,True
48201331200,0.0,south-central-tx,0.0,True,0.0,True,0.0,True
48201331300,0.001266,south-central-tx,0.0,True,0.003799,True,0.0,True
48201331400,0.001901,south-central-tx,0.0,False,0.003802,True,0.0,True
48201331501,0.131749,south-central-tx,0.0,False,0.013498,True,0.25,True
48201331502,0.083333,south-central-tx,0.0,True,0.0,True,0.25,True
48201331602,0.0,south-central-tx,0.0,False,0.0,True,0.0,True
48201331603,0.001456,south-central-tx,0.0,False,0.002912,True,0.0,True
48201331604,0.002805,south-central-tx,0.0,False,0.00561,True,0.0,True
48201331700,0.0,south-central-tx,0.0,False,0.0,True,0.0,True
48201331800,0.0,south-central-tx,0.0,False,0.0,True,0.0,True
48201331900,0.0,south-central-tx,0.0,False,0.0,True,0.0,True
48201332000,0.0,south-central-tx,0.0,False,0.0,True,0.0,True
48201332100,0.0,south-central-tx,0.0,True,0.0,True,0.0,True
48201332200,0.0,south-central-tx,0.0,True,0.0,True,0.0,True
48201332300,0.0,south-central-tx,0.0,False,0.0,True,0.0,True
48201332400,0.0,south-central-tx,0.0,False,0.0,True,0.0,True
48201332500,0.0,south-central-tx,0.0,False,0.0,True,0.0,True
48201332600,0.0,south-central-tx,0.0,True,0.0,True,0.0,True
48201332700,0.0,south-central-tx,0.0,True,0.0,True,0.0,True
48201332800,0.0,south-central-tx,0.0,True,0.0,True,0.0,True
48201332900,0.016137,south-central-tx,0.048412,True,0.0,True,0.0,True
48201333000,0.0488,south-central-tx,0.146399,True,0.0,True,0.0,True
48201333100,0.0,south-central-tx,0.0,True,0.0,True,0.0,True
48201333201,0.0,south-central-tx,0.0,True,0.0,True,0.0,True
48201333203,0.0,south-central-tx,0.0,True,0.0,True,0.0,True
48201333204,0.006329,south-central-tx,0.0,False,0.012658,True,0.0,True
48201333205,0.0,south-central-tx,0.0,False,0.0,True,0.0,True
48201333301,0.083333,south-central-tx,0.0,True,0.0,True,0.25,True
48201333302,0.0,south-central-tx,0.0,True,0.0,True,0.0,True
48201333501,0.0,south-central-tx,0.0,True,0.0,True,0.0,True
48201333502,0.22734,south-central-tx,0.682019,True,0.0,True,0.0,True
48201333600,0.125713,south-central-tx,0.37714,True,0.0,True,0.0,True
48201333700,0.0,south-central-tx,0.0,True,0.0,True,0.0,True
48201333801,0.066007,south-central-tx,0.193767,True,0.004255,True,0.0,True
48201333802,0.0,south-central-tx,0.0,True,0.0,True,0.0,True
48201333903,0.000745,south-central-tx,0.0,True,0.002235,True,0.0,True
48201333904,0.004468,south-central-tx,0.0,False,0.008936,True,0.0,True
48201333905,0.000731,south-central-tx,0.0,False,0.001462,True,0.0,True
48201333906,0.086667,south-central-tx,0.004476,True,0.005525,True,0.25,True
48201334001,0.000547,south-central-tx,0.0,True,0.001642,True,0.0,True
48201334002,0.005405,south-central-tx,0.0,True,0.016216,True,0.0,True
48201334003,0.111097,south-central-tx,0.332751,True,0.00054,True,0.0,True
48201334101,0.0,south-central-tx,0.0,True,0.0,True,0.0,True
48201334102,0.0,south-central-tx,0.0,True,0.0,True,0.0,True
48201340101,0.016154,south-central-tx,0.048461,True,0.0,True,0.0,True
48201340102,0.020113,south-central-tx,0.048214,True,0.012126,True,0.0,True
48201340201,0.135533,south-central-tx,0.4066,True,0.0,True,0.0,True
48201340202,0.002056,south-central-tx,0.0,True,0.006167,True,0.0,True
48201340203,0.0,south-central-tx,0.0,False,0.0,True,0.0,True
48201340301,0.098176,south-central-tx,0.0,False,0.001665,True,0.194688,True
48201340302,0.001899,south-central-tx,0.0,False,0.003797,True,0.0,True
48201340400,0.0,south-central-tx,0.0,False,0.0,True,0.0,True
48201340501,0.000788,south-central-tx,0.0,False,0.001576,True,0.0,True
48201340502,0.011111,south-central-tx,0.0,False,0.022222,True,0.0,True
48201340600,0.00075,south-central-tx,0.0,False,0.001499,True,0.0,True
48201340701,0.000467,south-central-tx,0.0,True,0.0014,True,0.0,True
48201340702,0.000874,south-central-tx,0.0,True,0.002622,True,0.0,True
48201340800,0.001414,south-central-tx,0.0,True,0.004241,True,0.0,True
48201340900,0.004735,south-central-tx,0.0,True,0.014205,True,0.0,True
48201341001,0.04481,south-central-tx,0.122362,True,0.012069,True,0.0,True
48201341002,0.0,south-central-tx,0.0,True,0.0,True,0.0,True
48201341101,0.081164,south-central-tx,0.243493,True,0.0,True,0.0,True
48201341102,0.064722,south-central-tx,0.166042,True,0.028125,True,0.0,True
48201341201,0.065875,south-central-tx,0.197625,True,0.0,True,0.0,True
48201341203,0.17653,south-central-tx,0.529589,True,0.0,True,0.0,True
48201341204,0.268865,south-central-tx,0.806595,True,0.0,True,0.0,True
48201341302,0.079434,south-central-tx,0.228328,True,0.009975,True,0.0,True
48201341303,0.004251,south-central-tx,0.0,False,0.008502,True,0.0,True
48201341304,0.0,south-central-tx,0.0,True,0.0,True,0.0,True
48201341400,0.041667,south-central-tx,0.0,True,0.0,True,0.125,True
48201341501,0.062468,south-central-tx,0.187404,True,0.0,True,0.0,True
48201341502,0.050369,south-central-tx,0.151108,True,0.0,True,0.0,True
48201342001,0.0,south-central-tx,0.0,False,0.0,True,0.0,True
48201342002,0.003687,south-central-tx,0.0,True,0.011062,True,0.0,True
48201342100,0.001883,south-central-tx,0.0,True,0.00565,True,0.0,True
48201342200,0.004566,south-central-tx,0.0,True,0.013699,True,0.0,True
48201342300,0.004533,south-central-tx,0.0,False,0.009067,True,0.0,True
48201342400,0.059197,south-central-tx,0.165314,True,0.012276,True,0.0,True
48201342500,0.086338,south-central-tx,0.0,True,0.009013,True,0.25,True
48201342700,0.002427,south-central-tx,0.0,True,0.005456,True,0.001826,True
48201342801,0.0,south-central-tx,0.0,False,0.0,True,0.0,True
48201342802,0.111111,south-central-tx,0.0,True,0.0,True,0.333333,True
48201342900,0.000717,south-central-tx,0.0,False,0.001435,True,0.0,True
48201343000,0.0,south-central-tx,0.0,False,0.0,True,0.0,True
48201343100,0.0,south-central-tx,0.0,False,0.0,True,0.0,True
48201343200,0.125,south-central-tx,0.0,False,0.0,True,0.25,True
48201343301,0.005467,south-central-tx,0.016402,True,0.0,True,0.0,True
48201343302,0.0,south-central-tx,0.0,False,0.0,True,0.0,True
48201343601,0.166667,south-central-tx,0.0,True,0.0,True,0.5,True
48201343700,0.051704,south-central-tx,0.0,True,0.030112,True,0.125,True
48201350101,0.0,south-central-tx,0.0,False,0.0,True,0.0,True
48201350102,0.001134,south-central-tx,0.0,False,0.002269,True,0.0,True
48201350103,0.000527,south-central-tx,0.0,False,0.001055,True,0.0,True
48201350104,0.005082,south-central-tx,0.0,True,0.015247,True,0.0,True
48201350201,0.002508,south-central-tx,0.0,True,0.007525,True,0.0,True
48201350202,0.000192,south-central-tx,0.0,True,0.000577,True,0.0,True
48201350300,0.000552,south-central-tx,0.0,False,0.001104,True,0.0,True
48201350400,0.0,south-central-tx,0.0,True,0.0,True,0.0,True
48201350500,0.0,south-central-tx,0.0,True,0.0,True,0.0,True
48201350601,0.057482,south-central-tx,0.0,True,0.00578,True,0.166667,True
48201350603,0.000974,south-central-tx,0.0,False,0.001948,True,0.0,True
48201350604,0.003084,south-central-tx,0.0,False,0.006167,True,0.0,True
48201350700,0.0,south-central-tx,0.0,False,0.0,True,0.0,True
48201350801,0.002894,south-central-tx,0.0,False,0.005789,True,0.0,True
48201350803,0.0,south-central-tx,0.0,True,0.0,True,0.0,True
48201350804,0.000772,south-central-tx,0.0,True,0.002316,True,0.0,True
48201410101,0.0,south-central-tx,0.0,False,0.0,True,0.0,True
48201410102,0.0,south-central-tx,0.0,True,0.0,True,0.0,True
48201410201,0.0,south-central-tx,0.0,False,0.0,True,0.0,True
48201410202,0.0,south-central-tx,0.0,False,0.0,True,0.0,True
48201410300,0.0,south-central-tx,0.0,False,0.0,True,0.0,True
48201410401,0.0,south-central-tx,0.0,False,0.0,True,0.0,True
48201410402,0.0,south-central-tx,0.0,False,0.0,True,0.0,True
48201410501,0.0,south-central-tx,0.0,False,0.0,True,0.0,True
48201410502,0.0,south-central-tx,0.0,False,0.0,True,0.0,True
48201410601,0.0,south-central-tx,0.0,True,0.0,True,0.0,True
48201410602,0.0,south-central-tx,0.0,True,0.0,True,0.0,True
48201410703,0.0,south-central-tx,0.0,False,0.0,True,0.0,True
48201410704,0.0,south-central-tx,0.0,True,0.0,True,0.0,True
48201410705,0.0,south-central-tx,0.0,False,0.0,True,0.0,True
48201410706,0.0,south-central-tx,0.0,True,0.0,True,0.0,True
48201410801,0.125,south-central-tx,0.0,False,0.0,True,0.25,True
48201410802,0.0,south-central-tx,0.0,False,0.0,True,0.0,True
48201410900,0.130702,south-central-tx,0.392107,True,0.0,True,0.0,True
48201411001,0.0,south-central-tx,0.0,False,0.0,True,0.0,True
48201411002,0.0,south-central-tx,0.0,False,0.0,True,0.0,True
48201411003,0.0,south-central-tx,0.0,True,0.0,True,0.0,True
48201411100,0.0,south-central-tx,0.0,False,0.0,True,0.0,True
48201411200,0.0,south-central-tx,0.0,False,0.0,True,0.0,True
48201411301,0.068071,south-central-tx,0.204212,True,0.0,True,0.0,True
48201411302,0.0,south-central-tx,0.0,True,0.0,True,0.0,True
48201411400,0.0,south-central-tx,0.0,False,0.0,True,0.0,True
48201411503,0.0,south-central-tx,0.0,True,0.0,True,0.0,True
48201411504,0.0,south-central-tx,0.0,True,0.0,True,0.0,True
48201411505,0.0,south-central-tx,0.0,True,0.0,True,0.0,True
48201411506,0.0,south-central-tx,0.0,True,0.0,True,0.0,True
48201411507,0.0,south-central-tx,0.0,False,0.0,True,0.0,True
48201411600,0.0,south-central-tx,0.0,True,0.0,True,0.0,True
48201411700,0.045174,south-central-tx,0.135521,True,0.0,True,0.0,True
48201411801,0.012184,south-central-tx,0.036552,True,0.0,True,0.0,True
48201411802,0.080182,south-central-tx,0.240547,True,0.0,True,0.0,True
48201411901,0.202843,south-central-tx,0.608528,True,0.0,True,0.0,True
48201411902,0.083333,south-central-tx,0.0,True,0.0,True,0.25,True
48201412000,0.0,south-central-tx,0.0,False,0.0,True,0.0,True
48201412201,0.0,south-central-tx,0.0,False,0.0,True,0.0,True
48201412202,0.0,south-central-tx,0.0,False,0.0,True,0.0,True
48201412300,0.0,south-central-tx,0.0,False,0.0,True,0.0,True
48201412400,0.0,south-central-tx,0.0,False,0.0,True,0.0,True
48201412500,0.0,south-central-tx,0.0,False,0.0,True,0.0,True
48201412600,0.0,south-central-tx,0.0,False,0.0,True,0.0,True
48201412700,0.0,south-central-tx,0.0,True,0.0,True,0.0,True
48201412800,0.166667,south-central-tx,0.0,True,0.0,True,0.5,True
48201412901,0.0,south-central-tx,0.0,True,0.0,True,0.0,True
48201412902,0.0,south-central-tx,0.0,True,0.0,True,0.0,True
48201413000,0.0,south-central-tx,0.0,False,0.0,True,0.0,True
48201413100,0.25,south-central-tx,0.0,False,0.0,True,0.5,True
48201413203,0.0,south-central-tx,0.0,False,0.0,True,0.0,True
48201413204,0.064286,south-central-tx,0.0,False,0.128571,True,0.0,True
48201413205,0.0,south-central-tx,0.0,False,0.0,True,0.0,True
48201413206,0.0,south-central-tx,0.0,False,0.0,True,0.0,True
48201413301,0.0,south-central-tx,0.0,True,0.0,True,0.0,True
48201413302,0.0,south-central-tx,0.0,True,0.0,True,0.0,True
48201420100,0.0,south-central-tx,0.0,True,0.0,True,0.0,True
48201420200,0.0,south-central-tx,0.0,True,0.0,True,0.0,True
48201420300,0.0,south-central-tx,0.0,True,0.0,True,0.0,True
48201420400,0.166667,south-central-tx,0.0,True,0.0,True,0.5,True
48201420500,0.0,south-central-tx,0.0,True,0.0,True,0.0,True
48201420600,0.0,south-central-tx,0.0,False,0.0,True,0.0,True
48201420700,0.0,south-central-tx,0.0,False,0.0,True,0.0,True
48201420800,0.0,south-central-tx,0.0,True,0.0,True,0.0,True
48201420900,0.0,south-central-tx,0.0,True,0.0,True,0.0,True
48201421000,0.0,south-central-tx,0.0,True,0.0,True,0.0,True
48201421101,0.0,south-central-tx,0.0,True,0.0,True,0.0,True
48201421103,0.0,south-central-tx,0.0,False,0.0,True,0.0,True
48201421104,0.0,south-central-tx,0.0,True,0.0,True,0.0,True
48201421203,0.212633,south-central-tx,0.177781,True,0.0,True,0.460119,True
48201421204,0.04744,south-central-tx,0.142321,True,0.0,True,0.0,True
48201421205,0.1031,south-central-tx,0.3093,True,0.0,True,0.0,True
48201421206,0.0,south-central-tx,0.0,False,0.0,True,0.0,True
48201421301,0.0,south-central-tx,0.0,False,0.0,True,0.0,True
48201421302,0.152349,south-central-tx,0.457047,True,0.0,True,0.0,True
48201421401,0.25,south-central-tx,0.0,False,0.0,True,0.5,True
48201421402,0.0,south-central-tx,0.0,False,0.0,True,0.0,True
48201421403,0.0,south-central-tx,0.0,False,0.0,True,0.0,True
48201421501,0.0,south-central-tx,0.0,False,0.0,True,0.0,True
48201421502,0.0,south-central-tx,0.0,False,0.0,True,0.0,True
48201421601,0.25,south-central-tx,0.0,False,0.0,True,0.5,True
48201421602,0.25,south-central-tx,0.0,False,0.0,True,0.5,True
48201421700,0.0,south-central-tx,0.0,False,0.0,True,0.0,True
48201421801,0.0,south-central-tx,0.0,False,0.0,True,0.0,True
48201421802,0.0,south-central-tx,0.0,False,0.0,True,0.0,True
48201421900,0.0,south-central-tx,0.0,False,0.0,True,0.0,True
48201422000,0.0,south-central-tx,0.0,False,0.0,True,0.0,True
48201422100,0.0,south-central-tx,0.0,True,0.0,True,0.0,True
48201422200,0.083333,south-central-tx,0.0,True,0.0,True,0.25,True
48201422302,0.000702,south-central-tx,0.0,False,0.001404,True,0.0,True
48201422303,0.003003,south-central-tx,0.0,False,0.006006,True,0.0,True
48201422304,0.0,south-central-tx,0.0,False,0.0,True,0.0,True
48201422403,0.0,south-central-tx,0.0,False,0.0,True,0.0,True
48201422404,0.0,south-central-tx,0.0,False,0.0,True,0.0,True
48201422405,0.005263,south-central-tx,0.0,False,0.010526,True,0.0,True
48201422406,0.001812,south-central-tx,0.0,False,0.003623,True,0.0,True
48201422501,0.0,south-central-tx,0.0,False,0.0,True,0.0,True
48201422502,0.0,south-central-tx,0.0,False,0.0,True,0.0,True
48201422601,0.0,south-central-tx,0.0,False,0.0,True,0.0,True
48201422602,0.0,south-central-tx,0.0,False,0.0,True,0.0,True
48201422701,0.0,south-central-tx,0.0,False,0.0,True,0.0,True
48201422702,0.088272,south-central-tx,0.176545,True,0.0,True,,False
48201422800,0.005364,south-central-tx,0.0,True,0.016092,True,0.0,True
48201422900,0.107186,south-central-tx,0.321557,True,0.0,True,0.0,True
48201423001,0.0,south-central-tx,0.0,False,0.0,True,0.0,True
48201423002,0.0,south-central-tx,0.0,False,0.0,True,0.0,True
48201423100,0.134076,south-central-tx,0.402229,True,0.0,True,0.0,True
48201423201,0.021283,south-central-tx,0.06385,True,0.0,True,0.0,True
48201423203,0.0,south-central-tx,0.0,False,0.0,True,0.0,True
48201423204,0.0,south-central-tx,0.0,False,0.0,True,0.0,True
48201423301,0.0,south-central-tx,0.0,False,0.0,True,0.0,True
48201423303,0.168768,south-central-tx,0.0,False,0.004202,True,0.333333,True
48201423304,0.00956,south-central-tx,0.0,False,0.01912,True,0.0,True
48201423401,0.0,south-central-tx,0.0,False,0.0,True,0.0,True
48201423402,0.0,south-central-tx,0.0,False,0.0,True,0.0,True
48201423500,0.104566,south-central-tx,0.313699,True,0.0,True,0.0,True
48201423600,0.052533,south-central-tx,0.157598,True,0.0,True,0.0,True
48201430101,0.083333,south-central-tx,0.0,True,0.0,True,0.25,True
48201430102,0.0,south-central-tx,0.0,True,0.0,True,0.0,True
48201430200,0.25,south-central-tx,0.0,False,0.0,True,0.5,True
48201430300,0.0,south-central-tx,0.0,True,0.0,True,0.0,True
48201430400,0.0,south-central-tx,0.0,False,0.0,True,0.0,True
48201430500,0.205216,south-central-tx,0.365649,True,0.0,True,0.25,True
48201430600,0.0,south-central-tx,0.0,False,0.0,True,0.0,True
48201430700,0.011554,south-central-tx,0.0,True,0.0,True,0.034662,True
48201430800,0.022291,south-central-tx,0.066873,True,0.0,True,0.0,True
48201430900,0.012949,south-central-tx,0.038848,True,0.0,True,0.0,True
48201431001,0.0,south-central-tx,0.0,True,0.0,True,0.0,True
48201431002,0.037192,south-central-tx,0.111576,True,0.0,True,0.0,True
48201431101,0.0,south-central-tx,0.0,False,0.0,True,0.0,True
48201431102,0.0,south-central-tx,0.0,False,0.0,True,0.0,True
48201431203,0.25,south-central-tx,0.0,False,0.0,True,0.5,True
48201431204,0.0,south-central-tx,0.0,False,0.0,True,0.0,True
48201431205,0.0,south-central-tx,0.0,False,0.0,True,0.0,True
48201431206,0.0,south-central-tx,0.0,False,0.0,True,0.0,True
48201431302,0.0,south-central-tx,0.0,False,0.0,True,0.0,True
48201431303,0.0,south-central-tx,0.0,False,0.0,True,0.0,True
48201431304,0.0,south-central-tx,0.0,False,0.0,True,0.0,True
48201431401,0.0,south-central-tx,0.0,False,0.0,True,0.0,True
48201431403,0.0,south-central-tx,0.0,False,0.0,True,0.0,True
48201431404,0.0,south-central-tx,0.0,False,0.0,True,0.0,True
48201431503,0.0,south-central-tx,0.0,False,0.0,True,0.0,True
48201431504,0.0,south-central-tx,0.0,False,0.0,True,0.0,True
48201431505,0.0,south-central-tx,0.0,False,0.0,True,0.0,True
48201431506,0.00753,south-central-tx,0.0,False,0.01506,True,0.0,True
48201431600,0.125,south-central-tx,0.0,False,0.0,True,0.25,True
48201431701,0.0,south-central-tx,0.0,True,0.0,True,0.0,True
48201431702,0.00349,south-central-tx,0.0,False,0.006979,True,0.0,True
48201431801,0.0,south-central-tx,0.0,False,0.0,True,0.0,True
48201431803,0.0,south-central-tx,0.0,False,0.0,True,0.0,True
48201431804,0.0,south-central-tx,0.0,True,0.0,True,0.0,True
48201431901,0.0,south-central-tx,0.0,True,0.0,True,0.0,True
48201431902,0.0,south-central-tx,0.0,True,0.0,True,0.0,True
48201432003,0.0,south-central-tx,0.0,False,0.0,True,0.0,True
48201432004,0.0,south-central-tx,0.0,False,0.0,True,0.0,True
48201432005,0.0,south-central-tx,0.0,False,0.0,True,0.0,True
48201432006,0.0,south-central-tx,0.0,False,0.0,True,0.0,True
48201432101,0.0,south-central-tx,0.0,False,0.0,True,0.0,True
48201432102,0.0,south-central-tx,0.0,False,0.0,True,0.0,True
48201432200,0.0,south-central-tx,0.0,False,0.0,True,0.0,True
48201432301,0.003425,south-central-tx,0.0,False,0.006849,True,0.0,True
48201432302,0.0,south-central-tx,0.0,False,0.0,True,0.0,True
48201432303,0.045534,south-central-tx,0.136602,True,0.0,True,0.0,True
48201432401,0.0,south-central-tx,0.0,True,0.0,True,0.0,True
48201432402,0.0,south-central-tx,0.0,True,0.0,True,0.0,True
48201432501,0.0,south-central-tx,0.0,True,0.0,True,0.0,True
48201432502,0.0,south-central-tx,0.0,True,0.0,True,0.0,True
48201432600,0.0,south-central-tx,0.0,True,0.0,True,0.0,True
48201432703,0.0,south-central-tx,0.0,True,0.0,True,0.0,True
48201432704,0.0,south-central-tx,0.0,True,0.0,True,0.0,True
48201432705,0.083333,south-central-tx,0.0,True,0.0,True,0.25,True
48201432706,0.0,south-central-tx,0.0,True,0.0,True,0.0,True
48201432803,0.0,south-central-tx,0.0,False,0.0,True,0.0,True
48201432804,0.0,south-central-tx,0.0,True,0.0,True,0.0,True
48201432805,0.0,south-central-tx,0.0,True,0.0,True,0.0,True
48201432806,0.065298,south-central-tx,0.195894,True,0.0,True,0.0,True
48201432901,0.0,south-central-tx,0.0,True,0.0,True,0.0,True
48201432903,0.008163,south-central-tx,0.0,False,0.016327,True,0.0,True
48201432904,0.0,south-central-tx,0.0,False,0.0,True,0.0,True
48201433003,0.103766,south-central-tx,0.311299,True,0.0,True,0.0,True
48201433004,0.0,south-central-tx,0.0,True,0.0,True,0.0,True
48201433005,0.0,south-central-tx,0.0,True,0.0,True,0.0,True
48201433006,0.0,south-central-tx,0.0,False,0.0,True,0.0,True
48201433007,0.0,south-central-tx,0.0,False,0.0,True,0.0,True
48201433100,0.139229,south-central-tx,0.417688,True,0.0,True,0.0,True
48201433201,0.0,south-central-tx,0.0,False,0.0,True,0.0,True
48201433202,0.0,south-central-tx,0.0,False,0.0,True,0.0,True
48201433300,0.0,south-central-tx,0.0,True,0.0,True,0.0,True
48201433400,0.0,south-central-tx,0.0,True,0.0,True,0.0,True
48201433503,0.165651,south-central-tx,0.38007,True,0.116883,True,0.0,True
48201433504,0.004854,south-central-tx,0.0,True,0.014563,True,0.0,True
48201433505,0.002632,south-central-tx,0.0,False,0.005263,True,0.0,True
48201433506,0.0,south-central-tx,0.0,False,0.0,True,0.0,True
48201433507,0.112716,south-central-tx,0.338149,True,0.0,True,0.0,True
48201433601,0.067628,south-central-tx,0.202885,True,0.0,True,0.0,True
48201433602,0.0,south-central-tx,0.0,True,0.0,True,0.0,True
48201440101,0.030465,south-central-tx,0.091394,True,0.0,True,0.0,True
48201440102,0.0,south-central-tx,0.0,True,0.0,True,0.0,True
48201450100,0.005106,south-central-tx,0.015318,True,0.0,True,0.0,True
48201450200,0.002281,south-central-tx,0.006844,True,0.0,True,0.0,True
48201450301,0.0,south-central-tx,0.0,False,0.0,True,0.0,True
48201450302,0.036576,south-central-tx,0.109727,True,0.0,True,0.0,True
48201450401,0.0,south-central-tx,0.0,False,0.0,True,0.0,True
48201450402,0.023667,south-central-tx,0.071,True,0.0,True,0.0,True
48201450500,0.108843,south-central-tx,0.157237,True,0.006902,True,0.162388,True
48201450600,0.0,south-central-tx,0.0,False,0.0,True,0.0,True
48201450700,0.0,south-central-tx,0.0,True,0.0,True,0.0,True
48201450801,0.0,south-central-tx,0.0,True,0.0,True,0.0,True
48201450803,0.095346,south-central-tx,0.0,False,0.0,True,0.190693,True
48201450804,0.024632,south-central-tx,0.073897,True,0.0,True,0.0,True
48201450900,0.0,south-central-tx,0.0,True,0.0,True,0.0,True
48201451003,0.003289,south-central-tx,0.0,False,0.006579,True,0.0,True
48201451004,0.0,south-central-tx,0.0,False,0.0,True,0.0,True
48201451005,0.008696,south-central-tx,0.0,False,0.017391,True,0.0,True
48201451006,0.0,south-central-tx,0.0,False,0.0,True,0.0,True
48201451100,0.0,south-central-tx,0.0,False,0.0,True,0.0,True
48201451200,0.0,south-central-tx,0.0,False,0.0,True,0.0,True
48201451301,0.002917,south-central-tx,0.0,False,0.005833,True,0.0,True
48201451302,0.001409,south-central-tx,0.0,False,0.002819,True,0.0,True
48201451401,0.0,south-central-tx,0.0,False,0.0,True,0.0,True
48201451404,0.001931,south-central-tx,0.0,False,0.003861,True,0.0,True
48201451405,0.004831,south-central-tx,0.0,False,0.009662,True,0.0,True
48201451406,0.011421,south-central-tx,0.0,False,0.022843,True,0.0,True
48201451407,0.003597,south-central-tx,0.0,False,0.007194,True,0.0,True
48201451501,0.0,south-central-tx,0.0,False,0.0,True,0.0,True
48201451502,0.0,south-central-tx,0.0,False,0.0,True,0.0,True
48201451603,0.0,south-central-tx,0.0,True,0.0,True,0.0,True
48201451604,0.026939,south-central-tx,0.073845,True,0.006971,True,0.0,True
48201451605,0.080056,south-central-tx,0.0,False,0.160112,True,0.0,True
48201451606,0.006069,south-central-tx,0.018206,True,0.0,True,0.0,True
48201451700,0.001344,south-central-tx,0.0,True,0.004032,True,0.0,True
48201451800,0.000773,south-central-tx,0.0,True,0.002318,True,0.0,True
48201451902,0.001223,south-central-tx,0.0,True,0.00367,True,0.0,True
48201451903,0.0,south-central-tx,0.0,True,0.0,True,0.0,True
48201451904,0.00046,south-central-tx,0.0,False,0.000919,True,0.0,True
48201452001,0.0,south-central-tx,0.0,False,0.0,True,0.0,True
48201452002,0.125,south-central-tx,0.0,False,0.0,True,0.25,True
48201452101,0.0,south-central-tx,0.0,True,0.0,True,0.0,True
48201452102,0.0,south-central-tx,0.0,False,0.0,True,0.0,True
48201452103,0.0,south-central-tx,0.0,False,0.0,True,0.0,True
48201452202,0.0,south-central-tx,0.0,True,0.0,True,0.0,True
48201452203,0.0,south-central-tx,0.0,True,0.0,True,0.0,True
48201452204,0.0,south-central-tx,0.0,False,0.0,True,0.0,True
48201452300,0.0,south-central-tx,0.0,True,0.0,True,0.0,True
48201452401,0.0,south-central-tx,0.0,True,0.0,True,0.0,True
48201452402,0.001682,south-central-tx,0.0,False,0.003363,True,0.0,True
48201452501,0.008621,south-central-tx,0.0,True,0.025862,True,0.0,True
48201452502,0.000647,south-central-tx,0.0,True,0.001942,True,0.0,True
48201452601,0.001812,south-central-tx,0.0,True,0.005435,True,0.0,True
48201452602,0.001517,south-central-tx,0.0,True,0.00455,True,0.0,True
48201452701,0.0,south-central-tx,0.0,False,0.0,True,0.0,True
48201452702,0.005561,south-central-tx,0.0,False,0.011122,True,0.0,True
48201452703,0.022251,south-central-tx,0.055937,True,0.010817,True,0.0,True
48201452801,0.002752,south-central-tx,0.0,False,0.005505,True,0.0,True
48201452802,0.0,south-central-tx,0.0,False,0.0,True,0.0,True
48201452900,0.0,south-central-tx,0.0,False,0.0,True,0.0,True
48201453001,0.004057,south-central-tx,0.0,False,0.008114,True,0.0,True
48201453002,0.0,south-central-tx,0.0,False,0.0,True,0.0,True
48201453100,0.002299,south-central-tx,0.0,True,0.006897,True,0.0,True
48201453201,0.004444,south-central-tx,0.0,True,0.013333,True,0.0,True
48201453202,0.001197,south-central-tx,0.0,True,0.003591,True,0.0,True
48201453300,0.0,south-central-tx,0.0,True,0.0,True,0.0,True
48201453401,0.0,south-central-tx,0.0,True,0.0,True,0.0,True
48201453403,0.0,south-central-tx,0.0,False,0.0,True,0.0,True
48201453404,0.0,south-central-tx,0.0,False,0.0,True,0.0,True
48201453405,0.00738,south-central-tx,0.0,False,0.01476,True,0.0,True
48201453501,0.0,south-central-tx,0.0,False,0.0,True,0.0,True
48201453502,0.0,south-central-tx,0.0,False,0.0,True,0.0,True
48201453601,0.001,south-central-tx,0.0,False,0.002,True,0.0,True
48201453603,0.013787,south-central-tx,0.0,False,0.027574,True,0.0,True
48201453604,0.001435,south-central-tx,0.0,False,0.002871,True,0.0,True
48201453701,0.0,south-central-tx,0.0,False,0.0,True,0.0,True
48201453702,0.000689,south-central-tx,0.0,False,0.001377,True,0.0,True
48201453800,0.0,south-central-tx,0.0,False,0.0,True,0.0,True
48201453901,0.0,south-central-tx,0.0,True,0.0,True,0.0,True
48201453902,0.003591,south-central-tx,0.0,False,0.007181,True,0.0,True
48201454000,0.000824,south-central-tx,0.0,True,0.002471,True,0.0,True
48201454100,0.0,south-central-tx,0.0,True,0.0,True,0.0,True
48201454200,0.000534,south-central-tx,0.0,True,0.001603,True,0.0,True
48201454302,0.0,south-central-tx,0.0,True,0.0,True,0.0,True
48201454303,0.000682,south-central-tx,0.0,True,0.002045,True,0.0,True
48201454304,0.004771,south-central-tx,0.0,False,0.009542,True,0.0,True
48201454305,0.000989,south-central-tx,0.0,True,0.002967,True,0.0,True
48201454400,0.0,south-central-tx,0.0,True,0.0,True,0.0,True
48201454502,0.001124,south-central-tx,0.0,False,0.002247,True,0.0,True
48201454503,0.0,south-central-tx,0.0,False,0.0,True,0.0,True
48201454504,0.0,south-central-tx,0.0,False,0.0,True,0.0,True
48201454505,0.0,south-central-tx,0.0,True,0.0,True,0.0,True
48201454600,0.0,south-central-tx,0.0,True,0.0,True,0.0,True
48201454700,0.25,south-central-tx,0.0,False,0.0,True,0.5,True
48201454801,0.0,south-central-tx,0.0,False,0.0,True,0.0,True
48201454802,0.0,south-central-tx,0.0,False,0.0,True,0.0,True
48201454901,0.0,south-central-tx,0.0,False,0.0,True,0.0,True
48201454902,0.0,south-central-tx,0.0,False,0.0,True,0.0,True
48201455000,0.016075,south-central-tx,0.0,False,0.032151,True,0.0,True
48201455102,0.001608,south-central-tx,0.0,True,0.004823,True,0.0,True
48201455103,0.0,south-central-tx,0.0,False,0.0,True,0.0,True
48201455104,0.125,south-central-tx,0.0,False,0.0,True,0.25,True
48201455200,0.0426,south-central-tx,0.127801,True,0.0,True,0.0,True
48201455300,0.166667,south-central-tx,0.0,True,0.0,True,0.5,True
48201510100,0.049353,south-central-tx,0.14806,True,0.0,True,0.0,True
48201510201,0.0,south-central-tx,0.0,False,0.0,True,0.0,True
48201510202,0.0,south-central-tx,0.0,True,0.0,True,0.0,True
48201510301,0.034017,south-central-tx,0.10205,True,0.0,True,0.0,True
48201510302,0.0,south-central-tx,0.0,False,0.0,True,0.0,True
48201510400,0.0,south-central-tx,0.0,True,0.0,True,0.0,True
48201510500,0.0,south-central-tx,0.0,True,0.0,True,0.0,True
48201510601,0.061659,south-central-tx,0.184976,True,0.0,True,0.0,True
48201510602,0.040759,south-central-tx,0.122276,True,0.0,True,0.0,True
48201510701,0.0,south-central-tx,0.0,False,0.0,True,0.0,True
48201510702,0.0,south-central-tx,0.0,False,0.0,True,0.0,True
48201510801,0.0,south-central-tx,0.0,False,0.0,True,0.0,True
48201510802,0.0,south-central-tx,0.0,True,0.0,True,0.0,True
48201510803,0.0,south-central-tx,0.0,False,0.0,True,0.0,True
48201510901,0.0,south-central-tx,0.0,True,0.0,True,0.0,True
48201510902,0.0,south-central-tx,0.0,True,0.0,True,0.0,True
48201511001,0.0,south-central-tx,0.0,True,0.0,True,0.0,True
48201511003,0.0,south-central-tx,0.0,False,0.0,True,0.0,True
48201511004,0.0,south-central-tx,0.0,False,0.0,True,0.0,True
48201511100,0.0,south-central-tx,0.0,True,0.0,True,0.0,True
48201511201,0.0,south-central-tx,0.0,False,0.0,True,0.0,True
48201511202,0.0,south-central-tx,0.0,False,0.0,True,0.0,True
48201511301,0.0,south-central-tx,0.0,False,0.0,True,0.0,True
48201511302,0.0,south-central-tx,0.0,False,0.0,True,0.0,True
48201511400,0.0,south-central-tx,0.0,False,0.0,True,0.0,True
48201511501,0.0,south-central-tx,0.0,True,0.0,True,0.0,True
48201511502,0.0,south-central-tx,0.0,True,0.0,True,0.0,True
48201511600,0.0,south-central-tx,0.0,True,0.0,True,0.0,True
48201520100,0.0,south-central-tx,0.0,True,0.0,True,0.0,True
48201520200,0.0,south-central-tx,0.0,True,0.0,True,0.0,True
48201520301,0.0,south-central-tx,0.0,False,0.0,True,0.0,True
48201520302,0.0,south-central-tx,0.0,False,0.0,True,0.0,True
48201520400,0.0,south-central-tx,0.0,False,0.0,True,0.0,True
48201520501,0.0,south-central-tx,0.0,True,0.0,True,0.0,True
48201520502,0.0,south-central-tx,0.0,True,0.0,True,0.0,True
48201520601,0.0,south-central-tx,0.0,False,0.0,True,0.0,True
48201520603,0.0,south-central-tx,0.0,False,0.0,True,0.0,True
48201520604,0.0,south-central-tx,0.0,False,0.0,True,0.0,True
48201520700,0.0,south-central-tx,0.0,False,0.0,True,0.0,True
48201521000,0.0,south-central-tx,0.0,True,0.0,True,0.0,True
48201521100,0.0,south-central-tx,0.0,False,0.0,True,0.0,True
48201521201,0.0,south-central-tx,0.0,False,0.0,True,0.0,True
48201521202,0.0,south-central-tx,0.0,False,0.0,True,0.0,True
48201521300,0.0,south-central-tx,0.0,False,0.0,True,0.0,True
48201521401,0.0,south-central-tx,0.0,False,0.0,True,0.0,True
48201521402,0.0,south-central-tx,0.0,False,0.0,True,0.0,True
48201521501,0.0,south-central-tx,0.0,False,0.0,True,0.0,True
48201521502,0.0,south-central-tx,0.0,False,0.0,True,0.0,True
48201521600,0.25,south-central-tx,0.0,False,0.0,True,0.5,True
48201521701,0.0,south-central-tx,0.0,True,0.0,True,0.0,True
48201521702,0.0,south-central-tx,0.0,True,0.0,True,0.0,True
48201521800,0.0,south-central-tx,0.0,True,0.0,True,0.0,True
48201521900,0.002387,south-central-tx,0.0,True,0.007162,True,0.0,True
48201522001,0.25,south-central-tx,0.0,False,0.0,True,0.5,True
48201522002,0.0,south-central-tx,0.0,False,0.0,True,0.0,True
48201522101,0.00317,south-central-tx,0.0,False,0.006339,True,0.0,True
48201522102,0.003408,south-central-tx,0.0,False,0.006816,True,0.0,True
48201522201,0.0,south-central-tx,0.0,False,0.0,True,0.0,True
48201522202,0.0,south-central-tx,0.0,False,0.0,True,0.0,True
48201522301,0.0,south-central-tx,0.0,True,0.0,True,0.0,True
48201522302,0.0,south-central-tx,0.0,True,0.0,True,0.0,True
48201522401,0.0,south-central-tx,0.0,True,0.0,True,0.0,True
48201522402,0.090063,south-central-tx,0.27019,True,0.0,True,0.0,True
48201522500,0.0,south-central-tx,0.0,True,0.0,True,0.0,True
48201530101,0.0,south-central-tx,0.0,False,0.0,True,0.0,True
48201530102,0.0,south-central-tx,0.0,True,0.0,True,0.0,True
48201530200,0.0,south-central-tx,0.0,True,0.0,True,0.0,True
48201530300,0.0,south-central-tx,0.0,True,0.0,True,0.0,True
48201530400,0.0,south-central-tx,0.0,True,0.0,True,0.0,True
48201530501,0.0,south-central-tx,0.0,True,0.0,True,0.0,True
48201530502,0.0,south-central-tx,0.0,False,0.0,True,0.0,True
48201530600,0.0,south-central-tx,0.0,True,0.0,True,0.0,True
48201530701,0.064208,south-central-tx,0.192623,True,0.0,True,0.0,True
48201530702,0.0,south-central-tx,0.0,True,0.0,True,0.0,True
48201530800,0.0,south-central-tx,0.0,True,0.0,True,0.0,True
48201530900,0.0,south-central-tx,0.0,True,0.0,True,0.0,True
48201531000,0.0,south-central-tx,0.0,True,0.0,True,0.0,True
48201531100,0.0,south-central-tx,0.0,False,0.0,True,0.0,True
48201531200,0.0,south-central-tx,0.0,False,0.0,True,0.0,True
48201531300,0.0,south-central-tx,0.0,True,0.0,True,0.0,True
48201531400,0.083333,south-central-tx,0.0,True,0.0,True,0.25,True
48201531500,0.0,south-central-tx,0.0,True,0.0,True,0.0,True
48201531600,0.0,south-central-tx,0.0,False,0.0,True,0.0,True
48201531700,0.0,south-central-tx,0.0,False,0.0,True,0.0,True
48201531800,0.0,south-central-tx,0.0,False,0.0,True,0.0,True
48201531900,0.0,south-central-tx,0.0,False,0.0,True,0.0,True
48201532003,0.0,south-central-tx,0.0,False,0.0,True,0.0,True
48201532004,0.0,south-central-tx,0.0,False,0.0,True,0.0,True
48201532101,0.0,south-central-tx,0.0,False,0.0,True,0.0,True
48201532102,0.0,south-central-tx,0.0,False,0.0,True,0.0,True
48201532200,0.0,south-central-tx,0.0,False,0.0,True,0.0,True
48201532301,0.0,south-central-tx,0.0,True,0.0,True,0.0,True
48201532302,0.0,south-central-tx,0.0,True,0.0,True,0.0,True
48201532400,0.001662,south-central-tx,0.0,False,0.003324,True,0.0,True
48201532502,0.000602,south-central-tx,0.0,False,0.001203,True,0.0,True
48201532503,0.001478,south-central-tx,0.0,False,0.002955,True,0.0,True
48201532504,0.0,south-central-tx,0.0,False,0.0,True,0.0,True
48201532600,0.0,south-central-tx,0.0,False,0.0,True,0.0,True
48201532700,0.000979,south-central-tx,0.0,False,0.001958,True,0.0,True
48201532800,0.0,south-central-tx,0.0,False,0.0,True,0.0,True
48201532900,0.0,south-central-tx,0.0,False,0.0,True,0.0,True
48201533000,0.0,south-central-tx,0.0,False,0.0,True,0.0,True
48201533100,0.00365,south-central-tx,0.0,False,0.007299,True,0.0,True
48201533200,0.0,south-central-tx,0.0,False,0.0,True,0.0,True
48201533301,0.0,south-central-tx,0.0,True,0.0,True,0.0,True
48201533302,0.0,south-central-tx,0.0,False,0.0,True,0.0,True
48201533401,0.0,south-central-tx,0.0,True,0.0,True,0.0,True
48201533402,0.0,south-central-tx,0.0,True,0.0,True,0.0,True
48201533500,0.001573,south-central-tx,0.0,True,0.00472,True,0.0,True
48201533600,0.0,south-central-tx,0.0,True,0.0,True,0.0,True
48201533701,0.0,south-central-tx,0.0,True,0.0,True,0.0,True
48201533702,0.00252,south-central-tx,0.0,False,0.00504,True,0.0,True
48201533802,0.0,south-central-tx,0.0,True,0.0,True,0.0,True
48201533803,0.327244,south-central-tx,0.981732,True,0.0,True,0.0,True
48201533804,0.0,south-central-tx,0.0,True,0.0,True,0.0,True
48201533902,0.001132,south-central-tx,0.0,True,0.003396,True,0.0,True
48201533903,0.0,south-central-tx,0.0,True,0.0,True,0.0,True
48201533904,0.018689,south-central-tx,0.056068,True,0.0,True,0.0,True
48201534001,0.128107,south-central-tx,0.38432,True,0.0,True,0.0,True
48201534002,0.000413,south-central-tx,0.0,True,0.001239,True,0.0,True
48201534003,0.030549,south-central-tx,0.091648,True,0.0,True,0.0,True
48201534101,0.083333,south-central-tx,0.0,True,0.0,True,0.25,True
48201534102,0.001436,south-central-tx,0.0,False,0.002872,True,0.0,True
48201534201,0.001507,south-central-tx,0.0,True,0.004521,True,0.0,True
48201534203,0.00093,south-central-tx,0.0,True,0.002789,True,0.0,True
48201534204,0.003215,south-central-tx,0.0,True,0.009644,True,0.0,True
48201534205,0.002447,south-central-tx,0.0,True,0.007342,True,0.0,True
48201540101,0.0,south-central-tx,0.0,True,0.0,True,0.0,True
48201540102,0.0,south-central-tx,0.0,True,0.0,True,0.0,True
48201540200,0.037317,south-central-tx,0.111951,True,0.0,True,0.0,True
48201540502,0.0,south-central-tx,0.0,False,0.0,True,0.0,True
48201540503,0.214538,south-central-tx,0.643614,True,0.0,True,0.0,True
48201540504,0.145545,south-central-tx,0.436636,True,0.0,True,0.0,True
48201540601,0.006704,south-central-tx,0.0,True,0.020111,True,0.0,True
48201540602,0.055556,south-central-tx,0.0,True,0.0,True,0.166666,True
48201540700,0.0,south-central-tx,0.0,False,0.0,True,0.0,True
48201540800,0.0,south-central-tx,0.0,True,0.0,True,0.0,True
48201540901,0.007804,south-central-tx,0.0,False,0.015609,True,0.0,True
48201540903,0.0,south-central-tx,0.0,True,0.0,True,0.0,True
48201540904,0.0,south-central-tx,0.0,True,0.0,True,0.0,True
48201541004,0.001926,south-central-tx,0.0,True,0.005778,True,0.0,True
48201541005,0.003441,south-central-tx,0.0,True,0.010323,True,0.0,True
48201541006,0.0,south-central-tx,0.0,False,0.0,True,0.0,True
48201541007,0.0,south-central-tx,0.0,False,0.0,True,0.0,True
48201541008,0.00628,south-central-tx,0.0,True,0.018839,True,0.0,True
48201541009,0.000548,south-central-tx,0.0,False,0.001095,True,0.0,True
48201541100,0.0,south-central-tx,0.0,True,0.0,True,0.0,True
48201541203,0.005051,south-central-tx,0.0,True,0.015152,True,0.0,True
48201541204,0.0,south-central-tx,0.0,False,0.0,True,0.0,True
48201541205,0.0,south-central-tx,0.0,False,0.0,True,0.0,True
48201541206,0.0,south-central-tx,0.0,False,0.0,True,0.0,True
48201541207,0.000795,south-central-tx,0.0,False,0.00159,True,0.0,True
48201541301,0.0,south-central-tx,0.0,True,0.0,True,0.0,True
48201541302,0.0,south-central-tx,0.0,False,0.0,True,0.0,True
48201541401,0.136072,south-central-tx,0.408215,True,0.0,True,0.0,True
48201541402,0.0,south-central-tx,0.0,False,0.0,True,0.0,True
48201541403,0.0,south-central-tx,0.0,False,0.0,True,0.0,True
48201541404,0.0,south-central-tx,0.0,True,0.0,True,0.0,True
48201541500,0.0,south-central-tx,0.0,False,0.0,True,0.0,True
48201541603,0.0,south-central-tx,0.0,True,0.0,True,0.0,True
48201541604,0.0,south-central-tx,0.0,False,0.0,True,0.0,True
48201541701,0.0,south-central-tx,0.0,True,0.0,True,0.0,True
48201541702,0.0,south-central-tx,0.0,True,0.0,True,0.0,True
48201541703,0.153994,south-central-tx,0.461981,True,0.0,True,0.0,True
48201541801,0.0,south-central-tx,0.0,False,0.0,True,0.0,True
48201541802,0.0,south-central-tx,0.0,True,0.0,True,0.0,True
48201541901,0.0,south-central-tx,0.0,False,0.0,True,0.0,True
48201541902,0.002601,south-central-tx,0.0,False,0.005203,True,0.0,True
48201542001,0.0,south-central-tx,0.0,False,0.0,True,0.0,True
48201542002,0.00111,south-central-tx,0.0,False,0.00222,True,0.0,True
48201542003,0.000818,south-central-tx,0.0,False,0.001637,True,0.0,True
48201542004,0.001921,south-central-tx,0.0,False,0.003842,True,0.0,True
48201542103,0.0,south-central-tx,0.0,False,0.0,True,0.0,True
48201542104,0.0,south-central-tx,0.0,False,0.0,True,0.0,True
48201542105,0.0,south-central-tx,0.0,False,0.0,True,0.0,True
48201542106,0.0,south-central-tx,0.0,False,0.0,True,0.0,True
48201542107,0.005078,south-central-tx,0.0,False,0.010156,True,0.0,True
48201542108,0.028967,south-central-tx,0.0,False,0.010368,True,0.047567,True
48201542201,0.005513,south-central-tx,0.0,False,0.011027,True,0.0,True
48201542202,0.094345,south-central-tx,0.033035,True,0.0,True,0.25,True
48201542203,0.0,south-central-tx,0.0,True,0.0,True,0.0,True
48201542302,0.0,south-central-tx,0.0,False,0.0,True,0.0,True
48201542303,0.083333,south-central-tx,0.0,False,0.0,True,0.166667,True
48201542304,0.0,south-central-tx,0.0,False,0.0,True,0.0,True
48201542305,0.002141,south-central-tx,0.0,False,0.004283,True,0.0,True
48201542401,0.0,south-central-tx,0.0,False,0.0,True,0.0,True
48201542402,0.0,south-central-tx,0.0,True,0.0,True,0.0,True
48201542500,0.055556,south-central-tx,0.0,True,0.0,True,0.166667,True
48201542600,0.001024,south-central-tx,0.0,True,0.003072,True,0.0,True
48201542700,0.083333,south-central-tx,0.0,True,0.0,True,0.25,True
48201542800,0.004156,south-central-tx,0.0,False,0.008311,True,0.0,True
48201542901,0.0,south-central-tx,0.0,True,0.0,True,0.0,True
48201542902,0.0,south-central-tx,0.0,True,0.0,True,0.0,True
48201543004,0.001162,south-central-tx,0.0,True,0.003487,True,0.0,True
48201543005,0.0,south-central-tx,0.0,True,0.0,True,0.0,True
48201543006,0.0,south-central-tx,0.0,False,0.0,True,0.0,True
48201543007,0.001395,south-central-tx,0.0,True,0.004186,True,0.0,True
48201543008,0.0,south-central-tx,0.0,False,0.0,True,0.0,True
48201543009,0.0,south-central-tx,0.0,False,0.0,True,0.0,True
48201543010,0.001275,south-central-tx,0.0,False,0.002549,True,0.0,True
48201543011,0.000344,south-central-tx,0.0,False,0.000689,True,0.0,True
48201543100,0.113335,south-central-tx,0.17334,True,0.0,True,0.166666,True
48201543201,0.0,south-central-tx,0.0,True,0.0,True,0.0,True
48201543202,0.0,south-central-tx,0.0,True,0.0,True,0.0,True
48201550101,0.00452,south-central-tx,0.0,True,0.013559,True,0.0,True
48201550102,0.09157,south-central-tx,0.211909,True,0.062802,True,0.0,True
48201550201,0.002179,south-central-tx,0.0,True,0.006536,True,0.0,True
48201550202,0.0,south-central-tx,0.0,False,0.0,True,0.0,True
48201550303,0.0,south-central-tx,0.0,True,0.0,True,0.0,True
48201550304,0.0,south-central-tx,0.0,True,0.0,True,0.0,True
48201550305,0.0,south-central-tx,0.0,True,0.0,True,0.0,True
48201550306,0.0,south-central-tx,0.0,False,0.0,True,0.0,True
48201550307,0.0,south-central-tx,0.0,False,0.0,True,0.0,True
48201550308,0.007003,south-central-tx,0.0,True,0.021008,True,0.0,True
48201550403,0.0,south-central-tx,0.0,False,0.0,True,0.0,True
48201550404,0.0,south-central-tx,0.0,False,0.0,True,0.0,True
48201550405,0.041667,south-central-tx,0.0,False,0.0,True,0.083333,True
48201550406,0.0,south-central-tx,0.0,False,0.0,True,0.0,True
48201550407,0.0,south-central-tx,0.0,False,0.0,True,0.0,True
48201550500,0.000591,south-central-tx,0.0,True,0.001773,True,0.0,True
48201550601,0.0,south-central-tx,0.0,False,0.0,True,0.0,True
48201550602,0.002501,south-central-tx,0.0,True,0.007503,True,0.0,True
48201550603,0.0,south-central-tx,0.0,False,0.0,True,0.0,True
48201550700,0.0189,south-central-tx,0.053154,True,0.003546,True,0.0,True
48201550800,0.002125,south-central-tx,0.0,False,0.004251,True,0.0,True
48201550901,0.000642,south-central-tx,0.0,False,0.001284,True,0.0,True
48201550902,0.0,south-central-tx,0.0,False,0.0,True,0.0,True
48201551000,0.0,south-central-tx,0.0,False,0.0,True,0.0,True
48201551101,0.0,south-central-tx,0.0,False,0.0,True,0.0,True
48201551102,0.0,south-central-tx,0.0,False,0.0,True,0.0,True
48201551201,0.0,south-central-tx,0.0,False,0.0,True,0.0,True
48201551202,0.0,south-central-tx,0.0,False,0.0,True,0.0,True
48201551300,0.013672,south-central-tx,0.0,False,0.027344,True,0.0,True
48201551400,0.0,south-central-tx,0.0,False,0.0,True,0.0,True
48201551501,0.00275,south-central-tx,0.0,True,0.008251,True,0.0,True
48201551502,0.0,south-central-tx,0.0,True,0.0,True,0.0,True
48201551601,0.119754,south-central-tx,0.355688,True,0.003575,True,0.0,True
48201551602,0.00463,south-central-tx,0.0,False,0.009259,True,0.0,True
48201551702,0.005547,south-central-tx,0.015465,True,0.001174,True,0.0,True
48201551703,0.070775,south-central-tx,0.210503,True,0.001823,True,0.0,True
48201551704,0.002716,south-central-tx,0.0,False,0.005431,True,0.0,True
48201551705,0.004081,south-central-tx,0.0,False,0.008161,True,0.0,True
48201551800,0.027352,south-central-tx,0.059302,True,0.022754,True,0.0,True
48201551901,0.0,south-central-tx,0.0,False,0.0,True,0.0,True
48201551902,0.010274,south-central-tx,0.0,True,0.030822,True,0.0,True
48201552002,0.00729,south-central-tx,0.0,True,0.021869,True,0.0,True
48201552003,0.004184,south-central-tx,0.0,False,0.008368,True,0.0,True
48201552004,0.0,south-central-tx,0.0,True,0.0,True,0.0,True
48201552101,0.00555,south-central-tx,0.0,True,0.01665,True,0.0,True
48201552102,0.035104,south-central-tx,0.0,False,0.070207,True,0.0,True
48201552103,0.023176,south-central-tx,0.0,False,0.046352,True,0.0,True
48201552200,0.001261,south-central-tx,0.0,True,0.003784,True,0.0,True
48201552301,0.0,south-central-tx,0.0,False,0.0,True,0.0,True
48201552303,0.0,south-central-tx,0.0,False,0.0,True,0.0,True
48201552304,0.0,south-central-tx,0.0,False,0.0,True,0.0,True
48201552401,0.002287,south-central-tx,0.0,False,0.004575,True,0.0,True
48201552402,0.0,south-central-tx,0.0,False,0.0,True,0.0,True
48201552501,0.001567,south-central-tx,0.0,False,0.003135,True,0.0,True
48201552502,0.0,south-central-tx,0.0,False,0.0,True,0.0,True
48201552602,0.0,south-central-tx,0.0,True,0.0,True,0.0,True
48201552603,0.0,south-central-tx,0.0,True,0.0,True,0.0,True
48201552604,0.0,south-central-tx,0.0,False,0.0,True,0.0,True
48201552701,0.0,south-central-tx,0.0,False,0.0,True,0.0,True
48201552702,0.002739,south-central-tx,0.0,False,0.005477,True,0.0,True
48201552801,0.004848,south-central-tx,0.0,False,0.009697,True,0.0,True
48201552802,0.0,south-central-tx,0.0,False,0.0,True,0.0,True
48201552901,0.001976,south-central-tx,0.0,False,0.003953,True,0.0,True
48201552902,0.003121,south-central-tx,0.0,False,0.006241,True,0.0,True
48201553001,0.033417,south-central-tx,0.0,False,0.004334,True,0.0625,True
48201553002,0.001487,south-central-tx,0.0,False,0.002974,True,0.0,True
48201553101,0.004069,south-central-tx,0.0,False,0.008138,True,0.0,True
48201553102,0.0,south-central-tx,0.0,False,0.0,True,0.0,True
48201553201,0.0,south-central-tx,0.0,False,0.0,True,0.0,True
48201553202,0.001546,south-central-tx,0.0,True,0.004637,True,0.0,True
48201553300,0.004296,south-central-tx,0.0,True,0.012887,True,0.0,True
48201553401,0.0,south-central-tx,0.0,True,0.0,True,0.0,True
48201553403,0.0,south-central-tx,0.0,True,0.0,True,0.0,True
48201553404,0.000765,south-central-tx,0.0,False,0.001529,True,0.0,True
48201553405,0.0,south-central-tx,0.0,False,0.0,True,0.0,True
48201553500,0.000751,south-central-tx,0.0,False,0.001502,True,0.0,True
48201553601,0.000871,south-central-tx,0.0,False,0.001742,True,0.0,True
48201553602,0.004975,south-central-tx,0.0,False,0.00995,True,0.0,True
48201553700,0.001329,south-central-tx,0.0,False,0.002658,True,0.0,True
48201553801,0.002557,south-central-tx,0.0,False,0.005113,True,0.0,True
48201553803,0.002586,south-central-tx,0.0,False,0.005171,True,0.0,True
48201553804,0.004255,south-central-tx,0.0,False,0.008511,True,0.0,True
48201553901,0.0,south-central-tx,0.0,False,0.0,True,0.0,True
48201554001,0.0,south-central-tx,0.0,False,0.0,True,0.0,True
48201554002,0.0,south-central-tx,0.0,False,0.0,True,0.0,True
48201554103,0.0,south-central-tx,0.0,False,0.0,True,0.0,True
48201554104,0.001481,south-central-tx,0.0,False,0.002963,True,0.0,True
48201554201,0.0,south-central-tx,0.0,False,0.0,True,0.0,True
48201554202,0.0,south-central-tx,0.0,False,0.0,True,0.0,True
48201554301,0.001002,south-central-tx,0.0,True,0.003006,True,0.0,True
48201554302,0.0,south-central-tx,0.0,False,0.0,True,0.0,True
48201554404,0.0,south-central-tx,0.0,False,0.0,True,0.0,True
48201554405,0.000266,south-central-tx,0.0,True,0.000798,True,0.0,True
48201554406,0.0,south-central-tx,0.0,False,0.0,True,0.0,True
48201554407,0.0,south-central-tx,0.0,True,0.0,True,0.0,True
48201554408,0.0,south-central-tx,0.0,False,0.0,True,0.0,True
48201554409,0.005523,south-central-tx,0.0,True,0.01657,True,0.0,True
48201554410,0.002556,south-central-tx,0.0,False,0.005112,True,0.0,True
48201554501,0.008101,south-central-tx,0.0,False,0.016201,True,0.0,True
48201554502,0.003142,south-central-tx,0.0,False,0.006284,True,0.0,True
48201554600,0.0,south-central-tx,0.0,False,0.0,True,0.0,True
48201554701,0.010243,south-central-tx,0.0,True,0.03073,True,0.0,True
48201554702,0.003128,south-central-tx,0.0,False,0.006257,True,0.0,True
48201554803,0.000819,south-central-tx,0.0,False,0.001637,True,0.0,True
48201554804,0.041667,south-central-tx,0.0,True,0.0,True,0.125,True
48201554805,0.000131,south-central-tx,0.0,True,0.000394,True,0.0,True
48201554806,0.045861,south-central-tx,0.0,True,0.004975,True,0.132607,True
48201554807,0.001047,south-central-tx,0.0,True,0.003141,True,0.0,True
48201554808,0.061404,south-central-tx,0.183359,True,0.000854,True,0.0,True
48201554809,0.0,south-central-tx,0.0,True,0.0,True,0.0,True
48201554902,0.0,south-central-tx,0.0,True,0.0,True,0.0,True
48201554904,0.0,south-central-tx,0.0,False,0.0,True,0.0,True
48201554905,0.003217,south-central-tx,0.0,False,0.006433,True,0.0,True
48201554906,0.0,south-central-tx,0.0,False,0.0,True,0.0,True
48201554907,0.0,south-central-tx,0.0,True,0.0,True,0.0,True
48201554908,0.007924,south-central-tx,0.022911,True,0.000861,True,0.0,True
48201555001,0.0,south-central-tx,0.0,False,0.0,True,0.0,True
48201555002,0.0,south-central-tx,0.0,False,0.0,True,0.0,True
48201555101,0.0,south-central-tx,0.0,False,0.0,True,0.0,True
48201555102,0.0,south-central-tx,0.0,True,0.0,True,0.0,True
48201555200,0.0,south-central-tx,0.0,True,0.0,True,0.0,True
48201555301,0.0,south-central-tx,0.0,False,0.0,True,0.0,True
48201555303,0.0,south-central-tx,0.0,False,0.0,True,0.0,True
48201555304,0.0,south-central-tx,0.0,False,0.0,True,0.0,True
48201555305,0.0,south-central-tx,0.0,False,0.0,True,0.0,True
48201555401,0.0,south-central-tx,0.0,False,0.0,True,0.0,True
48201555403,0.042559,south-central-tx,0.081259,True,0.0,True,0.046419,True
48201555404,0.0,south-central-tx,0.0,True,0.0,True,0.0,True
48201555501,0.0,south-central-tx,0.0,True,0.0,True,0.0,True
48201555503,0.0,south-central-tx,0.0,True,0.0,True,0.0,True
48201555504,0.0,south-central-tx,0.0,True,0.0,True,0.0,True
48201555505,0.00347,south-central-tx,0.0,True,0.010411,True,0.0,True
48201555600,0.083394,south-central-tx,0.0,True,0.000182,True,0.25,True
48201555701,0.0,south-central-tx,0.0,True,0.0,True,0.0,True
48201555703,0.0,south-central-tx,0.0,True,0.0,True,0.0,True
48201555704,0.056488,south-central-tx,0.0,True,0.002797,True,0.166666,True
48201556000,0.14384,south-central-tx,0.30652,True,0.0,True,0.125,True
48201556100,0.003304,south-central-tx,0.0,False,0.006608,True,0.0,True
48201980000,0.050032,south-central-tx,0.150095,True,0.0,True,0.0,True
48201980100,0.041667,south-central-tx,0.0,True,0.0,True,0.125,True
48201980200,0.085459,south-central-tx,0.256377,True,0.0,True,0.0,True
48201980300,0.262821,south-central-tx,0.0,False,0.025641,True,0.5,True
48201980400,0.0,south-central-tx,0.0,False,0.0,True,0.0,True
48201980700,0.0,south-central-tx,0.0,True,0.0,True,0.0,True
48207950300,0.060317,south-central-tx,0.0,True,0.014283,True,0.166667,True
48207950400,0.04362,south-central-tx,0.0,True,0.005859,True,0.125,True
48209010100,0.172749,south-central-tx,0.518247,True,0.0,True,0.0,True
48209010200,0.416243,south-central-tx,0.708475,True,0.040254,True,0.5,True
48209010302,0.068771,south-central-tx,0.206314,True,0.0,True,0.0,True
48209010305,0.055551,south-central-tx,0.166652,True,0.0,True,0.0,True
48209010306,0.002525,south-central-tx,0.0,True,0.007576,True,0.0,True
48209010307,0.08151,south-central-tx,0.244529,True,0.0,True,0.0,True
48209010308,0.201937,south-central-tx,0.48753,True,0.11828,True,0.0,True
48209010309,0.005396,south-central-tx,0.0,True,0.016189,True,0.0,True
48209010401,0.0,south-central-tx,0.0,True,0.0,True,0.0,True
48209010402,0.031257,south-central-tx,0.0,True,0.093772,True,0.0,True
48209010500,0.0,south-central-tx,0.0,True,0.0,True,0.0,True
48209010601,0.251595,south-central-tx,0.504786,True,0.0,True,0.25,True
48209010602,0.014532,south-central-tx,0.0,False,0.029064,True,0.0,True
48209010603,0.009923,south-central-tx,0.0,True,0.029769,True,0.0,True
48209010702,0.255471,south-central-tx,0.0,False,0.010942,True,0.5,True
48209010703,0.270779,south-central-tx,0.806003,True,0.006334,True,0.0,True
48209010704,0.203284,south-central-tx,0.60584,True,0.004012,True,0.0,True
48209010806,0.0,south-central-tx,0.0,True,0.0,True,0.0,True
48209010807,0.0,south-central-tx,0.0,True,0.0,True,0.0,True
48209010809,0.230163,south-central-tx,0.690488,True,0.0,True,0.0,True
48209010810,0.182888,south-central-tx,0.0,False,0.032443,True,0.333333,True
48209010811,0.009531,south-central-tx,0.0,False,0.019063,True,0.0,True
48209010812,0.15143,south-central-tx,0.0,False,0.052861,True,0.25,True
48209010813,0.127271,south-central-tx,0.0,False,0.004541,True,0.25,True
48209010814,0.002674,south-central-tx,0.0,False,0.005348,True,0.0,True
48209010815,0.0,south-central-tx,0.0,True,0.0,True,0.0,True
48209010816,0.164497,south-central-tx,0.49349,True,0.0,True,0.0,True
48209010817,0.239441,south-central-tx,0.503604,True,0.0,True,0.214718,True
48209010818,0.0,south-central-tx,0.0,False,0.0,True,0.0,True
48209010905,0.0,south-central-tx,0.0,True,0.0,True,0.0,True
48209010909,0.0,south-central-tx,0.0,False,0.0,True,0.0,True
48209010911,0.0,south-central-tx,0.0,False,0.0,True,0.0,True
48209010912,0.0,south-central-tx,0.0,True,0.0,True,0.0,True
48209010913,0.0,south-central-tx,0.0,True,0.0,True,0.0,True
48209010914,0.0,south-central-tx,0.0,False,0.0,True,0.0,True
48209010915,0.0,south-central-tx,0.0,False,0.0,True,0.0,True
48209010916,0.063156,south-central-tx,0.189467,True,0.0,True,0.0,True
48209010917,0.021183,south-central-tx,0.06355,True,0.0,True,0.0,True
48209010918,0.0,south-central-tx,0.0,False,0.0,True,0.0,True
48209010919,0.0,south-central-tx,0.0,True,0.0,True,0.0,True
48209010920,0.230044,south-central-tx,0.690133,True,0.0,True,0.0,True
48209010921,0.120149,south-central-tx,0.360446,True,0.0,True,0.0,True
48209010922,0.0,south-central-tx,0.0,True,0.0,True,0.0,True
48209010923,0.0,south-central-tx,0.0,True,0.0,True,0.0,True
48209010924,0.0,south-central-tx,0.0,True,0.0,True,0.0,True
48209010925,0.0,south-central-tx,0.0,True,0.0,True,0.0,True
48213950101,0.000761,south-central-tx,0.0,True,0.002282,True,0.0,True
48213950102,0.005924,south-central-tx,0.0,True,0.017773,True,0.0,True
48213950201,0.002237,south-central-tx,0.0,True,0.006711,True,0.0,True
48213950202,0.113681,south-central-tx,0.0,True,0.00771,True,0.333333,True
48213950301,0.242941,south-central-tx,0.468841,True,0.009981,True,0.25,True
48213950302,0.217119,south-central-tx,0.651357,True,0.0,True,0.0,True
48213950303,0.122574,south-central-tx,0.317838,True,0.049886,True,0.0,True
48213950400,0.158977,south-central-tx,0.476431,True,0.000501,True,0.0,True
48213950500,0.081891,south-central-tx,0.245672,True,0.0,True,0.0,True
48213950601,0.186274,south-central-tx,0.496427,True,0.062396,True,0.0,True
48213950603,0.227103,south-central-tx,0.589796,True,0.091514,True,0.0,True
48213950604,0.333448,south-central-tx,0.868236,True,0.007107,True,0.125,True
48213950700,0.171059,south-central-tx,0.0,True,0.013177,True,0.5,True
48213950801,0.252881,south-central-tx,0.623959,True,0.134684,True,0.0,True
48213950802,0.314981,south-central-tx,0.392104,True,0.05284,True,0.5,True
48213950902,0.121036,south-central-tx,0.238107,True,0.0,True,0.125,True
48213950903,0.437077,south-central-tx,0.708065,True,0.103166,True,0.5,True
48213950904,0.348035,south-central-tx,0.476386,True,0.067717,True,0.5,True
48213950905,0.319758,south-central-tx,0.525014,True,0.059259,True,0.375,True
48213951000,0.223112,south-central-tx,0.669335,True,0.0,True,0.0,True
48213951101,0.000217,south-central-tx,0.0,True,0.000651,True,0.0,True
48213951102,0.129185,south-central-tx,0.365123,True,0.022433,True,0.0,True
48213951201,0.148418,south-central-tx,0.441663,True,0.003592,True,0.0,True
48213951202,0.226682,south-central-tx,0.671939,True,0.008106,True,0.0,True
48213951300,0.196347,south-central-tx,0.589041,True,0.0,True,0.0,True
48213951401,0.011712,south-central-tx,0.0,True,0.035136,True,0.0,True
48213951402,0.057241,south-central-tx,0.0,True,0.005058,True,0.166666,True
48213951403,0.008755,south-central-tx,0.0,True,0.026266,True,0.0,True
48215020103,0.002514,south-central-tx,0.0,True,0.007541,True,0.0,True
48215020104,0.103265,south-central-tx,0.275871,True,0.033923,True,0.0,True
48215020105,0.175177,south-central-tx,0.524036,True,0.001495,True,0.0,True
48215020106,0.118541,south-central-tx,0.354828,True,0.000796,True,0.0,True
48215020107,0.31672,south-central-tx,0.946952,True,0.003209,True,0.0,True
48215020108,0.0,south-central-tx,0.0,True,0.0,True,0.0,True
48215020205,0.232472,south-central-tx,0.687515,True,0.009901,True,0.0,True
48215020206,0.002166,south-central-tx,0.0,True,0.006497,True,0.0,True
48215020207,0.047665,south-central-tx,0.137015,True,0.005979,True,0.0,True
48215020208,0.038468,south-central-tx,0.111512,True,0.003894,True,0.0,True
48215020209,0.196428,south-central-tx,0.589285,True,0.0,True,0.0,True
48215020210,0.23326,south-central-tx,0.694748,True,0.005031,True,0.0,True
48215020211,0.333843,south-central-tx,1.0,True,0.001528,True,0.0,True
48215020303,0.0,south-central-tx,0.0,False,0.0,True,0.0,True
48215020304,0.224513,south-central-tx,0.669584,True,0.003956,True,0.0,True
48215020305,0.16029,south-central-tx,0.474207,True,0.006662,True,0.0,True
48215020306,0.249572,south-central-tx,0.743679,True,0.005038,True,0.0,True
48215020307,0.253663,south-central-tx,0.751725,True,0.009264,True,0.0,True
48215020403,0.184062,south-central-tx,0.539035,True,0.013151,True,0.0,True
48215020405,0.006096,south-central-tx,0.0,True,0.018287,True,0.0,True
48215020406,0.001794,south-central-tx,0.0,True,0.0,True,0.005383,True
48215020407,0.096157,south-central-tx,0.277071,True,0.011401,True,0.0,True
48215020408,0.16741,south-central-tx,0.500698,True,0.001531,True,0.0,True
48215020409,0.013418,south-central-tx,0.040254,True,0.0,True,0.0,True
48215020505,0.358163,south-central-tx,0.822202,True,0.002286,True,0.25,True
48215020506,0.049605,south-central-tx,0.140439,True,0.008377,True,0.0,True
48215020507,0.134577,south-central-tx,0.40373,True,0.0,True,0.0,True
48215020508,0.32105,south-central-tx,0.963149,True,0.0,True,0.0,True
48215020509,0.0,south-central-tx,0.0,True,0.0,True,0.0,True
48215020510,0.0,south-central-tx,0.0,True,0.0,True,0.0,True
48215020511,0.003205,south-central-tx,0.0,True,0.009615,True,0.0,True
48215020512,0.000948,south-central-tx,0.0,True,0.002845,True,0.0,True
48215020513,0.130547,south-central-tx,0.391641,True,0.0,True,0.0,True
48215020600,0.17025,south-central-tx,0.010749,True,0.0,True,0.5,True
48215020724,0.145045,south-central-tx,0.433885,True,0.001252,True,0.0,True
48215020725,0.0,south-central-tx,0.0,True,0.0,True,0.0,True
48215020727,0.0,south-central-tx,0.0,False,0.0,True,0.0,True
48215020728,0.000906,south-central-tx,0.0,False,0.001812,True,0.0,True
48215020729,0.150325,south-central-tx,0.443091,True,0.007883,True,0.0,True
48215020730,0.220005,south-central-tx,0.660016,True,0.0,True,0.0,True
48215020731,0.0,south-central-tx,0.0,False,0.0,True,0.0,True
48215020732,0.086515,south-central-tx,0.257518,True,0.002027,True,0.0,True
48215020733,0.002141,south-central-tx,0.0,False,0.004283,True,0.0,True
48215020734,0.0,south-central-tx,0.0,False,0.0,True,0.0,True
48215020735,0.002146,south-central-tx,0.0,False,0.004292,True,0.0,True
48215020736,0.001795,south-central-tx,0.0,False,0.003591,True,0.0,True
48215020804,0.004785,south-central-tx,0.0,True,0.014354,True,0.0,True
48215020805,0.177446,south-central-tx,0.527307,True,0.00503,True,0.0,True
48215020806,0.13946,south-central-tx,0.418379,True,0.0,True,0.0,True
48215020807,0.0,south-central-tx,0.0,True,0.0,True,0.0,True
48215020808,0.0,south-central-tx,0.0,True,0.0,True,0.0,True
48215020905,0.0,south-central-tx,0.0,False,0.0,True,0.0,True
48215020906,0.027517,south-central-tx,0.08255,True,0.0,True,0.0,True
48215020907,0.030573,south-central-tx,0.09172,True,0.0,True,0.0,True
48215020908,0.081826,south-central-tx,0.245479,True,0.0,True,0.0,True
48215020909,0.201457,south-central-tx,0.354372,True,0.0,True,0.25,True
48215020910,0.0,south-central-tx,0.0,False,0.0,True,0.0,True
48215021001,0.063908,south-central-tx,0.191724,True,0.0,True,0.0,True
48215021002,0.044774,south-central-tx,0.134322,True,0.0,True,0.0,True
48215021003,0.202315,south-central-tx,0.603417,True,0.003529,True,0.0,True
48215021100,0.072412,south-central-tx,0.217237,True,0.0,True,0.0,True
48215021201,0.006518,south-central-tx,0.0,True,0.019553,True,0.0,True
48215021203,0.09583,south-central-tx,0.287491,True,0.0,True,0.0,True
48215021204,0.0,south-central-tx,0.0,True,0.0,True,0.0,True
48215021306,0.0,south-central-tx,0.0,True,0.0,True,0.0,True
48215021307,0.15647,south-central-tx,0.469411,True,0.0,True,0.0,True
48215021308,0.229543,south-central-tx,0.68863,True,0.0,True,0.0,True
48215021309,0.325389,south-central-tx,0.726168,True,0.0,True,0.25,True
48215021310,0.284023,south-central-tx,0.852068,True,0.0,True,0.0,True
48215021311,0.0,south-central-tx,0.0,True,0.0,True,0.0,True
48215021312,0.162126,south-central-tx,0.486379,True,0.0,True,0.0,True
48215021313,0.0,south-central-tx,0.0,True,0.0,True,0.0,True
48215021314,0.180767,south-central-tx,0.542302,True,0.0,True,0.0,True
48215021315,0.154482,south-central-tx,0.463445,True,0.0,True,0.0,True
48215021401,0.131412,south-central-tx,0.390321,True,0.003914,True,0.0,True
48215021405,0.199378,south-central-tx,0.598135,True,0.0,True,0.0,True
48215021406,0.009173,south-central-tx,0.027519,True,0.0,True,0.0,True
48215021407,0.118124,south-central-tx,0.354373,True,0.0,True,0.0,True
48215021408,0.125573,south-central-tx,0.376719,True,0.0,True,0.0,True
48215021409,0.19455,south-central-tx,0.583651,True,0.0,True,0.0,True
48215021500,0.196523,south-central-tx,0.589568,True,0.0,True,0.0,True
48215021600,0.166496,south-central-tx,0.499489,True,0.0,True,0.0,True
48215021703,0.001586,south-central-tx,0.0,True,0.004758,True,0.0,True
48215021704,0.001997,south-central-tx,0.0,True,0.005991,True,0.0,True
48215021705,0.001693,south-central-tx,0.0,True,0.005079,True,0.0,True
48215021706,0.001909,south-central-tx,0.0,True,0.005727,True,0.0,True
48215021707,0.00168,south-central-tx,0.0,True,0.00504,True,0.0,True
48215021803,0.026424,south-central-tx,0.077813,True,0.001458,True,0.0,True
48215021804,0.057318,south-central-tx,0.16605,True,0.005904,True,0.0,True
48215021807,0.073151,south-central-tx,0.21328,True,0.006173,True,0.0,True
48215021808,0.288298,south-central-tx,0.859025,True,0.005869,True,0.0,True
48215021809,0.002147,south-central-tx,0.0,False,0.004295,True,0.0,True
48215021810,0.00603,south-central-tx,0.0,False,0.01206,True,0.0,True
48215021903,4e-06,south-central-tx,1.1e-05,True,0.0,True,0.0,True
48215021904,0.139498,south-central-tx,0.414286,True,0.004208,True,0.0,True
48215021905,0.138578,south-central-tx,0.413539,True,0.002194,True,0.0,True
48215021906,0.001346,south-central-tx,0.0,True,0.004037,True,0.0,True
48215022005,0.160458,south-central-tx,0.481373,True,0.0,True,0.0,True
48215022006,0.0,south-central-tx,0.0,True,0.0,True,0.0,True
48215022007,0.0,south-central-tx,0.0,False,0.0,True,0.0,True
48215022008,0.0,south-central-tx,0.0,True,0.0,True,0.0,True
48215022009,0.0,south-central-tx,0.0,False,0.0,True,0.0,True
48215022010,0.082586,south-central-tx,0.247757,True,0.0,True,0.0,True
48215022011,0.0,south-central-tx,0.0,False,0.0,True,0.0,True
48215022105,0.321432,south-central-tx,0.964295,True,0.0,True,0.0,True
48215022107,0.115726,south-central-tx,0.347177,True,0.0,True,0.0,True
48215022108,0.108746,south-central-tx,0.326237,True,0.0,True,0.0,True
48215022109,0.061304,south-central-tx,0.183911,True,0.0,True,0.0,True
48215022110,0.001338,south-central-tx,0.0,False,0.002676,True,0.0,True
48215022111,0.001517,south-central-tx,0.0,False,0.003035,True,0.0,True
48215022112,0.0,south-central-tx,0.0,False,0.0,True,0.0,True
48215022113,0.023117,south-central-tx,0.069352,True,0.0,True,0.0,True
48215022203,0.235492,south-central-tx,0.706476,True,0.0,True,0.0,True
48215022204,0.0,south-central-tx,0.0,True,0.0,True,0.0,True
48215022205,0.04138,south-central-tx,0.12414,True,0.0,True,0.0,True
48215022206,0.0,south-central-tx,0.0,False,0.0,True,0.0,True
48215022301,0.333333,south-central-tx,1.0,True,0.0,True,0.0,True
48215022302,0.0,south-central-tx,0.0,False,0.0,True,0.0,True
48215022401,0.01891,south-central-tx,0.056731,True,0.0,True,0.0,True
48215022402,0.0,south-central-tx,0.0,True,0.0,True,0.0,True
48215022502,0.0,south-central-tx,0.0,True,0.0,True,0.0,True
48215022503,0.001238,south-central-tx,0.0,False,0.002475,True,0.0,True
48215022504,0.0,south-central-tx,0.0,False,0.0,True,0.0,True
48215022600,0.0,south-central-tx,0.0,True,0.0,True,0.0,True
48215022703,0.077671,south-central-tx,0.233013,True,0.0,True,0.0,True
48215022704,0.0,south-central-tx,0.0,True,0.0,True,0.0,True
48215022705,0.0,south-central-tx,0.0,False,0.0,True,0.0,True
48215022706,0.0,south-central-tx,0.0,False,0.0,True,0.0,True
48215022801,0.0,south-central-tx,0.0,True,0.0,True,0.0,True
48215022802,0.12431,south-central-tx,0.122929,True,0.0,True,0.25,True
48215022900,0.108252,south-central-tx,0.074757,True,0.0,True,0.25,True
48215023000,0.0,south-central-tx,0.0,True,0.0,True,0.0,True
48215023103,0.0,south-central-tx,0.0,True,0.0,True,0.0,True
48215023104,0.0,south-central-tx,0.0,True,0.0,True,0.0,True
48215023105,0.166667,south-central-tx,0.0,True,0.0,True,0.5,True
48215023106,0.0,south-central-tx,0.0,False,0.0,True,0.0,True
48215023516,0.004261,south-central-tx,0.0,True,0.012783,True,0.0,True
48215023517,0.001234,south-central-tx,0.0,True,0.003702,True,0.0,True
48215023518,0.000571,south-central-tx,0.0,True,0.001714,True,0.0,True
48215023519,0.003191,south-central-tx,0.0,True,0.009574,True,0.0,True
48215023520,0.001197,south-central-tx,0.0,True,0.003592,True,0.0,True
48215023521,0.00161,south-central-tx,0.0,True,0.004831,True,0.0,True
48215023522,0.167262,south-central-tx,0.0,True,0.001786,True,0.5,True
48215023523,0.000528,south-central-tx,0.0,False,0.001055,True,0.0,True
48215023524,0.000974,south-central-tx,0.0,True,0.002921,True,0.0,True
48215023525,0.000283,south-central-tx,0.0,False,0.000566,True,0.0,True
48215023526,0.000935,south-central-tx,0.0,False,0.001871,True,0.0,True
48215023527,0.000655,south-central-tx,0.0,False,0.00131,True,0.0,True
48215023528,0.04216,south-central-tx,0.12363,True,0.00285,True,0.0,True
48215023529,0.0,south-central-tx,0.0,True,0.0,True,0.0,True
48215023530,0.000622,south-central-tx,0.0,True,0.001867,True,0.0,True
48215023531,0.0,south-central-tx,0.0,False,0.0,True,0.0,True
48215023532,0.000595,south-central-tx,0.0,False,0.00119,True,0.0,True
48215023533,0.001329,south-central-tx,0.0,False,0.002657,True,0.0,True
48215023534,0.000361,south-central-tx,0.0,True,0.001082,True,0.0,True
48215023535,0.0,south-central-tx,0.0,True,0.0,True,0.0,True
48215023536,0.0,south-central-tx,0.0,True,0.0,True,0.0,True
48215023601,0.131746,south-central-tx,0.385745,True,0.009494,True,0.0,True
48215023602,0.113191,south-central-tx,0.23774,True,0.001832,True,0.1,True
48215023700,0.182873,south-central-tx,0.548619,True,0.0,True,0.0,True
48215023803,0.001214,south-central-tx,0.0,True,0.003641,True,0.0,True
48215023804,0.05299,south-central-tx,0.154657,True,0.004314,True,0.0,True
48215023805,0.068176,south-central-tx,0.204529,True,0.0,True,0.0,True
48215023806,0.002256,south-central-tx,0.0,True,0.006769,True,0.0,True
48215023903,0.277911,south-central-tx,0.82463,True,0.009103,True,0.0,True
48215023905,0.001693,south-central-tx,0.0,True,0.00508,True,0.0,True
48215023906,0.0,south-central-tx,0.0,True,0.0,True,0.0,True
48215023907,0.028106,south-central-tx,0.084318,True,0.0,True,0.0,True
48215023908,0.001988,south-central-tx,0.0,True,0.005964,True,0.0,True
48215024001,0.196943,south-central-tx,0.590829,True,0.0,True,0.0,True
48215024002,0.070534,south-central-tx,0.211601,True,0.0,True,0.0,True
48215024003,0.264003,south-central-tx,0.784497,True,0.007513,True,0.0,True
48215024004,0.000949,south-central-tx,0.0,False,0.001898,True,0.0,True
48215024107,0.108319,south-central-tx,0.321788,True,0.00317,True,0.0,True
48215024108,0.003706,south-central-tx,0.0,False,0.007413,True,0.0,True
48215024109,0.177621,south-central-tx,0.524708,True,0.008156,True,0.0,True
48215024115,0.127403,south-central-tx,0.0,False,0.004806,True,0.25,True
48215024116,0.001404,south-central-tx,0.0,True,0.004212,True,0.0,True
48215024117,0.172452,south-central-tx,0.506922,True,0.010433,True,0.0,True
48215024118,0.110627,south-central-tx,0.326994,True,0.004886,True,0.0,True
48215024119,0.231773,south-central-tx,0.693225,True,0.002095,True,0.0,True
48215024120,0.001046,south-central-tx,0.0,False,0.002092,True,0.0,True
48215024121,0.000263,south-central-tx,0.0,False,0.000527,True,0.0,True
48215024122,0.000542,south-central-tx,0.0,False,0.001085,True,0.0,True
48215024123,0.002527,south-central-tx,0.0,False,0.005055,True,0.0,True
48215024124,0.129698,south-central-tx,0.381039,True,0.008055,True,0.0,True
48215024125,0.207161,south-central-tx,0.618916,True,0.002568,True,0.0,True
48215024126,0.025541,south-central-tx,0.076624,True,0.0,True,0.0,True
48215024127,0.000263,south-central-tx,0.0,False,0.000527,True,0.0,True
48215024128,0.01189,south-central-tx,0.032871,True,0.002798,True,0.0,True
48215024129,0.059507,south-central-tx,0.169712,True,0.008808,True,0.0,True
48215024130,0.003721,south-central-tx,0.0,False,0.007442,True,0.0,True
48215024131,0.0,south-central-tx,0.0,False,0.0,True,0.0,True
48215024132,0.016598,south-central-tx,0.042943,True,0.006849,True,0.0,True
48215024204,0.18337,south-central-tx,0.55011,True,0.0,True,0.0,True
48215024206,0.083333,south-central-tx,0.0,True,0.0,True,0.25,True
48215024207,0.05006,south-central-tx,0.150181,True,0.0,True,0.0,True
48215024208,0.0,south-central-tx,0.0,True,0.0,True,0.0,True
48215024209,0.051246,south-central-tx,0.153739,True,0.0,True,0.0,True
48215024210,0.229247,south-central-tx,0.687742,True,0.0,True,0.0,True
48215024211,0.000845,south-central-tx,0.0,False,0.001689,True,0.0,True
48215024212,0.0,south-central-tx,0.0,False,0.0,True,0.0,True
48215024301,0.085474,south-central-tx,0.0,True,0.006421,True,0.25,True
48215024302,0.010695,south-central-tx,0.0,True,0.032086,True,0.0,True
48215024403,0.20347,south-central-tx,0.60992,True,0.00049,True,0.0,True
48215024404,0.000902,south-central-tx,0.0,True,0.002705,True,0.0,True
48215024405,0.184042,south-central-tx,0.552125,True,0.0,True,0.0,True
48215024406,0.251484,south-central-tx,0.0,False,0.002967,True,0.5,True
48215024501,0.001036,south-central-tx,0.0,True,0.003109,True,0.0,True
48215024502,0.085931,south-central-tx,0.0,True,0.007792,True,0.25,True
48215024600,0.0432,south-central-tx,0.0,True,0.004601,True,0.125,True
48215980000,0.009596,south-central-tx,0.028788,True,0.0,True,0.0,True
48217960100,0.0,south-central-tx,0.0,True,0.0,True,0.0,True
48217960200,0.027778,south-central-tx,0.0,True,0.0,True,0.083333,True
48217960400,0.016702,south-central-tx,0.0,False,0.033404,True,0.0,True
48217960501,0.033065,south-central-tx,0.0,True,0.015861,True,0.083333,True
48217960502,0.003813,south-central-tx,0.0,True,0.011438,True,0.0,True
48217960600,0.081488,south-central-tx,0.226484,True,0.017981,True,0.0,True
48217960700,0.150553,south-central-tx,0.443609,True,0.008052,True,0.0,True
48217960800,0.283388,south-central-tx,0.516832,True,0.0,True,0.333333,True
48217960900,0.19278,south-central-tx,0.578339,True,0.0,True,0.0,True
48217961000,0.1956,south-central-tx,0.5868,True,0.0,True,0.0,True
48217961100,0.065147,south-central-tx,0.028775,True,0.0,True,0.166667,True
48217961400,0.058643,south-central-tx,0.0,True,0.009261,True,0.166667,True
48221160100,0.032363,south-central-tx,0.097088,True,0.0,True,0.0,True
48221160204,0.100191,south-central-tx,0.300573,True,0.0,True,0.0,True
48221160206,0.263732,south-central-tx,0.596127,True,0.028402,True,0.166667,True
48221160210,0.0,south-central-tx,0.0,False,0.0,True,0.0,True
48221160211,0.22088,south-central-tx,0.66264,True,0.0,True,0.0,True
48221160212,0.194364,south-central-tx,0.583093,True,0.0,True,0.0,True
48221160213,0.215802,south-central-tx,0.0,False,0.0,True,0.431603,True
48221160214,0.0,south-central-tx,0.0,False,0.0,True,0.0,True
48221160215,0.25,south-central-tx,0.0,False,0.0,True,0.5,True
48221160216,0.0,south-central-tx,0.0,False,0.0,True,0.0,True
48221160217,0.184443,south-central-tx,0.553328,True,0.0,True,0.0,True
48221160218,0.221587,south-central-tx,0.664762,True,0.0,True,0.0,True
48221160302,0.055556,south-central-tx,0.0,True,0.0,True,0.166667,True
48221160303,0.010283,south-central-tx,0.030849,True,0.0,True,0.0,True
48223950100,0.003173,south-central-tx,0.0,True,0.009518,True,0.0,True
48223950200,0.043882,south-central-tx,0.0,True,0.006645,True,0.125,True
48223950301,0.0,south-central-tx,0.0,True,0.0,True,0.0,True
48223950302,0.156058,south-central-tx,0.21181,True,0.006363,True,0.25,True
48223950401,0.135835,south-central-tx,0.407505,True,0.0,True,0.0,True
48223950402,0.17565,south-central-tx,0.526949,True,0.0,True,0.0,True
48223950500,0.160322,south-central-tx,0.477825,True,0.003142,True,0.0,True
48223950600,0.112155,south-central-tx,0.330037,True,0.006429,True,0.0,True
48223950700,0.045649,south-central-tx,0.0,True,0.011947,True,0.125,True
48223950800,0.003404,south-central-tx,0.0,True,0.010211,True,0.0,True
48225950101,0.322738,south-central-tx,0.686131,True,0.032081,True,0.25,True
48225950102,0.093272,south-central-tx,0.0,True,0.029817,True,0.25,True
48225950200,0.252649,south-central-tx,0.236971,True,0.020975,True,0.5,True
48225950300,0.223892,south-central-tx,0.670416,True,0.00126,True,0.0,True
48225950400,0.238591,south-central-tx,0.713279,True,0.002494,True,0.0,True
48225950500,0.160078,south-central-tx,0.204992,True,0.025243,True,0.25,True
48225950600,0.0912,south-central-tx,0.0,True,0.023599,True,0.25,True
48225950700,0.089845,south-central-tx,0.0,True,0.019534,True,0.25,True
48227950100,0.168931,south-central-tx,0.0,True,0.006793,True,0.5,True
48227950200,0.042792,south-central-tx,0.0,True,0.003375,True,0.125,True
48227950300,0.021959,south-central-tx,0.065877,True,0.0,True,0.0,True
48227950400,0.054669,south-central-tx,0.163453,True,0.000552,True,0.0,True
48227950500,0.185076,south-central-tx,0.555229,True,0.0,True,0.0,True
48227950600,0.0,south-central-tx,0.0,True,0.0,True,0.0,True
48227950700,0.1875,south-central-tx,0.0,False,0.0,True,0.375,True
48227950801,0.083333,south-central-tx,0.0,True,0.0,True,0.25,True
48227950802,0.083333,south-central-tx,0.0,True,0.0,True,0.25,True
48227950900,0.086068,south-central-tx,0.0,True,0.008203,True,0.25,True
48231960100,0.000206,south-central-tx,0.000618,True,0.0,True,0.0,True
48231960200,0.0,south-central-tx,0.0,True,0.0,True,0.0,True
48231960300,0.0,south-central-tx,0.0,True,0.0,True,0.0,True
48231960400,0.113109,south-central-tx,0.339326,True,0.0,True,0.0,True
48231960500,0.075873,south-central-tx,0.227618,True,0.0,True,0.0,True
48231960600,0.219597,south-central-tx,0.658791,True,0.0,True,0.0,True
48231960700,0.048468,south-central-tx,0.145403,True,0.0,True,0.0,True
48231960800,0.205913,south-central-tx,0.61774,True,0.0,True,0.0,True
48231960900,0.194938,south-central-tx,0.584813,True,0.0,True,0.0,True
48231961000,0.135689,south-central-tx,0.407066,True,0.0,True,0.0,True
48231961101,0.099857,south-central-tx,0.29957,True,0.0,True,0.0,True
48231961102,0.144444,south-central-tx,0.433332,True,0.0,True,0.0,True
48231961200,0.097618,south-central-tx,0.292853,True,0.0,True,0.0,True
48231961300,0.063094,south-central-tx,0.189281,True,0.0,True,0.0,True
48231961401,0.09821,south-central-tx,0.294629,True,0.0,True,0.0,True
48231961402,0.0,south-central-tx,0.0,True,0.0,True,0.0,True
48231961501,0.046033,south-central-tx,0.1381,True,0.0,True,0.0,True
48231961502,0.076352,south-central-tx,0.229055,True,0.0,True,0.0,True
48231961503,0.136492,south-central-tx,0.409475,True,0.0,True,0.0,True
48231961600,0.167841,south-central-tx,0.503523,True,0.0,True,0.0,True
48231961700,0.0,south-central-tx,0.0,True,0.0,True,0.0,True
48235950100,0.115274,south-central-tx,0.0,True,0.012489,True,0.333333,True
48237950100,0.087786,south-central-tx,0.0,True,0.013359,True,0.25,True
48237950300,0.255792,south-central-tx,0.767375,True,0.0,True,0.0,True
48237950500,0.133556,south-central-tx,0.0,True,0.011778,True,0.388889,True
48239950100,0.041667,south-central-tx,0.0,True,0.0,True,0.125,True
48239950200,0.052737,south-central-tx,0.15821,True,0.0,True,0.0,True
48239950300,0.039756,south-central-tx,0.119268,True,0.0,True,0.0,True
48247950200,0.170283,south-central-tx,0.510849,True,0.0,True,0.0,True
48247950400,0.08655,south-central-tx,0.0,True,0.009649,True,0.25,True
48249950101,0.003862,south-central-tx,0.010798,True,0.000787,True,0.0,True
48249950102,0.0,south-central-tx,0.0,True,0.0,True,0.0,True
48249950201,0.073018,south-central-tx,0.219054,True,0.0,True,0.0,True
48249950202,0.025799,south-central-tx,0.074533,True,0.002865,True,0.0,True
48249950301,0.0,south-central-tx,0.0,False,0.0,True,0.0,True
48249950302,0.172695,south-central-tx,0.518084,True,0.0,True,0.0,True
48249950303,0.20007,south-central-tx,0.600211,True,0.0,True,0.0,True
48249950400,0.055556,south-central-tx,0.0,True,0.0,True,0.166667,True
48249950500,0.084338,south-central-tx,0.247968,True,0.005046,True,0.0,True
48249950600,0.065106,south-central-tx,0.194726,True,0.000591,True,0.0,True
48249950700,0.084486,south-central-tx,0.0,True,0.003459,True,0.25,True
48251130100,0.041667,south-central-tx,0.0,True,0.0,True,0.125,True
48251130205,0.00098,south-central-tx,0.0,True,0.002939,True,0.0,True
48251130210,0.037796,south-central-tx,0.113389,True,0.0,True,0.0,True
48251130211,0.066094,south-central-tx,0.198281,True,0.0,True,0.0,True
48251130212,0.0,south-central-tx,0.0,True,0.0,True,0.0,True
48251130213,0.0,south-central-tx,0.0,True,0.0,True,0.0,True
48251130214,0.134679,south-central-tx,0.404036,True,0.0,True,0.0,True
48251130215,0.0,south-central-tx,0.0,True,0.0,True,0.0,True
48251130216,0.0,south-central-tx,0.0,False,0.0,True,0.0,True
48251130217,0.0,south-central-tx,0.0,False,0.0,True,0.0,True
48251130218,0.174171,south-central-tx,0.522514,True,0.0,True,0.0,True
48251130219,0.0,south-central-tx,0.0,True,0.0,True,0.0,True
48251130220,0.004555,south-central-tx,0.013666,True,0.0,True,0.0,True
48251130221,0.039104,south-central-tx,0.113154,True,0.004158,True,0.0,True
48251130222,0.0,south-central-tx,0.0,True,0.0,True,0.0,True
48251130302,0.0,south-central-tx,0.0,True,0.0,True,0.0,True
48251130303,0.180021,south-central-tx,0.540063,True,0.0,True,0.0,True
48251130304,0.146401,south-central-tx,0.439202,True,0.0,True,0.0,True
48251130405,0.0,south-central-tx,0.0,False,0.0,True,0.0,True
48251130406,0.0,south-central-tx,0.0,True,0.0,True,0.0,True
48251130411,0.0,south-central-tx,0.0,False,0.0,True,0.0,True
48251130412,0.0,south-central-tx,0.0,True,0.0,True,0.0,True
48251130413,0.0,south-central-tx,0.0,True,0.0,True,0.0,True
48251130414,0.177081,south-central-tx,0.531243,True,0.0,True,0.0,True
48251130415,0.141244,south-central-tx,0.423733,True,0.0,True,0.0,True
48251130416,0.0,south-central-tx,0.0,True,0.0,True,0.0,True
48251130417,0.136311,south-central-tx,0.408933,True,0.0,True,0.0,True
48251130418,0.0,south-central-tx,0.0,True,0.0,True,0.0,True
48251130419,0.0,south-central-tx,0.0,True,0.0,True,0.0,True
48251130501,0.006992,south-central-tx,0.020977,True,0.0,True,0.0,True
48251130502,0.0,south-central-tx,0.0,True,0.0,True,0.0,True
48251130602,0.0,south-central-tx,0.0,True,0.0,True,0.0,True
48251130603,0.146523,south-central-tx,0.314568,True,0.0,True,0.125,True
48251130604,0.03484,south-central-tx,0.104519,True,0.0,True,0.0,True
48251130700,0.0,south-central-tx,0.0,False,0.0,True,0.0,True
48251130800,0.186562,south-central-tx,0.559686,True,0.0,True,0.0,True
48251130900,0.113611,south-central-tx,0.090832,True,0.0,True,0.25,True
48251131000,0.0,south-central-tx,0.0,False,0.0,True,0.0,True
48251131100,0.181339,south-central-tx,0.544018,True,0.0,True,0.0,True
48253020101,0.024046,south-central-tx,0.072139,True,0.0,True,0.0,True
48253020102,0.131148,south-central-tx,0.0,False,0.262295,True,0.0,True
48253020200,0.174503,south-central-tx,0.523508,True,0.0,True,0.0,True
48253020300,0.0,south-central-tx,0.0,True,0.0,True,0.0,True
48253020400,0.0,south-central-tx,0.0,True,0.0,True,0.0,True
48253020500,0.041727,south-central-tx,0.0,True,0.000182,True,0.125,True
48255970100,0.083333,south-central-tx,0.0,True,0.0,True,0.25,True
48255970200,0.001575,south-central-tx,0.0,True,0.004725,True,0.0,True
48255970301,0.071524,south-central-tx,0.203843,True,0.01073,True,0.0,True
48255970302,0.17083,south-central-tx,0.456936,True,0.0,True,0.055556,True
48255970400,0.130112,south-central-tx,0.0,True,0.015337,True,0.375,True
48257050204,0.0,south-central-tx,0.0,False,0.0,True,0.0,True
48257050207,0.0,south-central-tx,0.0,False,0.0,True,0.0,True
48257050208,0.0,south-central-tx,0.0,True,0.0,True,0.0,True
48257050209,0.0,south-central-tx,0.0,False,0.0,True,0.0,True
48257050210,0.0,south-central-tx,0.0,False,0.0,True,0.0,True
48257050211,0.0,south-central-tx,0.0,True,0.0,True,0.0,True
48257050212,0.001895,south-central-tx,0.0,True,0.005684,True,0.0,True
48257050213,0.083333,south-central-tx,0.0,True,0.0,True,0.25,True
48257050214,0.0,south-central-tx,0.0,True,0.0,True,0.0,True
48257050215,0.0,south-central-tx,0.0,True,0.0,True,0.0,True
48257050300,0.217283,south-central-tx,0.651849,True,0.0,True,0.0,True
48257050401,0.201459,south-central-tx,0.43771,True,0.0,True,0.166667,True
48257050402,0.0,south-central-tx,0.0,True,0.0,True,0.0,True
48257050500,0.171387,south-central-tx,0.347493,True,0.0,True,0.166667,True
48257050601,0.0,south-central-tx,0.0,True,0.0,True,0.0,True
48257050602,0.0,south-central-tx,0.0,True,0.0,True,0.0,True
48257050701,0.0,south-central-tx,0.0,True,0.0,True,0.0,True
48257050703,0.0,south-central-tx,0.0,True,0.0,True,0.0,True
48257050704,0.072978,south-central-tx,0.218935,True,0.0,True,0.0,True
48257050801,0.0,south-central-tx,0.0,True,0.0,True,0.0,True
48257050802,0.0,south-central-tx,0.0,True,0.0,True,0.0,True
48257051000,0.212721,south-central-tx,0.638162,True,0.0,True,0.0,True
48257051100,0.046323,south-central-tx,0.13897,True,0.0,True,0.0,True
48257051201,0.166667,south-central-tx,0.0,True,0.0,True,0.5,True
48257051202,0.0,south-central-tx,0.0,True,0.0,True,0.0,True
48257051301,0.076725,south-central-tx,0.146842,True,0.0,True,0.083333,True
48257051302,0.0,south-central-tx,0.0,True,0.0,True,0.0,True
48259970101,0.035474,south-central-tx,0.021447,True,0.084976,True,0.0,True
48259970102,0.086319,south-central-tx,0.0,True,0.050624,True,0.208333,True
48259970301,0.198921,south-central-tx,0.402579,True,0.194184,True,0.0,True
48259970302,0.218402,south-central-tx,0.566677,True,0.08853,True,0.0,True
48259970403,0.032702,south-central-tx,0.0,True,0.098106,True,0.0,True
48259970404,0.0647,south-central-tx,0.0,True,0.1941,True,0.0,True
48259970405,0.069191,south-central-tx,0.0,True,0.207572,True,0.0,True
48259970406,0.119349,south-central-tx,0.25411,True,0.103937,True,0.0,True
48259970500,0.123331,south-central-tx,0.119994,True,0.0,True,0.25,True
48261950100,0.016117,south-central-tx,0.0,True,0.048352,True,0.0,True
48263950100,0.088275,south-central-tx,0.0,True,0.014826,True,0.25,True
48265960101,0.018439,south-central-tx,0.055317,True,0.0,True,0.0,True
48265960102,0.169656,south-central-tx,0.508968,True,0.0,True,0.0,True
48265960200,0.0,south-central-tx,0.0,True,0.0,True,0.0,True
48265960301,0.136649,south-central-tx,0.324944,True,0.00167,True,0.083333,True
48265960303,0.239253,south-central-tx,0.715445,True,0.002314,True,0.0,True
48265960304,0.027778,south-central-tx,0.0,True,0.0,True,0.083333,True
48265960401,0.245207,south-central-tx,0.73562,True,0.0,True,0.0,True
48265960403,0.24695,south-central-tx,0.740851,True,0.0,True,0.0,True
48265960404,0.374515,south-central-tx,0.623544,True,0.0,True,0.5,True
48265960500,0.106581,south-central-tx,0.319744,True,0.0,True,0.0,True
48265960601,0.241088,south-central-tx,0.723264,True,0.0,True,0.0,True
48265960602,0.233878,south-central-tx,0.701633,True,0.0,True,0.0,True
48265960700,0.215902,south-central-tx,0.647706,True,0.0,True,0.0,True
48265960800,0.160903,south-central-tx,0.447886,True,0.034823,True,0.0,True
48267950100,0.0,south-central-tx,0.0,True,0.0,True,0.0,True
48267950200,0.202318,south-central-tx,0.606955,True,0.0,True,0.0,True
48269950100,0.06574,south-central-tx,0.197221,True,0.0,True,0.0,True
48271950100,0.0,south-central-tx,0.0,True,0.0,True,0.0,True
48273020101,0.083333,south-central-tx,0.0,True,0.0,True,0.25,True
48273020102,0.052364,south-central-tx,0.154734,True,0.002358,True,0.0,True
48273020200,0.048917,south-central-tx,0.146751,True,0.0,True,0.0,True
48273020301,0.0,south-central-tx,0.0,False,0.0,True,0.0,True
48273020302,0.219916,south-central-tx,0.659748,True,0.0,True,0.0,True
48273020401,0.012855,south-central-tx,0.038565,True,0.0,True,0.0,True
48273020402,0.252337,south-central-tx,0.757012,True,0.0,True,0.0,True
48273020501,0.083333,south-central-tx,0.0,True,0.0,True,0.25,True
48273020502,0.071042,south-central-tx,0.213126,True,0.0,True,0.0,True
48275950100,0.103789,south-central-tx,0.311366,True,0.0,True,0.0,True
48275950200,0.114596,south-central-tx,0.0,True,0.010455,True,0.333333,True
48277000101,0.041667,south-central-tx,0.0,True,0.0,True,0.125,True
48277000102,0.101188,south-central-tx,0.0,True,0.003564,True,0.3,True
48277000200,0.133333,south-central-tx,0.0,True,0.0,True,0.4,True
48277000301,0.055556,south-central-tx,0.0,True,0.0,True,0.166667,True
48277000302,0.0,south-central-tx,0.0,True,0.0,True,0.0,True
48277000401,0.228088,south-central-tx,0.674245,True,0.01002,True,0.0,True
48277000402,0.418692,south-central-tx,0.751071,True,0.005005,True,0.5,True
48277000500,0.210586,south-central-tx,0.621926,True,0.009833,True,0.0,True
48277000600,0.212304,south-central-tx,0.630089,True,0.006823,True,0.0,True
48277000700,0.071214,south-central-tx,0.20259,True,0.011053,True,0.0,True
48277000800,0.108489,south-central-tx,0.325468,True,0.0,True,0.0,True
48277000900,0.14547,south-central-tx,0.436409,True,0.0,True,0.0,True
48277001000,0.147591,south-central-tx,0.186557,True,0.006215,True,0.25,True
48281950100,0.044622,south-central-tx,0.0,True,0.008866,True,0.125,True
48281950302,0.078011,south-central-tx,0.229774,True,0.004259,True,0.0,True
48281950303,0.167406,south-central-tx,0.0,True,0.002218,True,0.5,True
48281950304,0.0,south-central-tx,0.0,True,0.0,True,0.0,True
48281950400,0.196854,south-central-tx,0.590562,True,0.0,True,0.0,True
48281950500,0.241401,south-central-tx,0.557537,True,0.0,True,0.166667,True
48283950301,0.0,south-central-tx,0.0,True,0.0,True,0.0,True
48283950302,0.055556,south-central-tx,0.0,True,0.0,True,0.166667,True
48285000100,0.003929,south-central-tx,0.0,True,0.011788,True,0.0,True
48285000200,0.002958,south-central-tx,0.0,True,0.008873,True,0.0,True
48285000300,0.083333,south-central-tx,0.0,True,0.0,True,0.25,True
48285000400,0.046042,south-central-tx,0.138127,True,0.0,True,0.0,True
48285000500,0.15361,south-central-tx,0.199938,True,0.01089,True,0.25,True
48285000600,0.161246,south-central-tx,0.480415,True,0.003322,True,0.0,True
48287000100,0.055556,south-central-tx,0.0,True,0.0,True,0.166667,True
48287000200,0.0,south-central-tx,0.0,True,0.0,True,0.0,True
48287000300,0.001185,south-central-tx,0.0,True,0.003556,True,0.0,True
48287000400,0.035298,south-central-tx,0.064226,True,0.0,True,0.041667,True
48289950101,0.060776,south-central-tx,0.182327,True,0.0,True,0.0,True
48289950102,0.041667,south-central-tx,0.0,True,0.0,True,0.125,True
48289950201,0.004078,south-central-tx,0.0,True,0.012234,True,0.0,True
48289950202,0.001798,south-central-tx,0.0,True,0.005394,True,0.0,True
48289950301,0.002705,south-central-tx,0.0,True,0.008114,True,0.0,True
48289950302,0.042307,south-central-tx,0.118719,True,0.008203,True,0.0,True
48291700100,0.0,south-central-tx,0.0,True,0.0,True,0.0,True
48291700200,0.256164,south-central-tx,0.601826,True,0.0,True,0.166667,True
48291700301,0.003014,south-central-tx,0.0,True,0.009041,True,0.0,True
48291700302,0.083333,south-central-tx,0.0,True,0.0,True,0.25,True
48291700303,0.169501,south-central-tx,0.508503,True,0.0,True,0.0,True
48291700400,0.124466,south-central-tx,0.367449,True,0.00595,True,0.0,True
48291700500,0.068967,south-central-tx,0.192905,True,0.013997,True,0.0,True
48291700900,0.051348,south-central-tx,0.154044,True,0.0,True,0.0,True
48291701000,0.144674,south-central-tx,0.414488,True,0.019535,True,0.0,True
48293970100,0.08697,south-central-tx,0.0,True,0.010911,True,0.25,True
48293970200,0.001005,south-central-tx,0.0,True,0.003016,True,0.0,True
48293970300,0.195438,south-central-tx,0.582746,True,0.003568,True,0.0,True
48293970400,0.030572,south-central-tx,0.091715,True,0.0,True,0.0,True
48293970500,0.164345,south-central-tx,0.485998,True,0.007036,True,0.0,True
48293970600,0.000994,south-central-tx,0.0,True,0.002981,True,0.0,True
48293970700,0.014987,south-central-tx,0.0,True,0.04496,True,0.0,True
48293970800,0.12339,south-central-tx,0.0,True,0.036836,True,0.333334,True
48297950100,0.083333,south-central-tx,0.0,True,0.0,True,0.25,True
48297950200,0.017121,south-central-tx,0.051364,True,0.0,True,0.0,True
48297950300,0.0,south-central-tx,0.0,True,0.0,True,0.0,True
48297950400,0.083333,south-central-tx,0.0,True,0.0,True,0.25,True
48299970100,0.294879,south-central-tx,0.370654,True,0.013984,True,0.5,True
48299970200,0.24195,south-central-tx,0.474827,True,0.001022,True,0.25,True
48299970300,0.083333,south-central-tx,0.0,True,0.0,True,0.25,True
48299970401,0.263018,south-central-tx,0.475243,True,0.043744,True,0.270068,True
48299970402,0.02638,south-central-tx,0.053698,True,0.025442,True,0.0,True
48299970501,0.02548,south-central-tx,0.0,False,0.05096,True,0.0,True
48299970502,0.25,south-central-tx,0.0,False,0.0,True,0.5,True
48299970600,0.219491,south-central-tx,0.602815,True,0.055657,True,0.0,True
48303000100,0.0,south-central-tx,0.0,True,0.0,True,0.0,True
48303000201,0.0,south-central-tx,0.0,True,0.0,True,0.0,True
48303000202,0.065484,south-central-tx,0.196453,True,0.0,True,0.0,True
48303000301,0.0,south-central-tx,0.0,True,0.0,True,0.0,True
48303000303,0.0,south-central-tx,0.0,True,0.0,True,0.0,True
48303000304,0.190927,south-central-tx,0.572782,True,0.0,True,0.0,True
48303000402,0.043141,south-central-tx,0.117617,True,0.011806,True,0.0,True
48303000403,0.136684,south-central-tx,0.410052,True,0.0,True,0.0,True
48303000406,0.222368,south-central-tx,0.667103,True,0.0,True,0.0,True
48303000407,0.246481,south-central-tx,0.739443,True,0.0,True,0.0,True
48303000408,0.0,south-central-tx,0.0,True,0.0,True,0.0,True
48303000409,0.0,south-central-tx,0.0,True,0.0,True,0.0,True
48303000410,0.000551,south-central-tx,0.0,True,0.001653,True,0.0,True
48303000411,0.0,south-central-tx,0.0,True,0.0,True,0.0,True
48303000501,0.106624,south-central-tx,0.319873,True,0.0,True,0.0,True
48303000502,0.057057,south-central-tx,0.0,True,0.171171,True,0.0,True
48303000503,0.213119,south-central-tx,0.508923,True,0.130435,True,0.0,True
48303000603,0.0,south-central-tx,0.0,True,0.0,True,0.0,True
48303000605,0.0,south-central-tx,0.0,True,0.0,True,0.0,True
48303000607,0.176944,south-central-tx,0.530832,True,0.0,True,0.0,True
48303000700,0.0,south-central-tx,0.0,True,0.0,True,0.0,True
48303000901,0.0,south-central-tx,0.0,True,0.0,True,0.0,True
48303000902,0.096151,south-central-tx,0.288454,True,0.0,True,0.0,True
48303001000,0.096656,south-central-tx,0.289967,True,0.0,True,0.0,True
48303001200,0.0,south-central-tx,0.0,True,0.0,True,0.0,True
48303001300,0.059907,south-central-tx,0.17972,True,0.0,True,0.0,True
48303001401,0.223933,south-central-tx,0.671798,True,0.0,True,0.0,True
48303001402,0.201669,south-central-tx,0.605008,True,0.0,True,0.0,True
48303001501,0.230935,south-central-tx,0.692806,True,0.0,True,0.0,True
48303001502,0.048224,south-central-tx,0.144672,True,0.0,True,0.0,True
48303001601,0.105897,south-central-tx,0.31769,True,0.0,True,0.0,True
48303001602,0.106815,south-central-tx,0.320446,True,0.0,True,0.0,True
48303001708,0.0,south-central-tx,0.0,True,0.0,True,0.0,True
48303001709,0.055556,south-central-tx,0.0,True,0.0,True,0.166667,True
48303001710,0.06512,south-central-tx,0.195361,True,0.0,True,0.0,True
48303001711,0.170173,south-central-tx,0.51052,True,0.0,True,0.0,True
48303001712,0.0,south-central-tx,0.0,True,0.0,True,0.0,True
48303001713,0.108413,south-central-tx,0.32364,True,0.001599,True,0.0,True
48303001714,0.211132,south-central-tx,0.371359,True,0.012037,True,0.25,True
48303001715,0.00329,south-central-tx,0.009871,True,0.0,True,0.0,True
48303001716,0.153943,south-central-tx,0.295163,True,0.0,True,0.166667,True
48303001717,0.00338,south-central-tx,0.010139,True,0.0,True,0.0,True
48303001804,0.0,south-central-tx,0.0,True,0.0,True,0.0,True
48303001805,0.303687,south-central-tx,0.911062,True,0.0,True,0.0,True
48303001806,0.083874,south-central-tx,0.251622,True,0.0,True,0.0,True
48303001807,0.227858,south-central-tx,0.433575,True,0.0,True,0.25,True
48303001808,0.0,south-central-tx,0.0,True,0.0,True,0.0,True
48303001904,0.000997,south-central-tx,0.0,True,0.00299,True,0.0,True
48303001905,0.276532,south-central-tx,0.829595,True,0.0,True,0.0,True
48303001906,0.169761,south-central-tx,0.509283,True,0.0,True,0.0,True
48303001907,0.31712,south-central-tx,0.701359,True,0.0,True,0.25,True
48303001908,0.0,south-central-tx,0.0,True,0.0,True,0.0,True
48303002001,0.11786,south-central-tx,0.353581,True,0.0,True,0.0,True
48303002002,0.066001,south-central-tx,0.198002,True,0.0,True,0.0,True
48303002102,0.037191,south-central-tx,0.111573,True,0.0,True,0.0,True
48303002103,0.054508,south-central-tx,0.163524,True,0.0,True,0.0,True
48303002104,0.0,south-central-tx,0.0,True,0.0,True,0.0,True
48303002203,0.014338,south-central-tx,0.043013,True,0.0,True,0.0,True
48303002205,0.166667,south-central-tx,0.0,True,0.0,True,0.5,True
48303002206,0.0,south-central-tx,0.0,True,0.0,True,0.0,True
48303002207,0.317285,south-central-tx,0.951856,True,0.0,True,0.0,True
48303002208,0.0,south-central-tx,0.0,True,0.0,True,0.0,True
48303002301,0.210849,south-central-tx,0.465881,True,0.0,True,0.166667,True
48303002302,0.204299,south-central-tx,0.612897,True,0.0,True,0.0,True
48303002401,0.154045,south-central-tx,0.212136,True,0.0,True,0.25,True
48303002402,0.0,south-central-tx,0.0,True,0.0,True,0.0,True
48303002500,0.166667,south-central-tx,0.0,True,0.0,True,0.5,True
48303010101,0.166667,south-central-tx,0.0,True,0.0,True,0.5,True
48303010102,0.365207,south-central-tx,0.762288,True,0.0,True,0.333333,True
48303010201,0.0,south-central-tx,0.0,True,0.0,True,0.0,True
48303010202,0.0,south-central-tx,0.0,True,0.0,True,0.0,True
48303010203,0.124364,south-central-tx,0.373092,True,0.0,True,0.0,True
48303010204,0.0,south-central-tx,0.0,True,0.0,True,0.0,True
48303010301,0.000225,south-central-tx,0.0,True,0.000675,True,0.0,True
48303010302,0.035546,south-central-tx,0.103556,True,0.003083,True,0.0,True
48303010402,0.24476,south-central-tx,0.73428,True,0.0,True,0.0,True
48303010404,0.060325,south-central-tx,0.180974,True,0.0,True,0.0,True
48303010409,0.333333,south-central-tx,1.0,True,0.0,True,0.0,True
48303010410,0.166735,south-central-tx,0.500204,True,0.0,True,0.0,True
48303010411,0.156982,south-central-tx,0.469251,True,0.001695,True,0.0,True
48303010412,0.172269,south-central-tx,0.516806,True,0.0,True,0.0,True
48303010413,0.235783,south-central-tx,0.706482,True,0.000868,True,0.0,True
48303010414,0.195383,south-central-tx,0.586149,True,0.0,True,0.0,True
48303010415,0.245297,south-central-tx,0.732578,True,0.003313,True,0.0,True
48303010416,0.030002,south-central-tx,0.090005,True,0.0,True,0.0,True
48303010417,0.107999,south-central-tx,0.154823,True,0.002507,True,0.166667,True
48303010418,0.066295,south-central-tx,0.198884,True,0.0,True,0.0,True
48303010419,0.179428,south-central-tx,0.371617,True,0.0,True,0.166666,True
48303010420,0.0,south-central-tx,0.0,True,0.0,True,0.0,True
48303010421,0.000894,south-central-tx,0.0,True,0.002682,True,0.0,True
48303010422,0.0,south-central-tx,0.0,False,0.0,True,0.0,True
48303010423,0.0,south-central-tx,0.0,True,0.0,True,0.0,True
48303010502,0.0109,south-central-tx,0.025263,True,0.007438,True,0.0,True
48303010504,0.1349,south-central-tx,0.404106,True,0.000596,True,0.0,True
48303010505,0.220341,south-central-tx,0.660497,True,0.000525,True,0.0,True
48303010506,0.140016,south-central-tx,0.420047,True,0.0,True,0.0,True
48303010509,0.22579,south-central-tx,0.677369,True,0.0,True,0.0,True
48303010510,0.278418,south-central-tx,0.835254,True,0.0,True,0.0,True
48303010511,0.0,south-central-tx,0.0,True,0.0,True,0.0,True
48303010512,0.003021,south-central-tx,0.0,True,0.009062,True,0.0,True
48303010513,0.0,south-central-tx,0.0,True,0.0,True,0.0,True
48303010514,0.0,south-central-tx,0.0,True,0.0,True,0.0,True
48303010601,0.049135,south-central-tx,0.141103,True,0.006302,True,0.0,True
48303010602,0.327373,south-central-tx,0.815453,True,0.0,True,0.166667,True
48303010700,0.055556,south-central-tx,0.0,True,0.0,True,0.166667,True
48303980000,0.180355,south-central-tx,0.291064,True,0.0,True,0.25,True
48305950400,0.041667,south-central-tx,0.0,True,0.0,True,0.125,True
48305950500,0.157005,south-central-tx,0.214367,True,0.006648,True,0.25,True
48305950600,0.083333,south-central-tx,0.0,True,0.0,True,0.25,True
48307950300,0.1996,south-central-tx,0.5988,True,0.0,True,0.0,True
48307950400,0.250288,south-central-tx,0.239019,True,0.011844,True,0.5,True
48307950500,0.083333,south-central-tx,0.0,True,0.0,True,0.25,True
48309000100,0.0,south-central-tx,0.0,True,0.0,True,0.0,True
48309000200,0.01822,south-central-tx,0.05466,True,0.0,True,0.0,True
48309000300,0.02957,south-central-tx,0.0,True,0.08871,True,0.0,True
48309000401,0.093957,south-central-tx,0.260879,True,0.020992,True,0.0,True
48309000402,0.078921,south-central-tx,0.236764,True,0.0,True,0.0,True
48309000598,0.032355,south-central-tx,0.096621,True,0.000443,True,0.0,True
48309000700,0.000468,south-central-tx,0.0,True,0.001405,True,0.0,True
48309000800,0.001862,south-central-tx,0.005585,True,0.0,True,0.0,True
48309000900,0.000459,south-central-tx,0.0,False,0.000919,True,0.0,True
48309001000,0.003724,south-central-tx,0.0,False,0.007449,True,0.0,True
48309001100,0.0,south-central-tx,0.0,False,0.0,True,0.0,True
48309001200,0.02792,south-central-tx,0.083761,True,0.0,True,0.0,True
48309001300,0.085021,south-central-tx,0.0,True,0.005063,True,0.25,True
48309001401,0.0,south-central-tx,0.0,True,0.0,True,0.0,True
48309001402,0.0,south-central-tx,0.0,True,0.0,True,0.0,True
48309001500,0.0,south-central-tx,0.0,True,0.0,True,0.0,True
48309001600,0.038051,south-central-tx,0.108671,True,0.005482,True,0.0,True
48309001700,0.178053,south-central-tx,0.534159,True,0.0,True,0.0,True
48309001800,0.124,south-central-tx,0.372,True,0.0,True,0.0,True
48309001900,0.114533,south-central-tx,0.343598,True,0.0,True,0.0,True
48309002000,0.126368,south-central-tx,0.369883,True,0.00922,True,0.0,True
48309002100,0.118172,south-central-tx,0.340472,True,0.014043,True,0.0,True
48309002302,0.040452,south-central-tx,0.121355,True,0.0,True,0.0,True
48309002498,0.004889,south-central-tx,0.0,True,0.014668,True,0.0,True
48309002501,0.145258,south-central-tx,0.41239,True,0.023385,True,0.0,True
48309002503,0.107586,south-central-tx,0.060883,True,0.011874,True,0.25,True
48309002504,0.002578,south-central-tx,0.0,True,0.007735,True,0.0,True
48309002600,0.010917,south-central-tx,0.0,False,0.021834,True,0.0,True
48309002700,0.001372,south-central-tx,0.0,False,0.002744,True,0.0,True
48309002800,0.014332,south-central-tx,0.0,False,0.028664,True,0.0,True
48309002900,0.022206,south-central-tx,0.063898,True,0.00272,True,0.0,True
48309003000,0.002625,south-central-tx,0.0,False,0.005249,True,0.0,True
48309003200,0.084579,south-central-tx,0.0,True,0.003737,True,0.25,True
48309003300,0.25,south-central-tx,0.0,False,0.0,True,0.5,True
48309003401,0.0,south-central-tx,0.0,True,0.0,True,0.0,True
48309003402,0.086585,south-central-tx,0.0,True,0.009755,True,0.25,True
48309003500,0.056203,south-central-tx,0.0,True,0.001944,True,0.166666,True
48309003601,0.000709,south-central-tx,0.0,True,0.002126,True,0.0,True
48309003602,0.083724,south-central-tx,0.0,True,0.001172,True,0.25,True
48309003701,0.221665,south-central-tx,0.658067,True,0.006929,True,0.0,True
48309003703,0.085247,south-central-tx,0.0,True,0.005742,True,0.25,True
48309003708,0.001926,south-central-tx,0.0,False,0.003852,True,0.0,True
48309003709,0.001759,south-central-tx,0.0,True,0.005276,True,0.0,True
48309003710,0.001008,south-central-tx,0.0,True,0.003025,True,0.0,True
48309003711,0.01023,south-central-tx,0.0,True,0.030689,True,0.0,True
48309003712,0.00428,south-central-tx,0.0,True,0.012839,True,0.0,True
48309003801,0.001085,south-central-tx,0.0,True,0.003254,True,0.0,True
48309003802,0.077409,south-central-tx,0.041751,True,0.0,True,0.190476,True
48309003901,0.026781,south-central-tx,0.080344,True,0.0,True,0.0,True
48309003902,0.110977,south-central-tx,0.207931,True,0.0,True,0.125,True
48309004000,0.0,south-central-tx,0.0,True,0.0,True,0.0,True
48309004102,0.001283,south-central-tx,0.0,False,0.002565,True,0.0,True
48309004104,0.00041,south-central-tx,0.0,False,0.00082,True,0.0,True
48309004105,0.0,south-central-tx,0.0,False,0.0,True,0.0,True
48309004201,0.0,south-central-tx,0.0,True,0.0,True,0.0,True
48309004202,0.146274,south-central-tx,0.063284,True,0.000537,True,0.375,True
48309004300,0.085551,south-central-tx,0.0,True,0.006654,True,0.25,True
48309980000,0.0,south-central-tx,0.0,False,0.0,True,0.0,True
48311950100,0.043368,south-central-tx,0.130105,True,0.0,True,0.0,True
48313000100,0.0,south-central-tx,0.0,True,0.0,True,0.0,True
48313000200,0.058124,south-central-tx,0.174372,True,0.0,True,0.0,True
48313000300,0.042706,south-central-tx,0.0,True,0.003117,True,0.125,True
48313000400,0.138583,south-central-tx,0.415749,True,0.0,True,0.0,True
48317950100,0.168558,south-central-tx,0.0,True,0.005675,True,0.5,True
48317950200,0.132102,south-central-tx,0.394544,True,0.001762,True,0.0,True
48319950100,0.139757,south-central-tx,0.250734,True,0.001872,True,0.166667,True
48319950200,0.17574,south-central-tx,0.0,True,0.027219,True,0.5,True
48321730100,0.16293,south-central-tx,0.488789,True,0.0,True,0.0,True
48321730202,0.067572,south-central-tx,0.192475,True,0.010241,True,0.0,True
48321730203,0.043771,south-central-tx,0.116389,True,0.014925,True,0.0,True
48321730204,0.280088,south-central-tx,0.836879,True,0.003383,True,0.0,True
48321730301,0.230419,south-central-tx,0.691256,True,0.0,True,0.0,True
48321730302,0.304032,south-central-tx,0.899319,True,0.012777,True,0.0,True
48321730303,0.0,south-central-tx,0.0,True,0.0,True,0.0,True
48321730400,0.110506,south-central-tx,0.331518,True,0.0,True,0.0,True
48321730502,0.004229,south-central-tx,0.0,True,0.012687,True,0.0,True
48321730503,0.018998,south-central-tx,0.0,False,0.037997,True,0.0,True
48321730600,0.0,south-central-tx,0.0,True,0.0,True,0.0,True
48321730700,0.020833,south-central-tx,0.0,True,0.0,True,0.0625,True
48323950204,0.0,south-central-tx,0.0,True,0.0,True,0.0,True
48323950206,0.0,south-central-tx,0.0,True,0.0,True,0.0,True
48323950207,0.0,south-central-tx,0.0,True,0.0,True,0.0,True
48323950208,0.226217,south-central-tx,0.67865,True,0.0,True,0.0,True
48323950209,0.0,south-central-tx,0.0,True,0.0,True,0.0,True
48323950301,0.162223,south-central-tx,0.486669,True,0.0,True,0.0,True
48323950302,0.17138,south-central-tx,0.51414,True,0.0,True,0.0,True
48323950400,0.184704,south-central-tx,0.554113,True,0.0,True,0.0,True
48323950500,0.062622,south-central-tx,0.187866,True,0.0,True,0.0,True
48323950601,0.051321,south-central-tx,0.153962,True,0.0,True,0.0,True
48323950602,0.0,south-central-tx,0.0,True,0.0,True,0.0,True
48323950701,0.0,south-central-tx,0.0,True,0.0,True,0.0,True
48323950702,0.128612,south-central-tx,0.385836,True,0.0,True,0.0,True
48325000101,0.021529,south-central-tx,0.0,True,0.064587,True,0.0,True
48325000103,0.083333,south-central-tx,0.0,True,0.0,True,0.25,True
48325000104,0.216037,south-central-tx,0.0,True,0.148111,True,0.5,True
48325000200,0.005944,south-central-tx,0.0,True,0.017832,True,0.0,True
48325000301,0.040197,south-central-tx,0.0,True,0.12059,True,0.0,True
48325000302,0.003159,south-central-tx,0.0,True,0.009477,True,0.0,True
48325000401,0.024856,south-central-tx,0.068043,True,0.006525,True,0.0,True
48325000402,0.012707,south-central-tx,0.0,True,0.03812,True,0.0,True
48325000500,0.076517,south-central-tx,0.0,True,0.062886,True,0.166667,True
48325000801,0.005677,south-central-tx,0.0,True,0.017032,True,0.0,True
48325000802,0.14857,south-central-tx,0.187484,True,0.008226,True,0.25,True
48327950300,0.0041,south-central-tx,0.0,True,0.0123,True,0.0,True
48329010123,0.007604,south-central-tx,0.022812,True,0.0,True,0.0,True
48329010124,0.05714,south-central-tx,0.17142,True,0.0,True,0.0,True
48329010128,0.001296,south-central-tx,0.0,True,0.003888,True,0.0,True
48329010129,0.075771,south-central-tx,0.222822,True,0.004491,True,0.0,True
48331950100,0.084914,south-central-tx,0.0,True,0.004743,True,0.25,True
48331950300,0.167381,south-central-tx,0.0,True,0.002142,True,0.5,True
48331950401,0.25052,south-central-tx,0.583551,True,0.00134,True,0.166667,True
48331950402,0.18072,south-central-tx,0.537662,True,0.004498,True,0.0,True
48331950500,0.173868,south-central-tx,0.268946,True,0.002657,True,0.25,True
48331950700,0.146037,south-central-tx,0.271443,True,0.0,True,0.166667,True
48331950800,0.055556,south-central-tx,0.0,True,0.0,True,0.166667,True
48333950100,0.048983,south-central-tx,0.0,True,0.021948,True,0.125,True
48333950200,0.167649,south-central-tx,0.161468,True,0.008147,True,0.333333,True
48335950200,0.083611,south-central-tx,0.084166,True,0.0,True,0.166667,True
48335950400,0.0,south-central-tx,0.0,True,0.0,True,0.0,True
48337950100,0.0,south-central-tx,0.0,True,0.0,True,0.0,True
48337950200,0.004383,south-central-tx,0.0,True,0.013148,True,0.0,True
48337950401,0.095207,south-central-tx,0.0,True,0.03562,True,0.25,True
48337950402,0.002294,south-central-tx,0.0,True,0.006883,True,0.0,True
48337950501,0.112012,south-central-tx,0.336036,True,0.0,True,0.0,True
48337950502,0.088816,south-central-tx,0.26154,True,0.004909,True,0.0,True
48337950600,0.004454,south-central-tx,0.0,True,0.013362,True,0.0,True
48339690101,0.083333,south-central-tx,0.0,False,0.0,True,0.166667,True
48339690102,0.000857,south-central-tx,0.0,False,0.001713,True,0.0,True
48339690203,0.000676,south-central-tx,0.0,False,0.001353,True,0.0,True
48339690204,0.0,south-central-tx,0.0,False,0.0,True,0.0,True
48339690205,0.004704,south-central-tx,0.0,False,0.009408,True,0.0,True
48339690206,0.000677,south-central-tx,0.0,True,0.002031,True,0.0,True
48339690207,0.196917,south-central-tx,0.335343,True,0.005407,True,0.25,True
48339690300,0.0,south-central-tx,0.0,True,0.0,True,0.0,True
48339690403,0.003377,south-central-tx,0.0,False,0.006753,True,0.0,True
48339690404,0.0,south-central-tx,0.0,False,0.0,True,0.0,True
48339690405,0.166667,south-central-tx,0.0,True,0.0,True,0.5,True
48339690406,0.063594,south-central-tx,0.0,False,0.002188,True,0.125,True
48339690407,0.0,south-central-tx,0.0,False,0.0,True,0.0,True
48339690408,0.00352,south-central-tx,0.0,False,0.00704,True,0.0,True
48339690501,0.0,south-central-tx,0.0,False,0.0,True,0.0,True
48339690502,0.0,south-central-tx,0.0,False,0.0,True,0.0,True
48339690503,0.112208,south-central-tx,0.0,True,0.003291,True,0.333334,True
48339690603,0.041283,south-central-tx,0.0,False,0.003596,True,0.07897,True
48339690604,0.000629,south-central-tx,0.0,False,0.001259,True,0.0,True
48339690605,0.002465,south-central-tx,0.0,False,0.00493,True,0.0,True
48339690606,0.001725,south-central-tx,0.0,False,0.00345,True,0.0,True
48339690607,0.126778,south-central-tx,0.0,False,0.003556,True,0.25,True
48339690608,0.0,south-central-tx,0.0,False,0.0,True,0.0,True
48339690609,0.002266,south-central-tx,0.0,False,0.004533,True,0.0,True
48339690610,0.026599,south-central-tx,0.079798,True,0.0,True,0.0,True
48339690701,0.0,south-central-tx,0.0,True,0.0,True,0.0,True
48339690702,0.166667,south-central-tx,0.0,True,0.0,True,0.5,True
48339690800,0.0,south-central-tx,0.0,True,0.0,True,0.0,True
48339690900,0.0,south-central-tx,0.0,False,0.0,True,0.0,True
48339691000,0.083991,south-central-tx,0.0,False,0.001315,True,0.166667,True
48339691100,0.0,south-central-tx,0.0,False,0.0,True,0.0,True
48339691201,0.0,south-central-tx,0.0,False,0.0,True,0.0,True
48339691202,0.0,south-central-tx,0.0,False,0.0,True,0.0,True
48339691301,0.000317,south-central-tx,0.0,False,0.000635,True,0.0,True
48339691302,0.005859,south-central-tx,0.0,False,0.011719,True,0.0,True
48339691401,0.001024,south-central-tx,0.0,False,0.002047,True,0.0,True
48339691402,0.006513,south-central-tx,0.0,False,0.013026,True,0.0,True
48339691403,0.003038,south-central-tx,0.0,True,0.009115,True,0.0,True
48339691500,0.171447,south-central-tx,0.0,False,0.00956,True,0.333333,True
48339691601,0.0,south-central-tx,0.0,True,0.0,True,0.0,True
48339691602,0.083333,south-central-tx,0.0,True,0.0,True,0.25,True
48339691700,0.0,south-central-tx,0.0,True,0.0,True,0.0,True
48339691801,0.00233,south-central-tx,0.0,True,0.006989,True,0.0,True
48339691802,0.002223,south-central-tx,0.0,True,0.00667,True,0.0,True
48339691900,0.001384,south-central-tx,0.0,True,0.004153,True,0.0,True
48339692003,0.002797,south-central-tx,0.0,False,0.005593,True,0.0,True
48339692004,0.000807,south-central-tx,0.0,False,0.001614,True,0.0,True
48339692005,0.001295,south-central-tx,0.0,False,0.002591,True,0.0,True
48339692006,0.0,south-central-tx,0.0,True,0.0,True,0.0,True
48339692007,0.0,south-central-tx,0.0,True,0.0,True,0.0,True
48339692008,0.082208,south-central-tx,0.023936,True,0.000466,True,0.222222,True
48339692009,0.0,south-central-tx,0.0,True,0.0,True,0.0,True
48339692010,0.151957,south-central-tx,0.203081,True,0.002789,True,0.25,True
48339692101,0.0,south-central-tx,0.0,True,0.0,True,0.0,True
48339692102,0.081612,south-central-tx,0.244835,True,0.0,True,0.0,True
48339692103,0.102271,south-central-tx,0.306814,True,0.0,True,0.0,True
48339692201,0.001443,south-central-tx,0.0,True,0.00433,True,0.0,True
48339692202,0.002791,south-central-tx,0.0,True,0.008372,True,0.0,True
48339692301,0.021059,south-central-tx,0.063177,True,0.0,True,0.0,True
48339692302,0.001637,south-central-tx,0.0,False,0.003274,True,0.0,True
48339692303,0.000392,south-central-tx,0.0,True,0.001175,True,0.0,True
48339692304,0.000419,south-central-tx,0.0,False,0.000837,True,0.0,True
48339692401,0.002569,south-central-tx,0.0,True,0.007708,True,0.0,True
48339692402,0.056291,south-central-tx,0.0,True,0.002207,True,0.166666,True
48339692501,0.088172,south-central-tx,0.014516,True,0.0,True,0.25,True
48339692502,0.126542,south-central-tx,0.0,True,0.004625,True,0.375,True
48339692601,0.002925,south-central-tx,0.0,True,0.008776,True,0.0,True
48339692603,0.0,south-central-tx,0.0,False,0.0,True,0.0,True
48339692604,0.0,south-central-tx,0.0,True,0.0,True,0.0,True
48339692605,0.0,south-central-tx,0.0,True,0.0,True,0.0,True
48339692701,0.002469,south-central-tx,0.0,True,0.007407,True,0.0,True
48339692702,0.0,south-central-tx,0.0,True,0.0,True,0.0,True
48339692802,0.0,south-central-tx,0.0,True,0.0,True,0.0,True
48339692803,0.055556,south-central-tx,0.0,True,0.0,True,0.166667,True
48339692804,0.25,south-central-tx,0.0,False,0.0,True,0.5,True
48339692900,0.000371,south-central-tx,0.0,True,0.001114,True,0.0,True
48339693001,0.195163,south-central-tx,0.081129,True,0.00436,True,0.5,True
48339693002,0.074905,south-central-tx,0.0,True,0.002493,True,0.222222,True
48339693102,0.065241,south-central-tx,0.190568,True,0.005156,True,0.0,True
48339693103,0.18025,south-central-tx,0.54075,True,0.0,True,0.0,True
48339693104,0.000772,south-central-tx,0.0,True,0.002317,True,0.0,True
48339693201,0.001206,south-central-tx,0.0,True,0.003619,True,0.0,True
48339693202,0.0,south-central-tx,0.0,True,0.0,True,0.0,True
48339693301,0.0,south-central-tx,0.0,True,0.0,True,0.0,True
48339693302,0.0,south-central-tx,0.0,True,0.0,True,0.0,True
48339693303,0.177585,south-central-tx,0.025384,True,0.007371,True,0.5,True
48339693304,0.0,south-central-tx,0.0,True,0.0,True,0.0,True
48339693401,0.045712,south-central-tx,0.137137,True,0.0,True,0.0,True
48339693402,0.041735,south-central-tx,0.116031,True,0.009174,True,0.0,True
48339693501,0.116448,south-central-tx,0.344704,True,0.00464,True,0.0,True
48339693502,0.241297,south-central-tx,0.723892,True,0.0,True,0.0,True
48339693503,0.059227,south-central-tx,0.177682,True,0.0,True,0.0,True
48339693600,0.083333,south-central-tx,0.0,True,0.0,True,0.25,True
48339693701,0.005415,south-central-tx,0.0,True,0.016246,True,0.0,True
48339693702,0.083333,south-central-tx,0.0,True,0.0,True,0.25,True
48339693703,0.0,south-central-tx,0.0,True,0.0,True,0.0,True
48339693800,0.06995,south-central-tx,0.209203,True,0.000646,True,0.0,True
48339693901,0.13212,south-central-tx,0.396359,True,0.0,True,0.0,True
48339693902,0.245737,south-central-tx,0.734403,True,0.002809,True,0.0,True
48339693903,0.352605,south-central-tx,0.807815,True,0.0,True,0.25,True
48339693904,0.046512,south-central-tx,0.0,False,0.093023,True,0.0,True
48339694001,0.002254,south-central-tx,0.0,True,0.006762,True,0.0,True
48339694002,0.102103,south-central-tx,0.047464,True,0.008846,True,0.25,True
48339694103,0.004693,south-central-tx,0.0,False,0.009387,True,0.0,True
48339694104,0.001149,south-central-tx,0.0,False,0.002298,True,0.0,True
48339694105,0.055556,south-central-tx,0.0,True,0.0,True,0.166667,True
48339694106,0.003553,south-central-tx,0.0,True,0.010659,True,0.0,True
48339694107,0.17121,south-central-tx,0.0,True,0.013631,True,0.5,True
48339694203,0.00337,south-central-tx,0.0,True,0.010111,True,0.0,True
48339694204,0.17921,south-central-tx,0.0,True,0.037631,True,0.5,True
48339694205,0.171369,south-central-tx,0.478629,True,0.035479,True,0.0,True
48339694206,0.01194,south-central-tx,0.0,False,0.023879,True,0.0,True
48339694207,0.016827,south-central-tx,0.0,False,0.033654,True,0.0,True
48339694208,0.111828,south-central-tx,0.0,True,0.002149,True,0.333333,True
48339694209,0.0,south-central-tx,0.0,True,0.0,True,0.0,True
48339694210,0.267573,south-central-tx,0.0,False,0.035146,True,0.5,True
48339694303,0.001177,south-central-tx,0.0,True,0.003532,True,0.0,True
48339694304,0.007831,south-central-tx,0.0,False,0.015662,True,0.0,True
48339694305,0.014128,south-central-tx,0.0,False,0.028256,True,0.0,True
48339694306,0.005859,south-central-tx,0.0,False,0.011719,True,0.0,True
48339694307,0.008357,south-central-tx,0.0,True,0.02507,True,0.0,True
48339694308,0.011436,south-central-tx,0.0,True,0.034307,True,0.0,True
48339694309,0.010067,south-central-tx,0.0,True,0.030201,True,0.0,True
48339694401,0.003307,south-central-tx,0.0,True,0.009922,True,0.0,True
48339694402,0.0,south-central-tx,0.0,True,0.0,True,0.0,True
48339694403,0.030718,south-central-tx,0.079613,True,0.012542,True,0.0,True
48339694501,0.171474,south-central-tx,0.0,True,0.014423,True,0.5,True
48339694502,0.0,south-central-tx,0.0,False,0.0,True,0.0,True
48339694503,0.127444,south-central-tx,0.0,False,0.004888,True,0.25,True
48339694601,0.085348,south-central-tx,0.0,True,0.006044,True,0.25,True
48339694602,0.003063,south-central-tx,0.0,True,0.009188,True,0.0,True
48339694603,0.166667,south-central-tx,0.0,True,0.0,True,0.5,True
48339694700,0.008457,south-central-tx,0.0,False,0.016915,True,0.0,True
48347950200,0.067927,south-central-tx,0.0,True,0.01628,True,0.1875,True
48349970100,0.0,south-central-tx,0.0,True,0.0,True,0.0,True
48349970200,0.016381,south-central-tx,0.049144,True,0.0,True,0.0,True
48349970301,0.009736,south-central-tx,0.029209,True,0.0,True,0.0,True
48349970302,0.051164,south-central-tx,0.153491,True,0.0,True,0.0,True
48349970400,0.016667,south-central-tx,0.0,True,0.0,True,0.05,True
48349970500,0.0,south-central-tx,0.0,True,0.0,True,0.0,True
48349970600,0.059652,south-central-tx,0.053956,True,0.0,True,0.125,True
48349970701,0.041667,south-central-tx,0.0,True,0.0,True,0.125,True
48349970800,0.147565,south-central-tx,0.442696,True,0.0,True,0.0,True
48349970901,0.0,south-central-tx,0.0,True,0.0,True,0.0,True
48349970902,0.160884,south-central-tx,0.482652,True,0.0,True,0.0,True
48349971000,0.097222,south-central-tx,0.0,True,0.0,True,0.291667,True
48353950100,0.223964,south-central-tx,0.171891,True,0.0,True,0.5,True
48353950200,0.212854,south-central-tx,0.638562,True,0.0,True,0.0,True
48353950300,0.184429,south-central-tx,0.553288,True,0.0,True,0.0,True
48353950400,0.138187,south-central-tx,0.41456,True,0.0,True,0.0,True
48353950500,0.0,south-central-tx,0.0,True,0.0,True,0.0,True
48355000500,0.0,south-central-tx,0.0,True,0.0,True,0.0,True
48355000601,0.238784,south-central-tx,0.716353,True,0.0,True,0.0,True
48355000602,0.0,south-central-tx,0.0,True,0.0,True,0.0,True
48355000700,0.0,south-central-tx,0.0,True,0.0,True,0.0,True
48355000800,0.0,south-central-tx,0.0,True,0.0,True,0.0,True
48355000900,0.0,south-central-tx,0.0,True,0.0,True,0.0,True
48355001000,0.004773,south-central-tx,0.014319,True,0.0,True,0.0,True
48355001100,0.015971,south-central-tx,0.047912,True,0.0,True,0.0,True
48355001201,0.0,south-central-tx,0.0,True,0.0,True,0.0,True
48355001202,0.055556,south-central-tx,0.0,True,0.0,True,0.166667,True
48355001300,0.0,south-central-tx,0.0,True,0.0,True,0.0,True
48355001400,0.125,south-central-tx,0.0,False,0.0,True,0.25,True
48355001500,0.0,south-central-tx,0.0,True,0.0,True,0.0,True
48355001601,0.0,south-central-tx,0.0,False,0.0,True,0.0,True
48355001602,0.055556,south-central-tx,0.0,True,0.0,True,0.166666,True
48355001702,0.053776,south-central-tx,0.161328,True,0.0,True,0.0,True
48355001703,0.0,south-central-tx,0.0,True,0.0,True,0.0,True
48355001704,0.0,south-central-tx,0.0,False,0.0,True,0.0,True
48355001801,0.0,south-central-tx,0.0,True,0.0,True,0.0,True
48355001802,0.0,south-central-tx,0.0,True,0.0,True,0.0,True
48355001903,0.0,south-central-tx,0.0,True,0.0,True,0.0,True
48355001904,0.0,south-central-tx,0.0,False,0.0,True,0.0,True
48355001905,0.0,south-central-tx,0.0,True,0.0,True,0.0,True
48355001906,0.209509,south-central-tx,0.628528,True,0.0,True,0.0,True
48355002001,0.25,south-central-tx,0.0,False,0.0,True,0.5,True
48355002002,0.0,south-central-tx,0.0,False,0.0,True,0.0,True
48355002101,0.0,south-central-tx,0.0,False,0.0,True,0.0,True
48355002102,0.0,south-central-tx,0.0,False,0.0,True,0.0,True
48355002200,0.0,south-central-tx,0.0,False,0.0,True,0.0,True
48355002301,0.0,south-central-tx,0.0,True,0.0,True,0.0,True
48355002303,0.0,south-central-tx,0.0,True,0.0,True,0.0,True
48355002304,0.0,south-central-tx,0.0,True,0.0,True,0.0,True
48355002400,0.0,south-central-tx,0.0,True,0.0,True,0.0,True
48355002500,0.0,south-central-tx,0.0,False,0.0,True,0.0,True
48355002601,0.0,south-central-tx,0.0,False,0.0,True,0.0,True
48355002602,0.0,south-central-tx,0.0,True,0.0,True,0.0,True
48355002603,0.0,south-central-tx,0.0,False,0.0,True,0.0,True
48355002703,0.083333,south-central-tx,0.0,True,0.0,True,0.25,True
48355002705,0.083333,south-central-tx,0.0,False,0.0,True,0.166666,True
48355002706,0.019737,south-central-tx,0.0,False,0.039474,True,0.0,True
48355002707,0.0,south-central-tx,0.0,True,0.0,True,0.0,True
48355002708,0.0,south-central-tx,0.0,True,0.0,True,0.0,True
48355002900,0.0,south-central-tx,0.0,True,0.0,True,0.0,True
48355003002,0.0,south-central-tx,0.0,True,0.0,True,0.0,True
48355003003,0.118923,south-central-tx,0.356768,True,0.0,True,0.0,True
48355003004,0.173302,south-central-tx,0.519907,True,0.0,True,0.0,True
48355003101,0.028079,south-central-tx,0.084237,True,0.0,True,0.0,True
48355003102,0.0,south-central-tx,0.0,False,0.0,True,0.0,True
48355003202,0.0,south-central-tx,0.0,True,0.0,True,0.0,True
48355003204,0.0,south-central-tx,0.0,True,0.0,True,0.0,True
48355003205,0.006375,south-central-tx,0.0,True,0.019126,True,0.0,True
48355003206,0.0,south-central-tx,0.0,True,0.0,True,0.0,True
48355003303,0.0,south-central-tx,0.0,True,0.0,True,0.0,True
48355003304,0.002967,south-central-tx,0.0,True,0.0089,True,0.0,True
48355003305,0.0,south-central-tx,0.0,True,0.0,True,0.0,True
48355003306,0.0,south-central-tx,0.0,True,0.0,True,0.0,True
48355003401,0.083898,south-central-tx,0.0,True,0.001693,True,0.25,True
48355003402,0.065972,south-central-tx,0.182634,True,0.015284,True,0.0,True
48355003500,0.057209,south-central-tx,0.171627,True,0.0,True,0.0,True
48355003601,0.000617,south-central-tx,0.0,True,0.00185,True,0.0,True
48355003602,0.009692,south-central-tx,0.027805,True,0.001272,True,0.0,True
48355003603,0.00013,south-central-tx,0.0,True,0.000391,True,0.0,True
48355003700,0.0,south-central-tx,0.0,True,0.0,True,0.0,True
48355005103,0.0,south-central-tx,0.0,True,0.0,True,0.0,True
48355005104,0.209445,south-central-tx,0.378334,True,0.0,True,0.25,True
48355005404,0.0,south-central-tx,0.0,True,0.0,True,0.0,True
48355005406,0.041667,south-central-tx,0.0,True,0.0,True,0.125,True
48355005407,0.001702,south-central-tx,0.0,True,0.005106,True,0.0,True
48355005408,0.010748,south-central-tx,0.032243,True,0.0,True,0.0,True
48355005409,0.000707,south-central-tx,0.0,False,0.001413,True,0.0,True
48355005410,0.005004,south-central-tx,0.0,False,0.010008,True,0.0,True
48355005411,0.020815,south-central-tx,0.062444,True,0.0,True,0.0,True
48355005412,0.0,south-central-tx,0.0,False,0.0,True,0.0,True
48355005413,0.0,south-central-tx,0.0,True,0.0,True,0.0,True
48355005414,0.0,south-central-tx,0.0,True,0.0,True,0.0,True
48355005415,0.0,south-central-tx,0.0,False,0.0,True,0.0,True
48355005416,0.0,south-central-tx,0.0,False,0.0,True,0.0,True
48355005417,0.0,south-central-tx,0.0,False,0.0,True,0.0,True
48355005603,0.037032,south-central-tx,0.111095,True,0.0,True,0.0,True
48355005604,0.237201,south-central-tx,0.539481,True,0.005456,True,0.166667,True
48355005605,0.111821,south-central-tx,0.334406,True,0.001058,True,0.0,True
48355005606,0.113596,south-central-tx,0.335008,True,0.00578,True,0.0,True
48355005801,0.020833,south-central-tx,0.0,True,0.0,True,0.0625,True
48355005803,0.083619,south-central-tx,0.0,True,0.000856,True,0.25,True
48355005804,0.0,south-central-tx,0.0,True,0.0,True,0.0,True
48355005900,0.0,south-central-tx,0.0,True,0.0,True,0.0,True
48355006000,0.0,south-central-tx,0.0,True,0.0,True,0.0,True
48355006100,0.0,south-central-tx,0.0,True,0.0,True,0.0,True
48355006201,0.012825,south-central-tx,0.038475,True,0.0,True,0.0,True
48355006202,0.0,south-central-tx,0.0,False,0.0,True,0.0,True
48355006203,0.107381,south-central-tx,0.322144,True,0.0,True,0.0,True
48355006204,0.114358,south-central-tx,0.343073,True,0.0,True,0.0,True
48355006205,0.154037,south-central-tx,0.451454,True,0.010658,True,0.0,True
48355006300,0.0,south-central-tx,0.0,True,0.0,True,0.0,True
48355006400,0.0,south-central-tx,0.0,True,0.0,True,0.0,True
48355980000,0.0,south-central-tx,0.0,True,0.0,True,0.0,True
48363000100,0.102975,south-central-tx,0.058952,True,0.083308,True,0.166667,True
48363000200,0.053192,south-central-tx,0.034576,True,0.0,True,0.125,True
48363000300,0.077778,south-central-tx,0.0,True,0.0,True,0.233333,True
48363000401,0.027561,south-central-tx,0.082683,True,0.0,True,0.0,True
48363000402,0.166667,south-central-tx,0.0,True,0.0,True,0.5,True
48363000500,0.284224,south-central-tx,0.852673,True,0.0,True,0.0,True
48363000600,0.055621,south-central-tx,0.166864,True,0.0,True,0.0,True
48363000700,0.083333,south-central-tx,0.0,True,0.0,True,0.25,True
48363000800,0.163152,south-central-tx,0.489455,True,0.0,True,0.0,True
48363000900,0.303536,south-central-tx,0.660609,True,0.0,True,0.25,True
48367140101,0.121969,south-central-tx,0.361573,True,0.004334,True,0.0,True
48367140102,0.056648,south-central-tx,0.169945,True,0.0,True,0.0,True
48367140201,0.123779,south-central-tx,0.371337,True,0.0,True,0.0,True
48367140202,0.015268,south-central-tx,0.045803,True,0.0,True,0.0,True
48367140300,0.112624,south-central-tx,0.337871,True,0.0,True,0.0,True
48367140403,0.027193,south-central-tx,0.081578,True,0.0,True,0.0,True
48367140408,0.122454,south-central-tx,0.367363,True,0.0,True,0.0,True
48367140409,0.13113,south-central-tx,0.39339,True,0.0,True,0.0,True
48367140410,0.326514,south-central-tx,0.479542,True,0.0,True,0.5,True
48367140411,0.069859,south-central-tx,0.209577,True,0.0,True,0.0,True
48367140412,0.19832,south-central-tx,0.594959,True,0.0,True,0.0,True
48367140413,0.0,south-central-tx,0.0,False,0.0,True,0.0,True
48367140414,0.0,south-central-tx,0.0,False,0.0,True,0.0,True
48367140415,0.0,south-central-tx,0.0,False,0.0,True,0.0,True
48367140416,0.125,south-central-tx,0.0,False,0.0,True,0.25,True
48367140502,0.107088,south-central-tx,0.154596,True,0.0,True,0.166667,True
48367140503,0.027778,south-central-tx,0.0,True,0.0,True,0.083333,True
48367140504,0.0,south-central-tx,0.0,True,0.0,True,0.0,True
48367140601,0.060137,south-central-tx,0.138744,True,0.0,True,0.041667,True
48367140603,0.083333,south-central-tx,0.0,True,0.0,True,0.25,True
48367140604,0.094395,south-central-tx,0.283186,True,0.0,True,0.0,True
48367140707,0.0,south-central-tx,0.0,True,0.0,True,0.0,True
48367140708,0.0,south-central-tx,0.0,True,0.0,True,0.0,True
48367140709,0.0,south-central-tx,0.0,False,0.0,True,0.0,True
48367140710,0.192443,south-central-tx,0.577329,True,0.0,True,0.0,True
48367140711,0.0,south-central-tx,0.0,True,0.0,True,0.0,True
48367140712,0.0,south-central-tx,0.0,True,0.0,True,0.0,True
48367140713,0.055556,south-central-tx,0.0,True,0.0,True,0.166666,True
48367140714,0.027918,south-central-tx,0.0,True,0.000422,True,0.083333,True
48371950100,0.074074,south-central-tx,0.0,True,0.0,True,0.222222,True
48373210203,0.0,south-central-tx,0.0,True,0.0,True,0.0,True
48373210204,0.185046,south-central-tx,0.386432,True,0.002039,True,0.166667,True
48373210205,0.284814,south-central-tx,0.0,False,0.069628,True,0.5,True
48373210206,0.181259,south-central-tx,0.491717,True,0.052058,True,0.0,True
48373210301,0.007597,south-central-tx,0.0,True,0.022791,True,0.0,True
48373210302,0.169059,south-central-tx,0.507178,True,0.0,True,0.0,True
48373210402,0.032532,south-central-tx,0.087807,True,0.009789,True,0.0,True
48379950101,0.036599,south-central-tx,0.0,True,0.026463,True,0.083333,True
48379950102,0.052768,south-central-tx,0.156851,True,0.001453,True,0.0,True
48379950200,0.11302,south-central-tx,0.0,True,0.005726,True,0.333334,True
48383950100,0.003109,south-central-tx,0.0,True,0.009327,True,0.0,True
48385950100,0.055556,south-central-tx,0.0,True,0.0,True,0.166667,True
48387950100,0.071111,south-central-tx,0.0,True,0.005,True,0.208333,True
48387950501,0.135087,south-central-tx,0.399024,True,0.006238,True,0.0,True
48387950502,0.216412,south-central-tx,0.149236,True,0.0,True,0.5,True
48387950600,0.083333,south-central-tx,0.0,True,0.0,True,0.25,True
48387950700,0.0,south-central-tx,0.0,True,0.0,True,0.0,True
48391950200,0.035207,south-central-tx,0.105622,True,0.0,True,0.0,True
48391950400,0.0625,south-central-tx,0.0,True,0.0,True,0.1875,True
48395960100,0.00429,south-central-tx,0.0,True,0.012871,True,0.0,True
48395960200,0.0,south-central-tx,0.0,True,0.0,True,0.0,True
48395960300,0.001489,south-central-tx,0.0,True,0.004468,True,0.0,True
48395960400,0.0,south-central-tx,0.0,True,0.0,True,0.0,True
48395960501,0.149971,south-central-tx,0.449913,True,0.0,True,0.0,True
48395960502,0.134178,south-central-tx,0.402535,True,0.0,True,0.0,True
48397040101,0.0,south-central-tx,0.0,True,0.0,True,0.0,True
48397040103,0.184715,south-central-tx,0.554144,True,0.0,True,0.0,True
48397040104,0.145556,south-central-tx,0.436669,True,0.0,True,0.0,True
48397040201,0.0,south-central-tx,0.0,True,0.0,True,0.0,True
48397040202,0.113464,south-central-tx,0.340391,True,0.0,True,0.0,True
48397040203,0.0,south-central-tx,0.0,True,0.0,True,0.0,True
48397040301,0.080576,south-central-tx,0.229017,True,0.01271,True,0.0,True
48397040303,0.02936,south-central-tx,0.088079,True,0.0,True,0.0,True
48397040304,0.0,south-central-tx,0.0,True,0.0,True,0.0,True
48397040305,0.012269,south-central-tx,0.0,True,0.0,True,0.036806,True
48397040403,0.242652,south-central-tx,0.727955,True,0.0,True,0.0,True
48397040404,0.096659,south-central-tx,0.289978,True,0.0,True,0.0,True
48397040405,0.172423,south-central-tx,0.517268,True,0.0,True,0.0,True
48397040406,0.396283,south-central-tx,0.928398,True,0.0,True,0.26045,True
48397040407,0.222179,south-central-tx,0.666537,True,0.0,True,0.0,True
48397040408,0.036119,south-central-tx,0.108356,True,0.0,True,0.0,True
48397040409,0.0,south-central-tx,0.0,True,0.0,True,0.0,True
48397040410,0.023894,south-central-tx,0.071682,True,0.0,True,0.0,True
48397040411,0.0,south-central-tx,0.0,True,0.0,True,0.0,True
48397040412,0.0,south-central-tx,0.0,True,0.0,True,0.0,True
48397040503,0.0,south-central-tx,0.0,True,0.0,True,0.0,True
48397040507,0.0,south-central-tx,0.0,False,0.0,True,0.0,True
48397040508,0.026749,south-central-tx,0.080246,True,0.0,True,0.0,True
48397040509,0.086161,south-central-tx,0.258482,True,0.0,True,0.0,True
48397040510,0.089128,south-central-tx,0.267383,True,0.0,True,0.0,True
48397040511,0.0,south-central-tx,0.0,False,0.0,True,0.0,True
48397040512,0.0,south-central-tx,0.0,True,0.0,True,0.0,True
48397040513,0.025543,south-central-tx,0.076629,True,0.0,True,0.0,True
48397040514,0.166667,south-central-tx,0.0,True,0.0,True,0.5,True
48399950100,0.003442,south-central-tx,0.0,True,0.010327,True,0.0,True
48399950200,0.204058,south-central-tx,0.607307,True,0.004866,True,0.0,True
48399950500,0.004769,south-central-tx,0.0,True,0.014307,True,0.0,True
48399950600,0.000173,south-central-tx,0.000103,True,0.000416,True,0.0,True
48401950200,0.133636,south-central-tx,0.123129,True,0.0,True,0.277778,True
48401950300,0.083333,south-central-tx,0.0,True,0.0,True,0.25,True
48401950400,0.055556,south-central-tx,0.0,True,0.0,True,0.166667,True
48401950501,0.257419,south-central-tx,0.522256,True,0.0,True,0.25,True
48401950502,0.247673,south-central-tx,0.237906,True,0.005112,True,0.5,True
48401951000,0.187716,south-central-tx,0.207026,True,0.02279,True,0.333333,True
48401951100,0.045126,south-central-tx,0.0,True,0.010379,True,0.125,True
48407200103,0.02134,south-central-tx,0.06402,True,0.0,True,0.0,True
48407200104,0.129611,south-central-tx,0.222167,True,0.0,True,0.166667,True
48407200105,0.0,south-central-tx,0.0,True,0.0,True,0.0,True
48407200106,0.002294,south-central-tx,0.0,True,0.006881,True,0.0,True
48407200107,0.171526,south-central-tx,0.0,True,0.014577,True,0.5,True
48407200201,0.040035,south-central-tx,0.0,True,0.036771,True,0.083333,True
48407200202,0.264104,south-central-tx,0.0,False,0.028207,True,0.5,True
48407200301,0.102946,south-central-tx,0.0,True,0.058839,True,0.25,True
48407200302,0.017618,south-central-tx,0.0,True,0.052853,True,0.0,True
48409010201,0.191653,south-central-tx,0.56953,True,0.00543,True,0.0,True
48409010202,0.020883,south-central-tx,0.06265,True,0.0,True,0.0,True
48409010301,0.048687,south-central-tx,0.144648,True,0.001412,True,0.0,True
48409010302,0.168594,south-central-tx,0.42245,True,0.0,True,0.083333,True
48409010500,0.0,south-central-tx,0.0,True,0.0,True,0.0,True
48409010601,0.096474,south-central-tx,0.286538,True,0.002884,True,0.0,True
48409010602,0.0,south-central-tx,0.0,True,0.0,True,0.0,True
48409010603,0.00165,south-central-tx,0.0,True,0.00495,True,0.0,True
48409010604,0.113609,south-central-tx,0.340071,True,0.000755,True,0.0,True
48409010700,0.0,south-central-tx,0.0,True,0.0,True,0.0,True
48409010800,0.175256,south-central-tx,0.525768,True,0.0,True,0.0,True
48409010900,0.000513,south-central-tx,0.0,True,0.001539,True,0.0,True
48409011000,0.159865,south-central-tx,0.312928,True,0.0,True,0.166667,True
48409011100,0.248385,south-central-tx,0.431223,True,0.001433,True,0.3125,True
48409011200,0.000461,south-central-tx,0.0,True,0.001383,True,0.0,True
48409011300,0.05778,south-central-tx,0.0,True,0.006674,True,0.166667,True
48411950100,0.140301,south-central-tx,0.309791,True,0.0,True,0.111111,True
48411950200,0.048974,south-central-tx,0.0,True,0.021922,True,0.125,True
48413950300,0.059152,south-central-tx,0.0,True,0.010789,True,0.166667,True
48415950100,0.153301,south-central-tx,0.457301,True,0.002601,True,0.0,True
48415950200,0.169752,south-central-tx,0.0,True,0.009255,True,0.5,True
48415950300,0.087236,south-central-tx,0.09504,True,0.0,True,0.166667,True
48415950600,0.002175,south-central-tx,0.0,True,0.006524,True,0.0,True
48417950300,0.029324,south-central-tx,0.087971,True,0.0,True,0.0,True
48423000100,0.257052,south-central-tx,0.771155,True,0.0,True,0.0,True
48423000201,0.154519,south-central-tx,0.463557,True,0.0,True,0.0,True
48423000202,0.199175,south-central-tx,0.597525,True,0.0,True,0.0,True
48423000300,0.171966,south-central-tx,0.515899,True,0.0,True,0.0,True
48423000400,0.243268,south-central-tx,0.729804,True,0.0,True,0.0,True
48423000500,0.094729,south-central-tx,0.284188,True,0.0,True,0.0,True
48423000600,0.18629,south-central-tx,0.558871,True,0.0,True,0.0,True
48423000700,0.142518,south-central-tx,0.427554,True,0.0,True,0.0,True
48423000800,0.244087,south-central-tx,0.73226,True,0.0,True,0.0,True
48423000900,0.226195,south-central-tx,0.678586,True,0.0,True,0.0,True
48423001000,0.0,south-central-tx,0.0,True,0.0,True,0.0,True
48423001101,0.168724,south-central-tx,0.506172,True,0.0,True,0.0,True
48423001102,0.161391,south-central-tx,0.484173,True,0.0,True,0.0,True
48423001200,0.261856,south-central-tx,0.785569,True,0.0,True,0.0,True
48423001300,0.251061,south-central-tx,0.753184,True,0.0,True,0.0,True
48423001404,0.055556,south-central-tx,0.0,True,0.0,True,0.166667,True
48423001405,0.0,south-central-tx,0.0,True,0.0,True,0.0,True
48423001406,0.083333,south-central-tx,0.0,True,0.0,True,0.25,True
48423001407,0.047912,south-central-tx,0.143737,True,0.0,True,0.0,True
48423001408,0.0,south-central-tx,0.0,True,0.0,True,0.0,True
48423001501,0.0,south-central-tx,0.0,True,0.0,True,0.0,True
48423001502,0.0,south-central-tx,0.0,True,0.0,True,0.0,True
48423001602,0.174899,south-central-tx,0.524697,True,0.0,True,0.0,True
48423001605,0.1677,south-central-tx,0.5031,True,0.0,True,0.0,True
48423001606,0.29184,south-central-tx,0.37552,True,0.0,True,0.5,True
48423001607,0.135447,south-central-tx,0.406342,True,0.0,True,0.0,True
48423001608,0.207401,south-central-tx,0.622204,True,0.0,True,0.0,True
48423001701,0.120238,south-central-tx,0.360714,True,0.0,True,0.0,True
48423001702,0.0,south-central-tx,0.0,True,0.0,True,0.0,True
48423001803,0.232998,south-central-tx,0.698993,True,0.0,True,0.0,True
48423001804,0.004038,south-central-tx,0.012114,True,0.0,True,0.0,True
48423001805,0.208731,south-central-tx,0.626192,True,0.0,True,0.0,True
48423001806,0.181969,south-central-tx,0.545908,True,0.0,True,0.0,True
48423001807,0.218565,south-central-tx,0.405695,True,0.0,True,0.25,True
48423001906,0.020846,south-central-tx,0.062539,True,0.0,True,0.0,True
48423001909,0.0,south-central-tx,0.0,True,0.0,True,0.0,True
48423001910,0.0,south-central-tx,0.0,True,0.0,True,0.0,True
48423001911,0.0,south-central-tx,0.0,False,0.0,True,0.0,True
48423001912,0.258623,south-central-tx,0.775869,True,0.0,True,0.0,True
48423001913,0.241448,south-central-tx,0.724345,True,0.0,True,0.0,True
48423001914,0.0,south-central-tx,0.0,True,0.0,True,0.0,True
48423001915,0.0,south-central-tx,0.0,True,0.0,True,0.0,True
48423001916,0.083333,south-central-tx,0.0,True,0.0,True,0.25,True
48423001917,0.167022,south-central-tx,0.501065,True,0.0,True,0.0,True
48423002003,0.176651,south-central-tx,0.529953,True,0.0,True,0.0,True
48423002004,0.025174,south-central-tx,0.075522,True,0.0,True,0.0,True
48423002006,0.0,south-central-tx,0.0,True,0.0,True,0.0,True
48423002009,0.0,south-central-tx,0.0,True,0.0,True,0.0,True
48423002010,0.0,south-central-tx,0.0,True,0.0,True,0.0,True
48423002011,0.0,south-central-tx,0.0,True,0.0,True,0.0,True
48423002012,0.0,south-central-tx,0.0,True,0.0,True,0.0,True
48423002013,0.166667,south-central-tx,0.0,True,0.0,True,0.5,True
48423002101,0.063493,south-central-tx,0.190479,True,0.0,True,0.0,True
48423002102,0.070883,south-central-tx,0.08765,True,0.0,True,0.125,True
48423002200,0.0,south-central-tx,0.0,True,0.0,True,0.0,True
48423980000,0.0,south-central-tx,0.0,True,0.0,True,0.0,True
48425000101,0.003744,south-central-tx,0.011233,True,0.0,True,0.0,True
48425000102,0.0,south-central-tx,0.0,True,0.0,True,0.0,True
48425000200,0.11078,south-central-tx,0.33234,True,0.0,True,0.0,True
48427950101,0.008094,south-central-tx,0.0,False,0.016188,True,0.0,True
48427950104,0.0,south-central-tx,0.0,True,0.0,True,0.0,True
48427950105,0.074641,south-central-tx,0.223923,True,0.0,True,0.0,True
48427950106,0.243138,south-central-tx,0.729415,True,0.0,True,0.0,True
48427950107,0.253183,south-central-tx,0.759549,True,0.0,True,0.0,True
48427950108,0.0,south-central-tx,0.0,True,0.0,True,0.0,True
48427950202,0.083333,south-central-tx,0.0,True,0.0,True,0.25,True
48427950203,0.248119,south-central-tx,0.744356,True,0.0,True,0.0,True
48427950204,0.204428,south-central-tx,0.613285,True,0.0,True,0.0,True
48427950402,0.035709,south-central-tx,0.107126,True,0.0,True,0.0,True
48427950403,0.290217,south-central-tx,0.870651,True,0.0,True,0.0,True
48427950404,0.255472,south-central-tx,0.516416,True,0.0,True,0.25,True
48427950500,0.161333,south-central-tx,0.483998,True,0.0,True,0.0,True
48427950601,0.132743,south-central-tx,0.398228,True,0.0,True,0.0,True
48427950602,0.230466,south-central-tx,0.691399,True,0.0,True,0.0,True
48427950701,0.0,south-central-tx,0.0,True,0.0,True,0.0,True
48427950702,0.222956,south-central-tx,0.668868,True,0.0,True,0.0,True
48429950200,0.197487,south-central-tx,0.341296,True,0.001166,True,0.25,True
48429950300,0.142392,south-central-tx,0.423713,True,0.003462,True,0.0,True
48429950500,0.008937,south-central-tx,0.0,True,0.026812,True,0.0,True
48431950100,0.140571,south-central-tx,0.171714,True,0.0,True,0.25,True
48433950300,0.083333,south-central-tx,0.0,True,0.0,True,0.25,True
48435950300,0.059403,south-central-tx,0.0,True,0.011542,True,0.166667,True
48439100101,0.0,south-central-tx,0.0,True,0.0,True,0.0,True
48439100102,0.153524,south-central-tx,0.460572,True,0.0,True,0.0,True
48439100201,0.0,south-central-tx,0.0,True,0.0,True,0.0,True
48439100202,0.038798,south-central-tx,0.116395,True,0.0,True,0.0,True
48439100300,0.120007,south-central-tx,0.193353,True,0.0,True,0.166667,True
48439100401,0.169548,south-central-tx,0.508645,True,0.0,True,0.0,True
48439100402,0.161785,south-central-tx,0.485354,True,0.0,True,0.0,True
48439100503,0.133412,south-central-tx,0.400236,True,0.0,True,0.0,True
48439100504,0.0,south-central-tx,0.0,True,0.0,True,0.0,True
48439100505,0.0,south-central-tx,0.0,True,0.0,True,0.0,True
48439100506,0.0,south-central-tx,0.0,True,0.0,True,0.0,True
48439100601,0.055498,south-central-tx,0.166495,True,0.0,True,0.0,True
48439100602,0.158162,south-central-tx,0.474485,True,0.0,True,0.0,True
48439100700,0.154674,south-central-tx,0.464021,True,0.0,True,0.0,True
48439100800,0.157426,south-central-tx,0.472278,True,0.0,True,0.0,True
48439100900,0.167344,south-central-tx,0.502032,True,0.0,True,0.0,True
48439101201,0.0,south-central-tx,0.0,True,0.0,True,0.0,True
48439101202,0.0,south-central-tx,0.0,True,0.0,True,0.0,True
48439101301,0.0,south-central-tx,0.0,True,0.0,True,0.0,True
48439101302,0.100385,south-central-tx,0.301154,True,0.0,True,0.0,True
48439101401,0.0,south-central-tx,0.0,True,0.0,True,0.0,True
48439101402,0.0,south-central-tx,0.0,True,0.0,True,0.0,True
48439101403,0.027607,south-central-tx,0.082822,True,0.0,True,0.0,True
48439101500,0.0,south-central-tx,0.0,True,0.0,True,0.0,True
48439101700,0.0,south-central-tx,0.0,True,0.0,True,0.0,True
48439102000,0.0,south-central-tx,0.0,True,0.0,True,0.0,True
48439102101,0.0,south-central-tx,0.0,False,0.0,True,0.0,True
48439102102,0.0,south-central-tx,0.0,False,0.0,True,0.0,True
48439102201,0.0,south-central-tx,0.0,False,0.0,True,0.0,True
48439102202,0.0,south-central-tx,0.0,True,0.0,True,0.0,True
48439102301,0.028791,south-central-tx,0.086372,True,0.0,True,0.0,True
48439102302,0.19282,south-central-tx,0.578461,True,0.0,True,0.0,True
48439102401,0.0,south-central-tx,0.0,True,0.0,True,0.0,True
48439102402,0.140614,south-central-tx,0.421841,True,0.0,True,0.0,True
48439102500,0.0,south-central-tx,0.0,True,0.0,True,0.0,True
48439102601,0.0,south-central-tx,0.0,True,0.0,True,0.0,True
48439102602,0.0,south-central-tx,0.0,True,0.0,True,0.0,True
48439102700,0.0,south-central-tx,0.0,False,0.0,True,0.0,True
48439103500,0.0,south-central-tx,0.0,False,0.0,True,0.0,True
48439103601,0.0,south-central-tx,0.0,False,0.0,True,0.0,True
48439103602,0.018045,south-central-tx,0.054136,True,0.0,True,0.0,True
48439103701,0.0,south-central-tx,0.0,False,0.0,True,0.0,True
48439103702,0.125,south-central-tx,0.0,False,0.0,True,0.25,True
48439103800,0.052399,south-central-tx,0.157198,True,0.0,True,0.0,True
48439104100,0.0,south-central-tx,0.0,False,0.0,True,0.0,True
48439104202,0.0,south-central-tx,0.0,False,0.0,True,0.0,True
48439104203,0.0,south-central-tx,0.0,False,0.0,True,0.0,True
48439104204,0.0,south-central-tx,0.0,False,0.0,True,0.0,True
48439104301,0.0,south-central-tx,0.0,False,0.0,True,0.0,True
48439104302,0.0,south-central-tx,0.0,False,0.0,True,0.0,True
48439104400,0.0,south-central-tx,0.0,False,0.0,True,0.0,True
48439104502,0.0,south-central-tx,0.0,True,0.0,True,0.0,True
48439104503,0.0,south-central-tx,0.0,True,0.0,True,0.0,True
48439104504,0.0,south-central-tx,0.0,True,0.0,True,0.0,True
48439104505,0.0,south-central-tx,0.0,True,0.0,True,0.0,True
48439104601,0.0,south-central-tx,0.0,True,0.0,True,0.0,True
48439104602,0.0,south-central-tx,0.0,True,0.0,True,0.0,True
48439104603,0.139682,south-central-tx,0.419047,True,0.0,True,0.0,True
48439104604,0.0,south-central-tx,0.0,True,0.0,True,0.0,True
48439104605,0.112175,south-central-tx,0.336524,True,0.0,True,0.0,True
48439104701,0.0,south-central-tx,0.0,False,0.0,True,0.0,True
48439104702,0.083333,south-central-tx,0.0,True,0.0,True,0.25,True
48439104802,0.0,south-central-tx,0.0,True,0.0,True,0.0,True
48439104803,0.0,south-central-tx,0.0,False,0.0,True,0.0,True
48439104804,0.0,south-central-tx,0.0,False,0.0,True,0.0,True
48439104900,0.0,south-central-tx,0.0,True,0.0,True,0.0,True
48439105007,0.0,south-central-tx,0.0,True,0.0,True,0.0,True
48439105008,0.0,south-central-tx,0.0,True,0.0,True,0.0,True
48439105009,0.0,south-central-tx,0.0,True,0.0,True,0.0,True
48439105201,0.0,south-central-tx,0.0,True,0.0,True,0.0,True
48439105203,0.154353,south-central-tx,0.463059,True,0.0,True,0.0,True
48439105204,0.0,south-central-tx,0.0,True,0.0,True,0.0,True
48439105206,0.159428,south-central-tx,0.478284,True,0.0,True,0.0,True
48439105207,0.0,south-central-tx,0.0,True,0.0,True,0.0,True
48439105403,0.0,south-central-tx,0.0,True,0.0,True,0.0,True
48439105404,0.0,south-central-tx,0.0,True,0.0,True,0.0,True
48439105405,0.0,south-central-tx,0.0,True,0.0,True,0.0,True
48439105407,0.187522,south-central-tx,0.562566,True,0.0,True,0.0,True
48439105408,0.0,south-central-tx,0.0,True,0.0,True,0.0,True
48439105502,0.0,south-central-tx,0.0,True,0.0,True,0.0,True
48439105503,0.0,south-central-tx,0.0,False,0.0,True,0.0,True
48439105505,0.0,south-central-tx,0.0,True,0.0,True,0.0,True
48439105511,0.0,south-central-tx,0.0,False,0.0,True,0.0,True
48439105512,0.0,south-central-tx,0.0,False,0.0,True,0.0,True
48439105513,0.0,south-central-tx,0.0,True,0.0,True,0.0,True
48439105514,0.0,south-central-tx,0.0,True,0.0,True,0.0,True
48439105515,0.0,south-central-tx,0.0,True,0.0,True,0.0,True
48439105516,0.0,south-central-tx,0.0,True,0.0,True,0.0,True
48439105517,0.0,south-central-tx,0.0,True,0.0,True,0.0,True
48439105518,0.0,south-central-tx,0.0,True,0.0,True,0.0,True
48439105519,0.0,south-central-tx,0.0,True,0.0,True,0.0,True
48439105520,0.0,south-central-tx,0.0,False,0.0,True,0.0,True
48439105600,0.0,south-central-tx,0.0,True,0.0,True,0.0,True
48439105701,0.0,south-central-tx,0.0,True,0.0,True,0.0,True
48439105703,0.0,south-central-tx,0.0,False,0.0,True,0.0,True
48439105705,0.0,south-central-tx,0.0,False,0.0,True,0.0,True
48439105706,0.0,south-central-tx,0.0,False,0.0,True,0.0,True
48439105800,0.0,south-central-tx,0.0,True,0.0,True,0.0,True
48439105901,0.0,south-central-tx,0.0,True,0.0,True,0.0,True
48439105902,0.0,south-central-tx,0.0,True,0.0,True,0.0,True
48439106002,0.0,south-central-tx,0.0,True,0.0,True,0.0,True
48439106004,0.083333,south-central-tx,0.0,True,0.0,True,0.25,True
48439106005,0.0,south-central-tx,0.0,True,0.0,True,0.0,True
48439106006,0.048432,south-central-tx,0.0,False,0.0,True,0.096865,True
48439106101,0.0,south-central-tx,0.0,True,0.0,True,0.0,True
48439106102,0.153505,south-central-tx,0.460514,True,0.0,True,0.0,True
48439106201,0.0,south-central-tx,0.0,True,0.0,True,0.0,True
48439106202,0.0,south-central-tx,0.0,True,0.0,True,0.0,True
48439106300,0.0,south-central-tx,0.0,True,0.0,True,0.0,True
48439106400,0.180857,south-central-tx,0.04257,True,0.0,True,0.5,True
48439106502,0.0,south-central-tx,0.0,True,0.0,True,0.0,True
48439106503,0.0,south-central-tx,0.0,True,0.0,True,0.0,True
48439106507,0.0,south-central-tx,0.0,True,0.0,True,0.0,True
48439106509,0.0,south-central-tx,0.0,True,0.0,True,0.0,True
48439106512,0.0,south-central-tx,0.0,True,0.0,True,0.0,True
48439106513,0.079662,south-central-tx,0.238986,True,0.0,True,0.0,True
48439106514,0.0,south-central-tx,0.0,True,0.0,True,0.0,True
48439106515,0.0,south-central-tx,0.0,True,0.0,True,0.0,True
48439106518,0.0,south-central-tx,0.0,True,0.0,True,0.0,True
48439106519,0.0,south-central-tx,0.0,True,0.0,True,0.0,True
48439106520,0.0,south-central-tx,0.0,True,0.0,True,0.0,True
48439106521,0.0,south-central-tx,0.0,True,0.0,True,0.0,True
48439106522,0.0,south-central-tx,0.0,True,0.0,True,0.0,True
48439106523,0.0,south-central-tx,0.0,True,0.0,True,0.0,True
48439106524,0.0,south-central-tx,0.0,False,0.0,True,0.0,True
48439106525,0.0,south-central-tx,0.0,True,0.0,True,0.0,True
48439106526,0.0,south-central-tx,0.0,True,0.0,True,0.0,True
48439106600,0.0,south-central-tx,0.0,True,0.0,True,0.0,True
48439106700,0.0,south-central-tx,0.0,False,0.0,True,0.0,True
48439110102,0.079255,south-central-tx,0.237766,True,0.0,True,0.0,True
48439110103,0.073221,south-central-tx,0.219662,True,0.0,True,0.0,True
48439110104,0.141215,south-central-tx,0.423646,True,0.0,True,0.0,True
48439110202,0.085721,south-central-tx,0.257162,True,0.0,True,0.0,True
48439110204,0.0,south-central-tx,0.0,True,0.0,True,0.0,True
48439110205,0.0,south-central-tx,0.0,True,0.0,True,0.0,True
48439110206,0.0,south-central-tx,0.0,True,0.0,True,0.0,True
48439110301,0.0,south-central-tx,0.0,True,0.0,True,0.0,True
48439110302,0.051831,south-central-tx,0.155492,True,0.0,True,0.0,True
48439110401,0.0,south-central-tx,0.0,True,0.0,True,0.0,True
48439110402,0.081038,south-central-tx,0.243115,True,0.0,True,0.0,True
48439110500,0.246968,south-central-tx,0.490905,True,0.0,True,0.25,True
48439110600,0.073599,south-central-tx,0.220797,True,0.0,True,0.0,True
48439110703,0.0,south-central-tx,0.0,True,0.0,True,0.0,True
48439110704,0.085303,south-central-tx,0.25591,True,0.0,True,0.0,True
48439110705,0.125713,south-central-tx,0.0,False,0.001426,True,0.25,True
48439110706,0.0,south-central-tx,0.0,True,0.0,True,0.0,True
48439110805,0.0,south-central-tx,0.0,True,0.0,True,0.0,True
48439110806,0.0,south-central-tx,0.0,False,0.0,True,0.0,True
48439110807,0.0,south-central-tx,0.0,True,0.0,True,0.0,True
48439110808,0.166667,south-central-tx,0.0,True,0.0,True,0.5,True
48439110809,0.0,south-central-tx,0.0,True,0.0,True,0.0,True
48439110901,0.127699,south-central-tx,0.383097,True,0.0,True,0.0,True
48439110903,0.010658,south-central-tx,0.031975,True,0.0,True,0.0,True
48439110905,0.047963,south-central-tx,0.0,True,0.0,True,0.143889,True
48439110906,0.01251,south-central-tx,0.037531,True,0.0,True,0.0,True
48439110907,0.065512,south-central-tx,0.196536,True,0.0,True,0.0,True
48439111003,0.0625,south-central-tx,0.0,False,0.0,True,0.125,True
48439111010,0.055556,south-central-tx,0.0,True,0.0,True,0.166666,True
48439111015,0.0,south-central-tx,0.0,False,0.0,True,0.0,True
48439111018,0.0,south-central-tx,0.0,True,0.0,True,0.0,True
48439111019,0.0,south-central-tx,0.0,True,0.0,True,0.0,True
48439111020,0.0,south-central-tx,0.0,False,0.0,True,0.0,True
48439111021,0.0,south-central-tx,0.0,False,0.0,True,0.0,True
48439111022,0.0,south-central-tx,0.0,False,0.0,True,0.0,True
48439111023,0.0,south-central-tx,0.0,False,0.0,True,0.0,True
48439111024,0.0,south-central-tx,0.0,False,0.0,True,0.0,True
48439111025,0.0,south-central-tx,0.0,False,0.0,True,0.0,True
48439111026,0.0,south-central-tx,0.0,False,0.0,True,0.0,True
48439111027,0.0,south-central-tx,0.0,True,0.0,True,0.0,True
48439111028,0.0,south-central-tx,0.0,False,0.0,True,0.0,True
48439111029,0.0,south-central-tx,0.0,True,0.0,True,0.0,True
48439111030,0.0,south-central-tx,0.0,True,0.0,True,0.0,True
48439111031,0.0,south-central-tx,0.0,True,0.0,True,0.0,True
48439111032,0.005395,south-central-tx,0.0,True,0.0,True,0.016186,True
48439111033,0.0,south-central-tx,0.0,True,0.0,True,0.0,True
48439111102,0.0,south-central-tx,0.0,True,0.0,True,0.0,True
48439111103,0.119282,south-central-tx,0.357845,True,0.0,True,0.0,True
48439111104,0.0,south-central-tx,0.0,True,0.0,True,0.0,True
48439111202,0.083333,south-central-tx,0.0,False,0.0,True,0.166667,True
48439111203,0.0,south-central-tx,0.0,True,0.0,True,0.0,True
48439111204,0.0,south-central-tx,0.0,True,0.0,True,0.0,True
48439111304,0.0,south-central-tx,0.0,True,0.0,True,0.0,True
48439111306,0.038156,south-central-tx,0.0,True,0.0,True,0.114468,True
48439111307,0.0,south-central-tx,0.0,True,0.0,True,0.0,True
48439111308,0.0,south-central-tx,0.0,True,0.0,True,0.0,True
48439111309,0.0,south-central-tx,0.0,True,0.0,True,0.0,True
48439111311,0.0,south-central-tx,0.0,False,0.0,True,0.0,True
48439111312,0.0,south-central-tx,0.0,True,0.0,True,0.0,True
48439111314,0.000635,south-central-tx,0.0,True,0.001904,True,0.0,True
48439111315,0.0,south-central-tx,0.0,False,0.0,True,0.0,True
48439111316,0.000695,south-central-tx,0.0,False,0.00139,True,0.0,True
48439111317,0.0,south-central-tx,0.0,False,0.0,True,0.0,True
48439111318,0.0,south-central-tx,0.0,False,0.0,True,0.0,True
48439111319,0.0,south-central-tx,0.0,True,0.0,True,0.0,True
48439111320,0.0,south-central-tx,0.0,False,0.0,True,0.0,True
48439111402,0.0,south-central-tx,0.0,True,0.0,True,0.0,True
48439111405,0.161312,south-central-tx,0.483936,True,0.0,True,0.0,True
48439111406,0.0,south-central-tx,0.0,True,0.0,True,0.0,True
48439111407,0.0,south-central-tx,0.0,True,0.0,True,0.0,True
48439111408,0.092174,south-central-tx,0.026522,True,0.0,True,0.25,True
48439111409,0.166667,south-central-tx,0.0,True,0.0,True,0.5,True
48439111410,0.0,south-central-tx,0.0,True,0.0,True,0.0,True
48439111411,0.029621,south-central-tx,0.088864,True,0.0,True,0.0,True
48439111505,0.180356,south-central-tx,0.541067,True,0.0,True,0.0,True
48439111506,0.0,south-central-tx,0.0,True,0.0,True,0.0,True
48439111513,0.0,south-central-tx,0.0,True,0.0,True,0.0,True
48439111514,0.0,south-central-tx,0.0,True,0.0,True,0.0,True
48439111516,0.0,south-central-tx,0.0,True,0.0,True,0.0,True
48439111522,0.002208,south-central-tx,0.0,False,0.004415,True,0.0,True
48439111525,0.0,south-central-tx,0.0,True,0.0,True,0.0,True
48439111526,0.0,south-central-tx,0.0,False,0.0,True,0.0,True
48439111529,0.0,south-central-tx,0.0,False,0.0,True,0.0,True
48439111530,0.083333,south-central-tx,0.0,True,0.0,True,0.25,True
48439111531,0.0,south-central-tx,0.0,True,0.0,True,0.0,True
48439111532,0.0,south-central-tx,0.0,True,0.0,True,0.0,True
48439111533,0.125,south-central-tx,0.0,False,0.0,True,0.25,True
48439111534,0.0,south-central-tx,0.0,True,0.0,True,0.0,True
48439111536,0.0,south-central-tx,0.0,False,0.0,True,0.0,True
48439111538,0.0,south-central-tx,0.0,True,0.0,True,0.0,True
48439111540,0.0,south-central-tx,0.0,True,0.0,True,0.0,True
48439111541,0.0,south-central-tx,0.0,False,0.0,True,0.0,True
48439111542,0.00051,south-central-tx,0.0,False,0.001021,True,0.0,True
48439111543,0.0,south-central-tx,0.0,False,0.0,True,0.0,True
48439111544,0.0,south-central-tx,0.0,False,0.0,True,0.0,True
48439111545,0.125,south-central-tx,0.0,False,0.0,True,0.25,True
48439111546,0.0,south-central-tx,0.0,True,0.0,True,0.0,True
48439111551,0.0,south-central-tx,0.0,True,0.0,True,0.0,True
48439111552,0.0,south-central-tx,0.0,False,0.0,True,0.0,True
48439111553,0.0,south-central-tx,0.0,True,0.0,True,0.0,True
48439111554,0.0,south-central-tx,0.0,True,0.0,True,0.0,True
48439111555,0.0,south-central-tx,0.0,True,0.0,True,0.0,True
48439111556,0.015898,south-central-tx,0.0,True,0.047694,True,0.0,True
48439111557,0.005435,south-central-tx,0.0,False,0.01087,True,0.0,True
48439111558,0.007112,south-central-tx,0.0,False,0.014225,True,0.0,True
48439111559,0.27038,south-central-tx,0.0,False,0.040761,True,0.5,True
48439111560,0.003099,south-central-tx,0.0,False,0.006197,True,0.0,True
48439111561,0.125341,south-central-tx,0.0,False,0.000682,True,0.25,True
48439111562,0.0,south-central-tx,0.0,False,0.0,True,0.0,True
48439111563,0.0,south-central-tx,0.0,True,0.0,True,0.0,True
48439111564,0.0,south-central-tx,0.0,True,0.0,True,0.0,True
48439111565,0.0,south-central-tx,0.0,True,0.0,True,0.0,True
48439111566,0.0,south-central-tx,0.0,False,0.0,True,0.0,True
48439111567,0.0,south-central-tx,0.0,False,0.0,True,0.0,True
48439111568,0.000448,south-central-tx,0.0,False,0.000896,True,0.0,True
48439111569,0.0,south-central-tx,0.0,True,0.0,True,0.0,True
48439111570,0.0,south-central-tx,0.0,True,0.0,True,0.0,True
48439111571,0.0,south-central-tx,0.0,True,0.0,True,0.0,True
48439111572,0.000467,south-central-tx,0.0,True,0.001401,True,0.0,True
48439113003,0.005556,south-central-tx,0.0,True,0.016667,True,0.0,True
48439113004,0.0,south-central-tx,0.0,True,0.0,True,0.0,True
48439113005,0.171636,south-central-tx,0.0,True,0.014908,True,0.5,True
48439113006,0.0,south-central-tx,0.0,False,0.0,True,0.0,True
48439113007,0.001159,south-central-tx,0.0,True,0.003476,True,0.0,True
48439113102,0.002836,south-central-tx,0.0,False,0.005671,True,0.0,True
48439113104,0.0,south-central-tx,0.0,False,0.0,True,0.0,True
48439113107,0.0,south-central-tx,0.0,True,0.0,True,0.0,True
48439113108,0.0,south-central-tx,0.0,True,0.0,True,0.0,True
48439113109,0.083333,south-central-tx,0.0,True,0.0,True,0.25,True
48439113110,0.001977,south-central-tx,0.0,True,0.005931,True,0.0,True
48439113112,0.00278,south-central-tx,0.0,True,0.0,True,0.00834,True
48439113115,0.0,south-central-tx,0.0,True,0.0,True,0.0,True
48439113116,0.01626,south-central-tx,0.0,True,0.04878,True,0.0,True
48439113117,0.001923,south-central-tx,0.0,False,0.003846,True,0.0,True
48439113118,0.083333,south-central-tx,0.0,True,0.0,True,0.25,True
48439113119,0.0056,south-central-tx,0.0,False,0.0112,True,0.0,True
48439113120,0.0,south-central-tx,0.0,True,0.0,True,0.0,True
48439113121,0.0,south-central-tx,0.0,True,0.0,True,0.0,True
48439113122,0.011299,south-central-tx,0.0,True,0.033898,True,0.0,True
48439113206,0.161569,south-central-tx,0.484708,True,0.0,True,0.0,True
48439113207,0.0,south-central-tx,0.0,False,0.0,True,0.0,True
48439113210,0.0,south-central-tx,0.0,False,0.0,True,0.0,True
48439113212,0.00236,south-central-tx,0.0,True,0.007079,True,0.0,True
48439113213,0.004633,south-central-tx,0.0,True,0.013899,True,0.0,True
48439113214,0.0,south-central-tx,0.0,False,0.0,True,0.0,True
48439113215,0.0,south-central-tx,0.0,False,0.0,True,0.0,True
48439113216,0.0,south-central-tx,0.0,False,0.0,True,0.0,True
48439113217,0.00228,south-central-tx,0.0,True,0.00684,True,0.0,True
48439113218,0.0,south-central-tx,0.0,True,0.0,True,0.0,True
48439113221,0.093492,south-central-tx,0.271285,True,0.00919,True,0.0,True
48439113222,0.052365,south-central-tx,0.157095,True,0.0,True,0.0,True
48439113223,0.000718,south-central-tx,0.0,True,0.002153,True,0.0,True
48439113301,0.193345,south-central-tx,0.580034,True,0.0,True,0.0,True
48439113302,0.035704,south-central-tx,0.107111,True,0.0,True,0.0,True
48439113403,0.0,south-central-tx,0.0,True,0.0,True,0.0,True
48439113404,0.0,south-central-tx,0.0,True,0.0,True,0.0,True
48439113407,0.142886,south-central-tx,0.428659,True,0.0,True,0.0,True
48439113408,0.05368,south-central-tx,0.16104,True,0.0,True,0.0,True
48439113409,0.121917,south-central-tx,0.365751,True,0.0,True,0.0,True
48439113410,0.137169,south-central-tx,0.036507,True,0.0,True,0.375,True
48439113509,0.022464,south-central-tx,0.0,True,0.002644,True,0.064748,True
48439113510,0.0,south-central-tx,0.0,True,0.0,True,0.0,True
48439113511,0.021812,south-central-tx,0.065436,True,0.0,True,0.0,True
48439113512,0.0,south-central-tx,0.0,True,0.0,True,0.0,True
48439113513,0.074926,south-central-tx,0.224778,True,0.0,True,0.0,True
48439113514,0.000853,south-central-tx,0.0,True,0.002558,True,0.0,True
48439113516,0.0,south-central-tx,0.0,False,0.0,True,0.0,True
48439113517,0.25,south-central-tx,0.0,False,0.0,True,0.5,True
48439113519,0.000369,south-central-tx,0.0,True,0.001106,True,0.0,True
48439113520,0.0,south-central-tx,0.0,True,0.0,True,0.0,True
48439113521,0.01699,south-central-tx,0.0,False,0.033981,True,0.0,True
48439113522,0.0,south-central-tx,0.0,True,0.0,True,0.0,True
48439113607,0.0,south-central-tx,0.0,True,0.0,True,0.0,True
48439113611,0.077257,south-central-tx,0.231771,True,0.0,True,0.0,True
48439113612,0.001562,south-central-tx,0.0,True,0.004687,True,0.0,True
48439113613,0.003951,south-central-tx,0.0,True,0.011853,True,0.0,True
48439113618,0.006057,south-central-tx,0.0,True,0.0,True,0.018172,True
48439113619,0.037336,south-central-tx,0.112007,True,0.0,True,0.0,True
48439113622,0.0,south-central-tx,0.0,True,0.0,True,0.0,True
48439113623,0.0,south-central-tx,0.0,True,0.0,True,0.0,True
48439113624,0.000802,south-central-tx,0.0,True,0.002407,True,0.0,True
48439113625,0.0,south-central-tx,0.0,False,0.0,True,0.0,True
48439113626,0.0,south-central-tx,0.0,False,0.0,True,0.0,True
48439113628,0.008547,south-central-tx,0.0,True,0.025641,True,0.0,True
48439113629,0.0,south-central-tx,0.0,True,0.0,True,0.0,True
48439113630,0.0,south-central-tx,0.0,False,0.0,True,0.0,True
48439113632,0.0,south-central-tx,0.0,True,0.0,True,0.0,True
48439113633,0.0,south-central-tx,0.0,False,0.0,True,0.0,True
48439113634,0.019249,south-central-tx,0.0,True,0.0,True,0.057746,True
48439113635,0.125,south-central-tx,0.0,False,0.0,True,0.25,True
48439113636,0.0,south-central-tx,0.0,False,0.0,True,0.0,True
48439113637,0.012153,south-central-tx,0.0,False,0.024306,True,0.0,True
48439113638,0.0,south-central-tx,0.0,True,0.0,True,0.0,True
48439113639,0.0,south-central-tx,0.0,True,0.0,True,0.0,True
48439113640,0.0,south-central-tx,0.0,True,0.0,True,0.0,True
48439113707,0.0,south-central-tx,0.0,True,0.0,True,0.0,True
48439113709,0.0,south-central-tx,0.0,True,0.0,True,0.0,True
48439113710,0.001351,south-central-tx,0.0,False,0.002703,True,0.0,True
48439113711,0.007466,south-central-tx,0.0,True,0.022399,True,0.0,True
48439113712,0.0,south-central-tx,0.0,True,0.0,True,0.0,True
48439113713,0.0,south-central-tx,0.0,True,0.0,True,0.0,True
48439113714,0.0,south-central-tx,0.0,True,0.0,True,0.0,True
48439113715,0.0,south-central-tx,0.0,True,0.0,True,0.0,True
48439113716,0.0,south-central-tx,0.0,True,0.0,True,0.0,True
48439113803,0.0,south-central-tx,0.0,True,0.0,True,0.0,True
48439113808,0.0,south-central-tx,0.0,True,0.0,True,0.0,True
48439113809,0.001428,south-central-tx,0.0,True,0.004285,True,0.0,True
48439113810,0.0,south-central-tx,0.0,True,0.0,True,0.0,True
48439113811,0.055859,south-central-tx,0.151057,True,0.016522,True,0.0,True
48439113812,0.0,south-central-tx,0.0,True,0.0,True,0.0,True
48439113813,0.0,south-central-tx,0.0,False,0.0,True,0.0,True
48439113814,0.0,south-central-tx,0.0,False,0.0,True,0.0,True
48439113815,0.0,south-central-tx,0.0,False,0.0,True,0.0,True
48439113816,0.000659,south-central-tx,0.0,True,0.001978,True,0.0,True
48439113906,0.0,south-central-tx,0.0,True,0.0,True,0.0,True
48439113908,0.0,south-central-tx,0.0,False,0.0,True,0.0,True
48439113912,0.002244,south-central-tx,0.0,False,0.004487,True,0.0,True
48439113916,0.0,south-central-tx,0.0,False,0.0,True,0.0,True
48439113917,0.0,south-central-tx,0.0,False,0.0,True,0.0,True
48439113918,0.0,south-central-tx,0.0,False,0.0,True,0.0,True
48439113919,0.0,south-central-tx,0.0,False,0.0,True,0.0,True
48439113920,0.0,south-central-tx,0.0,False,0.0,True,0.0,True
48439113923,0.0,south-central-tx,0.0,True,0.0,True,0.0,True
48439113924,0.0,south-central-tx,0.0,False,0.0,True,0.0,True
48439113925,0.0,south-central-tx,0.0,False,0.0,True,0.0,True
48439113930,0.0,south-central-tx,0.0,True,0.0,True,0.0,True
48439113931,0.0,south-central-tx,0.0,True,0.0,True,0.0,True
48439113932,0.0,south-central-tx,0.0,True,0.0,True,0.0,True
48439113933,0.0,south-central-tx,0.0,True,0.0,True,0.0,True
48439113934,0.0,south-central-tx,0.0,False,0.0,True,0.0,True
48439113935,0.0,south-central-tx,0.0,False,0.0,True,0.0,True
48439113936,0.0,south-central-tx,0.0,False,0.0,True,0.0,True
48439113937,0.0,south-central-tx,0.0,True,0.0,True,0.0,True
48439113938,0.0,south-central-tx,0.0,False,0.0,True,0.0,True
48439113939,0.0,south-central-tx,0.0,False,0.0,True,0.0,True
48439113940,0.0,south-central-tx,0.0,True,0.0,True,0.0,True
48439113941,0.0,south-central-tx,0.0,True,0.0,True,0.0,True
48439113942,0.204441,south-central-tx,0.613322,True,0.0,True,0.0,True
48439113943,0.0,south-central-tx,0.0,True,0.0,True,0.0,True
48439113944,0.0,south-central-tx,0.0,False,0.0,True,0.0,True
48439113945,0.0,south-central-tx,0.0,False,0.0,True,0.0,True
48439113946,0.0,south-central-tx,0.0,False,0.0,True,0.0,True
48439113947,0.0,south-central-tx,0.0,False,0.0,True,0.0,True
48439113948,0.0,south-central-tx,0.0,False,0.0,True,0.0,True
48439113949,0.0,south-central-tx,0.0,False,0.0,True,0.0,True
48439113950,0.0,south-central-tx,0.0,False,0.0,True,0.0,True
48439113951,0.012439,south-central-tx,0.0,True,0.0,True,0.037317,True
48439113952,0.002847,south-central-tx,0.0,True,0.008542,True,0.0,True
48439113953,0.043677,south-central-tx,0.128255,True,0.002777,True,0.0,True
48439113954,0.0,south-central-tx,0.0,True,0.0,True,0.0,True
48439113955,0.0,south-central-tx,0.0,True,0.0,True,0.0,True
48439113956,0.0,south-central-tx,0.0,True,0.0,True,0.0,True
48439113957,0.001166,south-central-tx,0.0,False,0.002331,True,0.0,True
48439113958,0.00173,south-central-tx,0.0,False,0.00346,True,0.0,True
48439114003,0.083333,south-central-tx,0.0,True,0.0,True,0.25,True
48439114006,0.00198,south-central-tx,0.0,True,0.00594,True,0.0,True
48439114009,0.0,south-central-tx,0.0,False,0.0,True,0.0,True
48439114010,0.0,south-central-tx,0.0,True,0.0,True,0.0,True
48439114011,0.0,south-central-tx,0.0,True,0.0,True,0.0,True
48439114012,0.0,south-central-tx,0.0,False,0.0,True,0.0,True
48439114013,0.0,south-central-tx,0.0,True,0.0,True,0.0,True
48439114014,0.00386,south-central-tx,0.0,True,0.01158,True,0.0,True
48439114015,0.132796,south-central-tx,0.39226,True,0.006127,True,0.0,True
48439114105,0.166667,south-central-tx,0.0,True,0.0,True,0.5,True
48439114106,0.0,south-central-tx,0.0,True,0.0,True,0.0,True
48439114107,0.25,south-central-tx,0.0,False,0.0,True,0.5,True
48439114108,0.0,south-central-tx,0.0,False,0.0,True,0.0,True
48439114109,0.0,south-central-tx,0.0,True,0.0,True,0.0,True
48439114110,0.217233,south-central-tx,0.600388,True,0.0,True,0.05131,True
48439114111,0.0,south-central-tx,0.0,True,0.0,True,0.0,True
48439114112,0.041833,south-central-tx,0.125499,True,0.0,True,0.0,True
48439114113,0.0,south-central-tx,0.0,False,0.0,True,0.0,True
48439114203,0.125,south-central-tx,0.0,False,0.0,True,0.25,True
48439114204,0.0,south-central-tx,0.0,True,0.0,True,0.0,True
48439114205,0.0,south-central-tx,0.0,True,0.0,True,0.0,True
48439114206,0.0,south-central-tx,0.0,True,0.0,True,0.0,True
48439114207,0.0,south-central-tx,0.0,True,0.0,True,0.0,True
48439121605,0.016073,south-central-tx,0.039489,True,0.00873,True,0.0,True
48439121606,0.064426,south-central-tx,0.193277,True,0.0,True,0.0,True
48439121608,0.0,south-central-tx,0.0,False,0.0,True,0.0,True
48439121609,0.0,south-central-tx,0.0,True,0.0,True,0.0,True
48439121610,0.0,south-central-tx,0.0,False,0.0,True,0.0,True
48439121611,0.0,south-central-tx,0.0,True,0.0,True,0.0,True
48439121612,0.194222,south-central-tx,0.582667,True,0.0,True,0.0,True
48439121613,0.326774,south-central-tx,0.980323,True,0.0,True,0.0,True
48439121614,0.169817,south-central-tx,0.50945,True,0.0,True,0.0,True
48439121615,0.166667,south-central-tx,0.0,True,0.0,True,0.5,True
48439121702,0.0,south-central-tx,0.0,True,0.0,True,0.0,True
48439121703,0.008782,south-central-tx,0.0,True,0.026346,True,0.0,True
48439121704,0.0,south-central-tx,0.0,True,0.0,True,0.0,True
48439121904,0.0,south-central-tx,0.0,True,0.0,True,0.0,True
48439121905,0.004468,south-central-tx,0.0,True,0.013405,True,0.0,True
48439121906,0.0,south-central-tx,0.0,True,0.0,True,0.0,True
48439121907,0.0,south-central-tx,0.0,False,0.0,True,0.0,True
48439121908,0.057599,south-central-tx,0.157644,True,0.015152,True,0.0,True
48439122001,0.0,south-central-tx,0.0,True,0.0,True,0.0,True
48439122002,0.0,south-central-tx,0.0,True,0.0,True,0.0,True
48439122100,0.0,south-central-tx,0.0,True,0.0,True,0.0,True
48439122200,0.070726,south-central-tx,0.212178,True,0.0,True,0.0,True
48439122300,0.0,south-central-tx,0.0,False,0.0,True,0.0,True
48439122401,0.125,south-central-tx,0.0,False,0.0,True,0.25,True
48439122402,0.0,south-central-tx,0.0,False,0.0,True,0.0,True
48439122500,0.0,south-central-tx,0.0,False,0.0,True,0.0,True
48439122600,0.0,south-central-tx,0.0,True,0.0,True,0.0,True
48439122701,0.0,south-central-tx,0.0,True,0.0,True,0.0,True
48439122702,0.166667,south-central-tx,0.0,True,0.0,True,0.5,True
48439122801,0.173439,south-central-tx,0.0,True,0.020316,True,0.5,True
48439122802,0.0,south-central-tx,0.0,True,0.0,True,0.0,True
48439122901,0.000833,south-central-tx,0.0,False,0.001665,True,0.0,True
48439122902,0.166667,south-central-tx,0.0,True,0.0,True,0.5,True
48439123001,0.049188,south-central-tx,0.147563,True,0.0,True,0.0,True
48439123002,0.036662,south-central-tx,0.0,True,0.0,True,0.109988,True
48439123100,0.0,south-central-tx,0.0,True,0.0,True,0.0,True
48439123200,0.038225,south-central-tx,0.114675,True,0.0,True,0.0,True
48439123301,0.041667,south-central-tx,0.0,True,0.0,True,0.125,True
48439123302,0.005666,south-central-tx,0.016999,True,0.0,True,0.0,True
48439123500,0.0,south-central-tx,0.0,True,0.0,True,0.0,True
48439123600,0.0669,south-central-tx,0.200701,True,0.0,True,0.0,True
48439123700,0.0,south-central-tx,0.0,True,0.0,True,0.0,True
48439980000,0.055556,south-central-tx,0.0,True,0.0,True,0.166666,True
48441010100,0.0,south-central-tx,0.0,True,0.0,True,0.0,True
48441010200,0.0,south-central-tx,0.0,True,0.0,True,0.0,True
48441010300,0.0,south-central-tx,0.0,True,0.0,True,0.0,True
48441010400,0.0,south-central-tx,0.0,False,0.0,True,0.0,True
48441010500,0.081636,south-central-tx,0.244907,True,0.0,True,0.0,True
48441010600,0.020663,south-central-tx,0.06199,True,0.0,True,0.0,True
48441010700,0.0,south-central-tx,0.0,False,0.0,True,0.0,True
48441010800,0.083598,south-central-tx,0.250795,True,0.0,True,0.0,True
48441010900,0.090785,south-central-tx,0.272354,True,0.0,True,0.0,True
48441011000,0.0,south-central-tx,0.0,True,0.0,True,0.0,True
48441011200,0.0,south-central-tx,0.0,False,0.0,True,0.0,True
48441011300,0.0,south-central-tx,0.0,True,0.0,True,0.0,True
48441011400,0.225393,south-central-tx,0.426179,True,0.0,True,0.25,True
48441011500,0.0,south-central-tx,0.0,True,0.0,True,0.0,True
48441011600,0.0,south-central-tx,0.0,False,0.0,True,0.0,True
48441011700,0.0,south-central-tx,0.0,True,0.0,True,0.0,True
48441011900,0.00211,south-central-tx,0.00633,True,0.0,True,0.0,True
48441012000,0.0,south-central-tx,0.0,True,0.0,True,0.0,True
48441012100,0.25,south-central-tx,0.0,False,0.0,True,0.5,True
48441012200,0.019158,south-central-tx,0.057473,True,0.0,True,0.0,True
48441012300,0.0,south-central-tx,0.0,True,0.0,True,0.0,True
48441012400,0.054137,south-central-tx,0.162412,True,0.0,True,0.0,True
48441012500,0.0,south-central-tx,0.0,True,0.0,True,0.0,True
48441012600,0.058094,south-central-tx,0.049281,True,0.0,True,0.125,True
48441012701,0.0,south-central-tx,0.0,True,0.0,True,0.0,True
48441012702,0.063827,south-central-tx,0.19148,True,0.0,True,0.0,True
48441012801,0.079858,south-central-tx,0.239575,True,0.0,True,0.0,True
48441012802,0.040192,south-central-tx,0.120577,True,0.0,True,0.0,True
48441012900,0.0,south-central-tx,0.0,False,0.0,True,0.0,True
48441013000,0.0,south-central-tx,0.0,False,0.0,True,0.0,True
48441013100,0.088777,south-central-tx,0.266332,True,0.0,True,0.0,True
48441013200,0.083333,south-central-tx,0.0,True,0.0,True,0.25,True
48441013300,0.057914,south-central-tx,0.048741,True,0.0,True,0.125,True
48441013401,0.019817,south-central-tx,0.05945,True,0.0,True,0.0,True
48441013402,0.0,south-central-tx,0.0,True,0.0,True,0.0,True
48441013404,0.010944,south-central-tx,0.032832,True,0.0,True,0.0,True
48441013501,0.041667,south-central-tx,0.0,True,0.0,True,0.125,True
48441013502,0.083333,south-central-tx,0.0,True,0.0,True,0.25,True
48441013601,0.055556,south-central-tx,0.0,True,0.0,True,0.166667,True
48441013602,0.027778,south-central-tx,0.0,True,0.0,True,0.083333,True
48441980000,0.302421,south-central-tx,0.604843,True,0.0,False,0.0,True
48443950100,0.140942,south-central-tx,0.25616,True,0.0,True,0.166667,True
48447950300,0.125331,south-central-tx,0.375994,True,0.0,True,0.0,True
48449950100,0.084285,south-central-tx,0.0,True,0.002854,True,0.25,True
48449950200,0.172301,south-central-tx,0.0,True,0.016903,True,0.5,True
48449950301,0.130025,south-central-tx,0.0,True,0.015075,True,0.375,True
48449950302,0.003792,south-central-tx,0.011377,True,0.0,True,0.0,True
48449950400,0.089388,south-central-tx,0.00893,True,0.009233,True,0.25,True
48449950500,0.089928,south-central-tx,0.269784,True,0.0,True,0.0,True
48449950600,0.026235,south-central-tx,0.078706,True,0.0,True,0.0,True
48449950700,0.211521,south-central-tx,0.634562,True,0.0,True,0.0,True
48449950800,0.26652,south-central-tx,0.54956,True,0.0,True,0.25,True
48451000100,0.056971,south-central-tx,0.170913,True,0.0,True,0.0,True
48451000200,0.295325,south-central-tx,0.885974,True,0.0,True,0.0,True
48451000300,0.161208,south-central-tx,0.233623,True,0.0,True,0.25,True
48451000400,0.001706,south-central-tx,0.005118,True,0.0,True,0.0,True
48451000700,0.212047,south-central-tx,0.63614,True,0.0,True,0.0,True
48451000801,0.146613,south-central-tx,0.18984,True,0.0,True,0.25,True
48451000802,0.0,south-central-tx,0.0,True,0.0,True,0.0,True
48451000900,0.0,south-central-tx,0.0,True,0.0,True,0.0,True
48451001000,0.217502,south-central-tx,0.652505,True,0.0,True,0.0,True
48451001101,0.104873,south-central-tx,0.0,True,0.00212,True,0.3125,True
48451001102,0.004075,south-central-tx,0.007537,True,0.004687,True,0.0,True
48451001200,0.0,south-central-tx,0.0,False,0.0,True,0.0,True
48451001301,0.0,south-central-tx,0.0,True,0.0,True,0.0,True
48451001303,0.0,south-central-tx,0.0,True,0.0,True,0.0,True
48451001304,0.168116,south-central-tx,0.0,True,0.004348,True,0.5,True
48451001401,0.0865,south-central-tx,0.259499,True,0.0,True,0.0,True
48451001402,0.116958,south-central-tx,0.350873,True,0.0,True,0.0,True
48451001500,0.0,south-central-tx,0.0,False,0.0,True,0.0,True
48451001600,0.02381,south-central-tx,0.0,True,0.0,True,0.071428,True
48451001702,0.111111,south-central-tx,0.0,True,0.0,True,0.333333,True
48451001706,0.0,south-central-tx,0.0,True,0.0,True,0.0,True
48451001707,0.059808,south-central-tx,0.179423,True,0.0,True,0.0,True
48451001708,0.215186,south-central-tx,0.395557,True,0.0,True,0.25,True
48451001709,0.0,south-central-tx,0.0,True,0.0,True,0.0,True
48451001710,0.002151,south-central-tx,0.0,True,0.006452,True,0.0,True
48451001800,0.10137,south-central-tx,0.304109,True,0.0,True,0.0,True
48451980000,0.055401,south-central-tx,0.0,False,0.0,True,0.110802,True
48453000101,0.055556,south-central-tx,0.0,True,0.0,True,0.166667,True
48453000102,0.0,south-central-tx,0.0,True,0.0,True,0.0,True
48453000203,0.0,south-central-tx,0.0,False,0.0,True,0.0,True
48453000204,0.0,south-central-tx,0.0,False,0.0,True,0.0,True
48453000205,0.0,south-central-tx,0.0,False,0.0,True,0.0,True
48453000206,0.0,south-central-tx,0.0,False,0.0,True,0.0,True
48453000302,0.0,south-central-tx,0.0,True,0.0,True,0.0,True
48453000304,0.0,south-central-tx,0.0,True,0.0,True,0.0,True
48453000305,0.25,south-central-tx,0.0,False,0.0,True,0.5,True
48453000307,0.0,south-central-tx,0.0,True,0.0,True,0.0,True
48453000308,0.0,south-central-tx,0.0,False,0.0,True,0.0,True
48453000309,0.0,south-central-tx,0.0,True,0.0,True,0.0,True
48453000401,0.0,south-central-tx,0.0,True,0.0,True,0.0,True
48453000402,0.0,south-central-tx,0.0,True,0.0,True,0.0,True
48453000500,0.0,south-central-tx,0.0,False,0.0,True,0.0,True
48453000601,0.0,south-central-tx,0.0,False,0.0,True,0.0,True
48453000605,0.0,south-central-tx,0.0,False,0.0,True,0.0,True
48453000606,0.0,south-central-tx,0.0,False,0.0,True,0.0,True
48453000607,0.0,south-central-tx,0.0,False,0.0,True,0.0,True
48453000608,0.125,south-central-tx,0.0,False,0.0,True,0.25,True
48453000700,0.083333,south-central-tx,0.0,True,0.0,True,0.25,True
48453000801,0.085286,south-central-tx,0.255857,True,0.0,True,0.0,True
48453000802,0.0,south-central-tx,0.0,True,0.0,True,0.0,True
48453000803,0.0,south-central-tx,0.0,True,0.0,True,0.0,True
48453000804,0.0,south-central-tx,0.0,True,0.0,True,0.0,True
48453000901,0.0,south-central-tx,0.0,True,0.0,True,0.0,True
48453000902,0.0,south-central-tx,0.0,True,0.0,True,0.0,True
48453001000,0.0,south-central-tx,0.0,True,0.0,True,0.0,True
48453001101,0.0,south-central-tx,0.0,True,0.0,True,0.0,True
48453001102,0.0,south-central-tx,0.0,True,0.0,True,0.0,True
48453001103,0.0,south-central-tx,0.0,True,0.0,True,0.0,True
48453001200,0.0,south-central-tx,0.0,True,0.0,True,0.0,True
48453001304,0.210784,south-central-tx,0.382351,True,0.0,True,0.25,True
48453001307,0.145271,south-central-tx,0.185813,True,0.0,True,0.25,True
48453001308,0.0,south-central-tx,0.0,True,0.0,True,0.0,True
48453001309,0.0,south-central-tx,0.0,True,0.0,True,0.0,True
48453001310,0.103142,south-central-tx,0.309426,True,0.0,True,0.0,True
48453001311,0.0,south-central-tx,0.0,False,0.0,True,0.0,True
48453001312,0.0,south-central-tx,0.0,False,0.0,True,0.0,True
48453001401,0.0,south-central-tx,0.0,False,0.0,True,0.0,True
48453001402,0.0,south-central-tx,0.0,True,0.0,True,0.0,True
48453001403,0.166667,south-central-tx,0.0,True,0.0,True,0.5,True
48453001501,0.0,south-central-tx,0.0,False,0.0,True,0.0,True
48453001503,0.0,south-central-tx,0.0,True,0.0,True,0.0,True
48453001504,0.0,south-central-tx,0.0,False,0.0,True,0.0,True
48453001505,0.0,south-central-tx,0.0,False,0.0,True,0.0,True
48453001602,0.041667,south-central-tx,0.0,True,0.0,True,0.125,True
48453001603,0.0,south-central-tx,0.0,True,0.0,True,0.0,True
48453001604,0.125,south-central-tx,0.0,False,0.0,True,0.25,True
48453001605,0.0,south-central-tx,0.0,True,0.0,True,0.0,True
48453001606,0.0,south-central-tx,0.0,True,0.0,True,0.0,True
48453001910,0.117732,south-central-tx,0.353197,True,0.0,True,0.0,True
48453001911,0.050336,south-central-tx,0.151009,True,0.0,True,0.0,True
48453001912,0.063578,south-central-tx,0.190733,True,0.0,True,0.0,True
48453001913,0.210182,south-central-tx,0.630547,True,0.0,True,0.0,True
48453001914,0.0,south-central-tx,0.0,True,0.0,True,0.0,True
48453001915,0.0,south-central-tx,0.0,True,0.0,True,0.0,True
48453001916,0.0,south-central-tx,0.0,True,0.0,True,0.0,True
48453001917,0.139306,south-central-tx,0.417917,True,0.0,True,0.0,True
48453001918,0.154743,south-central-tx,0.339229,True,0.0,True,0.125,True
48453001919,0.0,south-central-tx,0.0,False,0.0,True,0.0,True
48453001920,0.166667,south-central-tx,0.0,True,0.0,True,0.5,True
48453001921,0.120381,south-central-tx,0.361142,True,0.0,True,0.0,True
48453001922,0.185841,south-central-tx,0.557523,True,0.0,True,0.0,True
48453001923,0.187065,south-central-tx,0.561195,True,0.0,True,0.0,True
48453002002,0.088887,south-central-tx,0.26666,True,0.0,True,0.0,True
48453002003,0.0,south-central-tx,0.0,True,0.0,True,0.0,True
48453002004,0.144831,south-central-tx,0.434493,True,0.0,True,0.0,True
48453002006,0.21671,south-central-tx,0.65013,True,0.0,True,0.0,True
48453002007,0.203587,south-central-tx,0.61076,True,0.0,True,0.0,True
48453002104,0.0,south-central-tx,0.0,True,0.0,True,0.0,True
48453002105,0.0,south-central-tx,0.0,True,0.0,True,0.0,True
48453002106,0.0,south-central-tx,0.0,False,0.0,True,0.0,True
48453002107,0.0,south-central-tx,0.0,False,0.0,True,0.0,True
48453002108,0.002372,south-central-tx,0.007117,True,0.0,True,0.0,True
48453002109,0.0,south-central-tx,0.0,True,0.0,True,0.0,True
48453002110,0.072201,south-central-tx,0.216603,True,0.0,True,0.0,True
48453002111,0.0,south-central-tx,0.0,True,0.0,True,0.0,True
48453002112,0.0,south-central-tx,0.0,True,0.0,True,0.0,True
48453002113,0.0,south-central-tx,0.0,True,0.0,True,0.0,True
48453002201,0.0,south-central-tx,0.0,True,0.0,True,0.0,True
48453002211,0.0,south-central-tx,0.0,False,0.0,True,0.0,True
48453002213,0.0,south-central-tx,0.0,False,0.0,True,0.0,True
48453002214,0.0,south-central-tx,0.0,True,0.0,True,0.0,True
48453002215,0.0,south-central-tx,0.0,True,0.0,True,0.0,True
48453002216,0.0,south-central-tx,0.0,True,0.0,True,0.0,True
48453002217,0.115428,south-central-tx,0.179618,True,0.0,True,0.166667,True
48453002218,0.28901,south-central-tx,0.867029,True,0.0,True,0.0,True
48453002219,0.125,south-central-tx,0.0,True,0.0,True,0.375,True
48453002220,0.083333,south-central-tx,0.0,True,0.0,True,0.25,True
48453002221,0.0,south-central-tx,0.0,True,0.0,True,0.0,True
48453002222,0.0,south-central-tx,0.0,False,0.0,True,0.0,True
48453002304,0.0,south-central-tx,0.0,True,0.0,True,0.0,True
48453002307,0.0,south-central-tx,0.0,True,0.0,True,0.0,True
48453002310,0.159137,south-central-tx,0.477411,True,0.0,True,0.0,True
48453002313,0.0,south-central-tx,0.0,True,0.0,True,0.0,True
48453002314,0.083333,south-central-tx,0.0,False,0.0,True,0.166667,True
48453002315,0.0,south-central-tx,0.0,False,0.0,True,0.0,True
48453002316,0.0,south-central-tx,0.0,False,0.0,True,0.0,True
48453002319,0.0,south-central-tx,0.0,True,0.0,False,0.0,True
48453002320,0.015455,south-central-tx,0.046364,True,0.0,True,0.0,True
48453002321,0.081935,south-central-tx,0.245804,True,0.0,True,0.0,True
48453002322,0.158641,south-central-tx,0.297605,True,0.0,True,0.178316,True
48453002323,0.0,south-central-tx,0.0,True,0.0,True,0.0,True
48453002324,0.0,south-central-tx,0.0,False,0.0,True,0.0,True
48453002325,0.071008,south-central-tx,0.0,False,0.0,True,0.142015,True
48453002326,0.0,south-central-tx,0.0,False,0.0,True,0.0,True
48453002327,0.0,south-central-tx,0.0,True,0.0,True,0.0,True
48453002403,0.0,south-central-tx,0.0,True,0.0,True,0.0,True
48453002407,0.0,south-central-tx,0.0,True,0.0,True,0.0,True
48453002409,0.0,south-central-tx,0.0,False,0.0,True,0.0,True
48453002410,0.0,south-central-tx,0.0,False,0.0,True,0.0,True
48453002411,0.0,south-central-tx,0.0,True,0.0,True,0.0,True
48453002412,0.0,south-central-tx,0.0,False,0.0,True,0.0,True
48453002413,0.0,south-central-tx,0.0,False,0.0,True,0.0,True
48453002419,0.0,south-central-tx,0.0,True,0.0,True,0.0,True
48453002422,0.0,south-central-tx,0.0,True,0.0,True,0.0,True
48453002423,0.0,south-central-tx,0.0,False,0.0,True,0.0,True
48453002424,0.25,south-central-tx,0.0,False,0.0,True,0.5,True
48453002430,0.0,south-central-tx,0.0,False,0.0,True,0.0,True
48453002432,0.0,south-central-tx,0.0,True,0.0,True,0.0,True
48453002434,0.0,south-central-tx,0.0,True,0.0,True,0.0,True
48453002436,0.166667,south-central-tx,0.0,True,0.0,True,0.5,True
48453002437,0.0,south-central-tx,0.0,True,0.0,True,0.0,True
48453002438,0.0,south-central-tx,0.0,False,0.0,True,0.0,True
48453002439,0.0,south-central-tx,0.0,False,0.0,True,0.0,True
48453002440,0.125,south-central-tx,0.0,False,0.0,True,0.25,True
48453002441,0.0,south-central-tx,0.0,True,0.0,True,0.0,True
48453002442,0.0,south-central-tx,0.0,False,0.0,True,0.0,True
48453002443,0.0,south-central-tx,0.0,True,0.0,True,0.0,True
48453002444,0.0,south-central-tx,0.0,True,0.0,True,0.0,True
48453002445,0.0,south-central-tx,0.0,True,0.0,True,0.0,True
48453002446,0.0,south-central-tx,0.0,True,0.0,True,0.0,True
48453002447,0.166667,south-central-tx,0.0,True,0.0,True,0.5,True
48453002448,0.055556,south-central-tx,0.0,True,0.0,True,0.166667,True
48453002449,0.0,south-central-tx,0.0,True,0.0,True,0.0,True
48453002450,0.0,south-central-tx,0.0,False,0.0,True,0.0,True
48453002451,0.0,south-central-tx,0.0,True,0.0,True,0.0,True
48453002452,0.0,south-central-tx,0.0,True,0.0,True,0.0,True
48453002453,0.12313,south-central-tx,0.369389,True,0.0,True,0.0,True
48453002500,0.0,south-central-tx,0.0,True,0.0,True,0.0,True
48453030000,0.170974,south-central-tx,0.512922,True,0.0,True,0.0,True
48453030100,0.033024,south-central-tx,0.099071,True,0.0,True,0.0,True
48453030200,0.0,south-central-tx,0.0,True,0.0,True,0.0,True
48453030300,0.0,south-central-tx,0.0,True,0.0,True,0.0,True
48453030400,0.0,south-central-tx,0.0,False,0.0,True,0.0,True
48453030500,0.0,south-central-tx,0.0,True,0.0,True,0.0,True
48453030600,0.0,south-central-tx,0.0,True,0.0,True,0.0,True
48453030700,0.033364,south-central-tx,0.0,True,0.0,True,0.100092,True
48453030800,0.0,south-central-tx,0.0,True,0.0,True,0.0,True
48453030900,0.0,south-central-tx,0.0,False,0.0,True,0.0,True
48453031000,0.0,south-central-tx,0.0,False,0.0,True,0.0,True
48453031100,0.0,south-central-tx,0.0,True,0.0,True,0.0,True
48453031200,0.0,south-central-tx,0.0,True,0.0,True,0.0,True
48453031300,0.0,south-central-tx,0.0,True,0.0,True,0.0,True
48453031400,0.0,south-central-tx,0.0,False,0.0,True,0.0,True
48453031500,0.0,south-central-tx,0.0,False,0.0,True,0.0,True
48453031600,0.111111,south-central-tx,0.0,True,0.0,True,0.333333,True
48453031700,0.0,south-central-tx,0.0,False,0.0,True,0.0,True
48453031800,0.0,south-central-tx,0.0,False,0.0,True,0.0,True
48453031900,0.0,south-central-tx,0.0,False,0.0,True,0.0,True
48453032000,0.147947,south-central-tx,0.110508,True,0.0,True,0.333333,True
48453032100,0.0,south-central-tx,0.0,True,0.0,True,0.0,True
48453032200,0.0,south-central-tx,0.0,False,0.0,True,0.0,True
48453032300,0.0,south-central-tx,0.0,True,0.0,True,0.0,True
48453032400,0.0,south-central-tx,0.0,True,0.0,True,0.0,True
48453032500,0.0,south-central-tx,0.0,True,0.0,True,0.0,True
48453032600,0.023794,south-central-tx,0.0,True,0.0,True,0.071382,True
48453032700,0.0,south-central-tx,0.0,True,0.0,True,0.0,True
48453032800,0.40981,south-central-tx,0.698761,True,0.0,True,0.53067,True
48453032900,0.083333,south-central-tx,0.0,True,0.0,True,0.25,True
48453033000,0.0,south-central-tx,0.0,True,0.0,True,0.0,True
48453033100,0.0,south-central-tx,0.0,False,0.0,True,0.0,True
48453033200,0.0,south-central-tx,0.0,False,0.0,True,0.0,True
48453033300,0.0,south-central-tx,0.0,True,0.0,True,0.0,True
48453033400,0.074321,south-central-tx,0.222962,True,0.0,True,0.0,True
48453033500,0.055593,south-central-tx,0.16678,True,0.0,True,0.0,True
48453033600,0.166667,south-central-tx,0.0,False,0.0,True,0.333333,True
48453033700,0.125,south-central-tx,0.0,False,0.0,True,0.25,True
48453033800,0.0,south-central-tx,0.0,False,0.0,True,0.0,True
48453033900,0.096038,south-central-tx,0.0,False,0.0,True,0.192077,True
48453034000,0.008458,south-central-tx,0.025373,True,0.0,True,0.0,True
48453034100,0.0,south-central-tx,0.0,False,0.0,True,0.0,True
48453034200,0.0,south-central-tx,0.0,True,0.0,True,0.0,True
48453034300,0.0,south-central-tx,0.0,False,0.0,True,0.0,True
48453034400,0.0,south-central-tx,0.0,False,0.0,True,0.0,True
48453034500,0.0,south-central-tx,0.0,False,0.0,True,0.0,True
48453034600,0.25,south-central-tx,0.0,False,0.0,True,0.5,True
48453034700,0.0,south-central-tx,0.0,True,0.0,True,0.0,True
48453034800,0.0,south-central-tx,0.0,True,0.0,True,0.0,True
48453034900,0.0,south-central-tx,0.0,False,0.0,True,0.0,True
48453035000,0.0,south-central-tx,0.0,False,0.0,True,0.0,True
48453035100,0.0,south-central-tx,0.0,False,0.0,True,0.0,True
48453035200,0.125,south-central-tx,0.0,False,0.0,True,0.25,True
48453035300,0.339222,south-central-tx,0.767666,True,0.0,True,0.25,True
48453035400,0.0,south-central-tx,0.0,True,0.0,True,0.0,True
48453035500,0.0,south-central-tx,0.0,False,0.0,True,0.0,True
48453035600,0.0,south-central-tx,0.0,False,0.0,True,0.0,True
48453035700,0.0,south-central-tx,0.0,False,0.0,True,0.0,True
48453035800,0.125,south-central-tx,0.0,False,0.0,True,0.25,True
48453035900,0.0,south-central-tx,0.0,False,0.0,True,0.0,True
48453036000,0.0,south-central-tx,0.0,False,0.0,True,,False
48453036100,0.0,south-central-tx,0.0,False,0.0,True,0.0,True
48453036200,0.25,south-central-tx,0.0,False,0.0,True,0.5,True
48453036300,0.0,south-central-tx,0.0,False,0.0,True,0.0,True
48453036400,0.125,south-central-tx,0.0,False,0.0,True,0.25,True
48453036500,0.269441,south-central-tx,0.558324,True,0.0,True,0.25,True
48453036600,0.11763,south-central-tx,0.352891,True,0.0,True,0.0,True
48453036700,0.0,south-central-tx,0.0,True,0.0,True,0.0,True
48453036800,0.280923,south-central-tx,0.165465,True,0.0,True,0.677304,True
48453036900,0.0,south-central-tx,0.0,False,0.0,True,0.0,True
48453037000,0.155841,south-central-tx,0.467523,True,0.0,True,0.0,True
48453037100,0.25,south-central-tx,0.0,False,0.0,True,0.5,True
48453037200,0.0,south-central-tx,0.0,False,0.0,True,0.0,True
48453037300,0.0,south-central-tx,0.0,False,0.0,True,0.0,True
48453037400,0.0,south-central-tx,0.0,False,0.0,True,0.0,True
48453037500,0.125,south-central-tx,0.0,False,0.0,True,0.25,True
48453037600,0.0,south-central-tx,0.0,False,0.0,True,0.0,True
48453040000,0.0,south-central-tx,0.0,True,0.0,True,0.0,True
48453040100,0.075554,south-central-tx,0.226663,True,0.0,True,0.0,True
48453040200,0.083333,south-central-tx,0.0,True,0.0,True,0.25,True
48453040300,0.0,south-central-tx,0.0,True,0.0,True,0.0,True
48453040400,0.0,south-central-tx,0.0,True,0.0,True,0.0,True
48453040500,0.0,south-central-tx,0.0,True,0.0,True,0.0,True
48453040600,0.0,south-central-tx,0.0,True,0.0,True,0.0,True
48453040700,0.074074,south-central-tx,0.0,True,0.0,True,0.222222,True
48453040800,0.0,south-central-tx,0.0,False,0.0,True,0.0,True
48453040900,0.169247,south-central-tx,0.50774,True,0.0,True,0.0,True
48453041000,0.118575,south-central-tx,0.355725,True,0.0,True,0.0,True
48453041100,0.214519,south-central-tx,0.643558,True,0.0,True,0.0,True
48453041200,0.0,south-central-tx,0.0,True,0.0,True,0.0,True
48453041300,0.0,south-central-tx,0.0,False,0.0,True,0.0,True
48453041400,0.0,south-central-tx,0.0,True,0.0,True,0.0,True
48453041500,0.0,south-central-tx,0.0,True,0.0,True,0.0,True
48453041600,0.055556,south-central-tx,0.0,True,0.0,True,0.166667,True
48453041700,0.0,south-central-tx,0.0,False,0.0,True,0.0,True
48453041800,0.0,south-central-tx,0.0,False,0.0,True,0.0,True
48453041900,0.027778,south-central-tx,0.0,True,0.0,True,0.083333,True
48453042000,0.0,south-central-tx,0.0,True,0.0,True,0.0,True
48453042100,0.0,south-central-tx,0.0,True,0.0,True,0.0,True
48453042200,0.003532,south-central-tx,0.010596,True,0.0,True,0.0,True
48453042300,0.0,south-central-tx,0.0,False,0.0,True,0.0,True
48453042400,0.0,south-central-tx,0.0,True,0.0,True,0.0,True
48453042500,0.1,south-central-tx,0.0,True,0.0,True,0.3,True
48453042600,0.25,south-central-tx,0.0,False,0.0,True,0.5,True
48453042700,0.125,south-central-tx,0.0,False,0.0,True,0.25,True
48453042800,0.0,south-central-tx,0.0,False,0.0,True,0.0,True
48453042900,0.0,south-central-tx,0.0,True,0.0,True,0.0,True
48453043000,0.0,south-central-tx,0.0,True,0.0,True,0.0,True
48453043100,0.0,south-central-tx,0.0,True,0.0,True,0.0,True
48453043200,0.202406,south-central-tx,0.607217,True,0.0,True,0.0,True
48453043300,0.0,south-central-tx,0.0,True,0.0,True,0.0,True
48453043400,0.0,south-central-tx,0.0,True,0.0,True,0.0,True
48453043500,0.0,south-central-tx,0.0,False,0.0,True,0.0,True
48453043600,0.0,south-central-tx,0.0,True,0.0,True,0.0,True
48453043700,0.0,south-central-tx,0.0,True,0.0,True,0.0,True
48453043800,0.125,south-central-tx,0.0,False,0.0,True,0.25,True
48453043900,0.055556,south-central-tx,0.0,True,0.0,True,0.166667,True
48453044000,0.0,south-central-tx,0.0,True,0.0,True,0.0,True
48453044100,0.0,south-central-tx,0.0,False,0.0,True,0.0,True
48453044200,0.0,south-central-tx,0.0,True,0.0,True,0.0,True
48453044300,0.0,south-central-tx,0.0,False,0.0,True,0.0,True
48453044400,0.0,south-central-tx,0.0,False,0.0,True,0.0,True
48453044500,0.0,south-central-tx,0.0,False,0.0,True,0.0,True
48453044600,0.0,south-central-tx,0.0,False,0.0,True,0.0,True
48453044700,0.0,south-central-tx,0.0,False,0.0,True,0.0,True
48453044800,0.0,south-central-tx,0.0,True,0.0,True,0.0,True
48453044900,0.0,south-central-tx,0.0,False,0.0,True,0.0,True
48453045000,0.0,south-central-tx,0.0,False,0.0,True,0.0,True
48453045100,0.118031,south-central-tx,0.354094,True,0.0,True,0.0,True
48453045200,0.0,south-central-tx,0.0,True,0.0,True,0.0,True
48453045300,0.083333,south-central-tx,0.0,True,0.0,True,0.25,True
48453045400,0.0,south-central-tx,0.0,True,0.0,True,0.0,True
48453045500,0.0,south-central-tx,0.0,False,0.0,True,0.0,True
48453045600,0.083333,south-central-tx,0.0,True,0.0,True,0.25,True
48453045700,0.0,south-central-tx,0.0,True,0.0,True,0.0,True
48453045800,0.04386,south-central-tx,0.131579,True,0.0,True,0.0,True
48453045900,0.049328,south-central-tx,0.147984,True,0.0,True,0.0,True
48453046000,0.0,south-central-tx,0.0,True,0.0,True,0.0,True
48453046100,0.0,south-central-tx,0.0,True,0.0,True,0.0,True
48453046200,0.0,south-central-tx,0.0,False,0.0,True,0.0,True
48453046300,0.0,south-central-tx,0.0,False,0.0,True,0.0,True
48453046400,0.0,south-central-tx,0.0,True,0.0,True,0.0,True
48453046500,0.0,south-central-tx,0.0,True,0.0,True,0.0,True
48453046600,0.0,south-central-tx,0.0,True,0.0,True,0.0,True
48453046700,0.0,south-central-tx,0.0,False,0.0,True,0.0,True
48453046800,0.0,south-central-tx,0.0,False,0.0,True,0.0,True
48453046900,0.0,south-central-tx,0.0,True,0.0,True,0.0,True
48453047000,0.0,south-central-tx,0.0,True,0.0,True,0.0,True
48453980000,0.341121,south-central-tx,0.182243,True,0.0,False,0.5,True
48455950100,0.087726,south-central-tx,0.0,True,0.013178,True,0.25,True
48455950200,0.03312,south-central-tx,0.0,True,0.016028,True,0.083333,True
48455950300,0.022404,south-central-tx,0.05348,True,0.013732,True,0.0,True
48455950400,0.025598,south-central-tx,0.047674,True,0.029121,True,0.0,True
48455950500,0.11495,south-central-tx,0.34232,True,0.002532,True,0.0,True
48459950101,0.111111,south-central-tx,0.0,True,0.0,True,0.333333,True
48459950102,0.17032,south-central-tx,0.260959,True,0.0,True,0.25,True
48459950200,0.031329,south-central-tx,0.0,True,0.010652,True,0.083333,True
48459950301,0.212171,south-central-tx,0.377752,True,0.008761,True,0.25,True
48459950302,0.000303,south-central-tx,0.0,True,0.000908,True,0.0,True
48459950400,0.192257,south-central-tx,0.576771,True,0.0,True,0.0,True
48459950501,0.009979,south-central-tx,0.020714,True,0.009224,True,0.0,True
48459950502,0.059028,south-central-tx,0.0,True,0.010417,True,0.166667,True
48459950600,0.002288,south-central-tx,0.0,True,0.006864,True,0.0,True
48459950700,0.031307,south-central-tx,0.092809,True,0.001113,True,0.0,True
48461950100,0.058256,south-central-tx,0.0,True,0.008103,True,0.166667,True
48463950100,0.058785,south-central-tx,0.0,True,0.009688,True,0.166667,True
48463950201,0.00487,south-central-tx,0.0,True,0.014611,True,0.0,True
48463950202,0.167807,south-central-tx,0.0,True,0.003421,True,0.5,True
48463950300,0.100816,south-central-tx,0.302448,True,0.0,True,0.0,True
48463950400,0.164271,south-central-tx,0.492813,True,0.0,True,0.0,True
48463950500,0.128494,south-central-tx,0.385483,True,0.0,True,0.0,True
48465950202,0.295237,south-central-tx,0.635712,True,0.0,True,0.25,True
48465950203,0.191555,south-central-tx,0.574664,True,0.0,True,0.0,True
48465950301,0.17116,south-central-tx,0.51293,True,0.000549,True,0.0,True
48465950302,0.186231,south-central-tx,0.053182,True,0.00551,True,0.5,True
48465950400,0.199435,south-central-tx,0.591709,True,0.006595,True,0.0,True
48465950501,0.228406,south-central-tx,0.435219,True,0.0,True,0.25,True
48465950502,0.168137,south-central-tx,0.0,True,0.004412,True,0.5,True
48465950601,0.317074,south-central-tx,0.951221,True,0.0,True,0.0,True
48465950602,0.21364,south-central-tx,0.64092,True,0.0,True,0.0,True
48465950701,0.220568,south-central-tx,0.661703,True,0.0,True,0.0,True
48465950702,0.119667,south-central-tx,0.359,True,0.0,True,0.0,True
48465950801,0.166667,south-central-tx,0.0,True,0.0,True,0.5,True
48465950802,0.140234,south-central-tx,0.170702,True,0.0,True,0.25,True
48465980000,0.0,south-central-tx,0.0,False,0.0,False,0.0,True
48467950100,0.114355,south-central-tx,0.0,True,0.009731,True,0.333333,True
48467950200,0.117875,south-central-tx,0.096697,True,0.006927,True,0.25,True
48467950300,0.117371,south-central-tx,0.138501,True,0.005279,True,0.208333,True
48467950400,0.0,south-central-tx,0.0,True,0.0,True,0.0,True
48467950500,0.0,south-central-tx,0.0,True,0.0,True,0.0,True
48467950601,0.204931,south-central-tx,0.10897,True,0.005824,True,0.5,True
48467950602,0.10118,south-central-tx,0.291214,True,0.012325,True,0.0,True
48467950700,0.181253,south-central-tx,0.377092,True,0.0,True,0.166667,True
48467950801,0.177895,south-central-tx,0.367018,True,0.0,True,0.166667,True
48467950802,0.052871,south-central-tx,0.14704,True,0.011572,True,0.0,True
48467950901,0.07858,south-central-tx,0.0,True,0.013516,True,0.222222,True
48467950902,0.169751,south-central-tx,0.0,True,0.009252,True,0.5,True
48467951001,0.044016,south-central-tx,0.0,True,0.007047,True,0.125,True
48467951002,0.003825,south-central-tx,0.0,True,0.011475,True,0.0,True
48469000100,0.264375,south-central-tx,0.78835,True,0.004776,True,0.0,True
48469000201,0.199308,south-central-tx,0.595824,True,0.002099,True,0.0,True
48469000202,0.000149,south-central-tx,0.0,True,0.000447,True,0.0,True
48469000301,0.152727,south-central-tx,0.456188,True,0.001994,True,0.0,True
48469000302,0.191329,south-central-tx,0.573987,True,0.0,True,0.0,True
48469000400,0.261881,south-central-tx,0.535644,True,0.0,True,0.25,True
48469000501,0.002562,south-central-tx,0.0,True,0.007687,True,0.0,True
48469000502,0.002294,south-central-tx,0.0,False,0.004587,True,0.0,True
48469000601,0.04394,south-central-tx,0.126934,True,0.004885,True,0.0,True
48469000602,0.001283,south-central-tx,0.0,True,0.003849,True,0.0,True
48469000700,0.0625,south-central-tx,0.0,True,0.0,True,0.1875,True
48469000800,0.0,south-central-tx,0.0,True,0.0,True,0.0,True
48469001300,0.243884,south-central-tx,0.231652,True,0.0,True,0.5,True
48469001401,0.061815,south-central-tx,0.183446,True,0.001999,True,0.0,True
48469001402,0.055556,south-central-tx,0.0,True,0.0,True,0.166667,True
48469001501,0.041667,south-central-tx,0.0,True,0.0,True,0.125,True
48469001503,0.10866,south-central-tx,0.321549,True,0.00443,True,0.0,True
48469001504,0.121017,south-central-tx,0.361369,True,0.001683,True,0.0,True
48469001601,0.002711,south-central-tx,0.0,True,0.008134,True,0.0,True
48469001604,0.002346,south-central-tx,0.0,False,0.004693,True,0.0,True
48469001605,0.00153,south-central-tx,0.0,True,0.004591,True,0.0,True
48469001607,0.0,south-central-tx,0.0,True,0.0,True,0.0,True
48469001608,0.000323,south-central-tx,0.0,True,0.000968,True,0.0,True
48469001700,0.098908,south-central-tx,0.296723,True,0.0,True,0.0,True
48469980000,0.137494,south-central-tx,0.412481,True,0.0,True,0.0,True
48471790101,0.171325,south-central-tx,0.0,True,0.013975,True,0.5,True
48471790102,0.003989,south-central-tx,0.0,True,0.011968,True,0.0,True
48471790103,0.177922,south-central-tx,0.140281,True,0.018486,True,0.375,True
48471790200,0.056157,south-central-tx,0.168472,True,0.0,True,0.0,True
48471790301,0.002664,south-central-tx,0.0,True,0.007992,True,0.0,True
48471790302,0.084676,south-central-tx,0.0,True,0.004029,True,0.25,True
48471790401,0.086181,south-central-tx,0.0,True,0.008544,True,0.25,True
48471790402,0.23302,south-central-tx,0.199059,True,0.0,True,0.5,True
48471790500,0.131855,south-central-tx,0.395566,True,0.0,True,0.0,True
48471790600,0.058331,south-central-tx,0.008327,True,0.0,True,0.166667,True
48471790700,0.024882,south-central-tx,0.069057,True,0.00559,True,0.0,True
48471790800,0.0,south-central-tx,0.0,True,0.0,True,0.0,True
48473680100,0.0,south-central-tx,0.0,True,0.0,True,0.0,True
48473680201,0.125,south-central-tx,0.0,False,0.0,True,0.25,True
48473680202,0.055556,south-central-tx,0.0,True,0.0,True,0.166667,True
48473680301,0.06489,south-central-tx,0.028002,True,0.0,True,0.166667,True
48473680302,0.002621,south-central-tx,0.0,True,0.007862,True,0.0,True
48473680303,0.001543,south-central-tx,0.0,True,0.004628,True,0.0,True
48473680501,0.055556,south-central-tx,0.0,True,0.0,True,0.166667,True
48473680502,0.001904,south-central-tx,0.0,True,0.005713,True,0.0,True
48473680601,0.125,south-central-tx,0.0,False,0.0,True,0.25,True
48473680602,0.089179,south-central-tx,0.0,False,0.011692,True,0.166667,True
48473980000,0.0,south-central-tx,0.0,False,0.0,True,,False
48477170100,0.138889,south-central-tx,0.0,True,0.0,True,0.416667,True
48477170201,0.042932,south-central-tx,0.128797,True,0.0,True,0.0,True
48477170202,0.015349,south-central-tx,0.046047,True,0.0,True,0.0,True
48477170300,0.021986,south-central-tx,0.064737,True,0.001221,True,0.0,True
48477170400,0.049305,south-central-tx,0.138621,True,0.009294,True,0.0,True
48477170501,0.047398,south-central-tx,0.0,True,0.017194,True,0.125,True
48477170502,0.089169,south-central-tx,0.0,True,0.017507,True,0.25,True
48477170601,0.004377,south-central-tx,0.0,True,0.013131,True,0.0,True
48477170602,0.17072,south-central-tx,0.0,True,0.01216,True,0.5,True
48479000101,0.014563,south-central-tx,0.043688,True,0.0,True,0.0,True
48479000105,0.096167,south-central-tx,0.288501,True,0.0,True,0.0,True
48479000106,0.144818,south-central-tx,0.434455,True,0.0,True,0.0,True
48479000107,0.0,south-central-tx,0.0,True,0.0,True,0.0,True
48479000108,0.0,south-central-tx,0.0,False,0.0,True,0.0,True
48479000109,0.268146,south-central-tx,0.554437,True,0.0,True,0.25,True
48479000200,0.039362,south-central-tx,0.118085,True,0.0,True,0.0,True
48479000300,0.0,south-central-tx,0.0,True,0.0,True,0.0,True
48479000601,0.0,south-central-tx,0.0,False,0.0,True,0.0,True
48479000602,0.0,south-central-tx,0.0,False,0.0,True,0.0,True
48479000700,0.0,south-central-tx,0.0,True,0.0,True,0.0,True
48479000800,0.0,south-central-tx,0.0,False,0.0,True,0.0,True
48479000901,0.0,south-central-tx,0.0,True,0.0,True,0.0,True
48479000903,0.166069,south-central-tx,0.498208,True,0.0,True,0.0,True
48479000904,0.0,south-central-tx,0.0,False,0.0,True,0.0,True
48479001001,0.0,south-central-tx,0.0,False,0.0,True,0.0,True
48479001003,0.0,south-central-tx,0.0,True,0.0,True,0.0,True
48479001004,0.0,south-central-tx,0.0,True,0.0,True,0.0,True
48479001101,0.125721,south-central-tx,0.127164,True,0.0,True,0.25,True
48479001103,0.0,south-central-tx,0.0,False,0.0,True,0.0,True
48479001104,0.0,south-central-tx,0.0,False,0.0,True,0.0,True
48479001105,0.0,south-central-tx,0.0,True,0.0,True,0.0,True
48479001201,0.0,south-central-tx,0.0,True,0.0,True,0.0,True
48479001202,0.0,south-central-tx,0.0,False,0.0,True,0.0,True
48479001300,0.0,south-central-tx,0.0,True,0.0,True,0.0,True
48479001401,0.0,south-central-tx,0.0,True,0.0,True,0.0,True
48479001402,0.0,south-central-tx,0.0,True,0.0,True,0.0,True
48479001501,0.134284,south-central-tx,0.402851,True,0.0,True,0.0,True
48479001502,0.0,south-central-tx,0.0,True,0.0,True,0.0,True
48479001601,0.0,south-central-tx,0.0,True,0.0,True,0.0,True
48479001602,0.013727,south-central-tx,0.041182,True,0.0,True,0.0,True
48479001706,0.0,south-central-tx,0.0,True,0.0,True,0.0,True
48479001709,0.0,south-central-tx,0.0,True,0.0,True,0.0,True
48479001710,0.000457,south-central-tx,0.00137,True,0.0,True,0.0,True
48479001711,0.0,south-central-tx,0.0,True,0.0,True,0.0,True
48479001714,0.110074,south-central-tx,0.330222,True,0.0,True,0.0,True
48479001715,0.083333,south-central-tx,0.0,True,0.0,True,0.25,True
48479001716,0.0,south-central-tx,0.0,False,0.0,True,0.0,True
48479001717,0.0,south-central-tx,0.0,True,0.0,True,0.0,True
48479001718,0.0,south-central-tx,0.0,True,0.0,True,0.0,True
48479001719,0.0,south-central-tx,0.0,False,0.0,True,0.0,True
48479001720,0.083333,south-central-tx,0.0,True,0.0,True,0.25,True
48479001721,0.0,south-central-tx,0.0,False,0.0,True,0.0,True
48479001722,0.0,south-central-tx,0.0,True,0.0,True,0.0,True
48479001723,0.083333,south-central-tx,0.0,True,0.0,True,0.25,True
48479001724,0.0,south-central-tx,0.0,True,0.0,True,0.0,True
48479001725,0.004501,south-central-tx,0.013504,True,0.0,True,0.0,True
48479001726,0.0,south-central-tx,0.0,True,0.0,True,0.0,True
48479001727,0.0,south-central-tx,0.0,True,0.0,True,0.0,True
48479001806,0.0,south-central-tx,0.0,True,0.0,True,0.0,True
48479001809,0.0,south-central-tx,0.0,True,0.0,True,0.0,True
48479001810,0.180691,south-central-tx,0.542072,True,0.0,True,0.0,True
48479001811,0.0,south-central-tx,0.0,True,0.0,True,0.0,True
48479001813,0.274119,south-central-tx,0.322358,True,0.0,True,0.5,True
48479001815,0.003226,south-central-tx,0.0,True,0.009679,True,0.0,True
48479001816,0.116668,south-central-tx,0.350005,True,0.0,True,0.0,True
48479001818,0.119939,south-central-tx,0.359816,True,0.0,True,0.0,True
48479001819,0.069916,south-central-tx,0.209748,True,0.0,True,0.0,True
48479001820,0.148677,south-central-tx,0.446031,True,0.0,True,0.0,True
48479001821,0.0,south-central-tx,0.0,False,0.0,True,0.0,True
48479001822,0.0,south-central-tx,0.0,True,0.0,True,0.0,True
48479001823,0.0,south-central-tx,0.0,False,0.0,True,0.0,True
48479001824,0.0,south-central-tx,0.0,True,0.0,True,0.0,True
48479001825,0.083333,south-central-tx,0.0,True,0.0,True,0.25,True
48479001826,0.056261,south-central-tx,0.168784,True,0.0,True,0.0,True
48479001827,0.000657,south-central-tx,0.001971,True,0.0,True,0.0,True
48479001828,0.055556,south-central-tx,0.0,True,0.0,True,0.166667,True
48479001900,0.0,south-central-tx,0.0,True,0.0,True,0.0,True
48479980000,0.160998,south-central-tx,0.482995,True,0.0,True,0.0,True
48481740100,0.003367,south-central-tx,0.0,True,0.010101,True,0.0,True
48481740200,0.18574,south-central-tx,0.057221,True,0.0,True,0.5,True
48481740300,0.0,south-central-tx,0.0,True,0.0,True,0.0,True
48481740400,0.216172,south-central-tx,0.398515,True,0.0,True,0.25,True
48481740500,0.0,south-central-tx,0.0,True,0.0,True,0.0,True
48481740600,0.094472,south-central-tx,0.0,True,0.033417,True,0.25,True
48481740700,0.066783,south-central-tx,0.200348,True,0.0,True,0.0,True
48481740800,0.036197,south-central-tx,0.108591,True,0.0,True,0.0,True
48481740901,0.169892,south-central-tx,0.0,True,0.009676,True,0.5,True
48481740902,0.195503,south-central-tx,0.586508,True,0.0,True,0.0,True
48481741000,0.006366,south-central-tx,0.0,True,0.019097,True,0.0,True
48481741100,0.083333,south-central-tx,0.0,True,0.0,True,0.25,True
48489950300,0.16359,south-central-tx,0.485366,True,0.005403,True,0.0,True
48489950400,0.050679,south-central-tx,0.147534,True,0.004503,True,0.0,True
48489950500,0.00187,south-central-tx,0.0,True,0.005609,True,0.0,True
48489950600,0.0,south-central-tx,0.0,True,0.0,True,0.0,True
48489950700,0.13076,south-central-tx,0.0,True,0.017279,True,0.375,True
48491020106,0.04831,south-central-tx,0.144931,True,0.0,True,0.0,True
48491020108,0.055556,south-central-tx,0.0,True,0.0,True,0.166667,True
48491020109,0.0,south-central-tx,0.0,False,0.0,True,0.0,True
48491020111,0.0,south-central-tx,0.0,True,0.0,True,0.0,True
48491020113,0.0,south-central-tx,0.0,True,0.0,True,0.0,True
48491020114,0.083333,south-central-tx,0.0,True,0.0,True,0.25,True
48491020115,0.003657,south-central-tx,0.0,False,0.0,True,0.007314,True
48491020116,0.166667,south-central-tx,0.0,True,0.0,True,0.5,True
48491020117,0.0,south-central-tx,0.0,True,0.0,True,0.0,True
48491020118,0.0,south-central-tx,0.0,False,0.0,True,0.0,True
48491020119,0.25,south-central-tx,0.0,False,0.0,True,0.5,True
48491020120,0.0,south-central-tx,0.0,True,0.0,True,0.0,True
48491020121,0.0,south-central-tx,0.0,True,0.0,True,0.0,True
48491020122,0.179161,south-central-tx,0.537482,True,0.0,True,0.0,True
48491020123,0.101232,south-central-tx,0.303695,True,0.0,True,0.0,True
48491020124,0.186041,south-central-tx,0.558124,True,0.0,True,0.0,True
48491020201,0.0,south-central-tx,0.0,True,0.0,True,0.0,True
48491020203,0.0,south-central-tx,0.0,True,0.0,True,0.0,True
48491020205,0.0,south-central-tx,0.0,True,0.0,True,0.0,True
48491020206,0.0,south-central-tx,0.0,True,0.0,True,0.0,True
48491020207,0.100395,south-central-tx,0.301185,True,0.0,True,0.0,True
48491020208,0.331769,south-central-tx,0.495306,True,0.0,True,0.5,True
48491020310,0.015906,south-central-tx,0.0,True,0.0,True,0.047718,True
48491020311,0.0,south-central-tx,0.0,True,0.0,True,0.0,True
48491020319,0.013656,south-central-tx,0.0,True,0.0,True,0.040967,True
48491020321,0.0,south-central-tx,0.0,True,0.0,True,0.0,True
48491020323,0.0,south-central-tx,0.0,False,0.0,True,0.0,True
48491020325,0.0,south-central-tx,0.0,True,0.0,True,0.0,True
48491020326,0.0,south-central-tx,0.0,False,0.0,True,0.0,True
48491020327,0.0,south-central-tx,0.0,True,0.0,True,0.0,True
48491020329,0.010893,south-central-tx,0.032678,True,0.0,True,0.0,True
48491020330,0.02582,south-central-tx,0.07746,True,0.0,True,0.0,True
48491020331,0.083333,south-central-tx,0.0,True,0.0,True,0.25,True
48491020332,0.005318,south-central-tx,0.015954,True,0.0,True,0.0,True
48491020333,0.0,south-central-tx,0.0,False,0.0,True,0.0,True
48491020334,0.0,south-central-tx,0.0,True,0.0,True,0.0,True
48491020335,0.0,south-central-tx,0.0,True,0.0,True,0.0,True
48491020336,0.0,south-central-tx,0.0,True,0.0,True,0.0,True
48491020337,0.125,south-central-tx,0.0,False,0.0,True,0.25,True
48491020338,0.0,south-central-tx,0.0,False,0.0,True,0.0,True
48491020339,0.0,south-central-tx,0.0,False,0.0,True,0.0,True
48491020340,0.0,south-central-tx,0.0,True,0.0,True,0.0,True
48491020341,0.033356,south-central-tx,0.0,True,0.0,True,0.100066,True
48491020342,0.090017,south-central-tx,0.270052,True,0.0,True,0.0,True
48491020343,0.0,south-central-tx,0.0,False,0.0,True,0.0,True
48491020344,0.083333,south-central-tx,0.0,True,0.0,True,0.25,True
48491020345,0.0,south-central-tx,0.0,False,0.0,True,0.0,True
48491020346,0.0,south-central-tx,0.0,False,0.0,True,0.0,True
48491020347,0.0,south-central-tx,0.0,True,0.0,True,0.0,True
48491020348,0.0,south-central-tx,0.0,False,0.0,True,0.0,True
48491020349,0.0,south-central-tx,0.0,True,0.0,True,0.0,True
48491020350,0.0,south-central-tx,0.0,True,0.0,True,0.0,True
48491020351,0.0,south-central-tx,0.0,True,0.0,True,0.0,True
48491020352,0.0,south-central-tx,0.0,True,0.0,True,0.0,True
48491020353,0.0,south-central-tx,0.0,False,0.0,True,0.0,True
48491020354,0.0,south-central-tx,0.0,False,0.0,True,0.0,True
48491020355,0.0,south-central-tx,0.0,True,0.0,True,0.0,True
48491020356,0.0,south-central-tx,0.0,True,0.0,True,0.0,True
48491020403,0.083333,south-central-tx,0.0,True,0.0,True,0.25,True
48491020404,0.0,south-central-tx,0.0,False,0.0,True,0.0,True
48491020405,0.0,south-central-tx,0.0,True,0.0,True,0.0,True
48491020406,0.0,south-central-tx,0.0,True,0.0,True,0.0,True
48491020408,0.055556,south-central-tx,0.0,True,0.0,True,0.166667,True
48491020409,0.0,south-central-tx,0.0,False,0.0,True,0.0,True
48491020410,0.0,south-central-tx,0.0,True,0.0,True,0.0,True
48491020411,0.0,south-central-tx,0.0,False,0.0,True,0.0,True
48491020503,0.0,south-central-tx,0.0,True,0.0,True,0.0,True
48491020505,0.0,south-central-tx,0.0,False,0.0,True,0.0,True
48491020507,0.125,south-central-tx,0.0,False,0.0,True,0.25,True
48491020508,0.0,south-central-tx,0.0,True,0.0,True,0.0,True
48491020509,0.0,south-central-tx,0.0,False,0.0,True,0.0,True
48491020511,0.083333,south-central-tx,0.0,True,0.0,True,0.25,True
48491020512,0.0,south-central-tx,0.0,True,0.0,True,0.0,True
48491020513,0.0,south-central-tx,0.0,True,0.0,True,0.0,True
48491020514,0.0,south-central-tx,0.0,False,0.0,True,0.0,True
48491020515,0.0,south-central-tx,0.0,False,0.0,True,0.0,True
48491020516,0.0,south-central-tx,0.0,False,0.0,True,0.0,True
48491020517,0.0,south-central-tx,0.0,True,0.0,True,0.0,True
48491020602,0.0,south-central-tx,0.0,True,0.0,True,0.0,True
48491020604,0.0,south-central-tx,0.0,True,0.0,True,0.0,True
48491020606,0.125,south-central-tx,0.0,False,0.0,True,0.25,True
48491020607,0.0,south-central-tx,0.0,True,0.0,True,0.0,True
48491020608,0.0,south-central-tx,0.0,False,0.0,True,0.0,True
48491020609,0.0,south-central-tx,0.0,False,0.0,True,,False
48491020701,0.0,south-central-tx,0.0,True,0.0,True,0.0,True
48491020704,0.0,south-central-tx,0.0,False,0.0,True,0.0,True
48491020706,0.0,south-central-tx,0.0,False,0.0,True,0.0,True
48491020707,0.0,south-central-tx,0.0,False,0.0,True,0.0,True
48491020709,0.0,south-central-tx,0.0,True,0.0,True,0.0,True
48491020710,0.0,south-central-tx,0.0,True,0.0,True,0.0,True
48491020711,0.125,south-central-tx,0.0,False,0.0,True,0.25,True
48491020712,0.125,south-central-tx,0.0,False,0.0,True,0.25,True
48491020713,0.0,south-central-tx,0.0,True,0.0,True,0.0,True
48491020808,0.0,south-central-tx,0.0,True,0.0,True,0.0,True
48491020810,0.0,south-central-tx,0.0,True,0.0,True,0.0,True
48491020811,0.0,south-central-tx,0.0,False,0.0,True,0.0,True
48491020812,0.0,south-central-tx,0.0,True,0.0,True,0.0,True
48491020813,0.0,south-central-tx,0.0,True,0.0,True,0.0,True
48491020814,0.0,south-central-tx,0.0,False,0.0,True,0.0,True
48491020815,0.0,south-central-tx,0.0,False,0.0,True,0.0,True
48491020816,0.038269,south-central-tx,0.114806,True,0.0,True,0.0,True
48491020817,0.108255,south-central-tx,0.324765,True,0.0,True,0.0,True
48491020818,0.198212,south-central-tx,0.594635,True,0.0,True,0.0,True
48491020819,0.109607,south-central-tx,0.32882,True,0.0,True,0.0,True
48491020820,0.0,south-central-tx,0.0,True,0.0,True,0.0,True
48491020821,0.0,south-central-tx,0.0,True,0.0,True,0.0,True
48491020822,0.12787,south-central-tx,0.133611,True,0.0,True,0.25,True
48491020900,0.0,south-central-tx,0.0,True,0.0,True,0.0,True
48491021000,0.125831,south-central-tx,0.377494,True,0.0,True,0.0,True
48491021100,0.219561,south-central-tx,0.533683,True,0.0,True,0.125,True
48491021201,0.0,south-central-tx,0.0,False,0.0,True,0.0,True
48491021202,0.13985,south-central-tx,0.419551,True,0.0,True,0.0,True
48491021203,0.216106,south-central-tx,0.648317,True,0.0,True,0.0,True
48491021300,0.0,south-central-tx,0.0,True,0.0,True,0.0,True
48491021402,0.0,south-central-tx,0.0,True,0.0,True,0.0,True
48491021404,0.400827,south-central-tx,0.70248,True,0.0,True,0.5,True
48491021405,0.214416,south-central-tx,0.393248,True,0.0,True,0.25,True
48491021406,0.0,south-central-tx,0.0,True,0.0,True,0.0,True
48491021407,0.0,south-central-tx,0.0,True,0.0,True,0.0,True
48491021502,0.125,south-central-tx,0.0,False,0.0,True,0.25,True
48491021503,0.0,south-central-tx,0.0,True,0.0,True,0.0,True
48491021506,0.0,south-central-tx,0.0,False,0.0,True,0.0,True
48491021509,0.0,south-central-tx,0.0,False,0.0,True,0.0,True
48491021510,0.0,south-central-tx,0.0,True,0.0,True,0.0,True
48491021511,0.0,south-central-tx,0.0,True,0.0,True,0.0,True
48491021512,0.0,south-central-tx,0.0,True,0.0,True,0.0,True
48491021513,0.0,south-central-tx,0.0,True,0.0,True,0.0,True
48491021514,0.0,south-central-tx,0.0,False,0.0,True,0.0,True
48491021515,0.0,south-central-tx,0.0,False,0.0,True,0.0,True
48491021516,0.0,south-central-tx,0.0,False,0.0,True,0.0,True
48491021517,0.0,south-central-tx,0.0,True,0.0,True,0.0,True
48491021518,0.0,south-central-tx,0.0,False,0.0,True,0.0,True
48491021601,0.0,south-central-tx,0.0,True,0.0,True,0.0,True
48491021602,0.143832,south-central-tx,0.431495,True,0.0,True,0.0,True
48491021603,0.0,south-central-tx,0.0,True,0.0,True,0.0,True
48493000102,0.218511,south-central-tx,0.15269,True,0.002844,True,0.5,True
48493000103,0.002421,south-central-tx,0.0,True,0.007264,True,0.0,True
48493000104,0.000436,south-central-tx,0.0,True,0.001309,True,0.0,True
48493000201,0.214649,south-central-tx,0.0,True,0.143946,True,0.5,True
48493000202,0.038013,south-central-tx,0.0,True,0.114038,True,0.0,True
48493000300,0.138586,south-central-tx,0.303856,True,0.111902,True,0.0,True
48493000402,0.172411,south-central-tx,0.391872,True,0.125361,True,0.0,True
48493000404,0.017388,south-central-tx,0.0,True,0.052165,True,0.0,True
48493000405,0.002203,south-central-tx,0.0,False,0.004405,True,0.0,True
48493000406,0.176601,south-central-tx,0.0,True,0.029804,True,0.5,True
48493000500,0.14445,south-central-tx,0.097294,True,0.002722,True,0.333333,True
48493000600,0.053455,south-central-tx,0.0,True,0.035365,True,0.125,True
48497150101,0.027778,south-central-tx,0.0,True,0.0,True,0.083333,True
48497150103,0.299351,south-central-tx,0.398053,True,0.0,True,0.5,True
48497150104,0.0,south-central-tx,0.0,True,0.0,True,0.0,True
48497150201,0.192661,south-central-tx,0.577984,True,0.0,True,0.0,True
48497150202,0.09842,south-central-tx,0.295261,True,0.0,True,0.0,True
48497150300,0.04558,south-central-tx,0.13674,True,0.0,True,0.0,True
48497150402,0.0,south-central-tx,0.0,True,0.0,True,0.0,True
48497150403,0.0,south-central-tx,0.0,True,0.0,True,0.0,True
48497150404,0.166667,south-central-tx,0.0,True,0.0,True,0.5,True
48497150405,0.083333,south-central-tx,0.0,True,0.0,True,0.25,True
48497150500,0.190108,south-central-tx,0.403656,True,0.0,True,0.166667,True
48497150603,0.0,south-central-tx,0.0,True,0.0,True,0.0,True
48497150604,0.0,south-central-tx,0.0,True,0.0,True,0.0,True
48497150605,0.069444,south-central-tx,0.0,True,0.0,True,0.208333,True
48497150606,0.133273,south-central-tx,0.399818,True,0.0,True,0.0,True
48497150607,0.294543,south-central-tx,0.38363,True,0.0,True,0.5,True
48499950100,0.088528,south-central-tx,0.0,True,0.015585,True,0.25,True
48499950200,0.058811,south-central-tx,0.0,True,0.009767,True,0.166667,True
48499950301,0.004592,south-central-tx,0.0,True,0.013777,True,0.0,True
48499950303,0.010923,south-central-tx,0.0,True,0.032768,True,0.0,True
48499950304,0.101775,south-central-tx,0.0,True,0.055324,True,0.25,True
48499950401,0.006309,south-central-tx,0.0,True,0.018926,True,0.0,True
48499950402,0.272741,south-central-tx,0.414981,True,0.028241,True,0.375,True
48499950500,0.090205,south-central-tx,0.208115,True,0.0,True,0.0625,True
48499950601,0.055556,south-central-tx,0.0,True,0.0,True,0.166667,True
48499950602,0.083333,south-central-tx,0.0,True,0.0,True,0.25,True
48499950700,0.051712,south-central-tx,0.146412,True,0.008723,True,0.0,True
48499950800,0.144828,south-central-tx,0.434484,True,0.0,True,0.0,True
48503950200,0.041667,south-central-tx,0.0,True,0.0,True,0.125,True
48503950401,0.027518,south-central-tx,0.075172,True,0.007383,True,0.0,True
48503950402,0.005916,south-central-tx,0.0,True,0.017747,True,0.0,True
48503950500,0.108376,south-central-tx,0.325129,True,0.0,True,0.0,True
48503950600,0.063529,south-central-tx,0.186033,True,0.004554,True,0.0,True
48505950303,0.211148,south-central-tx,0.633445,True,0.0,True,0.0,True
48505950304,0.166697,south-central-tx,0.50009,True,0.0,True,0.0,True
48505950305,0.224848,south-central-tx,0.34121,True,0.0,True,0.333333,True
48505950306,0.295622,south-central-tx,0.886865,True,0.0,True,0.0,True
48505950401,0.007281,south-central-tx,0.021843,True,0.0,True,0.0,True
48505950402,0.083333,south-central-tx,0.0,True,0.0,True,0.25,True
48507950100,0.008375,south-central-tx,0.0,True,0.025126,True,0.0,True
48507950200,0.0,south-central-tx,0.0,True,0.0,True,0.0,True
48507950301,0.004468,south-central-tx,0.0,True,0.013403,True,0.0,True
48507950302,0.111262,south-central-tx,0.0,True,0.000452,True,0.333333,True
